{"type":"FeatureCollection","features":[{"type":"Feature","properties":{"id":"alps","parentId":null,"level":"system","name":"Alps","names":{"en":"Alps","de":"Alpen","fr":"Alpes","it":"Alpi"},"bounds":[4.885943,43.545065,16.589923,48.352539],"geometryRef":"regions.geojson#alps","provenance":{"source":"https://www.homoalpinus.com/alpes/subdivisions/soiusa/","kind":"derived-parent-mapping","names":{"version":"soiusa-area-names-v1","source":"https://www.homoalpinus.com/alpes/subdivisions/soiusa/tab_de/index.html","method":"SOIUSA multilingual nomenclature"}}},"geometry":{"type":"MultiPolygon","coordinates":[[[[7.137328,43.739817],[7.132637,43.733515],[7.11985,43.727534],[7.113556,43.726992],[7.094649,43.72168],[7.086638,43.716221],[7.055663,43.706851],[7.043506,43.699503],[7.033112,43.700814],[7.018216,43.696968],[6.999459,43.698264],[6.992034,43.692086],[6.971124,43.679866],[6.962247,43.677651],[6.952882,43.670412],[6.935397,43.666369],[6.929614,43.663905],[6.925227,43.663769],[6.920201,43.658608],[6.907663,43.656029],[6.894057,43.64886],[6.884303,43.651654],[6.853452,43.651808],[6.851059,43.655233],[6.851833,43.672011],[6.84383,43.686351],[6.837182,43.690066],[6.831816,43.691441],[6.807372,43.694065],[6.800872,43.696516],[6.796592,43.700478],[6.794602,43.699447],[6.790974,43.701034],[6.788223,43.698918],[6.7888,43.697355],[6.786955,43.694388],[6.784411,43.694872],[6.782448,43.693635],[6.781203,43.694617],[6.776322,43.694673],[6.765117,43.688882],[6.764697,43.687353],[6.766983,43.685708],[6.761153,43.68067],[6.762344,43.67749],[6.762109,43.674754],[6.759796,43.673859],[6.761886,43.669067],[6.760502,43.665656],[6.755564,43.663316],[6.743985,43.663069],[6.741392,43.665479],[6.738403,43.665958],[6.735961,43.662917],[6.720188,43.657423],[6.709783,43.651781],[6.704646,43.645594],[6.702543,43.635598],[6.689256,43.629041],[6.686756,43.626241],[6.681828,43.625435],[6.659381,43.628318],[6.650756,43.634179],[6.64334,43.636208],[6.633966,43.62756],[6.624302,43.629454],[6.599404,43.62793],[6.59208,43.624849],[6.581162,43.622356],[6.573268,43.618493],[6.562064,43.61527],[6.558909,43.613129],[6.556991,43.603597],[6.55650830826017,43.6030596091339],[6.553631,43.599856],[6.541303,43.593482],[6.516471,43.583937],[6.50876,43.578397],[6.502114,43.577804],[6.492385,43.574985],[6.483406,43.556667],[6.475686,43.551962],[6.467837,43.545065],[6.451692,43.546847],[6.440878,43.551044],[6.427302,43.558392],[6.42128,43.563889],[6.418097,43.563811],[6.413478,43.560545],[6.40773576934623,43.5600492703218],[6.40764,43.560041],[6.399362,43.557189],[6.390126,43.557328],[6.377293,43.559577],[6.351604,43.569316],[6.344239,43.56995],[6.337219,43.572047],[6.320326,43.580879],[6.315126,43.582037],[6.295041,43.59289],[6.283141,43.596777],[6.276677,43.596122],[6.261721,43.599406],[6.23749377182391,43.6209218225489],[6.2267,43.630501],[6.171502,43.65118],[6.164428,43.655521],[6.160933,43.6597],[6.155011,43.672165],[6.153016,43.67989],[6.153964,43.689501],[6.152272,43.695032],[6.144009,43.703736],[6.140385,43.711503],[6.139541,43.717521],[6.14414,43.723287],[6.149074,43.726362],[6.146927,43.729942],[6.14763,43.731365],[6.149743,43.731377],[6.151782,43.729782],[6.151502,43.73151],[6.154574,43.730637],[6.153215,43.732662],[6.154483,43.734798],[6.152119,43.735569],[6.155094,43.738247],[6.159241,43.736176],[6.161953,43.737152],[6.164922,43.735069],[6.166751,43.735561],[6.166854,43.732716],[6.169105,43.734413],[6.17049,43.731464],[6.173157,43.731911],[6.178301,43.727192],[6.179942,43.729221],[6.182363,43.729034],[6.185293,43.724419],[6.185985,43.726082],[6.183856,43.731571],[6.185658,43.734814],[6.176994,43.731514],[6.172727,43.734772],[6.17184,43.737286],[6.172023,43.74136],[6.176283,43.744175],[6.176248,43.749714],[6.181129,43.758881],[6.185426,43.762913],[6.189816,43.761826],[6.203985,43.754269],[6.207543,43.755325],[6.207332,43.758259],[6.212381,43.756752],[6.213803,43.759209],[6.209891,43.761261],[6.21112,43.766113],[6.213724,43.767818],[6.203478,43.772579],[6.208035,43.778961],[6.210442,43.778645],[6.208642,43.78072],[6.209533,43.78196],[6.21561,43.785568],[6.21873,43.789429],[6.220357,43.789368],[6.226231,43.797878],[6.231329,43.795212],[6.231334,43.796585],[6.236154,43.796734],[6.2453,43.800915],[6.252453,43.801434],[6.245608,43.803844],[6.238517,43.803085],[6.233873,43.80125],[6.228265,43.801449],[6.229143,43.806633],[6.22641,43.808971],[6.223125,43.804317],[6.220667,43.80407],[6.219402,43.805595],[6.219383,43.803749],[6.21735,43.805027],[6.214211,43.804096],[6.209192,43.798767],[6.196696,43.791649],[6.191113,43.787575],[6.189523,43.784206],[6.188364,43.784809],[6.185167,43.780872],[6.181944,43.7798],[6.181113,43.776489],[6.173435,43.769749],[6.173265,43.768135],[6.1703,43.767498],[6.170322,43.765823],[6.168569,43.766254],[6.168855,43.765156],[6.163813,43.76368],[6.164032,43.76501],[6.143807,43.784887],[6.133075,43.809242],[6.131099,43.81917],[6.13174,43.825092],[6.135368,43.828444],[6.137426,43.836888],[6.144786,43.845723],[6.13756,43.861207],[6.140695,43.876475],[6.123413,43.89541],[6.115698,43.905846],[6.094443,43.918522],[6.089591,43.92915],[6.086773,43.932277],[6.075053,43.933468],[6.062075,43.930478],[6.044593,43.928328],[6.027302,43.924914],[6.004654,43.916805],[5.978375,43.912876],[5.95274,43.914148],[5.944342,43.919329],[5.940297,43.935298],[5.939551,43.945365],[5.944616,43.969432],[5.950379,43.984626],[5.96166,44.004444],[5.966107,44.01657],[5.971186,44.023981],[5.973787,44.025985],[6.002843,44.037817],[6.015613,44.046142],[6.018235,44.050792],[6.011672,44.050704],[6.005557,44.054492],[6.001711,44.052211],[5.995101,44.053365],[5.988003,44.052282],[5.971393,44.04523],[5.951485,44.025784],[5.921924,44.000134],[5.911501,43.982751],[5.908513,43.973907],[5.902418,43.964673],[5.897277,43.949788],[5.891798,43.94081],[5.891781,43.936751],[5.894774,43.931265],[5.895771,43.925314],[5.8943,43.92064],[5.888847,43.914826],[5.880836,43.89684],[5.870473,43.888317],[5.85926,43.882511],[5.855288,43.877998],[5.848258,43.876782],[5.84819,43.872245],[5.843368,43.864479],[5.829263,43.85398],[5.835605,43.847581],[5.827357,43.837619],[5.826554,43.832896],[5.819538,43.826922],[5.802838,43.824043],[5.800566,43.821088],[5.800151,43.817582],[5.791521,43.810874],[5.78414,43.799931],[5.775469,43.793678],[5.771652,43.788184],[5.7728,43.78641],[5.768871,43.775486],[5.76181,43.768036],[5.736061,43.730214],[5.735988,43.720644],[5.734514,43.716757],[5.72344,43.70548],[5.722214,43.69782],[5.714514,43.694271],[5.710095,43.690544],[5.706804,43.690179],[5.69393,43.692548],[5.684643,43.69661],[5.678069,43.692719],[5.669972,43.692196],[5.657725,43.687416],[5.644494,43.673796],[5.640571,43.671539],[5.614629,43.665502],[5.603034,43.65969],[5.590971,43.659955],[5.584111,43.662266],[5.571797,43.663506],[5.563649,43.666244],[5.558046,43.671051],[5.553539,43.672548],[5.54752,43.672373],[5.545096,43.673873],[5.545935,43.679593],[5.549229,43.685758],[5.555108,43.687683],[5.570078,43.701105],[5.580109,43.704497],[5.577884,43.709363],[5.571235,43.715222],[5.566505,43.717541],[5.562522,43.722536],[5.562711,43.726255],[5.56734,43.731823],[5.568015,43.741636],[5.573452,43.753377],[5.586277,43.764799],[5.589049,43.76396],[5.593979,43.766255],[5.610438,43.769415],[5.615979,43.779154],[5.61813,43.780504],[5.636989,43.784221],[5.637,43.786919],[5.634511,43.789744],[5.628687,43.791691],[5.618358,43.791226],[5.614428,43.793705],[5.611142,43.7936],[5.605209,43.790702],[5.598426,43.792054],[5.594031,43.791401],[5.586243,43.783841],[5.55874,43.780775],[5.528309,43.782908],[5.518254,43.782105],[5.488113,43.782607],[5.476726,43.779428],[5.467679,43.778862],[5.462238,43.779341],[5.456981,43.781718],[5.443869,43.781216],[5.430469,43.776718],[5.416101,43.776061],[5.40075,43.771545],[5.389368,43.77155],[5.368353,43.765626],[5.341051,43.754879],[5.311424,43.747288],[5.305398,43.747861],[5.293262,43.751923],[5.281285,43.750891],[5.277897,43.753265],[5.244781,43.757422],[5.209791,43.751969],[5.195502,43.754223],[5.150421,43.75767],[5.138266,43.760256],[5.131486,43.763055],[5.114296,43.772533],[5.106949,43.779671],[5.100318,43.780578],[5.091236,43.784804],[5.088447,43.789553],[5.084835,43.79948],[5.082358,43.802391],[5.08456,43.804518],[5.085779,43.81139],[5.079983,43.816992],[5.07981,43.818638],[5.081897,43.820186],[5.083395,43.835258],[5.093045,43.840516],[5.103715,43.842446],[5.10944,43.841612],[5.114759,43.844277],[5.115777,43.847295],[5.118746,43.847878],[5.130845,43.844335],[5.156658,43.831617],[5.163072,43.831525],[5.178284,43.827756],[5.181331,43.828426],[5.186544,43.826001],[5.202383,43.823811],[5.203367,43.822506],[5.209418,43.822638],[5.210275,43.819189],[5.212897,43.817572],[5.217801,43.816827],[5.227216,43.816466],[5.242505,43.819482],[5.266367,43.819366],[5.274179,43.817677],[5.281617,43.819682],[5.287537,43.82321],[5.299786,43.821753],[5.315264,43.828668],[5.32203,43.829997],[5.341381,43.849634],[5.345968,43.852013],[5.354067,43.85301],[5.359546,43.856928],[5.38156,43.858995],[5.392019,43.857661],[5.397527,43.864654],[5.401383,43.874684],[5.405015,43.876424],[5.4055,43.878774],[5.411167,43.877791],[5.415221,43.879222],[5.417361,43.878398],[5.421447,43.880434],[5.423346,43.88424],[5.42805,43.886985],[5.427965,43.889452],[5.430786,43.890862],[5.429316,43.892532],[5.434974,43.896852],[5.434572,43.899315],[5.438308,43.901838],[5.436736,43.906283],[5.439094,43.905998],[5.445188,43.912231],[5.45003,43.915028],[5.452022,43.914109],[5.469165,43.914441],[5.475359,43.915825],[5.479795,43.920736],[5.460823,43.927269],[5.457319,43.92513],[5.453645,43.924853],[5.445247,43.928554],[5.435281,43.935733],[5.427675,43.936304],[5.421921,43.934109],[5.416077,43.935759],[5.404716,43.935881],[5.388221,43.940097],[5.369186,43.942599],[5.357736,43.941837],[5.296242,43.930541],[5.283904,43.929794],[5.270231,43.932749],[5.260193,43.92679],[5.243364,43.921708],[5.238746,43.918252],[5.217465,43.912712],[5.20669,43.910466],[5.199904,43.91065],[5.184549,43.905492],[5.162334,43.904698],[5.155493,43.906889],[5.147702,43.913628],[5.142453,43.915847],[5.130695,43.916126],[5.130051,43.916795],[5.132437,43.918014],[5.12934,43.922215],[5.126473,43.919781],[5.125003,43.921464],[5.122696,43.921355],[5.116465,43.919097],[5.113493,43.915904],[5.111017,43.915746],[5.109775,43.922899],[5.106259,43.926614],[5.10426,43.926597],[5.103858,43.924792],[5.102377,43.924675],[5.09659,43.927302],[5.085778,43.929162],[5.086162,43.933214],[5.089357,43.936076],[5.090493,43.940513],[5.090105,43.950533],[5.09103,43.957506],[5.09366,43.961962],[5.093047,43.968484],[5.097989,43.973071],[5.102876,43.973897],[5.107847,43.978284],[5.111246,43.978493],[5.117484,43.98473],[5.131406,43.985501],[5.133868,43.986535],[5.139754,43.992966],[5.141501,43.998524],[5.14494,44.000285],[5.154313,43.997646],[5.159177,43.997866],[5.161065,43.999871],[5.166208,43.997876],[5.174606,43.998917],[5.175635,44.002714],[5.178725,44.002599],[5.183096,44.005319],[5.20349,44.008834],[5.206363,44.011953],[5.212455,44.01486],[5.219648,44.014352],[5.224056,44.016409],[5.225263,44.018358],[5.23067,44.017853],[5.232144,44.019996],[5.234558,44.019542],[5.241226,44.022411],[5.241506,44.024556],[5.243689,44.025486],[5.243091,44.027383],[5.2474,44.030222],[5.244444,44.038488],[5.237489,44.04728],[5.238948,44.055794],[5.236726,44.062457],[5.240305,44.069669],[5.236574,44.081131],[5.236782,44.083078],[5.239436,44.084606],[5.24159,44.088481],[5.243087,44.094897],[5.236316,44.104354],[5.236963,44.109632],[5.225822,44.122742],[5.219249,44.127292],[5.205008,44.13139],[5.198077,44.135591],[5.193683,44.130332],[5.179717,44.123654],[5.168921,44.110755],[5.154063,44.10403],[5.135679,44.10176],[5.114,44.104979],[5.105182,44.10828],[5.097011,44.114367],[5.088045,44.11706],[5.083768,44.117576],[5.072554,44.116169],[5.061003,44.117079],[5.05986884626412,44.117720319917],[5.044812,44.126232],[5.025175,44.122306],[5.011269,44.122724],[5.004736,44.124376],[4.989491,44.137914],[4.985062,44.145391],[4.984009,44.150139],[4.99003,44.162287],[5.001336,44.170743],[5.007991,44.185238],[5.016164,44.192635],[5.016633,44.198404],[5.014075,44.209693],[5.018983,44.212929],[5.018006,44.21958],[5.022398,44.230143],[5.0321,44.239151],[5.037203,44.241942],[5.04101,44.242399],[5.045978,44.241852],[5.051077,44.236903],[5.056762,44.234903],[5.05986884626412,44.2354561274978],[5.070207,44.237296],[5.08014,44.236209],[5.087885,44.230089],[5.087297,44.226847],[5.089946,44.223373],[5.088584,44.221143],[5.09298,44.211366],[5.096617,44.209149],[5.101567,44.208484],[5.101098,44.206178],[5.10649,44.204885],[5.113245,44.198208],[5.115535,44.191685],[5.113481,44.184883],[5.114677,44.182511],[5.118437,44.180931],[5.124399,44.182679],[5.127032,44.182365],[5.137874,44.178401],[5.146486,44.177238],[5.160461,44.180131],[5.169279,44.18585],[5.169598,44.189191],[5.16752,44.190773],[5.146428,44.192637],[5.139948,44.194784],[5.135615,44.197974],[5.136776,44.205403],[5.145104,44.21107],[5.148103,44.219309],[5.153766,44.221348],[5.139076,44.23065],[5.140019158277697,44.23482359386603],[5.139687,44.234708],[5.134438,44.240577],[5.132667,44.247112],[5.135552,44.25015],[5.136839,44.258996],[5.139459,44.262889],[5.141243,44.271066],[5.138646,44.276302],[5.138608,44.279867],[5.136666,44.283452],[5.132208,44.285626],[5.129149,44.28912],[5.12677,44.302224],[5.106227,44.319764],[5.105759,44.32534],[5.107932,44.333393],[5.119828,44.34527],[5.122281,44.350028],[5.138553,44.356906],[5.142759,44.359972],[5.14154,44.364193],[5.135584,44.365552],[5.134843,44.367391],[5.13005,44.370063],[5.11254,44.375974],[5.11161,44.378447],[5.088573,44.393955],[5.068453,44.412184],[5.060062,44.416331],[5.05986884626411,44.4164760363989],[5.04741,44.425829],[5.013397,44.439336],[5.007547,44.443022],[5.00361,44.447707],[4.994221,44.451858],[4.97893,44.453566],[4.957199,44.463801],[4.943486,44.468417],[4.930295,44.469485],[4.921001,44.475475],[4.915466,44.484342],[4.909096,44.487048],[4.907224,44.486638],[4.892999,44.490085],[4.889763,44.492883],[4.885943,44.499574],[4.886046,44.508446],[4.886718,44.511441],[4.888785,44.512847],[4.898728,44.516443],[4.919429,44.527853],[4.9258,44.529827],[4.928347,44.532691],[4.933236,44.534449],[4.937413,44.537901],[4.950825,44.541257],[4.958623,44.541753],[4.964794,44.54942],[4.970463,44.566424],[4.9743,44.571956],[4.988552,44.57451],[4.992812,44.573634],[5.00189,44.574901],[5.02805,44.581866],[5.03477,44.58145],[5.038971,44.583536],[5.047325,44.582407],[5.055007,44.586376],[5.053769,44.591034],[5.055546,44.594571],[5.05986884626411,44.5950863096987],[5.060613,44.595175],[5.065159,44.600074],[5.073177,44.600967],[5.080202,44.600536],[5.087853,44.597882],[5.106758,44.587407],[5.113098,44.585733],[5.132918,44.587188],[5.132123,44.59139],[5.120608,44.605222],[5.103804,44.617378],[5.093625,44.627627],[5.060278,44.640488],[5.061478,44.646764],[5.05986884626412,44.6467502447103],[5.055525,44.646713],[5.04959,44.64476],[5.040382,44.647224],[5.035561,44.650301],[5.028829,44.658446],[5.02089,44.662665],[5.01937,44.665356],[5.018925,44.671688],[5.022466,44.679323],[5.03156,44.683617],[5.05179,44.689794],[5.058541,44.694802],[5.05986884626411,44.6951827920264],[5.068739,44.697726],[5.076427,44.698236],[5.087904,44.696331],[5.092497,44.694362],[5.102862,44.695274],[5.122858,44.694419],[5.13599,44.691654],[5.162319,44.691865],[5.164744,44.692354],[5.168523,44.695639],[5.165956,44.697109],[5.15573,44.698881],[5.14166,44.698287],[5.127473,44.699936],[5.109359,44.708121],[5.094036,44.712224],[5.078161,44.713192],[5.074067,44.716193],[5.061062,44.713821],[5.05986884626412,44.7140862347038],[5.045501,44.717279],[5.04028,44.719141],[5.038061,44.722034],[5.030342,44.723212],[5.014145,44.734787],[5.021349,44.744147],[5.03442,44.781222],[5.039232,44.786014],[5.03745,44.810613],[5.041125,44.819431],[5.039717,44.822727],[5.041566,44.83285],[5.040336,44.837834],[5.046616,44.859165],[5.051233,44.868748],[5.056518,44.874508],[5.05986884626411,44.8803309810369],[5.061645,44.883417],[5.0674011282984,44.8878100815623],[5.069427,44.889356],[5.072393,44.895494],[5.072943,44.900807],[5.076881,44.905877],[5.083109,44.9107],[5.086239,44.915112],[5.092176,44.917851],[5.097438,44.918725],[5.102702,44.922864],[5.106709,44.929948],[5.115285,44.938478],[5.11805,44.94599],[5.121093,44.949633],[5.146457,44.969548],[5.150519,44.974299],[5.159911,44.977244],[5.164453,44.988068],[5.174328,44.995064],[5.179993,45.001072],[5.181724,45.009554],[5.188181,45.015242],[5.194619,45.024431],[5.198139,45.034666],[5.20274,45.041475],[5.220938,45.053158],[5.235943,45.066398],[5.243413,45.066173],[5.244483,45.06134],[5.245792,45.060823],[5.251437,45.061365],[5.258635,45.05929],[5.265966,45.059758],[5.26739,45.055115],[5.269129,45.054671],[5.274725,45.056557],[5.276233,45.060107],[5.279652,45.061174],[5.283673,45.059693],[5.289009,45.060121],[5.291525,45.063785],[5.294111,45.062421],[5.298327,45.062771],[5.30136,45.066018],[5.312986,45.069816],[5.312187,45.07722],[5.309406,45.081194],[5.309456,45.088718],[5.311843,45.093861],[5.324688,45.109238],[5.343035,45.123442],[5.357286,45.130101],[5.376186,45.146218],[5.388456,45.158858],[5.404808,45.168237],[5.415888,45.172767],[5.425188,45.182168],[5.445322,45.193259],[5.449077,45.197894],[5.45781,45.204661],[5.46424,45.206605],[5.47048,45.210302],[5.486949,45.222998],[5.486496,45.231632],[5.501579,45.241283],[5.509535,45.252841],[5.519712,45.26299],[5.528025,45.286459],[5.534314,45.291018],[5.556591,45.293637],[5.565342,45.298074],[5.579484,45.295565],[5.592046,45.302083],[5.5961675602053775,45.30213560574461],[5.593476,45.30217],[5.599813,45.305427],[5.604537,45.311688],[5.615595,45.314549],[5.623772,45.325609],[5.621014,45.333658],[5.616225,45.336669],[5.60393,45.340155],[5.596533,45.347935],[5.596897,45.351091],[5.599878,45.35365],[5.602446,45.359561],[5.602097,45.362696],[5.578464,45.37539],[5.542372,45.379895],[5.532358,45.384948],[5.526902,45.389599],[5.528438,45.39471],[5.530433,45.396315],[5.534241,45.398318],[5.537563,45.398081],[5.545179,45.402161],[5.547415,45.404553],[5.546255,45.406231],[5.555324,45.420604],[5.570082,45.431473],[5.579057,45.435617],[5.608713,45.439192],[5.629262,45.445053],[5.632979,45.44715],[5.643905,45.459837],[5.654187,45.46503],[5.660161,45.465923],[5.667382,45.472141],[5.677658,45.475398],[5.68087,45.475477],[5.684511,45.473867],[5.687751,45.474921],[5.691507,45.480415],[5.712491,45.497448],[5.712776,45.495957],[5.715641,45.495093],[5.71485,45.491561],[5.724441,45.47993],[5.732468,45.476161],[5.736239,45.472591],[5.733687,45.467186],[5.735534,45.458137],[5.73201,45.452712],[5.734852,45.447108],[5.738834,45.445223],[5.738131,45.442999],[5.741018,45.432669],[5.744425,45.433377],[5.746221,45.432397],[5.748275,45.427282],[5.756601,45.425694],[5.759562,45.426255],[5.760907,45.427587],[5.760267,45.430048],[5.755242,45.434895],[5.753052,45.441235],[5.753034,45.44437],[5.756083,45.44937],[5.753349,45.451118],[5.748858,45.459181],[5.751719,45.465945],[5.756924,45.472079],[5.757033,45.480605],[5.761196,45.483017],[5.765363,45.487788],[5.765958,45.494251],[5.772822,45.502587],[5.772547,45.512966],[5.776585,45.517512],[5.779775,45.525362],[5.786117,45.52733],[5.794597,45.532188],[5.79503,45.537172],[5.791616,45.53945],[5.79704,45.542227],[5.803873,45.542314],[5.808341,45.540359],[5.813612,45.543531],[5.812126,45.543576],[5.809071,45.55403],[5.805124,45.558354],[5.806333,45.561664],[5.809561,45.56037],[5.811721,45.562372],[5.808742,45.567028],[5.808218,45.571697],[5.803427,45.575707],[5.798444,45.572166],[5.798354,45.572153],[5.798831,45.574298],[5.790338,45.59725],[5.786872,45.59983],[5.783164,45.607212],[5.784842,45.619282],[5.781481,45.629809],[5.780594,45.643546],[5.783227,45.650907],[5.782549,45.657867],[5.785933,45.670666],[5.80703,45.68638],[5.82209,45.69535],[5.825442,45.699027],[5.821798,45.711524],[5.814622,45.716048],[5.802401,45.73119],[5.793504,45.748144],[5.794899,45.758974],[5.799064,45.761291],[5.800689,45.761026],[5.80165,45.762949],[5.805834,45.763112],[5.806521,45.766342],[5.813334,45.771947],[5.818576,45.785654],[5.822818,45.785209],[5.82441,45.786937],[5.826152,45.786857],[5.829102,45.782769],[5.832495,45.775285],[5.834219,45.762517],[5.837027,45.755458],[5.840567,45.752467],[5.839309,45.751236],[5.840448,45.748611],[5.853465,45.729336],[5.860952,45.706681],[5.862141,45.694592],[5.858732,45.686742],[5.856821,45.672862],[5.858886,45.664669],[5.858683,45.657261],[5.859937,45.65597],[5.863977,45.656387],[5.864629,45.654873],[5.859493,45.642587],[5.861097,45.636804],[5.858537,45.626532],[5.860291,45.611829],[5.858702,45.603841],[5.860584,45.596868],[5.863251,45.593368],[5.875437,45.588219],[5.879672,45.585137],[5.887864,45.576304],[5.892054,45.569348],[5.893134,45.565097],[5.891798,45.562597],[5.896519,45.558198],[5.901391,45.556861],[5.920623,45.563065],[5.937489,45.565126],[5.950329,45.568286],[5.955238,45.570448],[5.959469,45.574621],[5.961373,45.57908],[5.960785,45.580717],[5.956799,45.582844],[5.950739,45.583679],[5.926282,45.582464],[5.92129,45.58292],[5.919421,45.585281],[5.920737,45.589512],[5.938983,45.613698],[5.940594,45.619604],[5.941531,45.643429],[5.957169,45.694131],[5.96961,45.713289],[5.991023,45.728389],[6.016137,45.761629],[6.03234,45.768926],[6.038892,45.773673],[6.045911,45.776008],[6.049001,45.778966],[6.057474,45.802769],[6.067986,45.825233],[6.075927,45.85227],[6.085307,45.86612],[6.099432,45.875403],[6.107093,45.883651],[6.125405,45.895749],[6.13026,45.898115],[6.133354,45.897603],[6.135428,45.895852],[6.134025,45.895608],[6.135022,45.894228],[6.143626,45.889739],[6.142252,45.883892],[6.144209,45.871411],[6.143113,45.868667],[6.14451,45.867301],[6.14329,45.860423],[6.145184,45.85997],[6.144171,45.858115],[6.146672,45.8567],[6.146865,45.854143],[6.152983,45.852372],[6.153562,45.847867],[6.157104,45.845619],[6.15893,45.846105],[6.159658,45.844791],[6.164294,45.845355],[6.168479,45.843863],[6.174181,45.844498],[6.17507,45.84122],[6.179476,45.836361],[6.187849,45.830366],[6.189992,45.830754],[6.193889,45.828152],[6.201586,45.828046],[6.206238,45.830192],[6.206259,45.832003],[6.208974,45.823639],[6.206985,45.820088],[6.210853,45.812776],[6.213988,45.794156],[6.215245,45.792926],[6.219695,45.793024],[6.225462,45.796783],[6.230207,45.797988],[6.228941,45.801355],[6.231947,45.805968],[6.230639,45.813888],[6.226815,45.822927],[6.219762,45.824051],[6.218121,45.82795],[6.219829,45.831516],[6.21721,45.833544],[6.216913,45.836153],[6.211196,45.837987],[6.210362,45.841718],[6.206511,45.842048],[6.200889,45.840328],[6.193215,45.841562],[6.188892,45.843535],[6.189276,45.848577],[6.187418,45.852859],[6.188554,45.855783],[6.184795,45.860354],[6.18622,45.864351],[6.174333,45.879176],[6.171314,45.889235],[6.166447,45.89197],[6.158661,45.90509],[6.155847,45.905849],[6.149884,45.903827],[6.150415,45.904645],[6.146657,45.904179],[6.155149,45.907482],[6.163047,45.91883],[6.164334,45.938679],[6.16177,45.944174],[6.165694,45.950073],[6.165273,45.95307],[6.167801,45.957869],[6.17061,45.959915],[6.182155,45.963535],[6.196748,45.962196],[6.206163,45.965178],[6.212616,45.968794],[6.21429,45.973248],[6.228041,45.984377],[6.245752,45.991897],[6.249804,45.996043],[6.269795,46.009508],[6.282636,46.015206],[6.289199,46.019687],[6.292974,46.032921],[6.29531326064223,46.0360161824063],[6.297007,46.038257],[6.317154,46.046923],[6.338506,46.0457],[6.345819,46.046356],[6.359029,46.04435],[6.364225,46.04561],[6.369821,46.055418],[6.383159,46.060036],[6.399123,46.07681],[6.399813,46.079217],[6.398476,46.083486],[6.396156,46.085051],[6.378806,46.085242],[6.369867,46.087238],[6.362057,46.090557],[6.355967,46.097292],[6.352688,46.097957],[6.35244,46.100907],[6.347993,46.107938],[6.349108,46.110202],[6.362555,46.116272],[6.36549,46.115468],[6.372742,46.116118],[6.391299,46.12008],[6.399151,46.119957],[6.40992,46.121886],[6.42433,46.126682],[6.42822,46.129535],[6.429534,46.133709],[6.425919,46.146393],[6.399628,46.148138],[6.390518,46.146013],[6.384737,46.146484],[6.375206,46.149751],[6.366606,46.158473],[6.357287,46.159034],[6.349566,46.163624],[6.334915,46.165773],[6.332157,46.164615],[6.329945,46.165482],[6.325664,46.164741],[6.322126,46.165462],[6.317806,46.168352],[6.314786,46.167037],[6.313366,46.168351],[6.308041,46.169028],[6.300208,46.174566],[6.300193,46.178961],[6.295014,46.185507],[6.292626,46.192473],[6.292536,46.205548],[6.295649,46.210582],[6.30862,46.219241],[6.31528,46.231631],[6.325942,46.244616],[6.330037,46.255419],[6.33446,46.25962],[6.340241,46.260563],[6.351187,46.26624],[6.360122,46.26643],[6.371665,46.264341],[6.405801,46.276921],[6.440499,46.301328],[6.443777,46.303338],[6.452899,46.305301],[6.45997,46.311861],[6.464137,46.312415],[6.466626,46.310934],[6.470184,46.313115],[6.481295,46.313591],[6.49169,46.316249],[6.501575,46.322861],[6.511204,46.333353],[6.527613,46.339342],[6.557233,46.342769],[6.560697,46.344048],[6.560607,46.345372],[6.56721,46.349768],[6.573764,46.349161],[6.580624,46.346743],[6.588345,46.346219],[6.615212,46.351889],[6.624787,46.360462],[6.626134,46.364352],[6.645295,46.372668],[6.658096,46.38047],[6.671332,46.386669],[6.677281,46.390745],[6.679729,46.396959],[6.686695,46.399575],[6.697461,46.40702],[6.723988,46.408001],[6.733388,46.405355],[6.756621,46.403033],[6.760071,46.400326],[6.771996,46.397534],[6.77215958767792,46.3975556157453],[6.774751,46.397898],[6.792375,46.393191],[6.805389,46.394345],[6.810366,46.39098],[6.815932,46.390475],[6.830336,46.386008],[6.845967,46.38864],[6.857557,46.387013],[6.859542,46.389056],[6.857396,46.394201],[6.858527,46.395012],[6.858533860549027,46.39500627244099],[6.863197,46.392836],[6.867208,46.392987],[6.872868,46.39507],[6.883288,46.394825],[6.886824,46.396345],[6.89247,46.394765],[6.901127,46.3966],[6.918187,46.395158],[6.920049,46.396979],[6.922728,46.396839],[6.924983,46.39841],[6.925269,46.402307],[6.930566,46.407089],[6.930389,46.411324],[6.927231,46.414073],[6.927347,46.418362],[6.923581,46.421233],[6.92329,46.424669],[6.9204,46.428342],[6.916232,46.429843],[6.912097,46.428592],[6.908791,46.430381],[6.909495,46.434627],[6.903337,46.439658],[6.900441,46.440512],[6.890343,46.439002],[6.886657,46.440939],[6.883245,46.44008],[6.876239,46.44633],[6.869723,46.448215],[6.865682,46.448545],[6.860041,46.446876],[6.852196,46.456075],[6.841947,46.459757],[6.844081,46.464638],[6.858705,46.47899],[6.865348,46.481458],[6.865631,46.480485],[6.868552,46.483636],[6.874533,46.486903],[6.886902,46.500718],[6.896265,46.506856],[6.895058,46.509327],[6.897079,46.518127],[6.901555,46.526799],[6.901721,46.526948],[6.9028347,46.5284725],[6.903198,46.529811],[6.905709,46.545115],[6.917152,46.564622],[6.946217,46.591171],[6.963289,46.603943],[6.968841,46.606956],[6.982573,46.611002],[6.990664,46.612072],[7.005063,46.611848],[7.019644,46.610149],[7.04166,46.612294],[7.048699,46.609182],[7.056216,46.595955],[7.058396,46.59463],[7.078048,46.594805],[7.087743,46.596837],[7.094372,46.600309],[7.097927,46.608278],[7.104871,46.614512],[7.105653,46.617655],[7.104893,46.631282],[7.101943,46.635663],[7.100595,46.643631],[7.098056,46.645699],[7.098536,46.650492],[7.096174,46.655722],[7.098896,46.65885],[7.096612,46.660697],[7.1034,46.663363],[7.098943,46.671616],[7.104403,46.676999],[7.106372,46.676129],[7.106264,46.674691],[7.107005,46.677029],[7.110445,46.679326],[7.107524,46.684029],[7.110063,46.683664],[7.111616,46.681748],[7.111353,46.683249],[7.114786,46.683102],[7.118099,46.684505],[7.125958,46.694921],[7.14245,46.699416],[7.149551,46.704089],[7.156625,46.714756],[7.161879,46.730359],[7.176278,46.741636],[7.194009,46.744162],[7.198357,46.746902],[7.206587,46.742541],[7.209965,46.737286],[7.222015,46.738663],[7.234815,46.738114],[7.245676,46.736989],[7.24777,46.734926],[7.271949,46.739008],[7.280446,46.742523],[7.290483,46.744819],[7.294384,46.749585],[7.304946,46.756372],[7.314064,46.754039],[7.321472,46.755687],[7.329358,46.755602],[7.350195,46.762773],[7.359128,46.76916],[7.363141,46.769678],[7.37681,46.776661],[7.382346,46.778164],[7.385065,46.784635],[7.404026,46.795698],[7.408289,46.790868],[7.416785,46.786428],[7.427309,46.785356],[7.432991,46.782266],[7.441725,46.782791],[7.453664,46.781528],[7.462085,46.785542],[7.46705,46.785849],[7.474297,46.784254],[7.475243,46.780252],[7.484456,46.774173],[7.508321,46.772161],[7.516289,46.76248],[7.51648,46.759057],[7.520632,46.753707],[7.522124,46.74843],[7.520421,46.742348],[7.5261,46.736502],[7.54706,46.72226],[7.563227,46.715924],[7.57904,46.711944],[7.58526,46.709103],[7.588414,46.705724],[7.593208,46.704035],[7.602068,46.702689],[7.611384,46.704425],[7.629656,46.705211],[7.633107,46.706445],[7.63101,46.709301],[7.637339,46.716298],[7.644279,46.717536],[7.644084,46.71546],[7.641913,46.715044],[7.64408,46.71514],[7.643885,46.711043],[7.65937,46.703421],[7.663404,46.697265],[7.671695,46.694601],[7.686925,46.692819],[7.688972,46.691807],[7.688397,46.689976],[7.689918,46.688355],[7.685967,46.687644],[7.697443,46.685587],[7.703612,46.682689],[7.704918,46.680459],[7.703005,46.675348],[7.703872,46.673504],[7.717345,46.668542],[7.724082,46.667822],[7.728507,46.664437],[7.740613,46.662913],[7.752313,46.656486],[7.760483,46.654356],[7.766793,46.656102],[7.773161,46.65562],[7.780389,46.658242],[7.78817,46.65818],[7.790296,46.659926],[7.804095,46.664536],[7.807423,46.66425],[7.815838,46.659731],[7.82384,46.661679],[7.827534,46.664283],[7.826784,46.665922],[7.831015,46.668391],[7.827519,46.667512],[7.829896,46.669211],[7.82861,46.671076],[7.832122,46.672095],[7.827994,46.671151],[7.822406,46.673144],[7.818828,46.675296],[7.81672,46.678619],[7.815115,46.678687],[7.816517,46.679088],[7.81303,46.678557],[7.81428,46.68059],[7.811484,46.68227],[7.806201,46.682573],[7.800365,46.684911],[7.795524,46.683911],[7.792002,46.685773],[7.776615,46.681725],[7.763546,46.682008],[7.757985,46.680434],[7.75259,46.680729],[7.746457,46.683897],[7.746932,46.685863],[7.742997,46.690605],[7.742938,46.693953],[7.738198,46.694834],[7.735697,46.700241],[7.724703,46.707485],[7.704335,46.712502],[7.701771,46.711616],[7.696872,46.714376],[7.688606,46.716368],[7.682181,46.72414],[7.676743,46.727488],[7.670827,46.727382],[7.667625,46.730818],[7.663278,46.731411],[7.654297,46.736828],[7.655946,46.736843],[7.653851,46.737272],[7.650957,46.741701],[7.64553,46.74198],[7.640858,46.744808],[7.636434,46.749094],[7.635771,46.754463],[7.629301,46.759185],[7.628954,46.761598],[7.636535,46.776995],[7.650304,46.782977],[7.65672,46.783464],[7.667602,46.786563],[7.672582,46.786278],[7.673414,46.788039],[7.684521,46.789481],[7.694144,46.787551],[7.698922,46.789485],[7.704339,46.78995],[7.716488,46.787199],[7.721318,46.784249],[7.725112,46.783817],[7.734256,46.779788],[7.756142,46.784155],[7.757566,46.78589],[7.763423,46.786696],[7.771906,46.786458],[7.777876,46.784034],[7.790791,46.786736],[7.806762,46.788019],[7.816118,46.785753],[7.824634,46.785344],[7.836781,46.788598],[7.852064,46.805386],[7.862475,46.810293],[7.864589,46.817288],[7.858942,46.821955],[7.870923,46.826202],[7.879872,46.838967],[7.888963,46.844576],[7.897369,46.851969],[7.899056,46.859898],[7.903845,46.869315],[7.914245,46.883581],[7.910341,46.889304],[7.909268,46.894757],[7.926021,46.9024],[7.930267,46.905544],[7.938434,46.919478],[7.959917,46.927385],[7.973939,46.929281],[7.991024,46.93469],[7.997323,46.935272],[8.005852,46.940021],[8.007646,46.947606],[8.017204,46.95397],[8.019336,46.961828],[8.031292,46.969432],[8.03837,46.970854],[8.037717,46.972219],[8.041632,46.978073],[8.047131,46.982318],[8.046288,46.984084],[8.050947,46.985839],[8.059733,46.995204],[8.063208,46.996579],[8.064013,46.999689],[8.061822,47.000856],[8.059379,47.000012],[8.058758,47.004238],[8.067968,47.020339],[8.066882,47.030241],[8.068984,47.042194],[8.066066,47.049859],[8.070321,47.057946],[8.093444,47.053505],[8.099249,47.055765],[8.102411,47.054857],[8.103202,47.056494],[8.108203,47.049656],[8.113173,47.051287],[8.119045,47.045222],[8.129324,47.044546],[8.142457,47.04066],[8.161714,47.03732],[8.176934,47.042954],[8.200342,47.042674],[8.225177,47.045374],[8.24009,47.040707],[8.242712,47.034881],[8.251612,47.033324],[8.263242,47.034196],[8.271415,47.030759],[8.285997,47.027753],[8.291513,47.024671],[8.296002,47.018567],[8.302218,47.015204],[8.30661,47.008733],[8.306005,47.005435],[8.311652,47.001168],[8.316991,46.989784],[8.312737,46.986476],[8.312395,46.979403],[8.322311,46.978946],[8.328392,46.980193],[8.331379,46.978442],[8.329846,46.973666],[8.31681,46.96976],[8.311807,46.968751],[8.307978,46.969609],[8.295589,46.966562],[8.293784,46.965539],[8.294104,46.963565],[8.280877,46.957663],[8.278796,46.955674],[8.280042,46.954081],[8.283772,46.95418],[8.284535,46.955149],[8.284833,46.953708],[8.286317,46.953702],[8.288526,46.956455],[8.287887,46.953144],[8.290213,46.953268],[8.289198,46.95561],[8.291148,46.956093],[8.290408,46.953142],[8.295772,46.954508],[8.296596,46.953579],[8.295481,46.95425],[8.292683,46.952904],[8.296917,46.951216],[8.297917,46.953212],[8.30082,46.953137],[8.320627,46.962392],[8.324328,46.963008],[8.335624,46.969349],[8.337209,46.973608],[8.332595,46.976704],[8.332971,46.979331],[8.336478,46.97971],[8.334754,46.979954],[8.336529,46.980906],[8.346483,46.982247],[8.348843,46.985162],[8.351965,46.985855],[8.351646,46.98951],[8.355382,46.993264],[8.362603,46.996282],[8.368278,47.003563],[8.377784,47.00288],[8.392339,47.004131],[8.406258,47.003743],[8.419075,47.001868],[8.431229,47.002532],[8.43143404085823,47.0025024871214],[8.442584,47.000897],[8.447535,47.002103],[8.459783,47.000335],[8.463456,46.99749],[8.459141,46.995294],[8.439511,46.993629],[8.42767571810228,46.9898528663572],[8.41834,46.986873],[8.418265,46.981444],[8.422552,46.978862],[8.42440640163007,46.9788441525384],[8.425771,46.978831],[8.424367,46.977559],[8.426744,46.975365],[8.440834,46.974757],[8.447106,46.97226],[8.453488,46.971316],[8.466131,46.972126],[8.472895,46.968991],[8.479207,46.964008],[8.495286,46.962056],[8.513508,46.964095],[8.523516,46.968192],[8.549768,46.973343],[8.573061,46.983858],[8.588152,46.987983],[8.592645,46.98708],[8.595127,46.985849],[8.596282,46.982783],[8.591274,46.975797],[8.594099,46.968029],[8.593133,46.963021],[8.590734,46.96003],[8.588895,46.959733],[8.590215,46.95789],[8.588285,46.95617],[8.589799,46.955674],[8.587743,46.955378],[8.584596,46.947813],[8.585711,46.946044],[8.578459,46.932174],[8.579918,46.928906],[8.586806,46.923902],[8.597225,46.918847],[8.596695762532255,46.91851858924993],[8.59204759282418,46.91308586763685],[8.592671,46.91104],[8.592447,46.907965],[8.592404,46.9078485],[8.59219,46.906895],[8.591896,46.905469],[8.594552891286565,46.899143895284496],[8.595014,46.899012],[8.595172,46.897624],[8.595108,46.897522],[8.594985583541966,46.89745575819952],[8.594164,46.895031],[8.598628,46.889864],[8.60097963989638,46.88910284421439],[8.601225,46.88912],[8.60217,46.888755],[8.602356,46.888685],[8.602423666416376,46.88868747957938],[8.604432510568161,46.89096741612967],[8.604584,46.891682],[8.606092305466499,46.89285119942432],[8.606152478829419,46.89291949314902],[8.6060483,46.8930531],[8.606184,46.893075],[8.60626294608983,46.89304486790465],[8.60644684390189,46.893253582623935],[8.606346,46.893222],[8.6060329,46.893137],[8.606068,46.893243],[8.60655362605407,46.89337477496803],[8.607101313850835,46.893996372927674],[8.60674,46.894175],[8.6067163,46.8941879],[8.606989,46.894208],[8.607190592000435,46.89409769911379],[8.608091515128876,46.89512020131622],[8.60674,46.894378],[8.6065542,46.8943037],[8.606573,46.894319],[8.608132115868324,46.895166281102824],[8.60884845770238,46.89597929286808],[8.608815,46.896043],[8.609384,46.898352],[8.614793,46.899722],[8.616479,46.898222],[8.621659,46.899943],[8.620872,46.901992],[8.624175,46.902209],[8.624999,46.904727],[8.624701,46.907378],[8.62134,46.910472],[8.621231,46.91422],[8.623528,46.917155],[8.620484,46.921487],[8.61145,46.926063],[8.612085,46.927854],[8.610665,46.929132],[8.615518,46.940653],[8.620109,46.944834],[8.618336,46.949329],[8.620769,46.952531],[8.614616,46.959182],[8.612846,46.969274],[8.610356,46.972982],[8.61184,46.986617],[8.608016,46.992571],[8.605541,46.993533],[8.600172,46.993154],[8.60122,46.993779],[8.598334,46.994982],[8.591998,46.995282],[8.590274,46.99867],[8.585853,47.001216],[8.572964,46.999169],[8.569151,46.996617],[8.563471,46.995257],[8.556424,46.990547],[8.54805,46.988921],[8.534482,46.988369],[8.529937,46.990654],[8.524086,46.990771],[8.523008,46.992517],[8.516801,46.99407],[8.501397,46.99199],[8.496881,46.990058],[8.492672,46.990466],[8.484011,46.994511],[8.47994,46.993554],[8.473589,46.995414],[8.477098,46.997826],[8.476689,46.999025],[8.485415,47.002365],[8.482626,47.007116],[8.481811,47.013935],[8.477745,47.01457],[8.476437,47.016255],[8.473498,47.016933],[8.468506,47.02134],[8.467969,47.023589],[8.464379,47.023405],[8.462352,47.024525],[8.45407,47.023756],[8.445849,47.029621],[8.44192,47.031139],[8.43976066770982,47.0305061727463],[8.439511,47.030433],[8.435902,47.032125],[8.42604,47.031331],[8.420723,47.028636],[8.409354,47.030023],[8.401205,47.02614],[8.400863,47.028316],[8.397207,47.026843],[8.39562,47.0289],[8.403875,47.037485],[8.418138,47.044166],[8.427035,47.052384],[8.426753,47.059146],[8.430421,47.06224],[8.431295,47.069335],[8.434889,47.077128],[8.438485,47.077898],[8.441488,47.082311],[8.450796,47.086885],[8.455373,47.095408],[8.459103,47.09798],[8.45987628582112,47.0980344489577],[8.466548,47.098504],[8.464005,47.095904],[8.469636,47.088402],[8.477193,47.085827],[8.485488,47.07924],[8.488692,47.078377],[8.495698,47.073461],[8.508722,47.068547],[8.51419,47.061633],[8.520995,47.062588],[8.528136,47.071706],[8.522383,47.084076],[8.523545,47.089305],[8.509285,47.103116],[8.508131,47.106035],[8.503616,47.107966],[8.494764,47.123599],[8.50340147088996,47.1333860792482],[8.507337,47.137844],[8.520685,47.16002],[8.527943,47.16664],[8.540593,47.172182],[8.562832,47.171253],[8.574308,47.173919],[8.603533,47.168912],[8.6111,47.169077],[8.621752,47.172491],[8.63853,47.171732],[8.639255,47.169414],[8.642219,47.168808],[8.651446,47.170718],[8.656453,47.169733],[8.669143,47.172604],[8.670807,47.174414],[8.673474,47.174101],[8.677377,47.176614],[8.688202,47.178079],[8.692215,47.179776],[8.710268,47.172939],[8.741094,47.183478],[8.758952,47.188176],[8.788102,47.193153],[8.802585,47.194268],[8.813618,47.193738],[8.841288,47.187872],[8.845706,47.186529],[8.854907,47.180816],[8.869584,47.177065],[8.877878,47.175961],[8.890448,47.17224],[8.901178,47.17136],[8.913691,47.168582],[8.927758,47.168506],[8.950755,47.173022],[8.971418,47.17083],[8.986182,47.166926],[9.006968,47.158469],[9.014167,47.152677],[9.018502,47.151018],[9.017552,47.149505],[9.019918,47.148142],[9.019555,47.146749],[9.025509,47.143001],[9.039593,47.137107],[9.042059,47.13448],[9.051356,47.12998],[9.056985,47.129439],[9.065267,47.132241],[9.050962,47.141743],[9.050319,47.145393],[9.052912,47.150044],[9.052376,47.152541],[9.056719,47.154417],[9.056978,47.158358],[9.055076,47.161644],[9.056814,47.165071],[9.055253,47.173329],[9.04736,47.19368],[9.046754,47.198815],[9.030692,47.215691],[9.033134,47.221704],[9.030658,47.223682],[9.031548,47.228845],[9.026235,47.24742],[9.039263,47.254851],[9.042815,47.261476],[9.047981,47.264772],[9.056042,47.267729],[9.076132,47.279817],[9.083951,47.282116],[9.08833,47.284956],[9.109015,47.288327],[9.114007,47.292187],[9.117922,47.293252],[9.137999,47.29677],[9.152937,47.297882],[9.16392,47.297802],[9.178662,47.295359],[9.182193,47.295525],[9.189089,47.298692],[9.193678,47.298041],[9.195741,47.296034],[9.200843,47.295854],[9.204065,47.29842],[9.210663,47.29842],[9.229624,47.303665],[9.233358,47.305815],[9.241056,47.306004],[9.252281,47.309262],[9.263148,47.30997],[9.269619,47.308551],[9.275223,47.308898],[9.279872,47.311716],[9.281044,47.315092],[9.287022,47.317131],[9.288543,47.319869],[9.293124,47.321952],[9.292476,47.323635],[9.294164,47.32455],[9.295769,47.324647],[9.29747,47.321622],[9.300037,47.320573],[9.307573,47.322085],[9.327814,47.320701],[9.335331,47.321732],[9.341155,47.324244],[9.349415,47.33007],[9.359636,47.332211],[9.372876,47.332496],[9.392207,47.336321],[9.4072,47.335556],[9.414339,47.33004],[9.419082,47.328199],[9.435355,47.327696],[9.471297,47.333539],[9.518372,47.338716],[9.521365,47.337956],[9.524646,47.334731],[9.532358,47.334987],[9.533446,47.33059],[9.539506,47.329319],[9.540135,47.326794],[9.552463,47.331136],[9.556086,47.33043],[9.55696,47.323685],[9.55181,47.315802],[9.552043,47.313623],[9.556968,47.310383],[9.563626,47.309513],[9.568301,47.307096],[9.56169284678418,47.30170306215839],[9.5645,47.303411],[9.568076,47.302323],[9.567016,47.298449],[9.571281,47.289019],[9.581214,47.281323],[9.590028,47.278564],[9.591608,47.273542],[9.590967,47.268011],[9.594649,47.265262],[9.601277,47.264328],[9.616987,47.256835],[9.622394,47.256848],[9.627142,47.26082],[9.634336,47.264083],[9.644836,47.273038],[9.654112,47.278143],[9.656723,47.285086],[9.650409,47.292294],[9.648927,47.30967],[9.638217,47.310932],[9.623502,47.308534],[9.621416,47.310336],[9.62118,47.313252],[9.629082,47.319431],[9.63037,47.322532],[9.63829,47.327163],[9.643065,47.33249],[9.650092,47.337145],[9.655372,47.344662],[9.671022,47.348409],[9.682198,47.354259],[9.696059,47.370793],[9.706501,47.375156],[9.716436,47.382727],[9.727958,47.386971],[9.736365,47.38827],[9.744873,47.396334],[9.751866,47.410838],[9.751724,47.415209],[9.754345,47.418128],[9.756238,47.435982],[9.760795,47.439884],[9.763858,47.44829],[9.761485,47.45419],[9.753891,47.456609],[9.749894,47.459586],[9.751734,47.465949],[9.750894,47.471683],[9.754208,47.479193],[9.741526,47.486088],[9.741188,47.496319],[9.746926,47.505926],[9.753341,47.512],[9.754092,47.515226],[9.751222,47.524526],[9.75458,47.530398],[9.753109,47.537935],[9.747318,47.543582],[9.740706,47.546604],[9.738984,47.551896],[9.741667,47.555131],[9.74576,47.554738],[9.747017,47.55575],[9.746382,47.557522],[9.743672,47.558486],[9.746482,47.560757],[9.747884,47.565002],[9.751868,47.567746],[9.748213,47.570347],[9.753158,47.572383],[9.755934,47.572309],[9.756584,47.579796],[9.762085,47.581302],[9.76075,47.583447],[9.763654,47.586502],[9.766022,47.585628],[9.765634,47.589124],[9.769423,47.587658],[9.776703,47.594975],[9.795807,47.593698],[9.799854,47.596061],[9.802379,47.596037],[9.814111,47.588086],[9.817753,47.588855],[9.823479,47.587308],[9.82732,47.5896],[9.839456,47.591794],[9.851697,47.590441],[9.855124,47.588396],[9.857268,47.572251],[9.862102,47.568623],[9.866958,47.568269],[9.877244,47.570447],[9.908259,47.582713],[9.921827,47.580952],[9.925325,47.576523],[9.924894,47.571141],[9.929988,47.567149],[9.944172,47.56766],[9.963617,47.564533],[9.976885,47.555972],[9.985697,47.556721],[9.993497,47.559514],[10.000364,47.563411],[10.010176,47.574805],[10.022946,47.581829],[10.02876,47.579399],[10.030561,47.576392],[10.030412,47.569328],[10.037562,47.564527],[10.038262,47.560912],[10.044512,47.556247],[10.053158,47.553955],[10.073023,47.552754],[10.089373,47.55369],[10.123373,47.560292],[10.15068,47.567074],[10.161906,47.56677],[10.169806,47.567689],[10.17251,47.569313],[10.176349,47.568127],[10.183574,47.569628],[10.191071,47.568439],[10.1933926336557,47.5670193320924],[10.198583,47.563845],[10.207503,47.560644],[10.225341,47.557219],[10.237495,47.552239],[10.245052,47.553985],[10.252747,47.553441],[10.265404,47.555045],[10.281448,47.561479],[10.295658,47.568927],[10.301768,47.576166],[10.326459,47.593063],[10.334,47.593326],[10.33918,47.592536],[10.341189,47.591007],[10.3467,47.590766],[10.352049,47.592964],[10.359102,47.593655],[10.385496,47.600367],[10.410625,47.600552],[10.435898,47.6094],[10.458795,47.61523],[10.479847,47.617278],[10.493139,47.622],[10.49639,47.621969],[10.512636,47.61797],[10.525819,47.611243],[10.534609,47.605815],[10.540861,47.600093],[10.552186,47.593483],[10.55896,47.591258],[10.575319,47.589425],[10.598974,47.583147],[10.629673,47.570142],[10.632693,47.567493],[10.640867,47.567398],[10.645982,47.569219],[10.655315,47.56971],[10.671302,47.567612],[10.685385,47.568362],[10.694044,47.567524],[10.701161,47.568457],[10.708114,47.567717],[10.737877,47.570618],[10.758602,47.579105],[10.767779,47.588448],[10.7883,47.599341],[10.797231,47.606591],[10.810839,47.621169],[10.849553,47.648601],[10.875522,47.655697],[10.894313,47.657059],[10.919833,47.660845],[10.932613,47.66756],[10.963855,47.671283],[10.976589,47.675581],[10.984154,47.676358],[10.990275,47.674989],[10.991915,47.672971],[10.987247,47.669034],[10.988341,47.661179],[10.98974,47.660171],[10.996044,47.66065],[10.996801,47.659592],[10.994527,47.65612],[10.996762,47.655929],[11.001019,47.650863],[11.004845,47.649666],[11.01815,47.651234],[11.020633,47.652749],[11.025869,47.66051],[11.034283,47.660783],[11.051426,47.665392],[11.062487,47.666019],[11.079552,47.663659],[11.110306,47.657068],[11.126819,47.647902],[11.140219,47.643658],[11.152242,47.643904],[11.157903,47.642939],[11.162274,47.639417],[11.163849,47.632781],[11.15094,47.61705],[11.147599,47.604551],[11.153792,47.598426],[11.164387,47.596815],[11.174738,47.597563],[11.178021,47.596794],[11.19117,47.602623],[11.196766,47.608289],[11.195554,47.611916],[11.201085,47.616337],[11.233617,47.624436],[11.240109,47.627014],[11.246358,47.635818],[11.245529,47.638837],[11.247784,47.642099],[11.276143,47.660992],[11.288834,47.660255],[11.295195,47.661662],[11.303551,47.658662],[11.307306,47.652908],[11.319958,47.643212],[11.32198,47.638759],[11.327851,47.637722],[11.332189,47.634236],[11.338206,47.633975],[11.346122,47.637304],[11.350229,47.640567],[11.355962,47.640034],[11.362339,47.64688],[11.372676,47.651163],[11.377505,47.659942],[11.397984,47.672588],[11.404387,47.683691],[11.423698,47.699745],[11.430155,47.711706],[11.430685,47.720077],[11.435891,47.728528],[11.461214,47.744027],[11.486559,47.747828],[11.517642,47.748059],[11.52752,47.751383],[11.533713,47.75175],[11.541787,47.754295],[11.551815,47.754783],[11.564391,47.752275],[11.568067,47.749104],[11.570124,47.744494],[11.573364,47.742523],[11.592577,47.740045],[11.596506,47.741082],[11.602417,47.745711],[11.608148,47.746762],[11.635355,47.747503],[11.654424,47.745064],[11.660999,47.746605],[11.666215,47.749572],[11.669944,47.750062],[11.679809,47.748419],[11.683585,47.749333],[11.685493,47.752144],[11.691241,47.75449],[11.699944,47.75383],[11.71799,47.738843],[11.718826,47.730754],[11.721199,47.725898],[11.720319,47.723637],[11.727217,47.722291],[11.726658,47.718631],[11.729635,47.717101],[11.726379,47.713403],[11.735732,47.707555],[11.740448,47.706003],[11.738222,47.69734],[11.733078,47.695978],[11.735596,47.693194],[11.738414,47.692401],[11.737135,47.694567],[11.738114,47.695939],[11.747796,47.696638],[11.753031,47.698737],[11.758342,47.697752],[11.759916,47.695477],[11.769029,47.694977],[11.770059,47.696606],[11.7689,47.69923],[11.764129,47.700197],[11.758065,47.699779],[11.759112,47.705015],[11.75489,47.70669],[11.751204,47.710324],[11.753132,47.715379],[11.748967,47.720765],[11.747958,47.724807],[11.749826,47.72929],[11.746504,47.734634],[11.757863,47.739911],[11.78719,47.74876],[11.809142,47.7527],[11.829104,47.747266],[11.836447,47.744067],[11.842378,47.740865],[11.846343,47.731522],[11.857697,47.720096],[11.858541,47.71544],[11.862539,47.711144],[11.864664,47.710862],[11.870758,47.714016],[11.869177,47.716071],[11.868121,47.730815],[11.856378,47.74397],[11.862401,47.752318],[11.874148,47.753856],[11.890729,47.761212],[11.904863,47.764814],[11.909581,47.759942],[11.9161549676444,47.7581041283868],[11.920504,47.756888],[11.929871,47.756163],[11.939076,47.756834],[11.965857,47.763141],[11.986408,47.761823],[11.995609,47.764484],[12.007128,47.771546],[12.028802,47.773555],[12.049672,47.765047],[12.074051,47.759634],[12.092339,47.75788],[12.098242,47.753166],[12.103098,47.746101],[12.104099,47.741519],[12.112552,47.731705],[12.114415,47.725109],[12.118856,47.720556],[12.12174,47.719578],[12.132678,47.719776],[12.147405,47.709757],[12.151011,47.704747],[12.166723,47.704277],[12.168211,47.707975],[12.164663,47.713233],[12.165803,47.721438],[12.161873,47.725788],[12.163534,47.732762],[12.168971,47.73638],[12.168921,47.738207],[12.166163,47.738795],[12.164018,47.743974],[12.161132,47.743932],[12.156365,47.746879],[12.151613,47.752089],[12.151226,47.754891],[12.145927,47.755972],[12.14563,47.758404],[12.141517,47.761433],[12.156045,47.773706],[12.156893,47.780833],[12.164293,47.789447],[12.172674,47.79372],[12.188032,47.796448],[12.233082,47.795859],[12.263878,47.798334],[12.27246,47.80029],[12.293703,47.801527],[12.301727,47.800218],[12.302558,47.797171],[12.306668,47.794766],[12.334456,47.785774],[12.340297,47.788879],[12.343428,47.794027],[12.35262,47.799681],[12.356152,47.805961],[12.369485,47.806002],[12.381437,47.80401],[12.407482,47.794916],[12.419967,47.790197],[12.424411,47.786673],[12.441962,47.779123],[12.444447,47.775318],[12.445244,47.767596],[12.443571,47.765397],[12.445835,47.761483],[12.457081,47.76094],[12.463225,47.754472],[12.468926,47.753641],[12.467443,47.756735],[12.471089,47.757766],[12.47011,47.758998],[12.474658,47.768551],[12.483684,47.774557],[12.488854,47.775543],[12.499813,47.784552],[12.513914,47.789694],[12.524396,47.790944],[12.535945,47.795004],[12.544999,47.796131],[12.562165,47.800919],[12.587524,47.804119],[12.609744,47.804357],[12.628519,47.810311],[12.641649,47.820144],[12.658763,47.825143],[12.677379,47.82432],[12.696028,47.82803],[12.723243,47.829153],[12.74154,47.831323],[12.752209,47.830891],[12.775153,47.834549],[12.779,47.837613],[12.783813,47.839239],[12.785252,47.844122],[12.782257,47.84789],[12.787865,47.850336],[12.800949,47.848032],[12.803120348973,47.8474062320892],[12.824208,47.841326],[12.827606,47.839229],[12.829338,47.83419],[12.83282,47.832124],[12.833483,47.830636],[12.830616,47.826492],[12.833714,47.820712],[12.843547,47.820214],[12.846431,47.815664],[12.85651,47.808662],[12.86072,47.808822],[12.869965,47.824384],[12.877121,47.829725],[12.89453,47.832438],[12.905951,47.83263],[12.921898,47.835748],[12.945947,47.827075],[12.947772,47.822144],[12.946012,47.819688],[12.946859,47.816315],[12.951921,47.812367],[12.95715,47.804309],[12.956816,47.800681],[12.950999,47.792737],[12.947184,47.788548],[12.938988,47.784974],[12.939042,47.779331],[12.92969,47.773769],[12.926433664137614,47.7680416101026],[12.926701,47.76826],[12.932568,47.767599],[12.967102,47.769148],[12.985885,47.766155],[13.000865,47.754536],[13.014981,47.75228],[13.032649,47.747634],[13.040712,47.744078],[13.040235,47.741527],[13.041694,47.740812],[13.050115,47.740748],[13.052809,47.742573],[13.056813,47.742728],[13.066059,47.741276],[13.069444,47.743317],[13.075717,47.742593],[13.080398019516831,47.74404508659653],[13.079979,47.745883],[13.087018,47.747413],[13.089808,47.749458],[13.092075,47.755661],[13.087519,47.759312],[13.088859,47.763636],[13.092953,47.768348],[13.092745,47.76985],[13.088537,47.771703],[13.092872,47.775654],[13.092875,47.784374],[13.089759,47.790398],[13.090074,47.794369],[13.092322,47.79449],[13.092543,47.795814],[13.08767,47.799533],[13.083151,47.799866],[13.07987,47.803416],[13.081128,47.80772],[13.073146,47.808303],[13.07279,47.809745],[13.075069,47.809627],[13.077669,47.813363],[13.071141,47.816375],[13.083646,47.826713],[13.086898,47.831134],[13.094885,47.833129],[13.096222,47.835199],[13.106047,47.838828],[13.112344,47.843443],[13.113445,47.850028],[13.118544,47.855212],[13.137066,47.863492],[13.145865,47.864534],[13.157719,47.861623],[13.176971,47.859047],[13.215366,47.867117],[13.215517,47.868048],[13.207891,47.871417],[13.20484,47.874806],[13.208056,47.884045],[13.21095,47.884942],[13.211153,47.887744],[13.208232,47.889302],[13.204174,47.897201],[13.199701,47.90039],[13.20007,47.90313],[13.208081,47.910188],[13.227937,47.920675],[13.226602,47.926967],[13.228488,47.930351],[13.251535,47.944241],[13.255745,47.950611],[13.2557603379824,47.9507610458751],[13.25629,47.955942],[13.263945,47.95815],[13.265334,47.963525],[13.267298,47.96474],[13.28091,47.96388],[13.284759,47.962715],[13.288445,47.95964],[13.289551,47.954828],[13.288322,47.950058],[13.290771,47.947711],[13.2910276986519,47.9466232809801],[13.292457,47.940566],[13.298411,47.930813],[13.297643,47.923684],[13.301805,47.918848],[13.301356,47.910581],[13.302848,47.905171],[13.300292,47.902729],[13.302407,47.900127],[13.302533,47.893486],[13.303517,47.892159],[13.308086,47.892531],[13.309598,47.890524],[13.315374,47.891301],[13.312238,47.896873],[13.311948,47.904161],[13.314358,47.907583],[13.308686,47.916341],[13.310325,47.920377],[13.310032,47.928966],[13.317512,47.928154],[13.320296,47.930179],[13.3169506952593,47.9435745412734],[13.314082,47.955056],[13.324141,47.959914],[13.338067,47.963989],[13.340825,47.962485],[13.341398,47.957142],[13.347596,47.953016],[13.348161,47.945875],[13.355651,47.943393],[13.360789,47.946426],[13.35974,47.954471],[13.364725,47.958893],[13.374501,47.962591],[13.377933,47.965441],[13.387336,47.966848],[13.390894,47.968498],[13.391804,47.97265],[13.405437,47.973692],[13.411243,47.970574],[13.419171,47.962011],[13.429147,47.95943],[13.430018,47.953284],[13.438576,47.953166],[13.446045,47.950412],[13.450742,47.94675],[13.459239,47.943645],[13.47011,47.93687],[13.471461,47.93406],[13.4697588412711,47.9254772390083],[13.468546,47.91936],[13.47052,47.917208],[13.481933,47.914114],[13.490995,47.915832],[13.496435,47.919916],[13.4960304433616,47.9223441493381],[13.495914,47.923043],[13.497957,47.925642],[13.509152,47.930912],[13.524779,47.9357],[13.533593,47.935225],[13.539806,47.932519],[13.544288,47.92839],[13.546491,47.922322],[13.542304,47.918933],[13.5414403873319,47.9169136392139],[13.540968,47.915809],[13.528854,47.90879],[13.52874,47.90475],[13.532217,47.90133],[13.531439,47.891101],[13.533755,47.888244],[13.531125,47.885821],[13.531703,47.882018],[13.530037,47.87954],[13.52722,47.878344],[13.524828,47.875134],[13.522139,47.866462],[13.528389,47.860863],[13.529053,47.857569],[13.528093,47.848237],[13.520854,47.8428],[13.526703,47.838509],[13.527014,47.835223],[13.521102,47.832638],[13.516907,47.82698],[13.509549,47.822737],[13.505526,47.812274],[13.492474,47.806406],[13.48389,47.799291],[13.484258,47.793528],[13.488281,47.790097],[13.490717,47.789565],[13.494576,47.792144],[13.49839,47.789555],[13.502345,47.78952],[13.508252,47.791373],[13.508106,47.794997],[13.510289,47.796726],[13.528701,47.797644],[13.535267,47.801339],[13.543538,47.801257],[13.547508,47.805664],[13.546303,47.813098],[13.547414,47.820513],[13.545135,47.830537],[13.546581,47.835273],[13.542876,47.840052],[13.546671,47.841845],[13.547843,47.84495],[13.556147,47.852255],[13.566592,47.869853],[13.566037,47.874423],[13.566594,47.877031],[13.569121,47.878756],[13.568505,47.889059],[13.571277,47.897768],[13.570649,47.89943],[13.567543,47.899911],[13.565837,47.903205],[13.569341,47.90913],[13.575273,47.909935],[13.5765609486227,47.9127005607626],[13.585586,47.932071],[13.593178,47.936235],[13.599206,47.936705],[13.599925,47.935574],[13.624283,47.938991],[13.630859,47.944469],[13.641274,47.949832],[13.652039,47.948305],[13.664115,47.949002],[13.675947,47.948016],[13.69142,47.951553],[13.695122,47.950988],[13.698725,47.948064],[13.702056,47.947413],[13.7092,47.947814],[13.713376,47.950693],[13.7162982152448,47.9508848671293],[13.718098,47.951003],[13.722308,47.948381],[13.73074,47.948194],[13.734887,47.950344],[13.735281,47.954543],[13.740367,47.956044],[13.744321,47.954925],[13.752793,47.949036],[13.75745,47.938652],[13.75361,47.925367],[13.745847,47.922258],[13.736264,47.921368],[13.730335,47.917628],[13.724259,47.9172],[13.719527,47.913463],[13.715692,47.91247],[13.713463,47.909173],[13.709233,47.906666],[13.709412,47.904057],[13.713113,47.902494],[13.711049,47.899488],[13.7131294398857,47.8962093900127],[13.713794,47.895162],[13.719746,47.890099],[13.714365,47.887251],[13.712357,47.883744],[13.712912,47.88113],[13.709625,47.8797],[13.709672,47.877084],[13.713648,47.874405],[13.736684,47.870851],[13.740373,47.859746],[13.745784,47.858159],[13.766124,47.856815],[13.778285,47.85255],[13.776904,47.850817],[13.782461,47.846559],[13.792155,47.846203],[13.792486,47.844243],[13.789288,47.843748],[13.786623,47.838274],[13.784801,47.837392],[13.786216,47.833186],[13.791464,47.828857],[13.786788,47.823436],[13.777058,47.818391],[13.774516,47.813798],[13.777879,47.813102],[13.782233,47.814568],[13.785232,47.812579],[13.782201,47.811622],[13.784061,47.80976],[13.791166,47.810914],[13.794863,47.809804],[13.802621,47.822001],[13.806517,47.824062],[13.808333,47.827075],[13.807565,47.832896],[13.809341,47.835244],[13.807528,47.83759],[13.807822,47.842487],[13.810354,47.848876],[13.814147,47.85341],[13.814154,47.861237],[13.81594,47.864474],[13.814094,47.869292],[13.813808,47.878574],[13.807267,47.882751],[13.8077062670036,47.8846877671219],[13.808544,47.888381],[13.806502,47.892347],[13.803442,47.893998],[13.803878,47.900111],[13.806988,47.906375],[13.822518,47.920322],[13.829421,47.931746],[13.831872,47.933306],[13.85114,47.934614],[13.86349,47.931469],[13.875123,47.933837],[13.880213,47.940658],[13.882675,47.949214],[13.885578,47.950025],[13.905122,47.969582],[13.91216,47.974311],[13.920098,47.974305],[13.938107,47.970152],[13.954383,47.969323],[13.962877,47.970594],[13.980666,47.965457],[13.998556,47.953398],[14.004531,47.947619],[14.012069,47.947683],[14.022596,47.95132],[14.027267,47.950951],[14.039326,47.949148],[14.054833,47.943552],[14.06231,47.939189],[14.085803,47.918521],[14.101898,47.896613],[14.108891,47.880951],[14.11714,47.874948],[14.125781,47.871755],[14.133792,47.875066],[14.139126,47.881567],[14.138004,47.89267],[14.131705,47.905198],[14.131943,47.909169],[14.130024,47.910433],[14.124562,47.910419],[14.121631,47.912733],[14.112153,47.926441],[14.113477,47.930309],[14.126273,47.94055],[14.135916,47.958604],[14.141531,47.965169],[14.149328,47.970808],[14.154708,47.972602],[14.160006,47.972506],[14.165291,47.974095],[14.171104,47.972416],[14.185854,47.975042],[14.204721,47.976073],[14.22474,47.982605],[14.256742,47.988493],[14.276849,47.99377],[14.284351,47.999697],[14.306643,48.008422],[14.312587,48.016837],[14.334971,48.027668],[14.336936,48.033885],[14.335496,48.036846],[14.32998,48.03968],[14.329499,48.042233],[14.330628,48.043334],[14.336263,48.043787],[14.339227,48.05016],[14.34159,48.05144],[14.366035,48.049399],[14.373744,48.045101],[14.38632,48.041623],[14.395603,48.042103],[14.398539,48.040047],[14.408218,48.03966],[14.408396,48.028085],[14.400525,48.022465],[14.403208,48.01801],[14.40604,48.01692],[14.41627,48.018848],[14.418254,48.024787],[14.423464,48.027446],[14.426888,48.028698],[14.432431,48.028154],[14.440401,48.042352],[14.444537,48.043608],[14.451134,48.044249],[14.464436,48.038945],[14.47202,48.038439],[14.489983,48.040867],[14.498022,48.040619],[14.518302,48.048803],[14.524261,48.049308],[14.559882,48.049351],[14.569695,48.048431],[14.645422,48.037923],[14.678258,48.035449],[14.692834,48.032233],[14.712216,48.030072],[14.75185,48.037044],[14.773123,48.037964],[14.785043282737657,48.04017075804739],[14.785046,48.040173],[14.801987,48.045262],[14.808566,48.045269],[14.818922,48.050509],[14.858789,48.059599],[14.878935,48.06992],[14.889243,48.070934],[14.897382,48.070098],[14.914941,48.0764],[14.923671,48.077815],[14.941354,48.076511],[14.948151,48.072731],[14.962074,48.070898],[14.986155,48.073279],[14.999637,48.071818],[15.010864,48.073337],[15.016671,48.075944],[15.024344,48.075319],[15.036802,48.072102],[15.044979,48.074994],[15.051034,48.074506],[15.061678,48.070732],[15.06673,48.070828],[15.078077,48.073329],[15.09793,48.083303],[15.104558,48.083958],[15.107025,48.087136],[15.113645,48.089622],[15.116018,48.09247],[15.120618,48.093639],[15.124553,48.091801],[15.125462,48.088905],[15.128888,48.087569],[15.136661,48.078502],[15.138437,48.070976],[15.133596,48.061502],[15.13301,48.054025],[15.133131,48.048564],[15.136276,48.042234],[15.142228,48.040047],[15.144451,48.033636],[15.148108,48.032583],[15.153679,48.020457],[15.160645,48.014241],[15.163855,48.007913],[15.183356,48.009691],[15.187162,48.012174],[15.190993,48.018991],[15.195397,48.02259],[15.196137,48.025468],[15.202329,48.029246],[15.202511,48.033698],[15.198877,48.041734],[15.205628,48.050337],[15.212439,48.054523],[15.21577,48.058313],[15.241479,48.058137],[15.273401,48.063914],[15.285314,48.069108],[15.288259,48.068789],[15.29626,48.070697],[15.304086,48.069698],[15.3105,48.072806],[15.318986,48.074222],[15.324576,48.07177],[15.329909,48.073928],[15.33303,48.073524],[15.344187,48.078862],[15.363518,48.082198],[15.374617,48.085842],[15.388209,48.085814],[15.397546,48.089537],[15.409657,48.102553],[15.433327,48.111497],[15.463481,48.11827],[15.478829,48.125563],[15.49689,48.142383],[15.503539,48.145868],[15.528871,48.149457],[15.533663,48.148068],[15.535811,48.141829],[15.53462,48.125742],[15.537278,48.119157],[15.540414,48.117666],[15.54421,48.117259],[15.548877,48.118742],[15.550285,48.124314],[15.554957,48.130304],[15.578902,48.133504],[15.591495802741,48.1324065843611],[15.604625,48.131261],[15.607064,48.130467],[15.610453,48.124665],[15.617273,48.123518],[15.628993,48.128311],[15.635369,48.139747],[15.651069,48.149637],[15.659496,48.152778],[15.677126,48.15611],[15.711114,48.171716],[15.74387,48.177993],[15.773627,48.18098],[15.783904,48.18442],[15.823675,48.187329],[15.863278,48.194667],[15.881783,48.2012],[15.899286,48.203316],[15.913095,48.207981],[15.953498,48.228129],[15.962471,48.231312],[15.997338,48.236258],[16.005933,48.239445],[16.0091032631157,48.2422198269586],[16.015464,48.247786],[16.018445,48.248816],[16.038369,48.253047],[16.062058,48.252244],[16.074889,48.258645],[16.076125,48.262762],[16.104285,48.276933],[16.108197,48.285281],[16.117891,48.289283],[16.119746,48.294608],[16.122004,48.296355],[16.133329,48.29713],[16.182996,48.312352],[16.193899,48.317686],[16.216774,48.323345],[16.219991,48.325488],[16.225538,48.334454],[16.231399,48.339543],[16.24024,48.345952],[16.253794,48.35157],[16.263501,48.352539],[16.282274,48.350687],[16.322126,48.334408],[16.327306,48.33077],[16.339777,48.311751],[16.343583,48.29149],[16.347172,48.284772],[16.356583,48.277838],[16.357548,48.274781],[16.353689,48.271773],[16.342996,48.269438],[16.339879,48.267559],[16.328675,48.267131],[16.322308,48.264478],[16.317905,48.26083],[16.322306,48.256352],[16.320714,48.254368],[16.316531,48.254718],[16.309317,48.253047],[16.307016,48.250904],[16.298307,48.250952],[16.296892,48.249024],[16.298004,48.245388],[16.303627,48.242408],[16.296837,48.237314],[16.295096,48.23399],[16.290868,48.232376],[16.2977,48.227859],[16.279356,48.21667],[16.276181,48.216173],[16.258001,48.218442],[16.254998,48.219815],[16.250461,48.219453],[16.244581,48.224356],[16.239963,48.220988],[16.245606,48.215773],[16.242955,48.214731],[16.238235,48.216964],[16.232391,48.213816],[16.231319,48.210957],[16.2314971875385,48.210285330054],[16.23277,48.205487],[16.237111,48.200284],[16.246667,48.199377],[16.253264,48.197047],[16.255544,48.193019],[16.255123,48.179663],[16.258661,48.171014],[16.259441,48.160671],[16.251898,48.140554],[16.247071,48.136728],[16.248275,48.135186],[16.255778,48.133671],[16.25786,48.124824],[16.262805,48.121867],[16.263768,48.119066],[16.267405,48.116364],[16.264129,48.113867],[16.264355,48.11152],[16.273257,48.106706],[16.277431,48.101122],[16.281016,48.083714],[16.284029,48.079576],[16.284685,48.07552],[16.308161,48.066515],[16.310376,48.061344],[16.306287,48.052019],[16.276459,48.021541],[16.270151,48.019072],[16.256436,48.016644],[16.229554,48.009287],[16.227123,48.009407],[16.222847,48.01196],[16.218119,48.009883],[16.21051,47.998642],[16.210637,47.976193],[16.209227,47.969678],[16.206575,47.967519],[16.19562,47.963595],[16.183708,47.962782],[16.175169,47.964934],[16.171054,47.964291],[16.16638,47.951981],[16.169457,47.948992],[16.178501,47.94562],[16.183999,47.944874],[16.190819,47.940914],[16.190732,47.934647],[16.180318,47.923056],[16.17655,47.910942],[16.189113,47.902729],[16.200307,47.890524],[16.200746,47.887253],[16.191578,47.869959],[16.186456,47.869016],[16.179222,47.87053],[16.170414,47.866082],[16.171752,47.86379],[16.178302,47.860302],[16.183093,47.853673],[16.180593,47.838985],[16.181302,47.831324],[16.178477,47.828245],[16.162503,47.82182],[16.152218,47.821585],[16.135473,47.8191],[16.111375,47.808902],[16.10224,47.8013],[16.089164,47.798379],[16.079752,47.79928],[16.07618,47.798024],[16.071153,47.790843],[16.070804,47.784768],[16.0782,47.778685],[16.08223,47.778836],[16.091171,47.782007],[16.102923,47.77985],[16.104035,47.77652],[16.099878,47.763883],[16.082674,47.736671],[16.077836,47.732558],[16.07787,47.730356],[16.083078,47.725349],[16.068662,47.725812],[16.068660961607467,47.72581191654496],[16.087384,47.724187],[16.09376,47.721099],[16.102544,47.711553],[16.107123,47.710885],[16.131869,47.711215],[16.146602,47.708724],[16.163724,47.708261],[16.179711,47.709421],[16.185421,47.715273],[16.18542,47.721062],[16.199193,47.722886],[16.20527,47.721218],[16.20876,47.721611],[16.213675,47.726998],[16.220784,47.728805],[16.229582,47.736398],[16.241079,47.741879],[16.25082,47.748318],[16.262877,47.757995],[16.27564,47.7808],[16.284314,47.788846],[16.296014,47.792357],[16.304016,47.79622],[16.311054,47.803333],[16.315689,47.804644],[16.342444,47.818696],[16.352284,47.817761],[16.360283,47.81243],[16.366007,47.801877],[16.37944,47.789698],[16.378761,47.780642],[16.370835,47.758492],[16.372815,47.731758],[16.375358,47.726759],[16.38227,47.720037],[16.387768,47.71205],[16.393248,47.709865],[16.405608,47.710976],[16.410029,47.710115],[16.412635,47.706919],[16.41571,47.70562],[16.42209,47.705296],[16.425734,47.706622],[16.42664,47.710791],[16.432402,47.713798],[16.438029,47.711453],[16.441567,47.707678],[16.449171,47.707371],[16.480159,47.697158],[16.484858,47.693805],[16.486364,47.683324],[16.488429,47.682008],[16.504102,47.683755],[16.510578,47.687644],[16.514644,47.688539],[16.526855,47.68673],[16.536514,47.682637],[16.541438,47.678453],[16.559216,47.675513],[16.563501,47.673764],[16.578392,47.671884],[16.589923,47.666774],[16.584234,47.655146],[16.583034,47.647762],[16.58516,47.64146],[16.582966,47.632454],[16.574143,47.618008],[16.562206,47.612974],[16.549333,47.604916],[16.510691,47.597663],[16.50703,47.595645],[16.505721,47.592345],[16.49709,47.589457],[16.477766,47.589889],[16.473069,47.592196],[16.46547,47.598826],[16.453808,47.602676],[16.445054,47.61233],[16.439074,47.62351],[16.436893,47.624933],[16.418843,47.624999],[16.395517,47.622176],[16.387673,47.61993],[16.375152,47.611968],[16.380147,47.605508],[16.387717,47.600964],[16.39235,47.59604],[16.412965,47.583897],[16.414453,47.576638],[16.412483,47.567068],[16.417227,47.553161],[16.416992,47.549666],[16.412028,47.536256],[16.4109976536343,47.5347574345246],[16.406019,47.527515],[16.396933,47.521905],[16.373234,47.511269],[16.364438,47.505979],[16.353077,47.49366],[16.351984,47.479819],[16.346802,47.4792],[16.341134,47.475675],[16.334553,47.47422],[16.329847,47.469947],[16.332048,47.464817],[16.335697,47.461707],[16.336154,47.45706],[16.340165,47.45288],[16.340022,47.445495],[16.34541,47.436118],[16.349068,47.433782],[16.351637,47.428212],[16.359611,47.420024],[16.365356,47.416374],[16.370194,47.411166],[16.373917,47.409626],[16.380291,47.40955],[16.388557,47.411202],[16.395697,47.414547],[16.402416,47.414458],[16.410097,47.413149],[16.421807,47.40689],[16.426912,47.409793],[16.436465,47.409372],[16.45759,47.413637],[16.476247,47.411221],[16.485605,47.412906],[16.490801,47.41246],[16.51184,47.406669],[16.521682,47.406043],[16.532366,47.40229],[16.536375,47.399104],[16.538079,47.389354],[16.543229,47.379118],[16.542401,47.373632],[16.531055,47.359061],[16.524589,47.345884],[16.515964,47.335726],[16.504953,47.331037],[16.498947,47.330161],[16.48923,47.325168],[16.471703,47.312898],[16.436508,47.302295],[16.419923,47.295639],[16.403973,47.293463],[16.377624,47.293635],[16.366084,47.297317],[16.359414,47.297464],[16.356574,47.300793],[16.367105,47.308675],[16.36413,47.309857],[16.354017,47.309961],[16.345239,47.305738],[16.342196,47.306874],[16.337257,47.304304],[16.331638,47.303892],[16.311688,47.30527],[16.30907,47.307434],[16.294657,47.310852],[16.269994,47.300816],[16.254965,47.296117],[16.245623,47.294456],[16.221295,47.300148],[16.216034,47.299426],[16.20396,47.294984],[16.187839,47.297467],[16.168429,47.304512],[16.16463,47.307208],[16.15984,47.317366],[16.150093,47.325632],[16.146285,47.331839],[16.141479,47.334384],[16.141172,47.337579],[16.130224,47.348315],[16.126826,47.355548],[16.126648,47.360601],[16.124605,47.362035],[16.121109,47.361974],[16.119542,47.364042],[16.119448,47.370115],[16.117357,47.372712],[16.11926,47.376874],[16.117855,47.382926],[16.109317,47.386175],[16.108739,47.391878],[16.105466,47.394134],[16.105598,47.396373],[16.101712,47.4003],[16.097764,47.410476],[16.101187,47.415679],[16.096065,47.417729],[16.091271,47.423145],[16.085298,47.426943],[16.083956,47.429665],[16.081103,47.429051],[16.079991,47.430906],[16.07079,47.431251],[16.05809,47.428775],[16.051149,47.431028],[16.038935,47.425283],[16.017713,47.424224],[16.00584,47.425112],[15.983785,47.43038],[15.962644,47.437177],[15.948622,47.445342],[15.942203,47.447694],[15.917809,47.448727],[15.915592,47.44701],[15.917903,47.436815],[15.93385,47.434072],[15.952152,47.420547],[15.964522,47.408702],[15.968939,47.406818],[15.97245,47.40708],[15.975344,47.403141],[15.987719,47.399936],[15.990788,47.390701],[15.996401,47.387845],[16.001515,47.381616],[16.003867,47.372033],[15.992066,47.359502],[15.980935,47.358433],[15.979362,47.351851],[15.966077,47.336788],[15.965367,47.327884],[15.966935,47.324646],[15.96396,47.316631],[15.965747,47.311915],[15.964879,47.310603],[15.970091,47.306964],[15.973007,47.301534],[15.978408,47.296082],[15.978961,47.292701],[15.975283,47.285822],[15.960605,47.279943],[15.945359,47.277128],[15.942697,47.269304],[15.937892,47.266051],[15.912536,47.26703],[15.906155,47.268605],[15.901356,47.267854],[15.893547,47.273564],[15.88682,47.27142],[15.885677,47.266002],[15.893122,47.256833],[15.892176,47.245354],[15.897059,47.242087],[15.899367,47.233542],[15.902269,47.230743],[15.901614,47.225781],[15.903714,47.222414],[15.899846,47.217883],[15.897119,47.21686],[15.87551,47.220816],[15.870867,47.220041],[15.863531,47.221954],[15.857599,47.221728],[15.852699,47.223596],[15.841767,47.231816],[15.835133,47.235055],[15.821611,47.234595],[15.808778,47.23806],[15.790545,47.238994],[15.785714,47.243883],[15.78205,47.242623],[15.776258,47.244225],[15.773043,47.242822],[15.769024,47.244154],[15.764569,47.244074],[15.758211,47.24067],[15.754371,47.242036],[15.7453,47.242993],[15.740056,47.242357],[15.732782,47.24402],[15.726275,47.247271],[15.72308,47.254355],[15.708385,47.264832],[15.701443,47.26423],[15.700176,47.261751],[15.702026,47.256389],[15.699117,47.254556],[15.693603,47.245942],[15.688718,47.244041],[15.691254,47.237229],[15.68521,47.2368],[15.683011,47.232437],[15.675868,47.226895],[15.670559,47.224982],[15.648053,47.223367],[15.635369,47.220946],[15.626124,47.225224],[15.619593,47.222249],[15.613249,47.223392],[15.602543,47.221443],[15.592189,47.213723],[15.588464,47.205263],[15.580662,47.203042],[15.579635,47.194315],[15.573356,47.188965],[15.565123,47.187451],[15.557343,47.183905],[15.546336,47.186151],[15.534111,47.183438],[15.533698,47.179266],[15.527469,47.170415],[15.522424,47.166789],[15.521167,47.162047],[15.509769,47.151512],[15.497823,47.143974],[15.475189,47.13885],[15.469811,47.136219],[15.461088,47.135659],[15.452282,47.132652],[15.43931,47.121586],[15.428523,47.115691],[15.423142,47.113737],[15.416079,47.114527],[15.407605,47.112863],[15.403739,47.111317],[15.401112,47.106604],[15.397005,47.107234],[15.394409,47.106053],[15.393363,47.100764],[15.395581,47.092247],[15.402222,47.086911],[15.402234,47.08191],[15.400953,47.080411],[15.391968,47.080185],[15.384145,47.063297],[15.386278,47.053256],[15.388698,47.051873],[15.384554,47.043329],[15.391261,47.036542],[15.393466,47.03329],[15.393124,47.029016],[15.39904,47.02273],[15.398449,47.014087],[15.394813,47.008094],[15.391621,47.006545],[15.374863,47.004924],[15.361174,47.008599],[15.355879,47.015912],[15.347892,47.039914],[15.338444,47.044982],[15.331903,47.051422],[15.329348,47.055664],[15.330569,47.06082],[15.324353,47.06768],[15.311453,47.073234],[15.310111,47.076884],[15.302254,47.081211],[15.297422,47.085723],[15.292007,47.093767],[15.29201,47.099095],[15.289963,47.102524],[15.287494,47.103232],[15.280273,47.102342],[15.253128,47.112928],[15.242798,47.107634],[15.22672,47.112387],[15.222976,47.111353],[15.205471,47.111383],[15.196566,47.10942],[15.183173,47.112418],[15.168592,47.108361],[15.159645,47.111143],[15.152337,47.109423],[15.14558,47.111033],[15.138795,47.115022],[15.133579,47.114463],[15.122565,47.109632],[15.120412,47.106821],[15.119175,47.097576],[15.123157,47.094428],[15.127726,47.08522],[15.121792,47.078493],[15.118561,47.069037],[15.108096,47.070399],[15.102427,47.07236],[15.100024,47.07241],[15.092952,47.06928],[15.081981,47.070322],[15.077531,47.06832],[15.073353,47.068668],[15.071648,47.06349],[15.063714,47.064526],[15.051194,47.063217],[15.04663,47.060271],[15.036034,47.059158],[15.039229,47.053376],[15.037905,47.051447],[15.046843,47.045494],[15.057004,47.043266],[15.066884,47.034098],[15.073309,47.034529],[15.079252,47.036522],[15.085338,47.034719],[15.08957,47.032852],[15.08994,47.030016],[15.093838,47.025812],[15.096137,47.025868],[15.104526,47.032568],[15.110938,47.033122],[15.113461,47.028691],[15.123299,47.029124],[15.128212,47.030953],[15.13046,47.030548],[15.129821,47.029688],[15.134563,47.026198],[15.143498,47.026071],[15.146454,47.027149],[15.150253,47.02541],[15.153969,47.025791],[15.155716,47.024787],[15.158362,47.026066],[15.159458,47.023519],[15.163278,47.022825],[15.163448,47.018352],[15.156114,47.018596],[15.154357,47.014558],[15.14804,47.013394],[15.145996,47.010487],[15.141284,47.009572],[15.139801,47.008093],[15.14225,47.002573],[15.141972,46.991689],[15.149075,46.976149],[15.154304,46.972601],[15.16263,46.970441],[15.167708,46.969506],[15.182028,46.970605],[15.193401,46.969828],[15.197038,46.968615],[15.198222,46.966505],[15.189237,46.945189],[15.188975,46.930765],[15.19962,46.924156],[15.209318,46.922002],[15.211663,46.918976],[15.21115,46.917897],[15.204439,46.916685],[15.19489,46.911858],[15.178399,46.909176],[15.176325,46.907439],[15.181719,46.901798],[15.200137,46.896778],[15.204088,46.894768],[15.205484,46.89233],[15.204021,46.889473],[15.200437,46.887231],[15.185756,46.886117],[15.179148,46.879325],[15.177734,46.874342],[15.179477,46.870275],[15.185775,46.865591],[15.190054,46.858363],[15.198833,46.853182],[15.215726,46.83856],[15.228026,46.825594],[15.221134,46.823839],[15.207838,46.81303],[15.205625,46.810824],[15.205461,46.807079],[15.209494,46.804473],[15.21488,46.803729],[15.217334,46.800933],[15.232464,46.795795],[15.235498,46.792811],[15.235788,46.788848],[15.235602,46.778424],[15.23396,46.775377],[15.221558,46.77301],[15.217809,46.770419],[15.211544,46.768806],[15.206678,46.762118],[15.203122,46.761494],[15.202806,46.756187],[15.207702,46.753164],[15.219137,46.75278],[15.226676,46.750189],[15.229285,46.746903],[15.232043,46.738258],[15.229127,46.728751],[15.238516,46.72201],[15.24889,46.722851],[15.254294,46.717147],[15.248155,46.704549],[15.243164,46.70028],[15.246062,46.693459],[15.245189,46.688993],[15.238105,46.688603],[15.238232,46.686499],[15.235728,46.686011],[15.235605,46.684376],[15.231409,46.684726],[15.225625,46.680261],[15.22449,46.676659],[15.21441,46.663282],[15.215168,46.659169],[15.225424,46.657165],[15.231513,46.658016],[15.255244,46.665752],[15.271562,46.662659],[15.280423,46.667286],[15.287344,46.664555],[15.308555,46.662055],[15.313786,46.65906],[15.317365,46.65865],[15.317743,46.670898],[15.32056,46.677651],[15.329403,46.683677],[15.334219,46.688741],[15.337912,46.689775],[15.343639,46.687388],[15.346249,46.687964],[15.348803,46.686983],[15.359343,46.689354],[15.359558,46.693109],[15.363206,46.695297],[15.370854,46.695437],[15.374548,46.694297],[15.390028,46.695783],[15.391269,46.690379],[15.399011,46.679542],[15.403817,46.675837],[15.411385,46.674659],[15.417794,46.669678],[15.429313,46.670476],[15.474237,46.663698],[15.478295,46.659958],[15.484284,46.657436],[15.491435,46.648005],[15.500135,46.644519],[15.519214,46.64918],[15.521887,46.650924],[15.541265,46.649993],[15.549988,46.648066],[15.554594,46.645109],[15.564335,46.646597],[15.597087,46.637825],[15.618036,46.636292],[15.63164,46.626408],[15.636048,46.61966],[15.642604,46.616574],[15.641093,46.610683],[15.645261,46.604428],[15.647662,46.602899],[15.655869,46.601723],[15.666871,46.593443],[15.667122,46.588716],[15.669692,46.583977],[15.66815,46.582315],[15.660499,46.579771],[15.65825,46.576825],[15.658751,46.56824],[15.657327,46.566646],[15.645677,46.566349],[15.631993,46.569105],[15.624987,46.569386],[15.618001,46.56434],[15.617998922200822,46.564340464908526],[15.614365,46.562528],[15.613442,46.560485],[15.611205,46.548395],[15.611571,46.536376],[15.619295,46.531418],[15.62377,46.532108],[15.630569,46.530441],[15.634751,46.527002],[15.634342,46.52115],[15.62908,46.51048],[15.625865,46.498141],[15.62658,46.486946],[15.63085,46.48081],[15.638665,46.47749],[15.64755,46.475467],[15.649322,46.472715],[15.655775,46.468462],[15.647896,46.460436],[15.64119,46.457636],[15.636834,46.452261],[15.632221,46.452007],[15.630434,46.450322],[15.630142,46.447281],[15.634017,46.44264],[15.631945,46.437776],[15.634333,46.436854],[15.630774,46.433229],[15.628105,46.432106],[15.624534,46.433238],[15.616105,46.429224],[15.610296,46.428703],[15.604527,46.424772],[15.598828,46.416613],[15.594782,46.414296],[15.583823,46.412447],[15.576222,46.412633],[15.536767,46.399085],[15.526375,46.396999],[15.522498,46.394715],[15.5066814843678,46.3950557008124],[15.503312,46.395128],[15.493174,46.39356],[15.4880091436428,46.3918123589427],[15.48292,46.39009],[15.459567,46.389252],[15.452486,46.387469],[15.444633,46.389419],[15.428299,46.382391],[15.402955,46.383746],[15.396499,46.385945],[15.383416,46.383153],[15.377664,46.385105],[15.373653,46.389039],[15.371604,46.38932],[15.364811,46.386988],[15.357761,46.386733],[15.346368,46.384138],[15.330021,46.387913],[15.321762,46.388499],[15.314354,46.387086],[15.326398,46.382076],[15.33949,46.373459],[15.345907,46.371113],[15.348167,46.368618],[15.36699,46.362685],[15.370042,46.359904],[15.372934,46.353725],[15.38184,46.348308],[15.406558,46.340672],[15.414811,46.334748],[15.420287,46.333075],[15.423838,46.329873],[15.437697,46.327869],[15.453029,46.319241],[15.4630626123536,46.3164208151781],[15.46372,46.316236],[15.470117,46.312132],[15.474171,46.312448],[15.489872,46.305201],[15.491816,46.303508],[15.492229,46.298671],[15.481664,46.296433],[15.468938,46.300658],[15.458233,46.301241],[15.4552871136808,46.3023778365013],[15.451731,46.30375],[15.434351,46.304977],[15.428076,46.303262],[15.414988,46.309227],[15.395772,46.309756],[15.388016,46.312429],[15.376976,46.314017],[15.367017,46.31966],[15.338466,46.328093],[15.330165,46.333455],[15.303652,46.343994],[15.286613,46.343075],[15.277091,46.340178],[15.261168,46.340505],[15.255045,46.338991],[15.246458,46.339692],[15.230951,46.337363],[15.218791,46.333691],[15.213071,46.335402],[15.206575,46.334083],[15.198552,46.337562],[15.175314,46.340645],[15.162698,46.345508],[15.155214,46.349992],[15.149482,46.358884],[15.132157,46.368178],[15.131266,46.369166],[15.135206,46.371551],[15.135362,46.37365],[15.12823,46.380734],[15.100453,46.395949],[15.090799,46.399502],[15.088714,46.416313],[15.090191,46.422284],[15.079764,46.428279],[15.063444,46.433894],[15.038359,46.436608],[15.02875,46.439954],[15.02175,46.439226],[15.015677,46.440225],[15.005041,46.43884],[14.997578,46.435844],[14.995567,46.426382],[14.974604,46.414216],[14.973214,46.408537],[14.974369,46.406259],[14.985018,46.399986],[14.990603,46.393721],[14.995092,46.391484],[15.019871,46.386156],[15.028803,46.381112],[15.024825,46.379912],[15.025173,46.377084],[15.024412,46.376474],[15.023125,46.377673],[15.021889,46.376017],[15.022914,46.371528],[15.017962,46.370618],[15.01762,46.367548],[15.01404,46.364386],[15.021204,46.360071],[15.021804,46.357126],[15.019666,46.351932],[15.008576,46.344911],[14.992561,46.33753],[14.992537,46.332148],[14.995634,46.330106],[14.999094,46.330551],[15.006258,46.326063],[15.010542,46.318214],[15.016334,46.313983],[15.019742,46.298572],[15.018097,46.28827],[15.01306,46.278188],[15.009223,46.273924],[15.004963,46.263004],[14.998589,46.259679],[14.979384,46.255839],[14.960421,46.247779],[14.958865,46.246013],[14.961758,46.243533],[14.961619122867884,46.243488347998685],[14.96858,46.242589],[14.982463,46.243168],[14.990865,46.241579],[15.011316,46.240631],[15.02694,46.243217],[15.033502,46.242062],[15.062657,46.241937],[15.080307,46.237813],[15.102613,46.240023],[15.115875,46.239766],[15.149695,46.235634],[15.158935,46.238411],[15.175441,46.235374],[15.186072,46.235543],[15.208607,46.233223],[15.226701,46.233236],[15.234872,46.232014],[15.245838,46.233658],[15.265978,46.225829],[15.270228,46.231528],[15.273194,46.232625],[15.293213,46.231782],[15.295837,46.230667],[15.296784,46.226641],[15.300308,46.223327],[15.305771,46.222789],[15.307838,46.224152],[15.346436,46.218238],[15.362265,46.213729],[15.380548,46.210608],[15.391578,46.206728],[15.4032160988699,46.208135152791],[15.411053,46.209082],[15.414518,46.206238],[15.417817,46.200058],[15.414677,46.198473],[15.411225,46.193001],[15.411,46.188321],[15.415799,46.185381],[15.433545,46.181904],[15.438693,46.176602],[15.44046,46.16719],[15.448931,46.168498],[15.455422,46.166152],[15.463791,46.165019],[15.471142,46.167424],[15.482844,46.16787],[15.486904,46.165871],[15.492002,46.166824],[15.499087,46.163161],[15.512339,46.159037],[15.521625,46.162024],[15.523329,46.164813],[15.534282,46.169091],[15.539766,46.173523],[15.548327,46.173974],[15.564356,46.176958],[15.58632,46.182331],[15.597157,46.177744],[15.600895,46.173648],[15.603716,46.167096],[15.601333,46.161341],[15.608235,46.158563],[15.608091,46.156054],[15.60564,46.153346],[15.581405,46.145566],[15.567486,46.144818],[15.556685,46.140446],[15.542565,46.140767],[15.539552,46.13648],[15.532515,46.138321],[15.527368,46.14139],[15.518314,46.140759],[15.514983,46.136607],[15.502627,46.136891],[15.474426,46.133462],[15.471094,46.13078],[15.468873,46.121756],[15.476246,46.111092],[15.478911,46.109519],[15.489142,46.107516],[15.505327,46.110482],[15.511191,46.103843],[15.521161,46.100808],[15.522953,46.096603],[15.527677,46.095656],[15.530906,46.093365],[15.545088,46.079365],[15.552485,46.075289],[15.5598580823165,46.0683003807633],[15.56008,46.06809],[15.568915,46.063069],[15.569256,46.059028],[15.573506,46.057976],[15.575707,46.054824],[15.579747,46.054589],[15.583341,46.052199],[15.582144,46.04745],[15.590125,46.043345],[15.591257,46.037932],[15.5933,46.036883],[15.606018,46.036587],[15.611018,46.03865],[15.620201,46.038592],[15.629134,46.043598],[15.63863,46.045523],[15.652496,46.051026],[15.659315,46.051874],[15.6651450520239,46.0535997556594],[15.687198,46.060124],[15.700828,46.060795],[15.709776,46.058416],[15.71425,46.059902],[15.715579,46.057393],[15.723931,46.050641],[15.721966,46.048973],[15.714976,46.048495],[15.7115276328234,46.0470904488095],[15.706995,46.045244],[15.697172,46.044444],[15.694257,46.041907],[15.692162,46.036494],[15.684095,46.028873],[15.683912,46.025793],[15.676874,46.025735],[15.67213,46.023844],[15.666564,46.020036],[15.667219,46.017904],[15.663628,46.012628],[15.643337,46.002944],[15.614512,45.993561],[15.609459,45.995963],[15.603568,45.996477],[15.596345,45.994103],[15.589891,45.989873],[15.574925,45.985184],[15.567038,45.984339],[15.558274,45.979441],[15.548362,45.984311],[15.54688,45.989178],[15.541561,45.992458],[15.538158,45.996906],[15.536851,46.008162],[15.529323,46.011553],[15.535653,46.021772],[15.532932,46.024539],[15.527854,46.036911],[15.520799,46.038198],[15.512949,46.037272],[15.473674,46.027424],[15.463438,46.027772],[15.457445,46.029211],[15.437094,46.027261],[15.422197,46.027997],[15.403939,46.030676],[15.38866,46.0297],[15.375439,46.030602],[15.341795,46.028403],[15.326634,46.024906],[15.320298,46.024745],[15.305291,46.019431],[15.303291,46.017478],[15.302197,46.011498],[15.2927938690739,46.0071294920671],[15.279982,46.001175],[15.278558,45.998255],[15.256724,45.999211],[15.252545,45.995332],[15.251722,45.99198],[15.250374,45.991883],[15.249205,45.9947],[15.247786,45.994543],[15.248585,45.989702],[15.246368,45.987604],[15.245752,45.989861],[15.243935,45.990454],[15.238372,45.988433],[15.232011,45.989699],[15.227485,45.986156],[15.222627,45.989493],[15.215422,45.987855],[15.214192,45.985799],[15.215366,45.981792],[15.21979,45.977284],[15.21966,45.97462],[15.212409,45.969714],[15.210609,45.970409],[15.203945,45.969174],[15.197322,45.965306],[15.191558,45.966196],[15.18445,45.964352],[15.182852,45.964916],[15.182187,45.968388],[15.179683,45.964935],[15.17468,45.964888],[15.172178,45.966808],[15.167337,45.966535],[15.164674,45.96812],[15.160997,45.964502],[15.15488,45.963687],[15.152421,45.958561],[15.143169,45.95763],[15.136332,45.960497],[15.132847,45.960724],[15.128546,45.957778],[15.126191,45.953419],[15.111403,45.948033],[15.087231,45.951349],[15.080556,45.953597],[15.070274,45.952737],[15.067289,45.949745],[15.060328,45.948655],[15.055289,45.939924],[15.047764,45.93726],[15.040854,45.936753],[15.039587,45.93554],[15.040447,45.932365],[15.035175,45.924339],[15.029996,45.922458],[15.028796,45.916207],[15.022649,45.911152],[15.016617,45.909644],[14.998474,45.9165],[14.986991,45.917835],[14.974576,45.925647],[14.96463,45.929025],[14.95389,45.928299],[14.941969,45.933999],[14.906021,45.938635],[14.874119,45.944364],[14.836155,45.948676],[14.804752,45.939402],[14.785065,45.937673],[14.776619,45.94549],[14.772817,45.947196],[14.763891,45.948525],[14.754008,45.954199],[14.739739,45.959607],[14.727952,45.95992],[14.723099,45.961667],[14.712324,45.962434],[14.705601,45.966398],[14.691011,45.966478],[14.680966,45.970514],[14.672032,45.972292],[14.654999,45.968527],[14.638411,45.969496],[14.593971,45.982032],[14.584834,45.983818],[14.579931,45.982808],[14.56406,45.990825],[14.55461,46.000079],[14.552853,46.00406],[14.545721,46.007069],[14.541713,46.010526],[14.547762,46.017111],[14.544674,46.021155],[14.543376,46.026776],[14.541774,46.028023],[14.537858,46.027054],[14.538649,46.030166],[14.537306,46.030695],[14.53397,46.029301],[14.525678,46.034659],[14.526844,46.037097],[14.51911,46.037926],[14.515712,46.041143],[14.51674,46.043232],[14.528587,46.047883],[14.53665,46.04908],[14.542588,46.047953],[14.564387,46.039459],[14.579565,46.037657],[14.583455,46.037526],[14.603779,46.042603],[14.608391,46.045017],[14.614931,46.043793],[14.618145,46.044591],[14.618376,46.053746],[14.619627,46.057518],[14.621374,46.057953],[14.622156,46.063298],[14.623247,46.064904],[14.628993,46.066614],[14.633263,46.070938],[14.629531,46.07621],[14.623421,46.080677],[14.621825,46.084316],[14.62132,46.095084],[14.606403,46.116556],[14.606622,46.122812],[14.601426,46.136206],[14.600941,46.146844],[14.596897,46.156506],[14.598119,46.164204],[14.60536,46.177505],[14.605794,46.180943],[14.604474,46.184205],[14.593571,46.193294],[14.592301,46.199929],[14.603195,46.218717],[14.60938,46.225445],[14.60938071212194,46.22544511427767],[14.610992,46.230229],[14.603594,46.245426],[14.604355,46.254688],[14.601786,46.264681],[14.599503,46.266236],[14.586124,46.266464],[14.5821564220694,46.2654397229853],[14.567653,46.261694],[14.5215,46.25402],[14.517138,46.254853],[14.506628,46.260499],[14.480924,46.260385],[14.444948,46.268805],[14.439913,46.271962],[14.437042,46.275583],[14.437411,46.278513],[14.435189,46.282004],[14.430241,46.285145],[14.429648,46.288488],[14.431536,46.292886],[14.426084,46.303855],[14.408413,46.315661],[14.394104,46.317601],[14.358449,46.326569],[14.33503,46.329508],[14.312261,46.334237],[14.304098,46.338231],[14.297416,46.349842],[14.286875,46.350288],[14.284035,46.352395],[14.271266,46.35694],[14.258757,46.357391],[14.24672,46.359373],[14.220436,46.370135],[14.213012,46.37734],[14.197533,46.376333],[14.183627,46.378687],[14.180824,46.380156],[14.179125,46.385038],[14.170328,46.388495],[14.164169,46.393355],[14.143263,46.399498],[14.133232,46.40725],[14.129484,46.408009],[14.126674,46.407039],[14.126002,46.411608],[14.126212,46.406644],[14.1238,46.403303],[14.123142,46.397163],[14.117388,46.390729],[14.097259,46.387032],[14.091496,46.387862],[14.0839,46.386946],[14.069709,46.380499],[14.06838,46.37883],[14.084749,46.37197],[14.081872,46.367701],[14.084538,46.364738],[14.082188,46.362331],[14.084961,46.361542],[14.085715,46.358908],[14.089091,46.35841],[14.089898,46.356182],[14.087125,46.345074],[14.11122,46.346474],[14.119869,46.343555],[14.131992,46.34529],[14.139137,46.342322],[14.144805,46.342066],[14.145539,46.329195],[14.153601,46.32426],[14.161335,46.320646],[14.16543,46.321488],[14.167467,46.319786],[14.173377,46.320408],[14.175735,46.318614],[14.181426,46.318769],[14.18653,46.316555],[14.196272,46.316705],[14.1969,46.314776],[14.203635,46.311169],[14.207992,46.305427],[14.205782,46.302998],[14.207992,46.305426],[14.211147,46.305544],[14.217331,46.301745],[14.231563,46.297262],[14.239812,46.292127],[14.245259,46.291895],[14.248679,46.290072],[14.259863,46.288289],[14.265054,46.280959],[14.265525,46.27756],[14.270056,46.273227],[14.272264,46.262736],[14.274617,46.258633],[14.285761,46.260248],[14.292399,46.258674],[14.295374,46.256263],[14.30298,46.254637],[14.311242,46.257278],[14.31701,46.253247],[14.325869,46.249648],[14.333435,46.250732],[14.342246,46.24801],[14.347441,46.242838],[14.347757,46.239344],[14.346209,46.237201],[14.335072,46.235245],[14.3322963567374,46.2320179584111],[14.331715,46.231342],[14.330177,46.211023],[14.326435,46.205301],[14.31881,46.197843],[14.302424,46.188653],[14.286421,46.17007],[14.288662,46.168804],[14.300382,46.169112],[14.302026,46.167009],[14.309681,46.166313],[14.311579,46.164193],[14.32584,46.162214],[14.332601,46.162373],[14.344283,46.157854],[14.35451,46.157362],[14.359174,46.153355],[14.364906,46.155449],[14.371763,46.151431],[14.389538,46.14659],[14.391709,46.143242],[14.402466,46.142894],[14.415907,46.139211],[14.424228,46.131822],[14.433313,46.129033],[14.434942,46.125336],[14.433148,46.121765],[14.435294,46.1165],[14.433338,46.113888],[14.437398,46.107556],[14.445646,46.102123],[14.461531,46.098369],[14.468202,46.09362],[14.467822,46.089209],[14.466087,46.087688],[14.460325,46.086771],[14.455512,46.083763],[14.45038,46.084464],[14.445261,46.081653],[14.445341,46.073989],[14.450488,46.068563],[14.445143,46.064075],[14.447876,46.061456],[14.444362,46.058353],[14.444698,46.051253],[14.441079,46.049945],[14.436885,46.053323],[14.431368,46.05485],[14.428143,46.053498],[14.425388,46.049968],[14.426927,46.041413],[14.431081,46.038863],[14.429303,46.035732],[14.433388,46.031272],[14.431513,46.0258],[14.429858,46.024822],[14.421834,46.027385],[14.417918,46.024331],[14.408192,46.024715],[14.401562,46.022147],[14.391221,46.021283],[14.386188,46.018552],[14.383673,46.020372],[14.377886,46.020702],[14.374973,46.019422],[14.374954,46.01584],[14.376607,46.014107],[14.371706,46.011492],[14.368659,46.007445],[14.36102,46.009124],[14.35847,46.008675],[14.352369,46.007139],[14.348103,46.003831],[14.343619,46.003347],[14.339889,46.001509],[14.337468,46.002065],[14.337461,46.003967],[14.333712,46.003935],[14.326746,45.997375],[14.321122,45.997866],[14.29298,45.995481],[14.288222,45.992453],[14.2859,45.983799],[14.282527,45.981697],[14.279894,45.976933],[14.275249,45.97282],[14.271659,45.962936],[14.261124,45.955685],[14.256137,45.957477],[14.25252,45.955974],[14.245072,45.955692],[14.239069,45.957105],[14.218122,45.95214],[14.210323,45.951401],[14.20456,45.95354],[14.194575,45.955132],[14.182974,45.954729],[14.15938,45.962967],[14.150216,45.958214],[14.146606,45.958016],[14.124748,45.966324],[14.121111,45.965633],[14.111898,45.959326],[14.104095,45.959437],[14.089974,45.95666],[14.076178,45.958453],[14.066928,45.960919],[14.059286,45.967134],[14.054215,45.966508],[14.053251,45.9729],[14.04735,45.976492],[14.046854,45.978274],[14.044046,45.977303],[14.041402,45.97865],[14.03859,45.97836],[14.036404,45.979824],[14.034564,45.985924],[14.03196,45.986519],[14.033242,45.989279],[14.036643,45.991464],[14.033698,45.994024],[14.033846,45.999445],[14.0284121958407,46.0019635090916],[14.02804,46.002136],[14.029511,46.005099],[14.02785,46.015089],[14.030615,46.019494],[14.028729,46.026168],[14.02448,46.028672],[14.028149,46.032112],[14.022772,46.031715],[14.019826,46.033053],[14.023875,46.037877],[14.019927,46.042277],[14.020736,46.045763],[14.022687,46.047069],[14.022422,46.051654],[14.016383,46.055447],[14.018488,46.057156],[14.017804,46.058892],[14.000989,46.064522],[13.989248,46.071702],[13.984376,46.072703],[13.975918,46.080369],[13.970033,46.082983],[13.966915,46.08673],[13.96188,46.088791],[13.961039,46.093932],[13.954788,46.095751],[13.957434,46.097313],[13.955889,46.099441],[13.947723,46.101855],[13.938175,46.102396],[13.938087,46.106683],[13.934721,46.10936],[13.929019,46.113089],[13.923277,46.114545],[13.922269,46.117589],[13.917549,46.117631],[13.916302,46.12013],[13.917753,46.122687],[13.913923,46.126483],[13.916284,46.132986],[13.909991,46.136375],[13.907112,46.140423],[13.89888,46.144891],[13.89599,46.147585],[13.895396,46.1521],[13.889814,46.155163],[13.885818,46.160211],[13.882983,46.16145],[13.875367,46.163103],[13.870847,46.162599],[13.868606,46.161271],[13.869838,46.15672],[13.861072,46.152247],[13.851818,46.152152],[13.84497,46.155962],[13.839575,46.15557],[13.833713,46.157658],[13.819809,46.158748],[13.816367,46.157989],[13.814185,46.160139],[13.802116,46.160372],[13.796691,46.158992],[13.790524,46.161002],[13.786414,46.159],[13.781433,46.159486],[13.778876,46.158316],[13.773351,46.153553],[13.766947,46.144645],[13.762758,46.145007],[13.758294,46.148343],[13.740767,46.151831],[13.732037,46.142656],[13.725423,46.139101],[13.723855,46.136863],[13.720198,46.135703],[13.711928,46.126447],[13.705434,46.126294],[13.699732,46.123743],[13.696721,46.115897],[13.694299,46.114545],[13.688923,46.113999],[13.687918,46.111671],[13.681431,46.106942],[13.681687,46.105488],[13.674208,46.105707],[13.66904,46.103016],[13.6639634283108,46.1039588216191],[13.657052,46.105242],[13.649381,46.100158],[13.639912,46.098043],[13.638993,46.093753],[13.634738,46.09104],[13.632494,46.087014],[13.634668,46.081283],[13.629686,46.079174],[13.629747,46.068261],[13.624208,46.055693],[13.610688,46.054216],[13.601022,46.049333],[13.594406,46.04994],[13.58881,46.041561],[13.577454,46.038733],[13.562033,46.037181],[13.556196,46.033223],[13.55019,46.031389],[13.531427,46.030507],[13.525573,46.033471],[13.521392,46.039089],[13.514417,46.043129],[13.497519,46.047659],[13.496954,46.055192],[13.488322,46.056055],[13.482222,46.058183],[13.466611,46.069377],[13.476005,46.0768],[13.47535,46.085769],[13.479887,46.094105],[13.487773,46.095033],[13.479867,46.098625],[13.480391,46.100593],[13.47286,46.10408],[13.473487,46.108211],[13.475292,46.109387],[13.476624,46.108893],[13.478821,46.110947],[13.484354,46.110653],[13.486084,46.113],[13.49068,46.114028],[13.492686,46.116553],[13.490985,46.118511],[13.487338,46.11944],[13.480348,46.124167],[13.475291,46.124264],[13.470675,46.122114],[13.471631,46.118444],[13.467674,46.115601],[13.466653,46.112226],[13.463492,46.109865],[13.460878,46.10926],[13.450871,46.114023],[13.447175,46.113],[13.444475,46.110044],[13.445997,46.105509],[13.444459,46.103675],[13.439815,46.102829],[13.430602,46.107457],[13.429452,46.10241],[13.423096,46.101042],[13.416565,46.105588],[13.417487,46.107932],[13.414905,46.108055],[13.410923,46.110931],[13.409074,46.116992],[13.402877,46.121137],[13.385455,46.123054],[13.365399,46.131417],[13.342759,46.153933],[13.330342,46.159822],[13.325798,46.166155],[13.315329,46.175692],[13.304822,46.189893],[13.298985,46.194349],[13.291382,46.196803],[13.284425,46.201045],[13.263989,46.198841],[13.24124,46.194008],[13.2368,46.194163],[13.229827,46.200961],[13.22953,46.206834],[13.226166,46.214088],[13.199976,46.220371],[13.190163,46.225446],[13.184237,46.231651],[13.172316,46.23212],[13.15806,46.236696],[13.156276,46.239531],[13.156171,46.244069],[13.158339,46.247901],[13.157084,46.257647],[13.147916,46.265254],[13.1419,46.274241],[13.144181,46.28232],[13.141823,46.28786],[13.136897,46.292489],[13.133038,46.293998],[13.124494,46.29048],[13.121308,46.292093],[13.120002,46.300047],[13.121842,46.304867],[13.121125977334888,46.31887147265026],[13.120704,46.311225],[13.115661,46.31498],[13.110418,46.314615],[13.09521,46.288452],[13.081717,46.280573],[13.071488,46.280306],[13.059353,46.274339],[13.053807,46.267815],[13.046406,46.262698],[13.046649,46.257315],[13.038107,46.250661],[13.036979,46.244929],[13.029178,46.228358],[13.019994,46.219774],[12.998746,46.209916],[12.983165,46.205626],[12.968258,46.203057],[12.96391,46.198209],[12.957905,46.19816],[12.940095,46.205899],[12.933051,46.207618],[12.922583,46.207164],[12.896191,46.198559],[12.8858127254137,46.1987297636538],[12.878899,46.198843],[12.871957,46.197298],[12.827885,46.203063],[12.81708,46.207702],[12.809292,46.212853],[12.791374,46.216598],[12.788266,46.216243],[12.782361,46.210675],[12.775094,46.198248],[12.767319,46.189731],[12.745472,46.181413],[12.720044,46.178779],[12.709399,46.175802],[12.702847,46.169126],[12.695138,46.164018],[12.688099,46.162582],[12.66875,46.162466],[12.663614,46.161068],[12.653754,46.152996],[12.639221,46.14571],[12.630279,46.137262],[12.619736,46.122286],[12.603089,46.113028],[12.602819,46.109503],[12.593466,46.097811],[12.592327,46.091161],[12.584312,46.074283],[12.569996,46.062634],[12.550138,46.057854],[12.541667,46.047669],[12.539317,46.041507],[12.534445,46.037024],[12.523457,46.033114],[12.511588,46.026904],[12.504822,46.021339],[12.491407,46.018243],[12.480397,45.993091],[12.472251,45.980399],[12.466244,45.977613],[12.439737,45.970043],[12.425066,45.968874],[12.363795,45.976702],[12.311999,45.988311],[12.301265,45.985403],[12.291027,45.974678],[12.264691,45.956606],[12.236814,45.941884],[12.228461,45.939232],[12.202961,45.924685],[12.166233,45.914239],[12.143364,45.910201],[12.134359,45.909645],[12.123791,45.907087],[12.091771,45.895665],[12.084352,45.897122],[12.077944,45.901688],[12.075904,45.905846],[12.073303,45.906756],[12.059642,45.905742],[12.045997,45.900843],[12.007066,45.901858],[11.973393,45.89557],[11.95838,45.895907],[11.953813,45.896937],[11.952015,45.899373],[11.949565,45.899068],[11.943569,45.896456],[11.945397,45.889501],[11.948898,45.886068],[11.954915,45.884694],[11.959962,45.881602],[11.961905,45.87996],[11.960712,45.878899],[11.939837,45.876118],[11.932089,45.874056],[11.915909,45.866267],[11.911087,45.867223],[11.904895,45.866152],[11.902896,45.864372],[11.882747,45.858148],[11.873967,45.852363],[11.866906,45.850056],[11.855897,45.851074],[11.842799,45.847564],[11.821082,45.836733],[11.79741,45.821336],[11.760175,45.807427],[11.750756,45.79773],[11.745337,45.794465],[11.735256,45.795792],[11.732935,45.802647],[11.725253,45.804008],[11.722176,45.803199],[11.714226,45.805988],[11.710563,45.805323],[11.710007,45.800346],[11.712383,45.798264],[11.715631,45.790734],[11.720797,45.785799],[11.717131,45.778002],[11.697507,45.770087],[11.67307,45.754699],[11.661201,45.751533],[11.642414,45.741549],[11.630572,45.742891],[11.610308,45.748869],[11.593216,45.742777],[11.554254,45.745321],[11.529918,45.745158],[11.527501,45.746966],[11.519628,45.749183],[11.516915,45.752037],[11.510874,45.75386],[11.511385,45.759304],[11.504927,45.763828],[11.499247,45.764951],[11.491939,45.763072],[11.487199,45.764009],[11.484897,45.761315],[11.482882,45.761391],[11.464117,45.766262],[11.457822,45.770965],[11.455803,45.769419],[11.444287,45.768204],[11.440729,45.770963],[11.434328,45.769422],[11.431353,45.766068],[11.429378,45.761378],[11.430374,45.755378],[11.427797,45.750556],[11.412393,45.741988],[11.397322,45.73849],[11.373546,45.738264],[11.370644,45.736533],[11.372275,45.731779],[11.369149,45.727978],[11.365928,45.726817],[11.359366,45.729741],[11.345619,45.727057],[11.336068,45.729264],[11.328894,45.728179],[11.321718,45.723637],[11.31458,45.721398],[11.298529,45.722404],[11.297477,45.718036],[11.303343,45.717804],[11.307849,45.714794],[11.325926,45.709435],[11.335716,45.709616],[11.340317,45.704682],[11.337136,45.702048],[11.339709,45.698808],[11.34705,45.70012],[11.35346,45.699443],[11.362455,45.695136],[11.365119,45.692671],[11.365858,45.68616],[11.37324,45.681272],[11.383984,45.667835],[11.38661,45.656416],[11.384928,45.648185],[11.385843,45.64541],[11.399558,45.65217],[11.409609,45.652274],[11.415035,45.649386],[11.42175,45.64342],[11.42101,45.637712],[11.421356239401,45.6364674247699],[11.422271,45.633179],[11.41828,45.632582],[11.417485,45.63113],[11.420474,45.627791],[11.424815,45.62557],[11.431093,45.625965],[11.43525,45.62472],[11.437029,45.624738],[11.441697,45.628443],[11.445253,45.62746],[11.44911,45.615769],[11.458618,45.610061],[11.457945,45.607645],[11.461456,45.605176],[11.460442,45.602413],[11.462013,45.600562],[11.473015,45.597351],[11.475945,45.594971],[11.475625,45.59369],[11.467825,45.590287],[11.470321,45.588563],[11.468975,45.586715],[11.476517,45.585526],[11.481512,45.586722],[11.482594,45.585975],[11.477103,45.578964],[11.470454,45.582135],[11.465872,45.579502],[11.470278,45.576222],[11.468684,45.573804],[11.464217,45.573609],[11.464318,45.572746],[11.467779,45.570793],[11.477108,45.570766],[11.476866,45.56902],[11.472942,45.568161],[11.469696,45.564901],[11.46431,45.568326],[11.46187,45.564649],[11.466339,45.559773],[11.46366,45.5567],[11.464097,45.555354],[11.470002,45.553504],[11.473298,45.55524],[11.475507,45.554234],[11.484588,45.542965],[11.480863,45.540721],[11.470288,45.542296],[11.47506,45.538903],[11.471281,45.536106],[11.466138,45.536166],[11.463658,45.534491],[11.463449,45.532554],[11.453831,45.531281],[11.442331,45.533893],[11.436997,45.538454],[11.434629,45.544586],[11.43069,45.546316],[11.424365,45.55265],[11.422371,45.568394],[11.4144,45.584081],[11.395533,45.585628],[11.389252,45.590532],[11.386168,45.594942],[11.377819,45.599234],[11.366911,45.600132],[11.360188,45.599449],[11.360142,45.59527],[11.375992,45.572299],[11.375473,45.561838],[11.372851,45.55643],[11.365511,45.548542],[11.3591,45.544269],[11.347566,45.540262],[11.339847,45.535403],[11.336568,45.531831],[11.337234,45.526616],[11.33387,45.517341],[11.336204,45.513118],[11.343733,45.505599],[11.351383,45.50061],[11.355953,45.494142],[11.369685,45.481843],[11.372223,45.474313],[11.371508,45.471765],[11.369641,45.469517],[11.363622,45.466736],[11.34859,45.465322],[11.343256,45.463343],[11.3298,45.462775],[11.320336,45.465225],[11.309196,45.473623],[11.303552,45.475896],[11.297974,45.476968],[11.291025,45.476591],[11.284307,45.473454],[11.279507,45.473516],[11.276818,45.474452],[11.265468,45.484667],[11.257355,45.49504],[11.254835,45.495681],[11.249413,45.492815],[11.249582,45.490505],[11.252003,45.489031],[11.247619,45.482525],[11.249981,45.477946],[11.255818,45.473449],[11.257779,45.469178],[11.252025,45.463554],[11.248113,45.452517],[11.246563,45.451901],[11.246151,45.443311],[11.241425,45.439632],[11.226482,45.441813],[11.226085,45.445423],[11.222871,45.447044],[11.222308,45.45078],[11.219714,45.451662],[11.212238,45.461025],[11.201662,45.478092],[11.193467,45.481896],[11.19154,45.485406],[11.18363,45.486805],[11.179352,45.489621],[11.17976,45.495648],[11.175949,45.502387],[11.176143,45.505125],[11.172601,45.508428],[11.172073,45.510976],[11.168671,45.513009],[11.161579,45.513015],[11.157483,45.511097],[11.154645,45.498292],[11.148943,45.49509],[11.143412,45.493731],[11.13858,45.489862],[11.126488,45.4928],[11.125174,45.491685],[11.115536,45.493477],[11.097452,45.492689],[11.086843,45.496227],[11.085882,45.500099],[11.079978,45.50393],[11.079188,45.505896],[11.076075,45.506986],[11.063409,45.506739],[11.05912,45.504006],[11.056501,45.499678],[11.04719,45.500253],[11.041203,45.497234],[11.031804,45.498278],[11.022764,45.507283],[11.02331,45.519336],[11.02269,45.52248],[11.020393,45.523387],[11.015402,45.52219],[11.013521,45.5125],[11.006388,45.513778],[11.0045297626186,45.5127898076371],[10.996534,45.508537],[10.992301,45.509936],[10.984668,45.50956],[10.983177,45.512558],[10.97757,45.512159],[10.952837,45.515899],[10.946123,45.519007],[10.946401,45.523139],[10.941921,45.526899],[10.932738,45.52699],[10.925879,45.529982],[10.914785,45.528164],[10.899329,45.520859],[10.887688,45.520928],[10.875927,45.5238],[10.868872,45.52368],[10.861493,45.520538],[10.853604,45.51379],[10.840031,45.511361],[10.834841,45.511828],[10.825553,45.516351],[10.823866,45.519114],[10.823353,45.531873],[10.826239,45.542274],[10.826675,45.55138],[10.830521,45.556528],[10.824897,45.564909],[10.825541,45.567139],[10.824379,45.568352],[10.819951,45.567042],[10.818961,45.569476],[10.823042,45.580486],[10.823185618946729,45.580778056481215],[10.822774,45.58056],[10.823726,45.581877],[10.821178,45.582905],[10.820606,45.584799],[10.823282,45.592354],[10.828086,45.599362],[10.828076,45.604983],[10.831314,45.610861],[10.828865,45.612447],[10.816571,45.613668],[10.812255,45.611505],[10.781337,45.608311],[10.760748,45.600673],[10.74399,45.598491],[10.73547,45.594556],[10.727331,45.58605],[10.718095,45.581054],[10.704911,45.576889],[10.700193,45.577646],[10.697298,45.576798],[10.689413,45.578685],[10.684201,45.577125],[10.677884,45.572836],[10.671725,45.572649],[10.67159,45.575174],[10.6736,45.574872],[10.672298,45.578077],[10.674813,45.587088],[10.684975,45.599489],[10.685876,45.604881],[10.684376,45.608725],[10.687663,45.613853],[10.691592,45.614086],[10.703772,45.636402],[10.707876,45.64124],[10.720346,45.650813],[10.728071,45.663279],[10.740964,45.678689],[10.748073,45.684823],[10.7610403556892,45.7011722612062],[10.765283,45.706519],[10.77019,45.714734],[10.780798,45.723156],[10.781517,45.729996],[10.786698,45.73178],[10.795226,45.739385],[10.799856,45.746426],[10.797855,45.748788],[10.795174,45.747832],[10.795125,45.751664],[10.799425,45.75466],[10.803606,45.754961],[10.806764,45.757511],[10.807636,45.766403],[10.810757,45.767746],[10.813272,45.774877],[10.821813,45.789071],[10.832857,45.793393],[10.837467,45.798455],[10.837921,45.801094],[10.846163,45.806079],[10.847668,45.808682],[10.851579,45.809957],[10.85677,45.821752],[10.856555,45.827593],[10.860015,45.833927],[10.858318,45.835264],[10.858754,45.836878],[10.863325,45.8444],[10.8623,45.84566],[10.863625,45.848017],[10.861986,45.849029],[10.875723,45.860997],[10.876123,45.862835],[10.874745,45.865022],[10.876643,45.868269],[10.86672,45.872318],[10.865107,45.873644],[10.867471,45.874774],[10.864822,45.876745],[10.856942,45.876763],[10.849177,45.881132],[10.845189,45.881209],[10.845746,45.882728],[10.84284,45.882801],[10.842964,45.884801],[10.841111,45.883712],[10.839001,45.88462],[10.838032,45.879722],[10.83936,45.87766],[10.832685,45.861108],[10.834413,45.854635],[10.830146,45.845728],[10.826302,45.841613],[10.825546,45.833388],[10.822326,45.828234],[10.812397,45.823736],[10.8,45.82018],[10.793021,45.816266],[10.793795,45.80915],[10.788251,45.804712],[10.786669,45.800735],[10.783643,45.799912],[10.782482,45.795088],[10.777175,45.787613],[10.777138,45.781712],[10.770022,45.7772],[10.766223,45.771381],[10.749939,45.757784],[10.752202,45.754203],[10.747478,45.750563],[10.735163,45.735789],[10.720355,45.727973],[10.717761,45.727646],[10.716595,45.72602],[10.71364,45.725547],[10.697643,45.709779],[10.6931743629202,45.7075986539551],[10.687794,45.704973],[10.673947,45.694751],[10.669771,45.693334],[10.666864,45.68875],[10.660548,45.686607],[10.658091,45.682595],[10.654999,45.680619],[10.652466,45.674196],[10.653838,45.670717],[10.650742,45.667648],[10.644539,45.662107],[10.619448,45.646673],[10.619301,45.645402],[10.618678,45.64611],[10.62063,45.64254],[10.620477,45.638404],[10.618154,45.636882],[10.616228,45.63199],[10.606785,45.6306],[10.600842,45.632606],[10.599251,45.635428],[10.597241,45.635485],[10.588084,45.630489],[10.587876,45.626126],[10.57536,45.624955],[10.565191,45.619182],[10.557878,45.617034],[10.556736,45.613993],[10.552919,45.612753],[10.545313,45.612967],[10.53784,45.610111],[10.532508,45.606246],[10.489067,45.609185],[10.481158,45.610788],[10.46694,45.608097],[10.463686,45.605494],[10.444667,45.601951],[10.440474,45.59851],[10.440561,45.592907],[10.431411,45.588367],[10.437699,45.582547],[10.435541,45.579747],[10.432805,45.57969],[10.429026,45.57569],[10.424139,45.573048],[10.427168,45.569988],[10.435024,45.570704],[10.435749,45.567267],[10.424353,45.561496],[10.419341,45.559577],[10.416205,45.560246],[10.407879,45.556174],[10.401922,45.554719],[10.399545,45.556805],[10.395125,45.557079],[10.386406,45.553255],[10.379177,45.543812],[10.374531,45.542794],[10.357675,45.547182],[10.352341,45.545793],[10.340167,45.546089],[10.325818,45.543314],[10.321756,45.543744],[10.319337,45.546279],[10.309283,45.548162],[10.304547,45.545097],[10.298917,45.537653],[10.289679,45.530222],[10.285395,45.523766],[10.275889,45.521496],[10.276199,45.526809],[10.268757,45.524476],[10.265903,45.528022],[10.261178,45.530726],[10.260586,45.534146],[10.248785,45.535861],[10.2456210301933,45.5377449785757],[10.239643,45.541304],[10.23728,45.543989],[10.237094,45.547129],[10.249441,45.559643],[10.2540087241453,45.5609334209317],[10.269135,45.565205],[10.270821,45.567474],[10.278862,45.571206],[10.28034,45.573996],[10.285993,45.577915],[10.293088,45.578802],[10.2962,45.581841],[10.294157,45.589434],[10.285916,45.591252],[10.274999,45.586839],[10.272123,45.584499],[10.267135,45.584181],[10.263305083736,45.5866108805701],[10.256001,45.591244],[10.23703,45.595785],[10.229697,45.598823],[10.228288,45.602044],[10.229836,45.605229],[10.214535,45.608673],[10.196529,45.617431],[10.193675,45.61602],[10.194727,45.61479],[10.19275,45.606503],[10.193574,45.604602],[10.195987,45.603141],[10.205621,45.602034],[10.216043,45.599012],[10.218476,45.596375],[10.213823,45.593774],[10.216225,45.592863],[10.217363,45.590708],[10.215024,45.58936],[10.209367,45.589149],[10.207267,45.58325],[10.205696,45.582712],[10.194297,45.582878],[10.187349,45.58181],[10.180099,45.587171],[10.166572,45.584394],[10.164965,45.58501],[10.165477,45.58597],[10.171131,45.591115],[10.168759,45.592352],[10.159913,45.592279],[10.160821,45.594579],[10.165017,45.596709],[10.162668,45.599006],[10.157542,45.599663],[10.145698,45.597067],[10.133164,45.598266],[10.129493,45.597547],[10.122841,45.599129],[10.112155,45.597461],[10.110019,45.599215],[10.111895,45.603649],[10.119116,45.608782],[10.116958,45.614089],[10.12289,45.6193],[10.127251,45.626845],[10.128029,45.631109],[10.124857,45.633047],[10.123525,45.632632],[10.12244,45.627325],[10.12006,45.628079],[10.115687,45.632709],[10.114811,45.627874],[10.109078,45.6266],[10.105935,45.623499],[10.103092,45.624967],[10.101641,45.63219],[10.102003,45.636166],[10.104105,45.638187],[10.10018,45.640692],[10.096789,45.641352],[10.090549,45.636736],[10.083593,45.635244],[10.081155,45.633426],[10.072901,45.635471],[10.062797,45.632599],[10.056576,45.633144],[10.049568,45.635471],[10.034805,45.643207],[10.035185,45.64497],[10.051102,45.651161],[10.055388,45.654184],[10.057045,45.661353],[10.053755,45.663804],[10.065471,45.666196],[10.06882,45.668154],[10.068253,45.669374],[10.075305,45.670784],[10.075168,45.677823],[10.077336,45.680422],[10.083506,45.681152],[10.085126,45.678405],[10.089641,45.679931],[10.097739,45.686304],[10.099062,45.690842],[10.103184,45.692796],[10.1032,45.694947],[10.107947,45.700526],[10.107077,45.705114],[10.109508,45.708291],[10.109574,45.720154],[10.104117,45.725431],[10.096928,45.727421],[10.090607,45.733254],[10.09029,45.740475],[10.091475,45.741519],[10.088038,45.748186],[10.075385,45.758773],[10.0718209229308,45.7645021874161],[10.067713,45.771104],[10.072277,45.777722],[10.073375,45.784885],[10.079153,45.783684],[10.084125,45.78545],[10.092274,45.79053],[10.100541,45.793798],[10.103249,45.797892],[10.105323,45.798494],[10.105656,45.8054],[10.104392,45.804667],[10.103056,45.806544],[10.098805,45.80703],[10.096142386051351,45.81018154305901],[10.096142,45.81018],[10.092416,45.81255],[10.089842,45.819077],[10.08822,45.819314],[10.085612,45.823616],[10.080298,45.821192],[10.07926,45.81851],[10.072225,45.813471],[10.070656,45.809594],[10.069018,45.809914],[10.070911,45.80725],[10.075107,45.806471],[10.075313,45.804959],[10.06861,45.802094],[10.057269,45.801209],[10.058756,45.794482],[10.055996,45.792417],[10.052932,45.785731],[10.055144,45.782995],[10.051895,45.782046],[10.04897,45.782762],[10.050963,45.780031],[10.039973,45.774058],[10.035211,45.76886],[10.0355442718872,45.767716839647],[10.040323,45.75132],[10.049787,45.742632],[10.053214,45.733161],[10.049724,45.727482],[10.046644,45.712049],[10.048662,45.710826],[10.046877,45.708525],[10.047941,45.70587],[10.054819,45.695721],[10.056385,45.689312],[10.054576,45.686871],[10.0392,45.682488],[10.025433,45.681759],[10.018479,45.678796],[10.0151,45.680398],[9.988014,45.67645],[9.986247,45.67536],[9.981242,45.675803],[9.971825,45.672539],[9.964088,45.666588],[9.960365,45.665535],[9.959139,45.663985],[9.956573,45.665443],[9.954135,45.670948],[9.951694,45.672011],[9.943015,45.674271],[9.926762,45.673586],[9.921122,45.671347],[9.917957,45.668225],[9.909531,45.665976],[9.903882,45.664813],[9.890888,45.666613],[9.888391,45.665745],[9.884592,45.660637],[9.873134,45.660418],[9.855272,45.654337],[9.847041,45.655193],[9.841412,45.658391],[9.842674,45.672841],[9.844495,45.674467],[9.849435,45.674888],[9.85545,45.67803],[9.862792,45.678639],[9.866376,45.681947],[9.862964,45.686216],[9.852175,45.693593],[9.844175,45.696839],[9.837337,45.69604],[9.824735,45.700307],[9.812835,45.700673],[9.803613,45.704706],[9.78751,45.709266],[9.776931,45.70964],[9.769263,45.707871],[9.763574,45.708107],[9.754226,45.70888],[9.748912,45.712727],[9.743925,45.713257],[9.738402,45.711775],[9.736319,45.716175],[9.739139,45.722985],[9.74131,45.737095],[9.736432,45.738],[9.72766,45.735617],[9.718633,45.741164],[9.701747,45.722985],[9.700541,45.719779],[9.690663,45.714731],[9.683674,45.713815],[9.680201,45.714531],[9.657435,45.722153],[9.653377,45.724044],[9.649886,45.728262],[9.632655,45.729675],[9.621895,45.732606],[9.621371,45.736098],[9.626759,45.740037],[9.623103,45.743614],[9.628263,45.748311],[9.628338,45.75199],[9.626301,45.752913],[9.614649,45.75124],[9.597847,45.753648],[9.592327,45.752202],[9.58388,45.747764],[9.576588,45.738756],[9.567146,45.736554],[9.567062,45.732955],[9.563944,45.730229],[9.55207794676689,45.7272686954208],[9.545464,45.725618],[9.544111,45.724358],[9.54744928247455,45.7135165497464],[9.548437,45.710308],[9.54617888815109,45.7097408859532],[9.539348,45.708025],[9.533666,45.709688],[9.511774,45.710361],[9.502493,45.70765],[9.495062,45.710961],[9.487458,45.709364],[9.473416,45.713155],[9.46628,45.718583],[9.460458,45.720974],[9.458332,45.723303],[9.456035,45.731769],[9.46368,45.735982],[9.47574,45.737976],[9.480862,45.74137],[9.481038,45.764046],[9.478177,45.769506],[9.475522,45.771892],[9.452582,45.782436],[9.441449,45.796523],[9.42629,45.804698],[9.420593,45.814527],[9.41524092569435,45.8208536139605],[9.40572,45.832104],[9.403747,45.838259],[9.400921472571257,45.839434511547125],[9.401117,45.839084],[9.397964,45.838472],[9.398201,45.836926],[9.394529,45.8353],[9.396917,45.828825],[9.3959167600636,45.8224534697502],[9.395607,45.82048],[9.403639,45.81351],[9.402128,45.808404],[9.404619,45.806993],[9.406762,45.79788],[9.413573,45.789237],[9.414289,45.770866],[9.42299,45.755872],[9.425052,45.74895],[9.422383,45.741875],[9.411766,45.739258],[9.405563,45.738726],[9.396799,45.740714],[9.391813,45.739126],[9.387631,45.741999],[9.383837,45.741598],[9.373621,45.747593],[9.366506,45.745888],[9.362868,45.746719],[9.351832,45.754232],[9.350653,45.758539],[9.354346,45.76897],[9.367896,45.793795],[9.374085,45.801671],[9.378554,45.813211],[9.369694,45.817096],[9.35699634174629,45.8256655422648],[9.355601,45.826607],[9.352214,45.826868],[9.35045229332161,45.8262042836249],[9.346574,45.824743],[9.329579,45.824925],[9.304759,45.816375],[9.287722,45.813961],[9.272144,45.816847],[9.267085,45.819969],[9.26798,45.822677],[9.265986,45.827381],[9.273395,45.83233],[9.2734786039369,45.8325123560374],[9.274527,45.834799],[9.273141,45.835829],[9.26904798169611,45.8328738336021],[9.26366,45.828983],[9.256113,45.82117],[9.24841,45.822555],[9.249088,45.826215],[9.255531,45.832938],[9.25597756708547,45.8339391738652],[9.258365,45.839291],[9.268252,45.845395],[9.272925,45.845994],[9.282397,45.85077],[9.277578,45.855205],[9.271886,45.854692],[9.269001,45.855905],[9.261588,45.849329],[9.245107,45.841337],[9.245021,45.839043],[9.23621,45.83594],[9.2345865901043,45.8356794016213],[9.224502,45.83406],[9.222285,45.828934],[9.223399,45.824991],[9.220908,45.821324],[9.216283,45.818969],[9.21039,45.813425],[9.190587,45.804779],[9.178657,45.796998],[9.168721,45.79678],[9.154962,45.798687],[9.140354,45.797491],[9.133967,45.800426],[9.114535,45.80185],[9.099283,45.805981],[9.0908,45.814788],[9.085619,45.817323],[9.082723,45.817352],[9.083197,45.815265],[9.0829952,45.8151224],[9.083026,45.815185],[9.082979,45.815382],[9.082636,45.816198],[9.082128,45.815118],[9.082626,45.817396],[9.076559,45.823361],[9.091008,45.829402],[9.095266,45.834344],[9.099057,45.836222],[9.103043,45.840556],[9.10509966596039,45.8461260889665],[9.105439,45.847045],[9.113575,45.854425],[9.112677,45.858456],[9.119134,45.859392],[9.136052,45.857468],[9.139952,45.857925],[9.14851,45.863106],[9.149545,45.865368],[9.152561,45.865901],[9.155872,45.869649],[9.155089,45.87632],[9.156551,45.880672],[9.152247,45.900332],[9.154055,45.905541],[9.152712,45.908981],[9.154449,45.911309],[9.149588,45.929208],[9.152094,45.935096],[9.16062,45.939124],[9.169151,45.940888],[9.183152,45.946009],[9.201031,45.946723],[9.205919,45.949934],[9.210703,45.950581],[9.22074,45.957988],[9.222286,45.961604],[9.22665,45.962058],[9.234717,45.970421],[9.241447,45.972669],[9.246811,45.977123],[9.251858,45.977504],[9.253933,45.981046],[9.260361,45.985721],[9.260558,45.989235],[9.265548,45.991308],[9.267283,45.986708],[9.26621,45.983867],[9.263572,45.982698],[9.266232,45.974947],[9.269885,45.970452],[9.266264,45.961667],[9.275844,45.95412],[9.27921,45.943998],[9.28228,45.940717],[9.285707,45.925507],[9.293385,45.914929],[9.294673,45.910011],[9.296919,45.908962],[9.301632,45.90264],[9.310754,45.898391],[9.315272,45.891511],[9.324349,45.885176],[9.332019,45.884636],[9.346466,45.879964],[9.356818,45.874813],[9.365572,45.864701],[9.366232,45.85836],[9.366449,45.859099],[9.371736,45.85813],[9.374797,45.856105],[9.375408,45.852703],[9.380426,45.850288],[9.386992,45.84827],[9.387704,45.849642],[9.391740872356245,45.84847440150369],[9.387307,45.850041],[9.386506,45.852587],[9.388973,45.855032],[9.384,45.856932],[9.385087,45.858771],[9.38315,45.860396],[9.381803,45.865892],[9.378367,45.868099],[9.376571,45.875229],[9.360815,45.884675],[9.357769,45.889878],[9.352298,45.893346],[9.344988,45.895918],[9.333472,45.893777],[9.330423,45.897555],[9.331523,45.8995],[9.330413,45.903892],[9.325908,45.910691],[9.323973,45.911855],[9.319417,45.91145],[9.312988,45.9131],[9.310226,45.924791],[9.312348,45.929379],[9.310823,45.931403],[9.312793,45.935717],[9.31253,45.940238],[9.308651,45.944545],[9.301017,45.949492],[9.301783,45.964652],[9.300592,45.965896],[9.303316,45.967082],[9.295825,45.976831],[9.297113,45.98057],[9.292234,45.986506],[9.291301,46.00463],[9.286862,46.008663],[9.281532,46.010102],[9.283699,46.013179],[9.282516,46.015001],[9.287105,46.016987],[9.286651,46.022176],[9.283817,46.026224],[9.295853,46.033011],[9.302004,46.038087],[9.297877,46.042476],[9.305196,46.045737],[9.305147,46.047679],[9.310427,46.051325],[9.312816,46.05529],[9.312561,46.060642],[9.309519,46.067667],[9.30538,46.068129],[9.307072,46.068043],[9.306914,46.068972],[9.299554,46.071001],[9.297616,46.072949],[9.298389,46.076749],[9.310217,46.081376],[9.310014,46.090216],[9.315264,46.095053],[9.316599,46.100519],[9.319985,46.104051],[9.318608,46.109354],[9.311266,46.113809],[9.311545,46.117737],[9.314009,46.119954],[9.321785,46.121143],[9.334649,46.125649],[9.335739,46.124118],[9.334654,46.122496],[9.32341,46.115556],[9.327263,46.114258],[9.337629,46.117237],[9.345535,46.116615],[9.346407,46.123984],[9.341551,46.127809],[9.338901,46.12818],[9.339351,46.129669],[9.35073,46.135989],[9.35628,46.137019],[9.362845,46.135961],[9.370818,46.137375],[9.372798,46.142165],[9.377851,46.144783],[9.374945,46.151577],[9.38093,46.158881],[9.38035,46.162612],[9.377255,46.165891],[9.377713042570797,46.16703038089486],[9.377292,46.166614],[9.375084,46.168694],[9.367881,46.167849],[9.362738,46.169604],[9.358909,46.168901],[9.346737,46.163355],[9.338465,46.157242],[9.33918,46.15233],[9.337088,46.15018],[9.330855,46.148607],[9.324864,46.150578],[9.320527,46.148776],[9.306015,46.147084],[9.304872,46.14424],[9.306089,46.140887],[9.304249,46.137381],[9.29803,46.143015],[9.304012,46.137256],[9.300201,46.135418],[9.290958,46.134026],[9.290685,46.130472],[9.286226,46.127325],[9.286368,46.123959],[9.279326,46.122026],[9.280774,46.119058],[9.277054,46.114097],[9.278671,46.109932],[9.27762,46.099446],[9.280638,46.093582],[9.280033,46.088823],[9.277774,46.087774],[9.277055,46.081622],[9.279748,46.073781],[9.278199,46.072012],[9.278731,46.070125],[9.272712,46.067984],[9.26971,46.065322],[9.269082,46.06259],[9.260736,46.057437],[9.260738,46.052595],[9.255913,46.049082],[9.251042,46.039826],[9.244339,46.039486],[9.237491,46.034769],[9.237846,46.026801],[9.241762,46.024279],[9.242931,46.02174],[9.237144,46.018725],[9.23731,46.014549],[9.234263,46.005964],[9.23955,45.994631],[9.237683,45.990775],[9.235307,45.988021],[9.222381,45.981447],[9.215883,45.982488],[9.212701,45.9804],[9.207018,45.980466],[9.20014,45.976031],[9.199869,45.974209],[9.197179,45.973656],[9.195928,45.971839],[9.196601,45.970658],[9.201781,45.969355],[9.202434,45.964714],[9.190778,45.967596],[9.185109,45.966498],[9.174873,45.968742],[9.172866,45.966369],[9.169649,45.966023],[9.169159,45.964646],[9.159261,45.958887],[9.145231,45.953672],[9.129092,45.945422],[9.128394,45.931942],[9.131801,45.923371],[9.131596,45.907103],[9.137398,45.899108],[9.145086,45.892425],[9.142192,45.885206],[9.136684,45.877751],[9.124083,45.871061],[9.112189,45.866948],[9.10154,45.859656],[9.097263,45.85925],[9.094572,45.857529],[9.090285,45.852521],[9.08950256096029,45.8473742925048],[9.089297,45.846022],[9.080936,45.846311],[9.078674,45.843482],[9.07875,45.838776],[9.07585,45.835713],[9.076248,45.833552],[9.071976,45.831773],[9.068594,45.82587],[9.066915,45.821166],[9.067427,45.81663],[9.0674611,45.8163252],[9.067258,45.816729],[9.066882,45.817353],[9.060968,45.818578],[9.047767,45.826126],[9.024173,45.835027],[9.012301,45.843242],[8.985931,45.851441],[8.98197958609344,45.8559198816972],[8.980048,45.858109],[8.981265,45.863325],[8.988224,45.868469],[8.989503,45.872376],[8.981543,45.885509],[8.97447,45.891184],[8.97282,45.890806],[8.971457,45.887444],[8.972748,45.877121],[8.967484,45.871139],[8.957413,45.864139],[8.93807393237449,45.859379618887],[8.931119,45.857667],[8.918702,45.856581],[8.903535,45.856939],[8.894692,45.860384],[8.89075101623672,45.8630893256817],[8.89016,45.863495],[8.874303,45.864418],[8.87415451606203,45.8643856039817],[8.865775,45.862557],[8.8539,45.856255],[8.83985284399126,45.8519209019674],[8.839824,45.851912],[8.831062,45.846206],[8.816645,45.842696],[8.787899,45.839535],[8.74,45.840939],[8.729828,45.841755],[8.718454,45.844655],[8.691521,45.8598],[8.675818,45.874934],[8.67333783838221,45.8798753635916],[8.671452,45.883632],[8.669355,45.893346],[8.667695,45.894338],[8.656647,45.896116],[8.627469,45.90409],[8.623953,45.907485],[8.618491,45.90997],[8.616722,45.912737],[8.610749,45.914906],[8.616944,45.922149],[8.631946,45.926818],[8.642523,45.935894],[8.64878,45.939394],[8.65486,45.939578],[8.660634,45.942684],[8.660555,45.950746],[8.662283,45.953943],[8.675088,45.960737],[8.67954,45.961149],[8.682293,45.96428],[8.686887,45.964955],[8.694095,45.968348],[8.705045,45.975203],[8.710151,45.979234],[8.712012,45.983268],[8.711277,45.988932],[8.717931,45.990523],[8.72403,45.997244],[8.733542,45.997442],[8.734629,45.999672],[8.741464,46.002492],[8.74817,46.00947],[8.752203,46.017992],[8.750661,46.020136],[8.750997,46.025254],[8.748559,46.026151],[8.746527,46.033124],[8.741962,46.036524],[8.737371,46.036599],[8.731765,46.039638],[8.732136,46.044422],[8.733948,46.045874],[8.732148,46.046712],[8.731835,46.048786],[8.734039,46.052163],[8.729441,46.061212],[8.731823,46.068492],[8.720502,46.081913],[8.722279,46.085885],[8.735248,46.095162],[8.737634,46.102803],[8.751344,46.103181],[8.758537,46.104761],[8.768967,46.111589],[8.77349,46.116227],[8.78222,46.120974],[8.783319,46.123438],[8.786575,46.123492],[8.790605,46.126545],[8.79797,46.129164],[8.798861,46.131006],[8.80395,46.132945],[8.807551,46.135925],[8.819866,46.139338],[8.835133,46.141078],[8.840937,46.144721],[8.84714,46.145037],[8.853825,46.147118],[8.855836,46.149482],[8.859767,46.148814],[8.865583,46.150057],[8.862444538197847,46.15586495804766],[8.861944,46.155825],[8.861781,46.156823],[8.854886,46.157033],[8.854072,46.157794],[8.855691,46.157488],[8.855976,46.158374],[8.853956,46.160095],[8.861175,46.163952],[8.854982,46.161809],[8.853087,46.163609],[8.855296,46.162895],[8.857246,46.163774],[8.857636,46.164595],[8.855468,46.165117],[8.857733,46.165812],[8.859422,46.17088],[8.856497,46.166849],[8.852517,46.165173],[8.847241,46.170385],[8.848216,46.171013],[8.84676,46.170902],[8.841565,46.175478],[8.84037,46.178852],[8.833583,46.17995],[8.826619,46.175165],[8.823974,46.175171],[8.818847,46.172853],[8.801402,46.170745],[8.804789,46.163813],[8.804787,46.158646],[8.802217,46.158537],[8.804851,46.158384],[8.802681,46.155993],[8.803645,46.154591],[8.801522,46.155447],[8.800728,46.154622],[8.804327,46.154043],[8.804753,46.152493],[8.802847,46.150247],[8.796996,46.149582],[8.793999,46.148424],[8.794453,46.147457],[8.792311,46.147863],[8.791982,46.145711],[8.784791,46.145565],[8.779419,46.14713],[8.773147,46.149621],[8.77052,46.152852],[8.766813,46.154726],[8.763433,46.15287],[8.760206,46.154193],[8.75183,46.151198],[8.737212,46.148578],[8.731534,46.145844],[8.728792,46.141776],[8.720014,46.134884],[8.71506,46.123819],[8.713277,46.122602],[8.713802,46.12016],[8.709779,46.117908],[8.706934,46.112043],[8.70389,46.111133],[8.697779,46.104511],[8.697162,46.101294],[8.693784,46.098951],[8.69419,46.096358],[8.690796,46.091749],[8.691224,46.085999],[8.693221,46.082979],[8.693857,46.077443],[8.695383,46.076459],[8.692998,46.072387],[8.698191,46.070205],[8.695067,46.067893],[8.698854,46.069056],[8.700359,46.0681],[8.700873,46.059605],[8.704256,46.057606],[8.70673,46.053665],[8.704865,46.047685],[8.707389,46.038862],[8.711144,46.036052],[8.710605,46.030449],[8.700088,46.024696],[8.686574,46.022811],[8.682343,46.018914],[8.680028,46.018432],[8.676022,46.020648],[8.673394,46.018928],[8.670055,46.013579],[8.659615,46.005426],[8.65092,45.99132],[8.64431,45.988433],[8.640768,45.982678],[8.628422,45.971856],[8.620693,45.958512],[8.589534,45.939916],[8.581961,45.93913],[8.581127,45.937643],[8.573955,45.93475],[8.574631,45.933356],[8.572809,45.932145],[8.574357,45.93141],[8.566431,45.926767],[8.560797,45.915601],[8.556683,45.916983],[8.554378,45.92021],[8.54897,45.921457],[8.540004,45.930784],[8.515887,45.938098],[8.513458,45.939715],[8.505492,45.936808],[8.496672,45.938441],[8.493946,45.936336],[8.49295,45.935355],[8.488967,45.935963],[8.487297,45.935128],[8.481424,45.930622],[8.480531,45.928426],[8.490963,45.923568],[8.505453,45.913617],[8.507136,45.909382],[8.505759,45.908426],[8.506149,45.90521],[8.508607,45.903884],[8.517137,45.893191],[8.5193201620926,45.8915112524265],[8.520303,45.890755],[8.527172,45.890668],[8.534534,45.886875],[8.554211,45.880245],[8.564299,45.871481],[8.57397,45.8404],[8.565224,45.830862],[8.567201,45.824096],[8.56564,45.82022],[8.55642,45.814052],[8.551376,45.813659],[8.547372,45.816381],[8.545354,45.814454],[8.544448,45.809085],[8.540915,45.80633],[8.541904,45.801026],[8.537959,45.798856],[8.537931,45.796475],[8.540382,45.794423],[8.539902,45.789098],[8.542891,45.776158],[8.53513,45.772637],[8.525753,45.762475],[8.521667,45.759585],[8.514548,45.757701],[8.503731,45.756675],[8.496258,45.757542],[8.49221,45.759521],[8.477285,45.761468],[8.470011,45.76128],[8.465457,45.758412],[8.463293,45.758309],[8.460399,45.759368],[8.45681,45.763004],[8.452288,45.764002],[8.442214,45.769309],[8.436355,45.769682],[8.428297,45.767781],[8.425494,45.769834],[8.425008,45.772605],[8.430483,45.774421],[8.426914,45.777393],[8.42546,45.782242],[8.415338,45.795012],[8.409556,45.794399],[8.406768,45.795421],[8.404095,45.801059],[8.404578,45.80574],[8.408834,45.804401],[8.416138,45.799202],[8.420147,45.801854],[8.41918,45.804131],[8.412262,45.809969],[8.405273,45.813727],[8.403578,45.816879],[8.404469,45.819763],[8.400381,45.822554],[8.39697,45.829062],[8.395073,45.82938],[8.40489,45.844679],[8.40667,45.855913],[8.413453,45.866685],[8.40935,45.875356],[8.402608,45.869466],[8.403512,45.866708],[8.401955,45.864463],[8.398378,45.862318],[8.393742,45.863553],[8.390811,45.861137],[8.385575,45.841625],[8.381272,45.832417],[8.381619,45.82549],[8.386694,45.813239],[8.385862,45.804368],[8.389244,45.802734],[8.388818,45.80119],[8.38498,45.799331],[8.385724,45.797584],[8.383374,45.795604],[8.383343,45.793611],[8.384354,45.790523],[8.389679,45.786341],[8.390508,45.786897],[8.395874,45.784322],[8.406305,45.783636],[8.40582,45.77894],[8.410404,45.775417],[8.412069,45.769315],[8.421499,45.765064],[8.420548,45.764086],[8.422136,45.763318],[8.418682,45.760886],[8.417832,45.757652],[8.423596,45.751456],[8.425619,45.738474],[8.440588,45.713043],[8.442605,45.703367],[8.440444,45.695847],[8.435485,45.692195],[8.419049,45.689483],[8.407969,45.68505],[8.40092,45.684185],[8.381256,45.689209],[8.366501,45.685049],[8.364208,45.686243],[8.360649,45.685853],[8.351564,45.682142],[8.33915,45.684369],[8.321302,45.684788],[8.322062,45.682667],[8.331187,45.675391],[8.334711,45.668807],[8.338955,45.665469],[8.339749,45.659776],[8.341768,45.656963],[8.348069,45.655119],[8.367222,45.643048],[8.371851,45.634655],[8.369487,45.623066],[8.366833,45.620097],[8.360584,45.61917],[8.348286,45.621349],[8.323103,45.621691],[8.301545,45.625067],[8.274437,45.63134],[8.253321,45.628108],[8.243447,45.618803],[8.234407,45.614628],[8.225926,45.613431],[8.216825,45.615],[8.213217,45.613823],[8.207712,45.619517],[8.200476,45.6217],[8.189703,45.620897],[8.165741,45.624162],[8.158358,45.620918],[8.146313,45.607747],[8.137819,45.600965],[8.120895,45.590755],[8.08359,45.575574],[8.067525,45.575424],[8.06053,45.571593],[8.052546,45.575491],[8.048247,45.568884],[8.048084,45.562185],[8.042949,45.559967],[8.020894,45.556344],[8.01251320153238,45.5541684695214],[7.990075,45.54834],[7.963111,45.545508],[7.938439,45.537763],[7.93024,45.533118],[7.901472,45.527856],[7.891461,45.530653],[7.86474,45.533415],[7.854373,45.535722],[7.833351410181153,45.53418422381404],[7.833814,45.531644],[7.830709,45.51125],[7.82447,45.503077],[7.8246,45.500154],[7.816978,45.487342],[7.811963,45.473053],[7.812482,45.4495],[7.806351,45.441863],[7.803625,45.433544],[7.797816,45.427496],[7.796582,45.423757],[7.791694,45.422636],[7.786443,45.423291],[7.774178,45.417045],[7.765712,45.418745],[7.758507,45.41481],[7.754241,45.414607],[7.752562,45.411632],[7.753892,45.408372],[7.74936,45.406048],[7.736604,45.403121],[7.725841,45.403985],[7.723195,45.386271],[7.71699,45.386679],[7.710771,45.383815],[7.706591,45.38588],[7.706143,45.391544],[7.701209,45.39475],[7.697362,45.395464],[7.688416,45.395257],[7.675596,45.386823],[7.661128,45.393074],[7.647365,45.394063],[7.644744,45.393105],[7.64434,45.385622],[7.64961,45.383487],[7.654936,45.378657],[7.654295,45.375815],[7.657225,45.371316],[7.652926,45.368047],[7.652452,45.364723],[7.642125,45.356484],[7.640401,45.347449],[7.63715,45.340887],[7.634264,45.338931],[7.626699,45.338079],[7.618936,45.334717],[7.616793,45.332326],[7.615535,45.326935],[7.608296,45.322897],[7.605025,45.317497],[7.600862,45.315019],[7.593345,45.312754],[7.590565,45.310508],[7.576412,45.310489],[7.574352,45.309492],[7.5737,45.307816],[7.577035,45.303937],[7.575736,45.30172],[7.561447,45.289289],[7.538878,45.274552],[7.533725,45.269676],[7.530706,45.268805],[7.522645,45.274434],[7.509378,45.277924],[7.504652,45.277946],[7.496756,45.27585],[7.496541,45.268135],[7.502509,45.263502],[7.509882,45.249146],[7.51258,45.236439],[7.513214,45.215242],[7.518643,45.203938],[7.532886,45.15848],[7.531044,45.156553],[7.522205,45.152862],[7.514122,45.151873],[7.504066,45.148518],[7.496372,45.144098],[7.48865,45.134567],[7.487537,45.130879],[7.488783,45.126023],[7.482332,45.11772],[7.484997,45.111709],[7.481298,45.105971],[7.475575,45.104081],[7.466698,45.096991],[7.45173,45.095956],[7.43575,45.101168],[7.427132,45.106766],[7.420874,45.109171],[7.403197,45.110721],[7.390986,45.113449],[7.386062,45.112639],[7.372719,45.103959],[7.371364,45.103982],[7.367824699912619,45.108128951005995],[7.370816,45.104571],[7.365361,45.102294],[7.362743,45.095387],[7.365508,45.088171],[7.371316,45.079378],[7.377871,45.075753],[7.381976,45.071135],[7.388121,45.071745],[7.391958,45.069763],[7.397011,45.052927],[7.422372,45.036789],[7.43267,45.031131],[7.442521,45.028002],[7.445806,45.02533],[7.445013,45.013714],[7.459542,45.00471],[7.462707,45.000006],[7.461912,44.991151],[7.455413,44.988357],[7.450721,44.982198],[7.441627,44.984734],[7.43297,44.983842],[7.423552,44.981111],[7.383149,44.985154],[7.373358,44.985136],[7.370324,44.983977],[7.368681,44.979725],[7.374329,44.976382],[7.372238,44.967739],[7.378909,44.962272],[7.381865,44.957434],[7.374189,44.952919],[7.37469,44.948224],[7.369426,44.942274],[7.361352,44.940901],[7.350664,44.941473],[7.344818,44.939268],[7.341206,44.936972],[7.339742,44.932966],[7.331456,44.925145],[7.337576,44.911429],[7.347737,44.909023],[7.350901,44.906797],[7.352121,44.902859],[7.359067,44.899926],[7.359311,44.898427],[7.354685,44.896714],[7.345402,44.897194],[7.337295,44.89596],[7.32591,44.889602],[7.311983,44.888586],[7.299007,44.88518],[7.296455,44.878219],[7.30317,44.867734],[7.297149,44.862458],[7.30148,44.858835],[7.302514,44.854524],[7.298537,44.848576],[7.304116,44.840659],[7.302573,44.832954],[7.30383,44.830755],[7.308931,44.828165],[7.308663,44.821464],[7.306947,44.818168],[7.295703,44.812034],[7.28968,44.81051],[7.281907,44.811931],[7.276221,44.814361],[7.274002,44.811888],[7.274484,44.809767],[7.27965,44.804674],[7.288517,44.801014],[7.288404,44.795446],[7.296759,44.783269],[7.30037,44.772591],[7.30368058884853,44.7666134588181],[7.305831,44.76273],[7.310491,44.738311],[7.317307,44.728998],[7.320767,44.727219],[7.330267,44.725732],[7.344717,44.728206],[7.349355,44.723294],[7.351827,44.716631],[7.358235,44.715083],[7.367879,44.715505],[7.369825,44.714376],[7.371291,44.706106],[7.370932,44.683039],[7.372987,44.676237],[7.37568,44.671489],[7.38741,44.664191],[7.392201,44.656041],[7.384707,44.651427],[7.377683,44.640468],[7.377929,44.637354],[7.382608,44.632146],[7.388979,44.629675],[7.401763,44.629449],[7.408812,44.631578],[7.442033,44.636816],[7.446172,44.635127],[7.448037,44.631468],[7.450069,44.630778],[7.456221,44.63208],[7.462654,44.638126],[7.470184,44.640337],[7.475442,44.646449],[7.480401,44.648848],[7.485693,44.649019],[7.492061,44.646889],[7.494931,44.643838],[7.493688,44.619658],[7.48961,44.611053],[7.4855,44.607144],[7.484554,44.604011],[7.486328,44.59978],[7.485787,44.596308],[7.480103,44.58537],[7.479474,44.580503],[7.482332,44.568433],[7.489392,44.563038],[7.48625,44.557227],[7.48641,44.546222],[7.480691,44.534133],[7.472065,44.528156],[7.470369,44.525645],[7.471656,44.519926],[7.470246,44.515662],[7.461338,44.507549],[7.446424,44.505406],[7.441367,44.499747],[7.44409,44.497118],[7.433302,44.494606],[7.426129,44.495116],[7.423654,44.494196],[7.418263,44.489475],[7.415749,44.480316],[7.399975,44.482848],[7.393211,44.482486],[7.388531,44.479808],[7.384722,44.475565],[7.381298,44.474576],[7.378706,44.471017],[7.370276,44.467257],[7.365703,44.467487],[7.364528,44.464439],[7.367848,44.458663],[7.379662,44.457008],[7.380989,44.452047],[7.387651,44.447218],[7.39207,44.446532],[7.400592,44.448084],[7.40495,44.446854],[7.410873,44.44142],[7.412245,44.435874],[7.418883,44.432629],[7.421542,44.433046],[7.425669,44.429402],[7.43238,44.419746],[7.43055,44.418189],[7.427375,44.417868],[7.422126,44.413273],[7.421171,44.416041],[7.417471,44.416693],[7.41336,44.420434],[7.407675,44.417546],[7.404866,44.417439],[7.404297,44.413391],[7.407806,44.407242],[7.410649,44.40428],[7.423855,44.399762],[7.425571,44.397476],[7.424515,44.392958],[7.425623,44.39116],[7.429705,44.391145],[7.437342,44.38826],[7.443886,44.389969],[7.450428,44.38956],[7.459773,44.385859],[7.464357,44.385444],[7.468536,44.379965],[7.476027,44.37579],[7.476014,44.374014],[7.47232,44.370559],[7.471545,44.366588],[7.480566,44.355767],[7.479328,44.351076],[7.475745,44.347259],[7.466146,44.344697],[7.466157,44.34063],[7.466143732924253,44.34062714519438],[7.46995,44.3356],[7.475663,44.332399],[7.494555,44.327203],[7.503288,44.32678],[7.5022916806244675,44.32553402905945],[7.503312,44.326386],[7.520545,44.330556],[7.526493,44.334819],[7.533628,44.336385],[7.543803,44.335374],[7.559073,44.319022],[7.563839,44.316835],[7.569762,44.316326],[7.57901,44.319606],[7.593153,44.332333],[7.606972,44.33514],[7.616953,44.339269],[7.621308,44.33942],[7.624746,44.337995],[7.632086,44.326939],[7.636369,44.324252],[7.642361,44.324225],[7.644914,44.325915],[7.651831,44.326948],[7.656173,44.322823],[7.664986,44.323026],[7.672702,44.320889],[7.675403,44.321194],[7.678614,44.322697],[7.681023,44.328581],[7.679918,44.331531],[7.68243,44.340786],[7.681375,44.348469],[7.68295,44.351056],[7.690653,44.354918],[7.692339,44.359396],[7.694862,44.360668],[7.695912,44.364913],[7.698912,44.364795],[7.701415,44.366733],[7.706678,44.376947],[7.710114,44.380126],[7.709737,44.381989],[7.728553,44.390016],[7.740134,44.392672],[7.745427,44.396848],[7.753818,44.399603],[7.760616,44.404121],[7.764756,44.405328],[7.771482,44.405441],[7.774189,44.404092],[7.774204,44.391481],[7.770807,44.3866],[7.769478,44.379613],[7.773221,44.371745],[7.772606,44.365912],[7.778196,44.348221],[7.778451,44.342381],[7.780334,44.341876],[7.78514014329617,44.3449618951832],[7.786416,44.345781],[7.790281,44.35011],[7.79768,44.352458],[7.797815,44.354661],[7.802749,44.355784],[7.804383,44.359445],[7.80774,44.361623],[7.809893,44.370152],[7.814172,44.374938],[7.812307,44.377892],[7.813013,44.378728],[7.817597,44.378509],[7.816438,44.381244],[7.817868,44.384564],[7.821655,44.385361],[7.818501,44.386653],[7.820192,44.393048],[7.824833,44.393203],[7.825064,44.395425],[7.828158,44.3966],[7.826718,44.39772],[7.82763,44.39948],[7.831242,44.399213],[7.834956,44.401416],[7.837707,44.400886],[7.835955,44.40306],[7.840847,44.404117],[7.84196,44.407403],[7.848466,44.40484],[7.85013,44.407906],[7.853214,44.406713],[7.861252,44.411167],[7.859286,44.413143],[7.860526,44.415531],[7.868725,44.41591],[7.862943,44.421639],[7.865104,44.42344],[7.867111,44.421768],[7.869028,44.422085],[7.867744,44.425533],[7.869173,44.431009],[7.874517,44.432747],[7.87496,44.435097],[7.878596,44.438894],[7.882538,44.440363],[7.885976,44.44348],[7.886632,44.442276],[7.894709,44.440486],[7.900687,44.434553],[7.907967,44.432662],[7.90756,44.430872],[7.898287,44.429678],[7.90175,44.425617],[7.906231,44.42635],[7.912723,44.42377],[7.920163,44.429097],[7.924396,44.429597],[7.924671,44.426637],[7.920535,44.419305],[7.926001,44.416137],[7.930881,44.417629],[7.933387,44.424562],[7.939489,44.43057],[7.943687,44.430829],[7.94343,44.425725],[7.949231,44.420828],[7.952358,44.421379],[7.956347,44.426924],[7.96304,44.428337],[7.96519,44.424499],[7.960867,44.418522],[7.970318,44.419045],[7.972354,44.417439],[7.971142,44.412909],[7.980099,44.411281],[7.988534,44.412064],[7.992397,44.408549],[7.999666,44.405553],[8.005493,44.407394],[8.008903,44.404375],[8.005307,44.400957],[8.00596,44.399298],[8.017609,44.398317],[8.021822,44.396674],[8.023463,44.394983],[8.022956,44.390172],[8.032525,44.388883],[8.03665,44.386911],[8.038561,44.383904],[8.042571,44.38332],[8.043408,44.381648],[8.04614,44.381799],[8.045357,44.378667],[8.050648,44.378314],[8.049765,44.376067],[8.053785,44.375874],[8.053286,44.37759],[8.055402,44.376759],[8.056391,44.380019],[8.057637,44.377806],[8.063235,44.37799],[8.063532,44.372187],[8.066336,44.370839],[8.071001,44.373557],[8.072975,44.371284],[8.076597,44.37294],[8.086225,44.372691],[8.086154,44.375208],[8.099484,44.375514],[8.103836,44.380187],[8.117206,44.384636],[8.124768,44.382175],[8.136703,44.374658],[8.14695,44.375105],[8.151278,44.369771],[8.151039,44.36501],[8.155821,44.360347],[8.17033,44.358919],[8.172531,44.357629],[8.178492,44.359445],[8.185143,44.35891],[8.187302,44.360302],[8.192326,44.360219],[8.192782,44.364716],[8.197306,44.367685],[8.198508,44.370643],[8.205588,44.362818],[8.221832,44.357412],[8.234868,44.361224],[8.240577,44.36164],[8.246407,44.364034],[8.252682,44.364591],[8.258392,44.367083],[8.273522,44.363232],[8.281085,44.363277],[8.282839,44.362116],[8.289342,44.362029],[8.291735,44.363274],[8.2933,44.354015],[8.299605,44.347507],[8.313733,44.346958],[8.318621,44.345454],[8.320537,44.346124],[8.326327,44.341942],[8.323279,44.340644],[8.323266,44.339486],[8.341907,44.336022],[8.347101,44.333476],[8.349148,44.334258],[8.353139,44.33344],[8.369705,44.336863],[8.37886,44.334686],[8.382973,44.331616],[8.399099,44.330514],[8.402744,44.33163],[8.408125,44.328392],[8.411219,44.328746],[8.414423,44.325692],[8.417035,44.325508],[8.417512,44.32375],[8.420429,44.325412],[8.427583,44.323079],[8.430641,44.325333],[8.433998,44.3241],[8.444663,44.327242],[8.457107,44.325072],[8.462275,44.320811],[8.468318,44.319865],[8.470455,44.317464],[8.47373,44.31246],[8.477711,44.300074],[8.464529,44.296254],[8.456456,44.29188],[8.448102,44.285157],[8.443359,44.278306],[8.446514,44.275652],[8.442635,44.277605],[8.441541,44.276579],[8.440559,44.270118],[8.448082,44.272771],[8.440671,44.270087],[8.445494,44.270094],[8.441138,44.269521],[8.441985,44.266594],[8.447432,44.267555],[8.441947,44.266354],[8.442501,44.265013],[8.444942,44.263549],[8.449471,44.266166],[8.448218,44.264609],[8.449475,44.262727],[8.452479,44.263799],[8.454409,44.259876],[8.455456,44.261986],[8.453876,44.267554],[8.456293,44.259946],[8.456432,44.258384],[8.445446,44.24704],[8.44395,44.244069],[8.446018,44.24087],[8.444223,44.24027],[8.442791,44.237311],[8.437994,44.237318],[8.428977,44.233401],[8.428251,44.231783],[8.425933,44.231409],[8.420941,44.227648],[8.416234,44.221996],[8.415628,44.216691],[8.418992,44.210959],[8.416642,44.20179],[8.418146,44.199552],[8.425357,44.197056],[8.422275,44.192511],[8.409406,44.187101],[8.406627,44.184116],[8.408086,44.183222],[8.40708,44.180895],[8.383681,44.180583],[8.371459,44.177851],[8.370144,44.176791],[8.370804,44.175402],[8.369827,44.176074],[8.368172,44.174223],[8.369715,44.173799],[8.372109,44.175478],[8.369878,44.17354],[8.344405,44.168024],[8.338649,44.165858],[8.336368,44.162088],[8.301812,44.155604],[8.289655,44.151096],[8.269606,44.13963],[8.271405,44.137255],[8.269787,44.138594],[8.268313,44.137685],[8.269731,44.134718],[8.268229,44.134429],[8.269347,44.134981],[8.26836,44.136189],[8.266626,44.135895],[8.263045,44.13214],[8.265201,44.131379],[8.266832,44.134094],[8.269037,44.133226],[8.267287,44.13361],[8.265906,44.131934],[8.268643,44.132039],[8.271417,44.135637],[8.270902,44.133279],[8.267055,44.130644],[8.264273,44.130617],[8.264316,44.127856],[8.260737,44.126258],[8.249515,44.11691],[8.246666,44.111252],[8.244808,44.110704],[8.23777693397784,44.1022669578509],[8.236603,44.100858],[8.237236,44.099536],[8.23482,44.096749],[8.236356,44.096405],[8.235464,44.094853],[8.235967,44.09622],[8.234381,44.096314],[8.231386,44.089685],[8.226182,44.085009],[8.215326,44.077822],[8.202954,44.07163],[8.197788,44.07083],[8.184771,44.071655],[8.174824,44.065536],[8.175321,44.059044],[8.180502,44.054769],[8.185669,44.052786],[8.198407,44.052279],[8.204527,44.050849],[8.217965,44.044347],[8.221962,44.040846],[8.202228,44.030771],[8.19811,44.025258],[8.192287,44.020901],[8.193517,44.019774],[8.19356,44.018926],[8.192118,44.019496],[8.192985,44.016007],[8.194856,44.019166],[8.193912,44.015994],[8.186615,44.015507],[8.181725,44.013124],[8.172839,44.005165],[8.17397,44.004291],[8.17265,44.004988],[8.170849,44.003178],[8.164633,43.995011],[8.159765,43.983933],[8.159396,43.980375],[8.160932,43.979896],[8.159408,43.975523],[8.161418,43.970045],[8.164697,43.96822],[8.16864,43.962571],[8.173276,43.959042],[8.173574,43.954503],[8.169614,43.952296],[8.159626,43.952447],[8.159227,43.950711],[8.15863,43.952342],[8.157418,43.952186],[8.157625,43.950544],[8.156229,43.951603],[8.157265,43.952317],[8.155836,43.952027],[8.156589,43.950427],[8.155782,43.951661],[8.156127,43.95038],[8.154414,43.951299],[8.155313,43.949835],[8.159444,43.949793],[8.154974,43.949524],[8.153896,43.951255],[8.15187,43.949977],[8.149463,43.950613],[8.140283,43.946499],[8.135643,43.941193],[8.133383,43.935274],[8.133411,43.932754],[8.134518,43.932895],[8.127988,43.926556],[8.116982,43.925175],[8.114118,43.923282],[8.110869,43.923081],[8.107093,43.920039],[8.105315,43.920518],[8.107426,43.919661],[8.104236,43.919062],[8.104163,43.919921],[8.101732,43.919518],[8.095294,43.917178],[8.094995,43.91608],[8.093961,43.916916],[8.091859,43.915882],[8.086052,43.910405],[8.086502,43.908102],[8.08595,43.910275],[8.085665,43.90858],[8.083819,43.908804],[8.084693,43.907494],[8.082595,43.907972],[8.077752,43.903165],[8.077203,43.901315],[8.079281,43.898189],[8.082701,43.897472],[8.07982,43.896806],[8.072712,43.891072],[8.068204,43.889208],[8.054324,43.886767],[8.045568,43.887103],[8.046137,43.885949],[8.040647,43.88323],[8.044113,43.885139],[8.044652,43.887583],[8.040612,43.887384],[8.04116,43.885056],[8.036776,43.886446],[8.03502,43.883597],[8.034082,43.884682],[8.030745,43.884216],[8.029922,43.885019],[8.027659,43.882763],[8.027357,43.879257],[8.026833,43.882096],[8.023403,43.880193],[8.023421,43.878607],[8.022479,43.879683],[8.023486,43.87757],[8.02203,43.879844],[8.018714,43.878377],[8.019472,43.876864],[8.02693,43.876099],[8.029406,43.874811],[8.020901,43.876259],[8.019178,43.873851],[8.013673,43.871488],[8.009065,43.871304],[8.006871,43.86899],[8.00281,43.869704],[8.002164,43.86785],[7.999956,43.867326],[7.999144,43.868253],[7.993908,43.865331],[7.970611,43.860685],[7.967199,43.856799],[7.96743,43.854258],[7.965619,43.852322],[7.967244,43.852584],[7.963791,43.850901],[7.962742,43.851612],[7.961941,43.850281],[7.956093,43.849959],[7.940481,43.845136],[7.91746,43.84347],[7.914733,43.840962],[7.916615,43.840882],[7.914795,43.840184],[7.915538,43.838323],[7.913877,43.840042],[7.914795,43.83839],[7.913376,43.839793],[7.914238,43.838152],[7.912819,43.839551],[7.913681,43.83791],[7.91223,43.839297],[7.912954,43.837597],[7.911479,43.838964],[7.9116,43.83714],[7.908725,43.836628],[7.91029,43.838197],[7.907854,43.836337],[7.917326,43.838095],[7.910974,43.836064],[7.906679,43.835677],[7.906459,43.83681],[7.903685,43.835806],[7.90088,43.836951],[7.900612,43.835936],[7.890709,43.838116],[7.888572,43.836928],[7.889534,43.837889],[7.885371,43.836609],[7.883161,43.837204],[7.879716,43.835492],[7.871915,43.835983],[7.860541,43.830866],[7.859387,43.833308],[7.858176,43.832042],[7.859757,43.830616],[7.85282,43.830726],[7.842409,43.826404],[7.839722,43.820379],[7.831197,43.816013],[7.816048,43.821758],[7.805648,43.823272],[7.79549,43.819443],[7.794952,43.818079],[7.788347,43.815853],[7.786941,43.816867],[7.794503,43.818225],[7.794324,43.819578],[7.793475,43.818652],[7.792822,43.819847],[7.792899,43.818574],[7.792271,43.819894],[7.792363,43.818508],[7.79153,43.819926],[7.791644,43.818408],[7.790694,43.819914],[7.790822,43.818301],[7.789715,43.819864],[7.789862,43.818092],[7.788642,43.819777],[7.78879,43.817971],[7.788586,43.819774],[7.78737,43.819645],[7.787527,43.817813],[7.786807,43.81953],[7.786913,43.817305],[7.78514014329617,43.8186032961648],[7.784313,43.819209],[7.781919,43.817465],[7.783769,43.816184],[7.779255,43.816115],[7.778605,43.815148],[7.780364,43.815208],[7.778889,43.814537],[7.78514014329617,43.814941468887],[7.787236,43.815077],[7.78514014329617,43.8148171526525],[7.776238,43.813713],[7.775992,43.812695],[7.775315,43.813645],[7.770309,43.813092],[7.770376,43.812193],[7.768988,43.813073],[7.766337,43.80993],[7.763219,43.809372],[7.763865,43.808531],[7.762333,43.809069],[7.761153,43.807438],[7.753379,43.807167],[7.748892,43.802213],[7.744225,43.800743],[7.738808,43.795366],[7.73468,43.795378],[7.722737,43.799204],[7.718095,43.799219],[7.718059,43.800153],[7.714986,43.800856],[7.700786,43.798842],[7.696014,43.796236],[7.693932,43.793346],[7.694359,43.791283],[7.687333,43.786032],[7.682603,43.785029],[7.677918,43.782366],[7.675313,43.779548],[7.67816,43.780379],[7.672836,43.775673],[7.67087,43.776766],[7.662376,43.777408],[7.648369,43.781818],[7.629434,43.78456],[7.627708,43.783487],[7.627454,43.784842],[7.618613,43.785096],[7.60593,43.788192],[7.605717031736328,43.78862978968801],[7.602155,43.78922],[7.600702,43.787473],[7.597629,43.786973],[7.600935,43.788327],[7.600122,43.789725],[7.596855,43.788614],[7.596845,43.789566],[7.591381,43.791647],[7.574518,43.792931],[7.569061,43.792129],[7.566421,43.790052],[7.559045,43.788099],[7.559522,43.785117],[7.556959,43.783512],[7.557526,43.781073],[7.555732,43.78019],[7.552653,43.781938],[7.548566,43.781664],[7.542043,43.784614],[7.538865,43.783071],[7.524449,43.785087],[7.520073,43.784384],[7.52003,43.783343],[7.519436,43.784216],[7.519573,43.782855],[7.519108,43.78406],[7.519148,43.782882],[7.518471,43.783801],[7.518564,43.782787],[7.517864,43.78374],[7.517068,43.782606],[7.515327,43.783178],[7.515173,43.782097],[7.521945,43.782653],[7.510922,43.781323],[7.509853,43.780044],[7.511605,43.779801],[7.510706,43.779008],[7.509214,43.779777],[7.508276,43.778041],[7.512269,43.777066],[7.511772,43.776003],[7.506949,43.773476],[7.503448,43.774099],[7.495317,43.770602],[7.48826,43.765644],[7.487362,43.762636],[7.486795,43.763606],[7.485518,43.762995],[7.484925,43.759979],[7.48204,43.757113],[7.48754,43.752398],[7.488003,43.74988],[7.4867,43.749117],[7.474703,43.751161],[7.467837,43.75715],[7.461391,43.760552],[7.452158,43.758059],[7.444957,43.749824],[7.442747,43.751068],[7.43909,43.749409],[7.439376,43.746391],[7.436664,43.74766],[7.435907,43.74634],[7.434021,43.746356],[7.430623,43.741178],[7.430087,43.736457],[7.429154,43.737661],[7.427004,43.737259],[7.427312,43.73583],[7.426709,43.737054],[7.422134,43.736286],[7.424014,43.7329],[7.425018,43.734216],[7.425655,43.733232],[7.42765,43.734838],[7.428882,43.73408],[7.432037,43.736352],[7.427588,43.731237],[7.422424,43.728519],[7.421534,43.730012],[7.417921,43.730544],[7.422384,43.727538],[7.423864,43.727816],[7.416517,43.723263],[7.415208,43.723419],[7.417782,43.724728],[7.415616,43.725902],[7.414463,43.725025],[7.415974,43.724022],[7.412558,43.724859],[7.409908,43.721503],[7.405644,43.719893],[7.405913,43.718642],[7.401518,43.721088],[7.399369,43.719157],[7.393673,43.720404],[7.38888,43.719255],[7.390902,43.721731],[7.389019,43.723296],[7.381449,43.72244],[7.3747,43.717756],[7.368372,43.720207],[7.367667,43.719103],[7.363976,43.722177],[7.360358,43.722559],[7.356355,43.72128],[7.350959,43.717855],[7.351155,43.715317],[7.337853,43.711966],[7.339062,43.710171],[7.338041,43.707238],[7.338511,43.710075],[7.336415,43.710561],[7.335057,43.707777],[7.336901,43.706876],[7.334081,43.703072],[7.331268,43.703434],[7.329432,43.702144],[7.331418,43.697397],[7.33416,43.696436],[7.332482,43.695674],[7.334102,43.694277],[7.333186,43.692377],[7.335466,43.688165],[7.336832,43.689391],[7.33565,43.691817],[7.337443,43.689071],[7.342468,43.685979],[7.344929,43.68731],[7.349825,43.686835],[7.342162,43.682833],[7.339721,43.686304],[7.338131,43.683986],[7.337574,43.686284],[7.334945,43.686454],[7.33544,43.678573],[7.333671,43.675656],[7.331281,43.674678],[7.326568,43.674384],[7.324464,43.677132],[7.325037,43.681971],[7.320092,43.690544],[7.325034,43.693721],[7.32449,43.695443],[7.32666,43.696618],[7.324581,43.700713],[7.321184,43.700211],[7.319743,43.70261],[7.320744,43.704251],[7.319021,43.705746],[7.313949,43.706928],[7.312514,43.702641],[7.308049,43.701337],[7.303164,43.705],[7.296909,43.704471],[7.294262,43.707615],[7.296015,43.717598],[7.293255,43.724361],[7.283523,43.730294],[7.277826,43.732117],[7.270907,43.732414],[7.265544,43.729134],[7.261329,43.728296],[7.258315,43.729222],[7.253647,43.733458],[7.250068,43.728835],[7.245283,43.728024],[7.245244,43.724457],[7.250663,43.715472],[7.247496,43.713601],[7.244444,43.713848],[7.248252,43.707531],[7.245424,43.706263],[7.243669,43.703679],[7.246894,43.698609],[7.244716,43.697179],[7.242286,43.698316],[7.22988,43.709836],[7.229848,43.70802],[7.23925,43.695384],[7.237,43.695089],[7.237212,43.694026],[7.233116,43.691938],[7.228595,43.686913],[7.222565,43.675146],[7.21938,43.67198],[7.198872,43.663656],[7.197,43.671186],[7.1895,43.683415],[7.190112,43.686548],[7.186099,43.695609],[7.186544,43.710906],[7.183791,43.718511],[7.184993,43.725031],[7.182561,43.728472],[7.183784,43.732487],[7.182306,43.739168],[7.179861,43.740916],[7.174715,43.74161],[7.160691,43.740601],[7.142443,43.741779],[7.137328,43.739817]],[[6.902646,46.527777],[6.902887,46.528544],[6.9028347,46.5284725],[6.902646,46.527777]],[[8.59242,46.90792],[8.592635,46.910693],[8.591886,46.912897],[8.591895308707723,46.90598249190314],[8.59227,46.907486],[8.592404,46.9078485],[8.59242,46.90792]],[[9.295712,46.149742],[9.29472913063421,46.150326201604315],[9.29803,46.143015],[9.295712,46.149742]],[[7.184851,43.746552],[7.197707,43.759577],[7.209972,43.769485],[7.214816,43.775403],[7.215843,43.779795],[7.215842905344504,43.779795595202586],[7.214816,43.775404],[7.209972,43.769486],[7.197707,43.75958],[7.184851,43.746554],[7.182306,43.739168],[7.184851,43.746552]],[[8.610102,46.897402],[8.609025,46.896458],[8.608852,46.896006],[8.60885858277282,46.89599078431113],[8.610102,46.897402]],[[8.631001,46.847349],[8.635035,46.860276],[8.634804628154459,46.860596577688675],[8.631001,46.847349]],[[8.635828,46.833566],[8.636349,46.839944],[8.635973189413118,46.84046435852578],[8.635828,46.833566]],[[8.638849,46.828075],[8.638993589447285,46.82797151578212],[8.635828,46.833566],[8.638849,46.828075]],[[8.646097,46.817602],[8.645724,46.822783],[8.645321392367748,46.82308439000634],[8.646097,46.817602]],[[8.66215041694859,46.8083454504804],[8.66107,46.804245],[8.662203,46.808545],[8.66215041694859,46.8083454504804]],[[8.583327,46.655857],[8.586335,46.650134],[8.583416165665685,46.655992265281874],[8.583327,46.655857]],[[8.586816,46.63916],[8.58630973743281,46.63792408106806],[8.591374,46.643003],[8.586816,46.63916]],[[8.58542,46.635752],[8.585435867446753,46.63557876320037],[8.585860451777059,46.63682725763339],[8.58542,46.635752]],[[8.567164,46.620721],[8.56315099162192,46.61835142972891],[8.578923,46.624617],[8.567164,46.620721]],[[8.555807,46.617002],[8.559369,46.616849],[8.561641759876418,46.6177518740268],[8.555807,46.617002]],[[8.350927,46.536191],[8.350704292932749,46.536020928338985],[8.358722,46.537323],[8.350927,46.536191]],[[8.347284,46.533409],[8.3357355674727,46.5215452726728],[8.328556746163185,46.51416717447227],[8.330393,46.515428],[8.350477102993908,46.53584743330471],[8.347284,46.533409]],[[8.32134129007979,46.50929258048728],[8.321493,46.509317],[8.323534567891802,46.51071880015582],[8.32134129007979,46.50929258048728]],[[8.075526,46.372179],[8.072,46.369223],[8.075704132865685,46.37213512462814],[8.075526,46.372179]],[[8.045755931414092,46.354059362088485],[8.045985,46.354119],[8.051057,46.359442],[8.045755931414092,46.354059362088485]],[[8.009870774237164,46.326208796565986],[8.010198,46.326292],[8.010480642841781,46.32671869020536],[8.009870774237164,46.326208796565986]],[[7.983505,46.320181],[7.941841912071076,46.305028989370314],[7.979396,46.318459],[7.98838,46.315346],[7.979396,46.31846],[8.004241443999563,46.32477743125137],[7.983505,46.320181]],[[8.010217,46.23278],[8.00881680336807,46.2358022459959],[8.007577,46.238478],[8.010217,46.23278]],[[8.19829740085103,46.2061280929568],[8.200643,46.207103],[8.19829740085102,46.2061280929568],[8.196731,46.205477],[8.19829740085103,46.2061280929568]],[[8.408303291110226,45.988743535215335],[8.408029,45.988932],[8.400442,45.99147],[8.408303291110226,45.988743535215335]],[[8.429416,45.943299],[8.429911757008034,45.94267331098894],[8.430767300741413,45.94594517671953],[8.429416,45.943299]],[[8.432663,45.939201],[8.433672241412793,45.93890785038529],[8.431859339538008,45.940215290290496],[8.432663,45.939201]],[[8.462071,45.934876],[8.464646113337087,45.935382932910315],[8.446224,45.935262],[8.462071,45.934876]],[[5.605090731575504,45.30202158049101],[5.608606626472035,45.30086277120471],[5.60631,45.302006],[5.605090731575504,45.30202158049101]],[[5.612522074174233,45.29891371565995],[5.615245251211887,45.29546542818095],[5.613763,45.298296],[5.612522074174233,45.29891371565995]],[[5.616065,45.2939],[5.615814438933498,45.29437848238416],[5.619103,45.277326],[5.6197319426407955,45.2759897503774],[5.616065,45.2939]],[[5.675301,45.215559],[5.683998585713063,45.21191303732834],[5.67411,45.216276],[5.6504526161445074,45.24714361453596],[5.671947,45.217985],[5.684812,45.207608],[5.675301,45.215559]],[[5.742318347300241,45.19242165270046],[5.742117,45.190827],[5.742117229479688,45.19082681973815],[5.742318347300241,45.19242165270046]],[[5.781693055475159,45.19153800537281],[5.789661,45.189399],[5.793526553711585,45.18926961795533],[5.781693055475159,45.19153800537281]],[[5.800201835687769,45.187990019535626],[5.80333,45.186869],[5.804078530396352,45.187246888018414],[5.800201835687769,45.187990019535626]],[[5.805498851524856,45.18796392281002],[5.806016,45.188225],[5.805974179594308,45.1884313864177],[5.805498851524856,45.18796392281002]],[[5.805738803952265,45.18959298049532],[5.805477,45.190885],[5.8051187892450375,45.1909956546129],[5.805738803952265,45.18959298049532]],[[5.79241484392338,45.19492002073641],[5.792268161659353,45.19496533224345],[5.792266,45.194964],[5.79241484392338,45.19492002073641]],[[5.796816,45.204733],[5.799195658265192,45.19923578943613],[5.799196,45.199236],[5.796816777381741,45.20473320385622],[5.796816,45.204733]],[[5.917047,45.286445],[5.918951788937469,45.280056707862734],[5.918952,45.280057],[5.917047248551521,45.28644516640647],[5.917047,45.286445]],[[5.93255693448281,45.305852999966305],[5.933469203544704,45.30798513853924],[5.933469,45.307985],[5.93255693448281,45.305852999966305]],[[5.963946094783967,45.33453230189234],[5.966724,45.338381],[5.967192205365548,45.33972057206482],[5.963946094783967,45.33453230189234]],[[6.000332,45.426023],[5.99999851588917,45.40750224529623],[6.000995,45.40901],[6.00033203634112,45.426023067409034],[6.000332,45.426023]],[[6.326968,45.628959],[6.287897,45.609813],[6.326968,45.628958],[6.330437,45.633064],[6.326968,45.628959]],[[6.374977732887331,45.65588793958699],[6.384636,45.657501],[6.385434060459279,45.65806878163698],[6.374977732887331,45.65588793958699]],[[6.424621,45.73948],[6.432625,45.744762],[6.424621,45.739481],[6.419887,45.730366],[6.409547,45.717842],[6.406537,45.711237],[6.409547,45.717841],[6.419887,45.730365],[6.424621,45.73948]],[[6.470673,45.756814],[6.477147,45.763637],[6.481296,45.765014],[6.482498,45.767998],[6.481296,45.765015],[6.477147,45.763638],[6.470673,45.756817],[6.465399,45.754405],[6.457353,45.754193],[6.440121,45.750627],[6.457353,45.754192],[6.465399,45.754402],[6.470673,45.756814]],[[6.4812434440914455,45.770104254421774],[6.484535,45.77199],[6.481243,45.770105],[6.4812434440914455,45.770104254421774]],[[6.48514,45.78492],[6.486402,45.776198],[6.485141,45.78492],[6.487567457117667,45.793600542886644],[6.48514,45.78492]],[[6.515722,45.818187],[6.519629,45.817617],[6.522148,45.819492],[6.524674,45.818904],[6.528528,45.82153],[6.532606,45.821433],[6.528527,45.821531],[6.524674,45.818906],[6.522148,45.819494],[6.519629,45.81762],[6.515721,45.818189],[6.514929,45.815975],[6.50887,45.813499],[6.505633,45.806503],[6.50887,45.813498],[6.51493,45.815973],[6.515722,45.818187]],[[6.5822569951493595,45.83970801449372],[6.573397,45.835243],[6.555838,45.831775],[6.550615499999999,45.8287945],[6.555838,45.831774],[6.573398,45.835241],[6.5822569951493595,45.83970801449372]],[[6.621468,45.858988],[6.630254,45.871322],[6.645302,45.88555],[6.65044,45.892881],[6.645301,45.88555],[6.630254,45.871323],[6.621468,45.858991],[6.610773,45.854001],[6.607141,45.853967],[6.605982,45.850062],[6.607141,45.853966],[6.610773,45.854],[6.621468,45.858988]],[[6.662087,45.915949],[6.65795673387921,45.9129627054594],[6.653326,45.909614],[6.651634,45.90377],[6.653326,45.909613],[6.65795660139619,45.9129621382671],[6.662087,45.915949]],[[6.667205,45.921699],[6.690444,45.915618],[6.667204,45.9217],[6.662087,45.915949],[6.667205,45.921699]],[[6.729495,45.920098],[6.733872,45.928469],[6.733871927566314,45.92846986150242],[6.729494,45.920099],[6.72623,45.917049],[6.72251,45.914222],[6.710378,45.910332],[6.722511,45.914221],[6.72623,45.917048],[6.729495,45.920098]],[[6.75605,45.928614],[6.766421,45.927113],[6.75605,45.928615],[6.741339,45.935002],[6.73885,45.93539],[6.733477,45.933168],[6.733477081253118,45.93316703360216],[6.73885,45.935389],[6.741339,45.935001],[6.75605,45.928614]],[[6.794052,45.892275],[6.8027359999999994,45.89638],[6.794052,45.892276],[6.789868,45.89396],[6.776933,45.905385],[6.774873,45.90852],[6.776933,45.905384],[6.789868,45.893958],[6.794052,45.892275]],[[6.843555,45.909597],[6.851042,45.914496],[6.855172,45.915139],[6.851042,45.914497],[6.843555,45.909599],[6.833746,45.90597],[6.826814,45.900645],[6.819117000027345,45.900564500000286],[6.826814,45.900644],[6.833747,45.905967],[6.843555,45.909597]],[[6.901839,45.955779],[6.884428,45.941495],[6.880092,45.939272],[6.876354500000001,45.9347195],[6.880092,45.939271],[6.884428,45.941493],[6.901839,45.955779]],[[6.929592921989017,45.99214709916729],[6.928709,45.98194],[6.9218494999999995,45.9772675],[6.928709,45.981939],[6.929593,45.992147],[6.929592921989017,45.99214709916729]],[[6.919758,46.014612],[6.923903,46.009815],[6.919758,46.014613],[6.919142,46.020941],[6.919758,46.014612]],[[6.944398,46.050708],[6.948745,46.051345],[6.957691690445324,46.05750161915673],[6.948744,46.051346],[6.944398,46.05071],[6.936437,46.03602],[6.92696,46.026795],[6.923940000010729,46.025211000005626],[6.92696,46.026794],[6.936437,46.036017],[6.944398,46.050708]],[[6.994193,46.085473],[6.999576333339708,46.09459900001081],[6.994193,46.085475],[6.983078,46.07978],[6.975501,46.078455],[6.971301,46.07344],[6.975502,46.078454],[6.983078,46.079779],[6.994193,46.085473]],[[7.038169,46.127238],[7.049995,46.133918],[7.038169,46.12724],[7.033591,46.119125],[7.030132,46.118884],[7.021497500000001,46.111911],[7.030132,46.118883],[7.033591,46.119124],[7.038169,46.127238]],[[7.051776,46.13778],[7.064580281274855,46.12682655507572],[7.06416,46.127415],[7.047961,46.141057],[7.045939723925483,46.14221805084272],[7.051776,46.137781],[7.049995,46.133918],[7.051776,46.13778]],[[7.072250197819912,46.10670555282962],[7.065653,46.101493],[7.072364,46.106369],[7.072250197819912,46.10670555282962]],[[7.05853,46.092943],[7.058530120270783,46.09294214438235],[7.065653,46.101493],[7.05853,46.092943]],[[7.054746,46.081706],[7.058977,46.089762],[7.058976889109707,46.08976278888396],[7.054745,46.081706],[7.053603,46.07459],[7.054746,46.081706]],[[7.155903,46.079834],[7.144843000026195,46.07999533333295],[7.155903,46.079832],[7.159114,46.078296],[7.155903,46.079834]],[[7.150558,46.058125],[7.148366391009157,46.0625192160195],[7.148366,46.062519],[7.150557771699057,46.05812445774756],[7.150558,46.058125]],[[7.150578,46.053409],[7.149044322031897,46.05452876487893],[7.149044,46.054528],[7.150577652938039,46.05340825339595],[7.150578,46.053409]],[[7.148730765529133,46.04538576552658],[7.149189823617814,46.04442936747328],[7.14919,46.04443],[7.148730765529133,46.04538576552658]],[[7.1355,46.018194],[7.144654,46.022577],[7.144653930843416,46.02257796688734],[7.1355,46.018195],[7.132329,46.0185],[7.1355,46.018194]],[[7.13027,46.017188],[7.130241162316209,46.01701895403481],[7.132329,46.0185],[7.13027,46.017188]],[[7.129089,46.010265],[7.12475,46.005502],[7.124750345603229,46.005501379454664],[7.129089,46.010265]],[[7.096485,45.942387],[7.09804286915664,45.93168789860329],[7.098043,45.931688],[7.096485,45.942387]],[[7.06852,45.89911],[7.081654,45.912105],[7.06852,45.899111],[7.064246,45.885711],[7.06852,45.89911]],[[7.059491,45.878897],[7.053030499977048,45.873842999982045],[7.059491,45.878896],[7.064246,45.885711],[7.059491,45.878897]],[[7.016277,45.848262],[7.025370500032306,45.85387950001996],[7.016277,45.848263],[7.015944,45.845999],[7.016277,45.848262]],[[7.012227,45.842258],[6.999102,45.834794],[7.012227,45.842257],[7.015944,45.845999],[7.012227,45.842258]],[[6.974285784752782,45.82496727392133],[6.971838,45.823998],[6.971651968173405,45.82381883031213],[6.974285784752782,45.82496727392133]],[[6.966904,45.819245],[6.966918919907596,45.81926036955835],[6.966904,45.819246],[6.966660003068652,45.81878073849596],[6.966904,45.819245]],[[6.961389849563711,45.80873143364333],[6.961387,45.808726],[6.965839314164619,45.80316674333911],[6.961389849563711,45.80873143364333]],[[6.966829623590633,45.80191216305289],[6.967548,45.780212],[6.967635289007829,45.78015919678864],[6.966829623590633,45.80191216305289]],[[6.968504114944613,45.779633623171556],[6.975306,45.775519],[6.97284,45.777768],[6.968504114944613,45.779633623171556]],[[6.985809220981998,45.7650854766724],[6.981545,45.769682],[6.975725,45.772409],[6.981545,45.769681],[6.985458,45.765223],[6.985809220981998,45.7650854766724]],[[6.986736586000286,45.76472235963282],[6.989746,45.763544],[6.990622488511468,45.76351876767381],[6.986736586000286,45.76472235963282]],[[7.03224,45.757388],[7.024605,45.759372],[7.03224,45.757387],[7.032310413491804,45.75734566180026],[7.03224,45.757388]],[[7.050245,45.74818],[7.047794,45.751108],[7.038927766342852,45.75346076066979],[7.03905,45.753389],[7.047794,45.751107],[7.050245,45.74818]],[[7.10029,45.721969],[7.094452,45.723727],[7.10029,45.721968],[7.104384,45.718231],[7.10029,45.721969]],[[7.125640234959463,45.7080351198134],[7.126154,45.70775],[7.127389553657928,45.70774901329367],[7.125640234959463,45.7080351198134]],[[7.156079336207211,45.70344788765084],[7.15631,45.703391],[7.16161168209512,45.70422169670492],[7.156079336207211,45.70344788765084]],[[7.163432,45.705943],[7.162502650808343,45.70506034919401],[7.163432,45.705942],[7.170173,45.705441],[7.163432,45.705943]],[[7.22155,45.702346],[7.213703,45.705431],[7.209573,45.703595],[7.200725,45.7027625],[7.209573,45.703593],[7.213703,45.70543],[7.22155,45.702346]],[[7.26423,45.718569],[7.268057,45.719368],[7.26423,45.71857],[7.262187,45.7151],[7.257753,45.711968],[7.247599,45.710219],[7.257754,45.711966],[7.262187,45.715099],[7.26423,45.718569]],[[7.320986,45.729639],[7.308536,45.727039],[7.299224,45.726546],[7.2946655,45.727418],[7.299224,45.726545],[7.308536,45.727036],[7.320986,45.729639]],[[7.340637,45.730951],[7.339408509062317,45.730367490943145],[7.340638,45.730951],[7.342517413224719,45.73503858678029],[7.340637,45.730951]],[[7.356227,45.736963],[7.347663666656525,45.736932999999965],[7.356227,45.736961],[7.366176,45.733775],[7.356227,45.736963]],[[7.40596,45.739599],[7.400656,45.739326999999996],[7.40596,45.739598],[7.434334,45.737447],[7.40596,45.739599]],[[7.474713,45.740065],[7.466004,45.735266],[7.474713,45.740064],[7.484427,45.739242],[7.474713,45.740065]],[[7.52737,45.740141],[7.533788,45.743493],[7.540127,45.743778],[7.533788,45.743494],[7.52737,45.740142],[7.52457,45.740449],[7.522191,45.737794],[7.515051000008455,45.741976666661714],[7.522191,45.737792],[7.52457,45.740448],[7.52737,45.740141]],[[7.571371,45.745139],[7.565605666659839,45.74284699999728],[7.571371,45.745137],[7.587119,45.745074],[7.571371,45.745139]],[[7.635463,45.742945],[7.6392495,45.742653],[7.635463,45.742946],[7.629939,45.745666],[7.622123,45.741646],[7.615123666658378,45.74070599999889],[7.622123,45.741644],[7.629939,45.745664],[7.635463,45.742945]],[[7.665458,45.722036],[7.669822682839314,45.719513183321055],[7.669823,45.719514],[7.665458,45.722036]],[[7.6731755171019875,45.70383453861075],[7.673176,45.703835],[7.671683,45.708591],[7.667402272459232,45.71327970157408],[7.667402,45.713279],[7.671683,45.70859],[7.6731755171019875,45.70383453861075]],[[7.666466,45.700969],[7.666962103735628,45.70108179253139],[7.666465,45.700969],[7.665229,45.698714],[7.666466,45.700969]],[[7.670506492045439,45.69544031508966],[7.670507,45.695442],[7.665229,45.698714],[7.670506492045439,45.69544031508966]],[[7.675574765028917,45.67435292922765],[7.675575,45.674354],[7.672885,45.684991],[7.668460241318246,45.68865180034664],[7.66846,45.688651],[7.672885,45.68499],[7.675574765028917,45.67435292922765]],[[7.678709059679332,45.667963546514706],[7.678708,45.66797],[7.674751383036754,45.67059874551337],[7.674751,45.670597],[7.678708,45.667968],[7.678709059679332,45.667963546514706]],[[7.6799667875249025,45.66267772815258],[7.680055,45.662307],[7.6921877030953905,45.65638420714135],[7.6799667875249025,45.66267772815258]],[[7.735324,45.629258],[7.737352,45.618751],[7.735324,45.629259],[7.727289,45.630869],[7.718089932652495,45.6347868860083],[7.718319,45.634612],[7.727289,45.630868],[7.735324,45.629258]],[[7.744527,45.610936],[7.744526496545465,45.610937532141534],[7.741571,45.608191],[7.741571463832236,45.60819043088069],[7.744527,45.610936]],[[7.784539,45.594044],[7.768542,45.602139],[7.784539,45.594043],[7.785818,45.589716],[7.784539,45.594044]],[[7.809375780115266,45.57755707955228],[7.80757,45.569998],[7.809376,45.577557],[7.809375780115266,45.57755707955228]],[[7.811565,45.56575],[7.812354024881124,45.56538265604504],[7.80757,45.569998],[7.811565,45.56575]],[[7.832830018252779,45.543475136759064],[7.8354356637502836,45.541332609387766],[7.835866,45.541894],[7.832830018252779,45.543475136759064]],[[7.833479788805824,45.53717583208735],[7.832951,45.536383],[7.833299391596924,45.53446987395386],[7.833479788805824,45.53717583208735]],[[5.149137771061823,44.238468318932156],[5.147072,44.238419],[5.145964753728445,44.237273090101866],[5.149137771061823,44.238468318932156]],[[5.151846131815475,44.23853297927266],[5.149394,44.23565],[5.149394462031262,44.23564954321164],[5.151847,44.238533],[5.151846131815475,44.23853297927266]],[[5.367068233987179,44.18289488144414],[5.367068,44.182895],[5.366649465679592,44.18283006864156],[5.367068233987179,44.18289488144414]],[[5.496348,44.179143],[5.497915767942353,44.17973023205068],[5.49634758851427,44.17914322029673],[5.496348,44.179143]],[[5.538248,44.187333],[5.538307,44.19497],[5.539168180988912,44.19694300000272],[5.538306,44.194969],[5.538248,44.187333]],[[5.539835770020539,44.19847247310788],[5.539836,44.198473],[5.537125030162319,44.20404993795085],[5.537125,44.204049],[5.539835770020539,44.19847247310788]],[[5.625175,44.224219],[5.625338557513501,44.224387000011056],[5.625174969318709,44.22421899548704],[5.625175,44.224219]],[[5.6639,44.244252],[5.664158932903305,44.24653793290393],[5.663899205459873,44.24425180846056],[5.6639,44.244252]],[[5.776374358908344,44.267757530956615],[5.776375,44.267758],[5.775254978744755,44.27043366183902],[5.775254,44.270433],[5.776374358908344,44.267757530956615]],[[5.784384,44.274233],[5.784523289230497,44.27463899999921],[5.78438373099917,44.27423312594837],[5.784384,44.274233]],[[5.784829510688933,44.275531573756986],[5.78483,44.275533],[5.782154568870838,44.278670160371476],[5.782153,44.27867],[5.784829510688933,44.275531573756986]],[[5.789707580001432,44.27825289852802],[5.787684,44.277764],[5.787685986253063,44.27776248086166],[5.789708,44.278252],[5.789707580001432,44.27825289852802]],[[5.818480739068027,44.267851264888215],[5.817873,44.26381],[5.817873295894931,44.26380996760396],[5.818481,44.267851],[5.818480739068027,44.267851264888215]],[[5.841369,44.253135],[5.84514582778219,44.25262324282825],[5.840769771830443,44.253693293945084],[5.841369,44.253135]],[[5.936694,44.212552],[5.935218,44.215039],[5.928339,44.215333],[5.9260678866929855,44.21738919721502],[5.926067,44.217388],[5.928339,44.215331],[5.935218,44.215036],[5.936694,44.212549],[5.940814,44.210831],[5.943138,44.206686],[5.9426969860615975,44.201878850285624],[5.94316,44.201869],[5.943138,44.20669],[5.940814,44.210835],[5.936694,44.212552]],[[5.9275486682263,44.21938955226221],[5.927549,44.21939],[5.925796674674191,44.22230787656933],[5.925796,44.222307],[5.9275486682263,44.21938955226221]],[[5.920924599215547,44.2409008403273],[5.920924,44.2409],[5.921836,44.237614],[5.927745,44.23474],[5.932181685840317,44.230604292847524],[5.932183,44.230606],[5.927746,44.234742],[5.921836,44.237616],[5.920924599215547,44.2409008403273]],[[5.923361524180086,44.244320332915315],[5.923362,44.244321],[5.919523227872318,44.25507836143517],[5.919522,44.255076],[5.923361524180086,44.244320332915315]],[[5.911414,44.273474],[5.915332,44.268888],[5.92653348883277,44.26570914506344],[5.926534,44.265711],[5.915332,44.268892],[5.911414806660291,44.273476056013926],[5.911414,44.273474]],[[5.916668994075566,44.28000523416737],[5.91667,44.280006],[5.91328170542752,44.287532433030876],[5.913281,44.28753],[5.916668994075566,44.28000523416737]],[[5.92251,44.301326],[5.926306,44.297952],[5.92718462291382,44.294042677797556],[5.927185,44.294043],[5.926306,44.297954],[5.9225112510435265,44.30132788770498],[5.92251,44.301326]],[[5.925822669485461,44.30632650138495],[5.925823,44.306327],[5.92443731595659,44.312621564745534],[5.924437,44.312621],[5.925822669485461,44.30632650138495]],[[5.914053,44.310814],[5.911247,44.310459],[5.90626,44.312237],[5.901973,44.316031],[5.896081,44.318617],[5.894218228942989,44.32209570496215],[5.894217,44.322095],[5.896081,44.318614],[5.901973,44.316028],[5.90626,44.312233],[5.911247,44.310456],[5.914053,44.310811],[5.915488,44.312893],[5.92223,44.316046],[5.925612081932046,44.3147233590316],[5.925613,44.314725],[5.92223,44.316048],[5.915488,44.312897],[5.914053,44.310814]],[[5.905297907574956,44.32845537325046],[5.905299,44.328456],[5.902590626135069,44.33681806681665],[5.90259,44.336817],[5.905297907574956,44.32845537325046]],[[5.919238850785437,44.338988960094305],[5.919239,44.338989],[5.919091139033066,44.341922241884596],[5.919091,44.341922],[5.919238850785437,44.338988960094305]],[[5.94270197042783,44.365888751703835],[5.942703,44.365891],[5.9392465944935395,44.36841456595265],[5.939246,44.368412],[5.94270197042783,44.365888751703835]],[[6.0279238733981515,44.43146812598346],[6.027924,44.431472],[6.025673094615218,44.433710911217545],[6.025672,44.433709],[6.0279238733981515,44.43146812598346]],[[6.060665831413726,44.460380761217785],[6.060666,44.460381],[6.060053189752079,44.46678301766344],[6.060053,44.466783],[6.060665831413726,44.460380761217785]],[[6.076229,44.466652],[6.0765556620081025,44.46942833798746],[6.076228282786215,44.4666513986866],[6.076229,44.466652]],[[6.079416,44.472802],[6.080422846971971,44.4744787745632],[6.076806479451587,44.4714604158279],[6.079416,44.472802]],[[6.08318,44.47678],[6.082500109683108,44.47621253752129],[6.085621401316791,44.47720955521465],[6.08318,44.476783],[6.08237,44.479475],[6.08318,44.47678]],[[6.097405123723483,44.47563346892594],[6.088045,44.477633],[6.087342189047063,44.47751020671942],[6.097405123723483,44.47563346892594]],[[6.102544,44.472095],[6.105164057001763,44.47387396415633],[6.102143999264263,44.472370736231206],[6.102544,44.472095]],[[6.107825233016518,44.475198559394826],[6.114685370298081,44.475793041717715],[6.114476,44.475928],[6.108688,44.475628],[6.107825233016518,44.475198559394826]],[[6.118469,44.472463],[6.122796,44.470565],[6.115732470153137,44.47511809021259],[6.118469,44.472463]],[[6.130628,44.467793],[6.131972650321464,44.46760467502371],[6.128895,44.469866],[6.130628,44.467793]],[[6.147733,44.463348],[6.148981192494472,44.46312653518908],[6.144087,44.465908],[6.147733,44.463348]],[[6.154857,44.462084],[6.15513454928524,44.46209234999371],[6.153553578382793,44.46231526402641],[6.154857,44.462084]],[[6.18005,44.461142],[6.175134,44.462641],[6.174738979441197,44.462629124508894],[6.18005,44.461142]],[[6.20205,44.459498],[6.20207819481799,44.45950277485409],[6.18005,44.461142],[6.20205,44.459498]],[[6.226832,44.462496],[6.235007,44.463976],[6.237294327445518,44.464154672560575],[6.235006,44.463976],[6.226832,44.462496]],[[6.290163,44.472926],[6.293694,44.472366],[6.297067,44.467109],[6.29575,44.471358],[6.297351,44.471749],[6.304216,44.466608],[6.30574,44.467312],[6.307786,44.465501],[6.309956,44.465658],[6.309543,44.463054],[6.312142,44.463465],[6.311868,44.464981],[6.314428,44.465102],[6.315869,44.462301],[6.316945,44.46412],[6.323203,44.46181],[6.331389,44.46168],[6.333275,44.459466],[6.334261,44.461434],[6.341282,44.460169],[6.344485,44.461402],[6.348016,44.459995],[6.351177,44.45565],[6.351389,44.459411],[6.359383,44.460028],[6.362403,44.457789],[6.364369,44.459237],[6.364634,44.457733],[6.36529,44.458967],[6.368165,44.458464],[6.368956,44.460041],[6.371523,44.458183],[6.383792,44.455472],[6.386564,44.452644],[6.392131,44.453175],[6.397155939728152,44.449674337558214],[6.391343,44.45382],[6.386443,44.453347],[6.384513,44.456666],[6.381159,44.456734],[6.376507,44.459321],[6.374018,44.459012],[6.368195,44.462693],[6.362735,44.462613],[6.358758,44.464409],[6.351691,44.464841],[6.352313,44.466752],[6.35029,44.466981],[6.35038,44.465825],[6.346516,44.467297],[6.346386,44.466092],[6.341403,44.466344],[6.340381,44.468804],[6.339574,44.466569],[6.3377,44.467328],[6.33578,44.4656],[6.332675,44.465356],[6.332797,44.466897],[6.330799,44.466157],[6.329837,44.467637],[6.329837,44.466721],[6.326958,44.467248],[6.326703,44.468491],[6.324675,44.466595],[6.322871,44.466111],[6.32162,44.467061],[6.321448,44.466275],[6.314286,44.469815],[6.312519,44.473267],[6.308574,44.475991],[6.307155,44.481309],[6.313166,44.48547],[6.315082,44.493508],[6.317028,44.492631],[6.317738,44.494965],[6.322906,44.497731],[6.326906,44.496365],[6.324576,44.499093],[6.328049,44.499428],[6.329104,44.502804],[6.331737,44.502831],[6.330587,44.504311],[6.335218,44.505711],[6.336454,44.503861],[6.339166,44.506577],[6.343293,44.506673],[6.343091,44.508084],[6.346976,44.511632],[6.348868,44.511662],[6.35582,44.515855],[6.35704,44.51545],[6.357894,44.517113],[6.358811,44.516465],[6.362142,44.51833],[6.367231,44.517876],[6.372355,44.520329],[6.380518,44.51878],[6.38496,44.521256],[6.390667,44.520371],[6.397008,44.523381],[6.398197,44.526272],[6.400249,44.525208],[6.399218,44.527642],[6.400555,44.527138],[6.404802,44.529175],[6.407502,44.528145],[6.40773576934623,44.528240926636],[6.409883,44.529122],[6.411366,44.528138],[6.411601,44.529042],[6.425035,44.528721],[6.429665,44.531315],[6.43526,44.538434],[6.439455,44.539971],[6.448347,44.540688],[6.459544,44.538579],[6.467487,44.538678],[6.477762,44.544335],[6.477169,44.5477],[6.482886,44.549334],[6.474598,44.547695],[6.473346,44.546405],[6.468894,44.54646],[6.468066,44.545349],[6.467046,44.547106],[6.464879,44.546231],[6.464407,44.547271],[6.458394,44.545491],[6.454329,44.54612],[6.443531,44.543323],[6.437574,44.543049],[6.427357,44.538588],[6.421072,44.539096],[6.420084,44.537673],[6.417285,44.538645],[6.41772,44.537078],[6.40878,44.53866],[6.40773576934623,44.5383420400732],[6.397859,44.535334],[6.394159,44.537],[6.393789,44.53528],[6.391816,44.535663],[6.392543,44.534186],[6.38955,44.535411],[6.379902,44.535644],[6.377945,44.534793],[6.378307,44.532821],[6.37594,44.532655],[6.371367,44.528989],[6.368092,44.534944],[6.366445,44.528119],[6.363143,44.529269],[6.36341,44.528117],[6.360629,44.528747],[6.359779,44.528244],[6.361462,44.526647],[6.357955,44.526598],[6.356072,44.52449],[6.354449,44.525035],[6.353175,44.522948],[6.350464,44.52332],[6.347636,44.521724],[6.345031,44.521308],[6.341817,44.52324],[6.341419,44.519765],[6.337546,44.521268],[6.338596,44.524463],[6.334307,44.525784],[6.333318,44.527934],[6.33228,44.525696],[6.329041,44.529683],[6.330081,44.526208],[6.327382,44.526879],[6.325731,44.528845],[6.327818,44.524086],[6.326006,44.522116],[6.327075,44.51935],[6.323227,44.520787],[6.321579,44.519652],[6.318713,44.520587],[6.320504,44.519085],[6.323189,44.51963],[6.324402,44.518632],[6.32199,44.514798],[6.323986,44.513827],[6.321878,44.513056],[6.320536,44.514683],[6.32038,44.511176],[6.320044,44.51302],[6.317464,44.513827],[6.317974,44.512435],[6.314225,44.509961],[6.314438,44.508124],[6.312048,44.507277],[6.310761,44.511],[6.307338,44.510591],[6.306074,44.513031],[6.305351,44.511947],[6.302227,44.513703],[6.296382,44.519045],[6.295361,44.52464],[6.29505,44.521109],[6.292937,44.522482],[6.29729,44.51739],[6.294722,44.516398],[6.297522,44.516358],[6.301722,44.510277],[6.305876,44.507972],[6.307221,44.504973],[6.305475,44.502893],[6.306277,44.498461],[6.303797,44.494862],[6.301424,44.494121],[6.302198,44.492545],[6.298176,44.494318],[6.297848,44.492771],[6.294939,44.494165],[6.29695,44.491332],[6.295464,44.490095],[6.295635,44.487668],[6.291604,44.48621],[6.289593,44.486965],[6.2891,44.484128],[6.283505,44.48466],[6.283171,44.48712],[6.278725,44.483119],[6.275675,44.483883],[6.274952,44.482309],[6.27309,44.482587],[6.275055,44.480446],[6.273786,44.47954],[6.272882,44.480923],[6.273018,44.479442],[6.276188,44.476348],[6.273817,44.474707],[6.269027,44.473927],[6.274296,44.470251],[6.2666459991171894,44.46647017044731],[6.279283,44.472494],[6.283277,44.471563],[6.283271,44.470056],[6.290163,44.472926]],[[6.4357948189439,44.43044987165966],[6.435215,44.429405],[6.4352165366908824,44.42940476921748],[6.435796,44.430449],[6.4357948189439,44.43044987165966]],[[6.615415,44.3853],[6.614724987203914,44.38497440171869],[6.618348,44.385304],[6.638752952994403,44.386091744708146],[6.629413,44.386149],[6.615415,44.3853]],[[6.658336,44.383847],[6.642137,44.386071],[6.641498614008463,44.38607491340045],[6.658336,44.383847]],[[6.7705364235741,44.47523457135357],[6.769502,44.475341],[6.769178776573435,44.47513803871059],[6.7705364235741,44.47523457135357]],[[6.821611,44.461503],[6.815523,44.467746],[6.8153338234886185,44.46779299109911],[6.821611,44.461503]],[[7.03636,44.342577],[7.040618,44.343646],[7.035808144828242,44.34267661602941],[7.03636,44.342577]],[[7.070308,44.33669],[7.060633,44.339803],[7.060118634696422,44.3398734835758],[7.070308,44.33669]],[[7.18185,44.303485],[7.181973488605475,44.303528269796494],[7.171272,44.302451],[7.18185,44.303485]],[[7.200928,44.310891],[7.193147,44.311153],[7.193080056768763,44.311084186026406],[7.200928,44.310891]],[[7.248269519410621,44.31470133309016],[7.247763,44.314744],[7.246941104912103,44.31435437312164],[7.248269519410621,44.31470133309016]],[[7.426458,44.338632],[7.424433845339213,44.33898920376367],[7.426907,44.337462],[7.426458,44.338632]],[[7.422147946867969,44.34100517202584],[7.421882,44.340565],[7.422495710226787,44.340186026301744],[7.422147946867969,44.34100517202584]],[[7.425921491783244,44.34395712316762],[7.423613,44.34343],[7.422906449454705,44.34226057925345],[7.425921491783244,44.34395712316762]],[[7.432596,44.341947],[7.429315,44.344732],[7.428388384015833,44.34452041564164],[7.432596,44.341947]],[[7.436908172673228,44.34125934103346],[7.436424,44.341438],[7.436185469955204,44.341359418055276],[7.436908172673228,44.34125934103346]],[[7.188302,43.822708],[7.188856,43.829661],[7.195522,43.842851],[7.195521914001941,43.84285382982293],[7.188856,43.829663],[7.188302,43.822711],[7.185044,43.815828],[7.1850442505315355,43.815827641119526],[7.188302,43.822708]],[[7.19531,43.84983],[7.195310087231142,43.849827129601664],[7.197552,43.853158],[7.1975507478832785,43.853159139696345],[7.19531,43.84983]],[[7.194405,43.858097],[7.197059,43.861723],[7.198145,43.868308],[7.198144594547132,43.86830854152197],[7.197059,43.861726],[7.194405,43.8581],[7.1944,43.85603],[7.19440000723048,43.8560299934187],[7.194405,43.858097]],[[7.191837,43.873226],[7.191837598492898,43.8732258251134],[7.19247,43.876211],[7.1924694483915115,43.87621139619879],[7.191837,43.873226]],[[7.188445,43.879105],[7.188445801727612,43.879104424150434],[7.190178,43.884342],[7.190177379630084,43.884343124213295],[7.188445,43.879105]],[[7.190764780022001,43.89653788146534],[7.188012,43.894014],[7.1879734499728665,43.893251550027266],[7.188012,43.894011],[7.190766,43.896536],[7.190764780022001,43.89653788146534]],[[7.195851,43.90401],[7.195850535447164,43.9040129249952],[7.191565,43.903321],[7.188018,43.900777],[7.188019327644755,43.900774952489634],[7.191564,43.903318],[7.195851,43.90401]],[[7.195328,43.907303],[7.195296297881072,43.90734215608452],[7.195840818996437,43.90407410333601],[7.195328,43.907303]],[[7.140385,43.934521],[7.1403147013085135,43.934485585467144],[7.146784547059299,43.930800914634],[7.140385,43.934521]],[[7.082489,43.936594],[7.082323813734476,43.93653787516199],[7.086844235673106,43.934999194766036],[7.082489,43.936594]],[[6.689042237832112,43.94250076215888],[6.689652,43.944421],[6.683921406431347,43.955555267371615],[6.68392,43.955555],[6.689651,43.944419],[6.689042237832112,43.94250076215888]],[[6.55928414000729,43.91483587272324],[6.556671019347403,43.91305499727882],[6.557113,43.913064],[6.55928414000729,43.91483587272324]],[[6.527515,43.938236],[6.529462,43.936081],[6.528955,43.93129],[6.5307,43.925735],[6.528966,43.920734],[6.531655,43.914387],[6.529791,43.91172],[6.533936,43.907791],[6.531439,43.902767],[6.529979,43.902496],[6.531612,43.901531],[6.531976,43.898956],[6.527593,43.896149],[6.529917,43.895554],[6.529843,43.893147],[6.52665,43.889591],[6.529671,43.890694],[6.532936,43.888836],[6.533622,43.886154],[6.529643,43.885899],[6.53091,43.881615],[6.525284,43.883663],[6.521513,43.883232],[6.525793,43.882393],[6.524943,43.881138],[6.526388,43.878643],[6.523718,43.876984],[6.525829,43.876259],[6.52355,43.87466],[6.521643,43.875607],[6.51878,43.874088],[6.530087,43.875355],[6.537402,43.878544],[6.541742,43.878368],[6.539982,43.879791],[6.541787,43.880836],[6.539079,43.882397],[6.540042,43.883343],[6.536371,43.887417],[6.537984,43.888073],[6.537566,43.890003],[6.534241,43.89159],[6.539484,43.895317],[6.536797,43.895496],[6.539712,43.901932],[6.541373,43.902065],[6.54008,43.902943],[6.540935,43.907135],[6.542953,43.909412],[6.550295348369606,43.9120344248157],[6.549328,43.911896],[6.543053,43.912807],[6.539749,43.911098],[6.534873,43.917091],[6.536439,43.918297],[6.53374,43.920845],[6.530836,43.932877],[6.531279,43.935204],[6.537055,43.937859],[6.536376,43.938499],[6.531584,43.935677],[6.528353,43.939674],[6.52584,43.93956],[6.525393,43.944077],[6.518495,43.948723],[6.519032,43.950878],[6.517653,43.949673],[6.515314,43.950813],[6.513045,43.953499],[6.5135,43.955349],[6.512022705325415,43.95546586509596],[6.512021,43.955463],[6.509777,43.955437],[6.517224,43.942806],[6.524596,43.938629],[6.527515,43.938236]],[[6.514306,43.959299],[6.514305989888098,43.95930198301112],[6.5131635,43.9573825],[6.514306,43.959299]],[[6.546213,43.999757],[6.544818,43.996631],[6.540682,43.993302],[6.54019,43.989331],[6.536038,43.986028],[6.535693,43.983541],[6.531803,43.980403],[6.528526,43.974249],[6.526108,43.972206],[6.521724,43.971447],[6.514291,43.963727],[6.5142910101338085,43.963724010526455],[6.521724,43.971445],[6.526108,43.972205],[6.528526,43.974248],[6.531803,43.980402],[6.535693,43.983539],[6.536038,43.986027],[6.54019,43.989328],[6.540682,43.9933],[6.544818,43.996629],[6.546213,43.999754],[6.548719,44.000884],[6.549693,44.00352],[6.559004,44.00589],[6.560224,44.007197],[6.561581,44.014032],[6.561580690252165,44.01403243984786],[6.560224,44.007199],[6.559004,44.005893],[6.549693,44.003523],[6.548719,44.000886],[6.546213,43.999757]],[[6.554994,44.028165],[6.554994177043679,44.02816213002879],[6.560153,44.031951],[6.563075,44.037528],[6.563753,44.044143],[6.565526,44.044261],[6.572403,44.053018],[6.572402874356148,44.053018840026525],[6.565526,44.044263],[6.563753,44.044145],[6.563075,44.03753],[6.560153,44.031953],[6.554994,44.028165]],[[6.571932,44.056168],[6.571932128974491,44.056167137705586],[6.575817,44.060315],[6.575816684911298,44.06031566358097],[6.571932,44.056168]],[[6.57294,44.066375],[6.572940206910723,44.06637456424328],[6.573581,44.068122],[6.573580422716394,44.06812242485331],[6.57294,44.066375]],[[6.571392,44.069734],[6.571392479670313,44.069733647204565],[6.572898,44.071765],[6.572897765359078,44.071765683406134],[6.571392,44.069734]],[[6.56204,44.083963],[6.562040657578238,44.08396250372841],[6.564889,44.090476],[6.56488890229692,44.09047677661008],[6.56204,44.083963]],[[6.564285,44.095279],[6.564285228353512,44.09527718451396],[6.573588,44.102794],[6.573588137967966,44.102794303629324],[6.564285,44.095279]],[[6.57718,44.105334],[6.58087,44.108163],[6.5808696732564655,44.10816474942872],[6.577181,44.105336],[6.574694,44.105229],[6.574191892357648,44.10412299999866],[6.574694,44.105228],[6.57718,44.105334]],[[6.598276,44.147191],[6.592941,44.138178],[6.589929,44.136065],[6.58911,44.133714],[6.58141,44.130165],[6.579588,44.115029],[6.579588146402812,44.115028216139706],[6.58141,44.130162],[6.58911,44.133711],[6.589929,44.136062],[6.592941,44.138175],[6.598276,44.147188],[6.598764,44.151158],[6.603529,44.154585],[6.605152,44.158709],[6.608347,44.159844],[6.61141,44.162936],[6.611409960474898,44.16293696010068],[6.608347,44.159845],[6.605152,44.158711],[6.603529,44.154588],[6.598764,44.151161],[6.598276,44.147191]],[[6.61674,44.17138],[6.6113,44.16561],[6.611300078861724,44.16560808366011],[6.61674,44.171379],[6.619266,44.178109],[6.623218,44.178501],[6.62484,44.18203],[6.631297,44.184393],[6.633588,44.189225],[6.633587429834275,44.18922679745055],[6.631297,44.184396],[6.62484,44.182033],[6.623218,44.178503],[6.619266,44.17811],[6.61674,44.17138]],[[6.632211,44.193569],[6.632211696617794,44.1935668039086],[6.636269,44.198249],[6.636268658780688,44.19824945292219],[6.632211,44.193569]],[[6.634873,44.200105],[6.6348734470386095,44.20010440672185],[6.636554,44.209152],[6.636553753974666,44.20915367547337],[6.634873,44.200105]],[[6.571635,44.281917],[6.5716352560800955,44.281916635955824],[6.573083,44.285512],[6.573082718160698,44.285512300073115],[6.571635,44.281917]],[[6.569620142442106,44.295616038736576],[6.583119,44.299287],[6.599941,44.296908],[6.606195,44.300431],[6.60640048600948,44.303192999992646],[6.606195,44.300433],[6.599941,44.29691],[6.583119,44.29929],[6.56962,44.295617],[6.569620142442106,44.295616038736576]],[[6.611392,44.320763],[6.61204,44.322355],[6.615406,44.322988],[6.615405565721102,44.32298891833079],[6.61204,44.322356],[6.611392,44.320764],[6.607576,44.318982],[6.607575881762886,44.31898041188977],[6.611392,44.320763]],[[6.616753,44.338432],[6.613426,44.332034],[6.61312,44.327823],[6.613120062987966,44.32782286680498],[6.613426,44.332033],[6.616753,44.338431],[6.619829,44.340894],[6.620824,44.35005],[6.624577,44.354882],[6.624647,44.359015],[6.626729,44.362196],[6.626728883970574,44.3621988226678],[6.624647,44.359017],[6.624577,44.354885],[6.620824,44.350052],[6.619829,44.340896],[6.616753,44.338432]],[[7.576767652347772,44.19766769986716],[7.569213178749605,44.191145821267774],[7.576768,44.197667],[7.576767652347772,44.19766769986716]],[[7.574025264812869,44.20318946689877],[7.574882,44.2047],[7.574881679048727,44.20470143374758],[7.574025,44.20319],[7.574025264812869,44.20318946689877]],[[7.530662276155356,44.24744936125545],[7.531242,44.250307],[7.531241681458828,44.250307429811706],[7.530662,44.24745],[7.530662276155356,44.24744936125545]],[[7.520469621258596,44.26051437872469],[7.5221285412283505,44.25979017582412],[7.521835,44.260194],[7.520469621258596,44.26051437872469]],[[7.517923,44.263062],[7.518599,44.261331],[7.518757219259965,44.261261929249706],[7.517923,44.263062]],[[7.492394969986261,44.31117375928696],[7.492721,44.310756],[7.497978192421021,44.3084320391374],[7.492394969986261,44.31117375928696]],[[7.489053,44.315456],[7.489053868779097,44.31545488678796],[7.493413138141893,44.319904519137545],[7.493398,44.319897],[7.489053,44.315456]],[[7.498686847680096,44.32252397849311],[7.493490746512308,44.31994306733033],[7.49613,44.320389],[7.498686847680096,44.32252397849311]],[[7.591529355030649,43.80734163156949],[7.591569,43.806989],[7.597447044382364,43.800992338137306],[7.591529355030649,43.80734163156949]],[[7.580483555956959,43.835453029612474],[7.580265,43.835105],[7.58077173352214,43.83089721276487],[7.580483555956959,43.835453029612474]],[[7.582607436057283,43.838452424283666],[7.58224,43.83825],[7.581499043833031,43.837070097648045],[7.582607436057283,43.838452424283666]],[[7.5899053933213265,43.842472943615064],[7.586741574915302,43.84072996368215],[7.590093,43.841987],[7.5899053933213265,43.842472943615064]],[[7.586905671099811,43.84536740433983],[7.589671180436328,43.84307960781718],[7.589295,43.844054],[7.586905671099811,43.84536740433983]],[[7.576321495489369,43.85017275659163],[7.583502259565009,43.847238245763],[7.577785,43.850381],[7.576321495489369,43.85017275659163]],[[7.577902337044725,43.8584113629734],[7.575474,43.856078],[7.571612,43.855601],[7.571612288697105,43.855600035582555],[7.575474,43.856076],[7.577903,43.85841],[7.577902337044725,43.8584113629734]],[[7.54127887358327,43.88036285521129],[7.541073,43.87687],[7.537915,43.87622],[7.537915881327686,43.87621818140057],[7.541073,43.876868],[7.541279,43.880363],[7.54127887358327,43.88036285521129]],[[7.534923977869911,43.88141017382023],[7.540515,43.882404],[7.5405144018507695,43.882405893676626],[7.534923,43.881412],[7.534923977869911,43.88141017382023]],[[7.539652612925204,43.88513306179272],[7.539969814218402,43.88412999999766],[7.539653,43.885133],[7.539652612925204,43.88513306179272]],[[7.5314704266336685,43.89076293539667],[7.532831,43.893746],[7.532830424009415,43.89374673671426],[7.53147,43.890763],[7.5314704266336685,43.89076293539667]],[[7.524374455684543,43.89975803711875],[7.528327,43.90008],[7.528326820249144,43.90008098535801],[7.524374,43.899759],[7.524374455684543,43.89975803711875]],[[7.522021047269176,43.902745981170675],[7.526694,43.907124],[7.526693471821226,43.907124505157284],[7.52202,43.902746],[7.522021047269176,43.902745981170675]],[[7.516108,43.917827],[7.516154,43.91921],[7.519896,43.922713],[7.516154,43.919211],[7.516108,43.917827]],[[7.520424,43.926504],[7.522617,43.928995],[7.52261633173421,43.92899524092563],[7.520424,43.926505],[7.519896,43.922713],[7.520424,43.926504]],[[7.519969807209478,43.94690371436911],[7.517638,43.943449],[7.51997,43.946903],[7.519969807209478,43.94690371436911]],[[7.525389,43.965137],[7.521136,43.957645],[7.519213,43.949708],[7.521137,43.957645],[7.525531133547179,43.96522082602774],[7.525389,43.965137]],[[7.538967,43.971001],[7.542113,43.978128],[7.546998,43.983799],[7.550289,43.984801],[7.550287770971121,43.984801626175056],[7.546998,43.983801],[7.542113,43.97813],[7.538967,43.971003],[7.531332,43.968642],[7.526712556658717,43.96591759331799],[7.538967,43.971001]],[[7.54712805630976,43.98641346148914],[7.548613,43.988468],[7.548612400032449,43.988469169896845],[7.547127,43.986414],[7.54712805630976,43.98641346148914]],[[7.550689828652699,43.99339206598978],[7.549023,43.994034],[7.546356,43.992871],[7.546356838221552,43.99286936552368],[7.549023,43.994032],[7.55069,43.993391],[7.550689828652699,43.99339206598978]],[[7.556078,44.009117],[7.56391,44.01638],[7.556078,44.009118],[7.553745,44.001263],[7.550134,43.996852],[7.550134268642305,43.99685032823314],[7.553745,44.001262],[7.556078,44.009117]],[[7.570785,44.023774],[7.577784,44.028271],[7.5777836472794675,44.02827277331948],[7.570785,44.023775],[7.569033,44.021078],[7.565518,44.020682],[7.565364139025783,44.02027036448316],[7.569033,44.021077],[7.570785,44.023774]],[[7.582155940112562,44.03084838315038],[7.580413,44.029834],[7.577421,44.030098],[7.5774214049146185,44.03009596427224],[7.580413,44.029832],[7.582157,44.030847],[7.582155940112562,44.03084838315038]],[[7.580285,44.036269],[7.586356,44.043405],[7.586631,44.047168],[7.589707,44.051239],[7.589706861077229,44.0512408161396],[7.586631,44.04717],[7.586356,44.043407],[7.580285,44.036271],[7.580216,44.033382],[7.580216046323573,44.03338193954786],[7.580285,44.036269]],[[7.58733444254552,44.05744655100338],[7.590187,44.067444],[7.590186663759303,44.06744482156651],[7.587334,44.057447],[7.58733444254552,44.05744655100338]],[[7.596459,44.072814],[7.598632,44.073001],[7.598631939389602,44.073001994811996],[7.596459,44.072816],[7.593678,44.070496],[7.58903,44.070273],[7.5890308027725535,44.070271038515116],[7.593678,44.070494],[7.596459,44.072814]],[[7.593957,44.084484],[7.594903860231255,44.083271000019145],[7.593958,44.084483],[7.596601,44.089347],[7.596600295745318,44.08934770416073],[7.593957,44.084484]],[[7.564511254809331,44.110806926772085],[7.567997,44.123485],[7.567996989482934,44.123485961748166],[7.564511,44.110807],[7.564511254809331,44.110806926772085]],[[7.567996376684243,44.12354199999985],[7.567941,44.128606],[7.567635896479392,44.1289959999938],[7.56794,44.128607],[7.567996376684243,44.12354199999985]],[[7.568192,44.13222],[7.566543,44.130394],[7.566543419022373,44.130393463999305],[7.568192,44.132219],[7.569474,44.139095],[7.568192,44.13222]],[[7.5631759352882,44.1490528759926],[7.559931,44.154182],[7.569474,44.139095],[7.5631759352882,44.1490528759926]],[[5.701532,45.191723],[5.700874937061227,45.1929440082772],[5.700648,45.163672],[5.701532,45.191723]],[[5.682919,44.891877],[5.684038,44.894819],[5.681933638378945,44.891814071921395],[5.682919,44.891877]],[[5.680630298077406,44.888833139211116],[5.680799325471292,44.89019432716269],[5.680346,44.889547],[5.680630298077406,44.888833139211116]],[[5.688979,44.880627],[5.681311285450952,44.88712320790192],[5.681806,44.885881],[5.688979,44.880627]],[[5.728294,44.866546],[5.72278819103575,44.86506157164674],[5.722997,44.865001],[5.728294,44.866546]],[[5.839373,44.851334],[5.84100478139313,44.8508771391702],[5.84965038810436,44.84845605574127],[5.849634,44.848528],[5.84105296211924,44.8508746747637],[5.839373,44.851334]],[[5.863,44.83271],[5.855733903245772,44.83445671342594],[5.855694,44.834335],[5.863,44.83271]],[[5.869881,44.829354],[5.866612862966163,44.828591532569824],[5.86668,44.828515],[5.869881,44.829354]],[[5.876153,44.827259],[5.876132211290397,44.82725816984488],[5.878664463004282,44.82618854035883],[5.876153,44.827259]],[[5.883219,44.822076],[5.883479958754743,44.82210817651772],[5.880057,44.825595],[5.879918252090587,44.825654138453196],[5.883219,44.822076]],[[5.89704832615156,44.815521791976224],[5.888296,44.822702],[5.896536,44.815431],[5.89704832615156,44.815521791976224]],[[5.903735,44.817366],[5.899428659717535,44.81594362324108],[5.905982899402642,44.817105134071355],[5.903735,44.817366]],[[5.922564,44.801434],[5.92311,44.800426],[5.919372,44.798012],[5.924415,44.796185],[5.922698,44.793419],[5.92039,44.793114],[5.922727,44.791656],[5.918548,44.785721],[5.919881,44.783585],[5.918346,44.781235],[5.920392,44.783783],[5.922828,44.789692],[5.923259,44.791626],[5.921922,44.792698],[5.925976,44.795876],[5.922641,44.798229],[5.925371,44.80024],[5.923901,44.804195],[5.925377,44.808342],[5.923504,44.812336],[5.946488,44.804916],[5.950977,44.799091],[5.954426,44.798256],[5.959066,44.799034],[5.959887,44.795757],[5.967912,44.794685],[5.971180221280128,44.7937679395569],[5.969466,44.794632],[5.960931,44.796166],[5.960189,44.799465],[5.954663,44.799593],[5.945236,44.811145],[5.938775,44.81457],[5.924366,44.816892],[5.917679,44.816027],[5.915464,44.819044],[5.912727,44.81786],[5.908435,44.817943],[5.908093131121689,44.81747909918612],[5.908307,44.817517],[5.914937,44.814754],[5.920375,44.806461],[5.918034,44.800426],[5.922564,44.801434]],[[5.975381,44.791166],[5.97846116740147,44.79002780480784],[5.978469,44.790094],[5.975072190986684,44.791806175863876],[5.975381,44.791166]],[[6.079709,44.480294],[6.079475889090563,44.487918413725446],[6.078861,44.484841],[6.079709,44.480294]],[[6.403705,45.094776],[6.40373645371999,45.09450092163352],[6.403811553436823,45.09485783686939],[6.403705,45.094776]],[[6.422145,45.1619],[6.42216482694512,45.161520994437254],[6.431191,45.170644],[6.422145,45.1619]],[[6.440754,45.21517],[6.440877596996458,45.21611103133752],[6.434936,45.208475],[6.434824367401617,45.20726223892498],[6.440754,45.21517]],[[6.448909,45.228817],[6.449647,45.224478],[6.450306203341049,45.22389256286426],[6.448909,45.228817]],[[6.442928,45.235016],[6.434189,45.23628],[6.442928,45.235015],[6.448909,45.228817],[6.442928,45.235016]],[[6.472634130856605,45.216129686679054],[6.452155426591555,45.2222502714866],[6.453159,45.221359],[6.472634130856605,45.216129686679054]],[[6.592409,45.202449],[6.594192,45.200882],[6.592409,45.20245],[6.585256,45.203271],[6.592409,45.202449]],[[6.659443,45.194409],[6.640995,45.191004],[6.652814,45.192448],[6.659443,45.194409]],[[6.677818,45.207065],[6.676753131905865,45.20633155942316],[6.678124548966817,45.207061104488034],[6.677818,45.207065]],[[6.694387,45.210578],[6.70166,45.209671],[6.714479359479767,45.21585352324179],[6.713826,45.215919],[6.70166,45.209672],[6.694387,45.210578]],[[6.717538,45.215547],[6.715767155035515,45.21572446614407],[6.722246284853919,45.21309853217158],[6.717538,45.215547]],[[6.761368,45.223475],[6.767903,45.226021],[6.761368,45.223476],[6.76101,45.220218],[6.761368,45.223475]],[[6.794449,45.239567],[6.7927373760024805,45.243312177274944],[6.792737,45.243312],[6.7944486101521555,45.23956685301988],[6.794449,45.239567]],[[6.811817,45.263088],[6.803661,45.261629],[6.811817,45.263087],[6.813574,45.266285],[6.816656,45.267845],[6.813573,45.266285],[6.811817,45.263088]],[[6.814064,45.270545],[6.814064549706199,45.270544427389375],[6.816738,45.272623],[6.814064,45.270545]],[[6.814132,45.275853],[6.814132024856426,45.27585199514841],[6.81841,45.275017],[6.814132,45.275853]],[[6.846487,45.28591],[6.833447118113864,45.28417639712089],[6.8512913494251855,45.285773837170325],[6.846487,45.28591]],[[6.8563343597282715,45.28563091031547],[6.869765,45.283796],[6.869810695556945,45.28380013847539],[6.869765,45.283797],[6.860036,45.285526],[6.8563343597282715,45.28563091031547]],[[6.88961,45.28516],[6.888175430214394,45.285061470465216],[6.8935494622066695,45.283173297062525],[6.88961,45.28516]],[[6.906685,45.235831],[6.916661,45.234175],[6.921918,45.231429],[6.923352,45.228758],[6.930942,45.225873],[6.926115,45.228618],[6.928868,45.229311],[6.927847,45.230871],[6.921135,45.233062],[6.925245,45.231847],[6.92316,45.233422],[6.926004,45.234814],[6.93008,45.232544],[6.930775,45.22964],[6.940498,45.228715],[6.946172,45.224529],[6.958194,45.225403],[6.960655,45.225603],[6.958921,45.228685],[6.956633,45.229288],[6.954415,45.233494],[6.945813,45.240099],[6.930343,45.24479],[6.92346,45.249011],[6.918611,45.248915],[6.918859,45.247775],[6.91344,45.249192],[6.911853,45.250898],[6.910877,45.249332],[6.908682,45.250147],[6.908535472838915,45.25035003912663],[6.906209,45.24146],[6.908636,45.23767],[6.905115,45.236635],[6.904332,45.234307],[6.906685,45.235831]],[[6.957190700492897,45.213956462129886],[6.957121885939308,45.21427661994995],[6.957104,45.214091],[6.957190700492897,45.213956462129886]],[[6.966813,45.205308],[6.975264,45.205354],[6.966813,45.205309],[6.961664,45.207015],[6.966813,45.205308]],[[7.014013,45.188647],[7.013695608102783,45.189435686735635],[7.012053023476716,45.183606632020954],[7.014013,45.188647]],[[7.01338,45.180141],[7.012052162432864,45.183603576426954],[7.012052,45.183603],[7.01338,45.180141]],[[7.01255,45.171857],[7.010619909973958,45.17580482481141],[7.010536,45.175673],[7.01255,45.171857]],[[7.011888163776636,45.168552817646194],[7.011888,45.168552],[7.017063,45.16279],[7.018441,45.156452],[7.017063,45.162791],[7.011888163776636,45.168552817646194]],[[7.0575952603587195,45.13638876233662],[7.054977,45.142409],[7.057439,45.136473],[7.0575952603587195,45.13638876233662]],[[7.0639153146569615,45.13411181640017],[7.058169729125801,45.13607907466523],[7.060522,45.134811],[7.0639153146569615,45.13411181640017]],[[7.088582070626077,45.13739348311216],[7.066163777773662,45.13364852646247],[7.066938,45.133489],[7.088582070626077,45.13739348311216]],[[7.121987,45.132506],[7.126036,45.132906],[7.121987,45.132507],[7.112105,45.133727],[7.121987,45.132506]],[[7.167134,45.131743],[7.162811,45.135693],[7.167134,45.131742],[7.171927,45.132546],[7.1799580000057555,45.13143057137417],[7.171926,45.132547],[7.167134,45.131743]],[[7.223758,45.121215],[7.23202,45.122117],[7.223758,45.121216],[7.219396,45.123344],[7.223758,45.121215]],[[7.254070609339173,45.11260788785557],[7.243907,45.115385],[7.252791,45.112681],[7.254070609339173,45.11260788785557]],[[7.329934,45.110776],[7.3424084999999994,45.111394],[7.329934,45.110777],[7.324108333333333,45.109752],[7.329934,45.110776]],[[6.488739,44.553049],[6.488333154759481,44.55279140302947],[6.495115,44.553527],[6.488739,44.553049]],[[6.518798,44.574711],[6.5176908055434915,44.56782221646644],[6.517919,44.568009],[6.518798,44.574711]],[[6.602122,44.668138],[6.598879007495012,44.663145810184474],[6.600125,44.663876],[6.602122,44.668138]],[[6.605133,44.669239],[6.60521707161644,44.669566780062745],[6.602122,44.668138],[6.605133,44.669239]],[[6.60752910744425,44.67986848537396],[6.606268696213087,44.67366687461156],[6.607505,44.678487],[6.60752910744425,44.67986848537396]],[[6.3532290999938255,45.287306793559075],[6.354418,45.296742],[6.354417892787575,45.29674214915354],[6.353229,45.287307],[6.3532290999938255,45.287306793559075]],[[6.287316,45.36942],[6.286271,45.360226],[6.286432811424145,45.360147014460004],[6.287316,45.36942]],[[6.271878,45.422769],[6.274632,45.408969],[6.274963,45.387561],[6.274632,45.40897],[6.272109502377429,45.42338776666741],[6.271878,45.422769]],[[6.272294258127095,45.42388158751182],[6.27843738153646,45.4283967266699],[6.278439446863498,45.42839824448222],[6.272581,45.424648],[6.272294258127095,45.42388158751182]],[[6.290742,45.454019],[6.292004,45.457359],[6.289253,45.476687],[6.292003,45.457359],[6.290742,45.454019]],[[6.306277,45.507036],[6.308379,45.507517],[6.311977,45.512943],[6.314588,45.519959],[6.314587934468222,45.51995982393511],[6.311977,45.512945],[6.308379,45.50752],[6.306277,45.507038],[6.289253,45.476687],[6.306277,45.507036]],[[8.602388,46.888647],[8.601038,46.889088],[8.601020467537102,46.889089629523234],[8.602388,46.888647]],[[8.605776977707992,46.89249331836057],[8.604589,46.891638],[8.604969404928521,46.891576764084675],[8.605776977707992,46.89249331836057]],[[6.885582,46.374741],[6.885581297063797,46.3747416058358],[6.886437016113032,46.36784499999879],[6.885582,46.374741]],[[6.881832,46.357442],[6.881832123003419,46.35743915199777],[6.886944,46.363756],[6.88694367745629,46.363758601426326],[6.881832,46.357442]],[[6.882447959427968,46.35376930325415],[6.881832174457616,46.3574379606352],[6.881975,46.354131],[6.882447959427968,46.35376930325415]],[[6.895351624927044,46.34104951791373],[6.888367068094923,46.349224613536435],[6.894647,46.341366],[6.895351624927044,46.34104951791373]],[[6.929513,46.330574],[6.922162824832716,46.33738387774358],[6.929581149856891,46.330418448246924],[6.929513,46.330574]],[[6.932398,46.323989],[6.9323978871839085,46.323989257502234],[6.932397765782948,46.323986306310964],[6.932398,46.323989]],[[6.936823808059289,46.29802357165462],[6.932067759241501,46.315964026948116],[6.932049,46.315508],[6.936823808059289,46.29802357165462]],[[6.980175,46.265544],[6.973297507428759,46.261975408341186],[6.973323308212138,46.26195451879878],[6.980175,46.265544]],[[6.987995435118977,46.26748338848063],[6.986857,46.267396],[6.980175,46.265544],[6.987995435118977,46.26748338848063]],[[6.987072856018345,46.252542937612205],[6.97585652458016,46.259903506239695],[6.979145,46.257241],[6.987072856018345,46.252542937612205]],[[7.0026249875287165,46.22507424264861],[7.002585650632559,46.23214800000003],[7.002624,46.225075],[7.0026249875287165,46.22507424264861]],[[7.011413,46.206308],[7.011413290636086,46.2063078466458],[7.007709,46.221173],[7.00770868794113,46.22117323932288],[7.011413,46.206308]],[[7.028953,46.179217],[7.034469,46.183542],[7.034268491720477,46.18437999999874],[7.034468,46.183545],[7.028953,46.17922],[7.027444,46.175516],[7.027444603540758,46.175514481454584],[7.028953,46.179217]],[[7.033142,46.161179],[7.033140996515477,46.16118152438525],[7.033140827301045,46.16115842771406],[7.033142,46.161179]],[[7.033611989117754,46.150062741973734],[7.033069798577715,46.151463468204966],[7.033064,46.150672],[7.033611989117754,46.150062741973734]],[[7.043364925443983,46.14369705313462],[7.035032661692779,46.1484832285473],[7.036418,46.146943],[7.043364925443983,46.14369705313462]],[[7.0688275430771785,46.120879871749175],[7.066333123145889,46.12437236317193],[7.067286,46.121854],[7.0688275430771785,46.120879871749175]],[[7.081113920800651,46.12228647439833],[7.069350608533145,46.1205493374649],[7.069617,46.120381],[7.081113920800651,46.12228647439833]],[[7.554639,46.287825],[7.554522030986272,46.29535100628501],[7.554522,46.295351],[7.554638969303977,46.28782497503982],[7.554639,46.287825]],[[7.632925,46.311957],[7.633292369900719,46.311973835376556],[7.624842,46.315073],[7.623371344506944,46.31508513078493],[7.632925,46.311957]],[[7.669877275062935,46.306217305563685],[7.649973282511466,46.31028264497735],[7.666164,46.306515],[7.669877275062935,46.306217305563685]],[[7.67587464741989,46.306131331267046],[7.672193187242482,46.30603163815173],[7.674384,46.305856],[7.67587464741989,46.306131331267046]],[[7.89746058047409,46.29641729429845],[7.8826404144546665,46.30166270680895],[7.896109,46.296591],[7.89746058047409,46.29641729429845]],[[7.930183885290126,46.29895846419338],[7.899664889430955,46.29613399556698],[7.901151,46.295943],[7.930183885290126,46.29895846419338]],[[8.530414774704644,46.90925811547205],[8.549021,46.912763],[8.532614,46.910397],[8.530414774704644,46.90925811547205]],[[8.521418,46.900939],[8.52960235804208,46.90883739970036],[8.527798,46.907903],[8.521418,46.900939]],[[9.533975,46.13878],[9.535937698521339,46.139070871953194],[9.523021,46.138751],[9.533975,46.13878]],[[9.581756,46.140036],[9.581925263192955,46.14007611024754],[9.581490183294433,46.140300493823055],[9.581756,46.140036]],[[9.611411,46.143117],[9.619438510033284,46.145424127918766],[9.611079183958568,46.14316475708814],[9.611411,46.143117]],[[9.62375535578473,46.14627770661243],[9.622742,46.146317],[9.622283849802539,46.14619317049713],[9.62375535578473,46.14627770661243]],[[9.627677,46.146503],[9.632528,46.153422],[9.626899089245667,46.14645831003338],[9.627677,46.146503]],[[9.662147775978895,46.16009180009423],[9.660203,46.160087],[9.632528,46.153422],[9.662147775978895,46.16009180009423]],[[9.69882267812701,46.1596731282643],[9.708801,46.159512],[9.728605,46.160247],[9.69899702400329,46.1601827513733],[9.671172336528032,46.160114074506026],[9.69882267812701,46.1596731282643]],[[10.063077,46.150571],[10.064039962539487,46.1508248200769],[10.05169,46.15148],[10.063077,46.150571]],[[10.07101,46.152662],[10.080069,46.157265],[10.080123371104042,46.157318439741914],[10.067961551378831,46.151858482280744],[10.07101,46.152662]],[[10.09756,46.163243],[10.094179,46.163953],[10.094158725252576,46.163945053882834],[10.09756,46.163243]],[[10.098847,46.156252],[10.100978,46.160097],[10.100713866345417,46.160340114241464],[10.098847,46.156252]],[[10.315623378624856,45.967108557616505],[10.315834,45.967148],[10.31816,45.972265],[10.315623378624856,45.967108557616505]],[[10.232543,45.923613],[10.229594,45.915401],[10.231506,45.920621],[10.231506637594155,45.9206209784729],[10.233924218893899,45.9243310780032],[10.232543,45.923613]],[[10.536229,45.813066],[10.533226,45.822483],[10.533021253927513,45.82269019689829],[10.536229,45.813066]],[[10.535102,45.80951],[10.535616965257642,45.809882607901024],[10.530812,45.809417],[10.535102,45.80951]],[[10.54852019227747,45.819218857803115],[10.538404,45.812725],[10.536778473017032,45.81072302764162],[10.54852019227747,45.819218857803115]],[[10.55006,45.820333],[10.55030220204569,45.82193992196265],[10.549952029003466,45.820254876581394],[10.55006,45.820333]],[[10.5986,45.878726],[10.600043,45.885015],[10.598528818377734,45.87869669715507],[10.5986,45.878726]],[[11.104506,46.084048],[11.113080322011637,46.07923130432157],[11.112088,46.080281],[11.102525973715588,46.085088375896994],[11.104136156758486,46.08385590256256],[11.104506,46.084048]],[[11.115905207077738,46.07567333337392],[11.115772,46.076384],[11.115240049038816,46.07694670708353],[11.115905207077738,46.07567333337392]],[[11.11184,46.062426],[11.116354,46.073279],[11.116143482732381,46.07440212047415],[11.11184,46.062426]],[[11.122056110875208,46.037428838967664],[11.121749,46.03892],[11.117418,46.043184],[11.110707,46.050858],[11.122056110875208,46.037428838967664]],[[11.122884676438815,46.02801477731201],[11.123098,46.03237],[11.122898808880587,46.03333716221806],[11.122884676438815,46.02801477731201]],[[11.009942751342283,45.771917427488575],[11.010566,45.772598],[11.018245,45.787487],[11.009942751342283,45.771917427488575]],[[10.998006,45.764097],[11.007413,45.769155],[11.008844742210115,45.77071842798269],[10.998006,45.764097]],[[10.94315,45.728724],[10.942622962385252,45.727949430367055],[10.953703,45.734259],[10.94315,45.728724]],[[10.845497,45.599546],[10.844915921510198,45.59812290588724],[10.848533,45.603547],[10.845497,45.599546]],[[10.842847,45.593056],[10.843604,45.58542],[10.843766601646575,45.59530815648538],[10.842847,45.593056]],[[10.836217048304244,45.582344243394],[10.837258,45.58234],[10.838438887672247,45.582913138044525],[10.836217048304244,45.582344243394]],[[10.104269,45.830003],[10.111080289598343,45.83554241404406],[10.109736,45.834989],[10.104269,45.830003]],[[10.117912272360606,45.83835498896402],[10.127295,45.840701],[10.122581,45.840277],[10.117912272360606,45.83835498896402]],[[9.394869641350855,45.84736892881335],[9.396137703392393,45.84604130766322],[9.395427,45.847172],[9.394869641350855,45.84736892881335]],[[9.565048,47.285192],[9.557335677924092,47.294323552870644],[9.557293,47.294191],[9.565048,47.285192]],[[9.590746,47.237795],[9.590829972262497,47.23774445442728],[9.565048,47.285192],[9.590746,47.237795]],[[9.606366686983801,47.22888182483184],[9.591224226574608,47.237507140230775],[9.605344,47.229008],[9.606366686983801,47.22888182483184]],[[9.732689457778807,47.179518415075144],[9.724813853180578,47.18338505651682],[9.725839,47.182601],[9.732689457778807,47.179518415075144]],[[9.739392607475896,47.177292350234495],[9.7355268453532,47.17824164081491],[9.737155,47.177509],[9.739392607475896,47.177292350234495]],[[9.807061,47.158922],[9.77759,47.173596],[9.777280479201726,47.17362396844133],[9.77759,47.173594],[9.807061,47.158922]],[[9.831122,47.13801],[9.836886,47.134817],[9.85055,47.140054],[9.836886,47.134819],[9.831122,47.138013],[9.816165,47.152425],[9.809161,47.155032],[9.816164,47.152424],[9.831122,47.13801]],[[9.865088,47.143043],[9.871189,47.142146],[9.890853,47.143849],[9.906442,47.141921],[9.912697,47.142869],[9.919918,47.141774],[9.928721,47.137948],[9.94733,47.134927],[9.928721,47.13795],[9.919918,47.141776],[9.912697,47.142871],[9.906442,47.141923],[9.890853,47.14385],[9.871189,47.142148],[9.865088,47.143045],[9.85055,47.140054],[9.865088,47.143043]],[[9.959775,47.130273],[9.962077,47.128331],[9.970096,47.128841],[9.978483074832768,47.1274620462227],[9.978244,47.127601],[9.970096,47.128843],[9.962077,47.128333],[9.959775,47.130275],[9.94733,47.134927],[9.959775,47.130273]],[[9.984600229481483,47.12396427207854],[9.984419,47.124012],[9.984198849702699,47.124139954561464],[9.984419,47.12401],[9.984600229481483,47.12396427207854]],[[9.99529074550933,47.123019947999566],[9.99069238490009,47.12242709610581],[9.990883,47.122379],[9.99529074550933,47.123019947999566]],[[10.030655,47.12755],[10.0359648116065,47.1272522641255],[10.040193,47.127015],[10.035965120122,47.1272531333628],[10.030655,47.127552],[10.023349,47.125489],[10.011626,47.125126],[10.007979432509485,47.12465585974216],[10.023349,47.125487],[10.030655,47.12755]],[[10.060551,47.128525],[10.068811,47.130587],[10.080144,47.130962],[10.086565,47.129841],[10.080144,47.130964],[10.06881,47.13059],[10.060551,47.128527],[10.040193,47.127015],[10.060551,47.128525]],[[10.093049,47.130697],[10.102383,47.129192],[10.114126,47.131388],[10.121446,47.130617],[10.121447020207693,47.13061716057543],[10.114126,47.131391],[10.102383,47.129194],[10.093049,47.130698],[10.086565,47.129841],[10.093049,47.130697]],[[10.125275440097045,47.13205668212],[10.121471130629246,47.13062095543147],[10.124394,47.131081],[10.125275440097045,47.13205668212]],[[10.131845,47.134536],[10.131036714806296,47.13423095735445],[10.13234383123675,47.134517507055456],[10.131845,47.134536]],[[10.15627641997644,47.13750923928153],[10.156123,47.137512],[10.138103,47.134304],[10.137065705761684,47.134342455139546],[10.138124,47.134256],[10.15627641997644,47.13750923928153]],[[10.221700390027724,47.112089119997165],[10.221061,47.11279],[10.21621823552947,47.122455873345025],[10.220887,47.112493],[10.221700390027724,47.112089119997165]],[[10.226381668896622,47.108879562143514],[10.22469,47.108812],[10.224598863757526,47.10891190079156],[10.224652,47.10879],[10.226381668896622,47.108879562143514]],[[10.239583,47.117187],[10.245909,47.119757],[10.254895,47.12115],[10.257098806378519,47.12373932864317],[10.256822,47.123655],[10.254895,47.121152],[10.245909,47.119759],[10.239583,47.117188],[10.22860831536058,47.108994857753295],[10.228669,47.108998],[10.239583,47.117187]],[[10.274117,47.131879],[10.275898,47.134816],[10.274117,47.13188],[10.264631,47.126034],[10.26445385291093,47.12598003240813],[10.264631,47.126032],[10.274117,47.131879]],[[10.282494,47.135413],[10.282691,47.138467],[10.285498,47.138165],[10.297859,47.141277],[10.302874,47.14088],[10.305465,47.142062],[10.310615,47.141459],[10.31475,47.142986],[10.323598,47.142671],[10.332606,47.145657],[10.347168,47.145607],[10.360862,47.147981],[10.363969,47.150692],[10.380785,47.15021],[10.38385,47.151291],[10.388062,47.149457],[10.395348,47.150027],[10.395633528643165,47.149981236887044],[10.395348,47.150029],[10.388062,47.149459],[10.38385,47.151293],[10.380785,47.150212],[10.363969,47.150693],[10.360862,47.147983],[10.347168,47.145609],[10.332606,47.145659],[10.323598,47.142672],[10.31475,47.142987],[10.310615,47.141461],[10.305465,47.142064],[10.302874,47.140882],[10.297859,47.141279],[10.285498,47.138167],[10.282691,47.138469],[10.282494,47.135415],[10.275898,47.134816],[10.282494,47.135413]],[[10.41371056553902,47.14435704078346],[10.412878,47.145009],[10.410056,47.144848],[10.405953,47.148255],[10.405784381007278,47.14828320651514],[10.410056,47.144847],[10.41371056553902,47.14435704078346]],[[10.4182282441627,47.139494000000816],[10.418202,47.139775],[10.414284,47.143908],[10.413952479506731,47.144167604596795],[10.418202,47.139774],[10.4182282441627,47.139494000000816]],[[10.428805,47.131026],[10.42891302585544,47.13101078641757],[10.428805,47.131028],[10.418482956182489,47.13677646749074],[10.418483,47.136776],[10.428805,47.131026]],[[10.451256,47.128331],[10.450080700338866,47.12802968379793],[10.455905179545208,47.12720940615082],[10.451256,47.128331]],[[10.460794,47.12603],[10.45662055586394,47.12703682480154],[10.461564622810114,47.12513072846156],[10.460794,47.12603]],[[10.488093,47.117136],[10.488673966935217,47.11733097038792],[10.478984,47.118417],[10.474299,47.121001],[10.468606620349782,47.12241581260734],[10.478984,47.118415],[10.488093,47.117136]],[[10.49499548721974,47.12014308207313],[10.491973334405154,47.11843822609647],[10.494574,47.119311],[10.49499548721974,47.12014308207313]],[[10.506733,47.130389],[10.499024,47.128097],[10.499021023123772,47.128090123178055],[10.499024,47.128096],[10.506733,47.130389]],[[10.51159,47.134376],[10.5158,47.133192],[10.5159999398309,47.133285792372504],[10.515799,47.133193],[10.51159,47.134377],[10.506733,47.130389],[10.51159,47.134376]],[[10.529419501004213,47.13630078519494],[10.529143,47.136199],[10.52787605054877,47.13606884580722],[10.529143,47.136196],[10.529419501004213,47.13630078519494]],[[10.554978546361149,47.14097224794293],[10.541677,47.140813],[10.541384881845099,47.14070546583958],[10.553773,47.140612],[10.554978546361149,47.14097224794293]],[[10.564756350081522,47.143891147977165],[10.571431416401186,47.14671265461663],[10.557748005843093,47.141799832939725],[10.564756,47.143894],[10.564756350081522,47.143891147977165]],[[10.661736,47.105006],[10.658708,47.109551],[10.657925142556678,47.1100277632356],[10.662035295827279,47.10266807498242],[10.661736,47.105006]],[[10.618878,47.023972],[10.619057771938085,47.024340651265106],[10.604324,47.018341],[10.618878,47.023972]],[[10.486241229118251,46.93184129838247],[10.488589819421998,46.9339473371644],[10.4865,46.93294],[10.486241229118251,46.93184129838247]],[[10.48831,46.926139],[10.486077570852615,46.93114643039748],[10.485898,46.930384],[10.48831,46.926139]],[[10.504975,46.883933],[10.50453559051794,46.88425826195168],[10.50684410165412,46.878977816347685],[10.504975,46.883933]],[[10.506967,46.878652],[10.506950320791839,46.87869621832244],[10.505343,46.875218],[10.506967,46.878652]],[[10.509997907234851,46.864675723421975],[10.509945,46.866527],[10.505343,46.875218],[10.509997907234851,46.864675723421975]],[[10.510056,46.862643],[10.510023469687132,46.86378126788453],[10.506779,46.857248],[10.510056,46.862643]],[[10.504338465030374,46.85080941272039],[10.507943,46.855179],[10.504339,46.850868],[10.504338465030374,46.85080941272039]],[[10.504312271361625,46.84724642929887],[10.504325079932924,46.84934354174516],[10.504306,46.847254],[10.504312271361625,46.84724642929887]],[[10.506473,46.844437],[10.506400334254002,46.84452997583882],[10.505066,46.840773],[10.506473,46.844437]],[[10.516601,46.814996],[10.508285,46.825529],[10.516619416858934,46.81477823961179],[10.516601,46.814996]],[[10.526449,46.796368],[10.525651138737867,46.79765635315588],[10.526598070016185,46.794698522870796],[10.526449,46.796368]],[[10.527360110042139,46.78616422182609],[10.527065610231285,46.789462408217666],[10.52672,46.78839],[10.527360110042139,46.78616422182609]],[[10.531585,46.713487],[10.529679,46.71682],[10.531495353755544,46.71337602983684],[10.531585,46.713487]],[[10.638563,46.623329],[10.578372,46.646378],[10.611727,46.633362],[10.638563,46.623329]],[[10.708129,46.613893],[10.706163986845235,46.61440389689954],[10.711179,46.610823],[10.708129,46.613893]],[[10.714251,46.610347],[10.725482,46.610359],[10.711179,46.610823],[10.714251,46.610347]],[[10.785449247480555,46.61613345773122],[10.776082,46.616587],[10.785189,46.616106],[10.785449247480555,46.61613345773122]],[[10.874865,46.623774],[10.872240233591798,46.62298767880501],[10.879033,46.623465],[10.874865,46.623774]],[[10.890180013858913,46.62593549973375],[10.888389,46.626141],[10.879033,46.623465],[10.890180013858913,46.62593549973375]],[[10.90025,46.627623],[10.900047432866602,46.627578187228345],[10.900392513093747,46.62760508229933],[10.90025,46.627623]],[[10.915903,46.625655],[10.905578656722984,46.62695304558674],[10.909657,46.62585],[10.915903,46.625655]],[[11.004180632861456,46.64553594081624],[10.991967,46.648451],[11.003594,46.645494],[11.004180632861456,46.64553594081624]],[[11.013274587071114,46.64653562770378],[11.007931763795021,46.645804124723924],[11.012308,46.646117],[11.013274587071114,46.64653562770378]],[[11.092883,46.681264],[11.084827,46.676806],[11.093012096502875,46.68126362048065],[11.092883,46.681264]],[[11.132551,46.673538],[11.131231021715726,46.67420506840048],[11.134941839721055,46.67139010989097],[11.132551,46.673538]],[[11.30634,46.481712],[11.28901,46.487973],[11.306559314369721,46.48111483720831],[11.30634,46.481712]],[[11.30180970556529,46.45676448524611],[11.301542803739276,46.45976991501646],[11.301327,46.459074],[11.30180970556529,46.45676448524611]],[[11.316084,46.438518],[11.302387149562326,46.454001692507426],[11.302464,46.453634],[11.316084,46.438518]],[[11.29068,46.363377],[11.292625,46.377314],[11.289452893640123,46.35962255573388],[11.29068,46.363377]],[[11.287693,46.354238],[11.288840247384474,46.35774810841872],[11.286868868813416,46.35298735440438],[11.287693,46.354238]],[[11.279808,46.331076],[11.279836709868093,46.33140504160546],[11.260869,46.314467],[11.279808,46.331076]],[[11.231621,46.266867],[11.23227857459148,46.26864950553509],[11.230648714518761,46.26579725040783],[11.231621,46.266867]],[[11.208965,46.245943],[11.221715,46.255968],[11.207884635653992,46.24555680641025],[11.208965,46.245943]],[[11.091955865018875,46.09776334166666],[11.08960490603439,46.103646544647475],[11.091232,46.098864],[11.091955865018875,46.09776334166666]],[[11.099922223050235,46.08708135009872],[11.094733610801985,46.093539696422944],[11.098027,46.088532],[11.099922223050235,46.08708135009872]],[[8.787585,46.86351],[8.802011249150768,46.86421039922782],[8.794188,46.864533],[8.787585,46.86351]],[[8.806922830589581,46.86444885815164],[8.808038,46.864503],[8.808716542401308,46.86479235215904],[8.806922830589581,46.86444885815164]],[[8.825100168098317,46.868351694416276],[8.825912,46.868488],[8.826593,46.871915],[8.825100168098317,46.868351694416276]],[[8.926694222528003,47.02148907163813],[8.927536,47.021118],[8.931941,47.020805],[8.926694222528003,47.02148907163813]],[[8.95304,47.021004],[8.955881,47.019387],[8.965438,47.018987],[8.966115,47.020864],[8.968132,47.021468],[8.973679,47.020859],[8.977636,47.022537],[8.985044,47.022826],[8.98996,47.02722],[8.995362,47.026907],[9.001903,47.031548],[9.005298,47.032164],[9.00671458645551,47.034094527065264],[9.004693,47.035846],[9.000376,47.036779],[8.994326,47.03588],[8.989298,47.032479],[8.969943,47.025962],[8.961689,47.025616],[8.949516,47.026949],[8.948767,47.025483],[8.946261,47.026068],[8.948734,47.025347],[8.947344,47.023664],[8.9492,47.022464],[8.939382,47.023204],[8.949551,47.022116],[8.950826,47.020566],[8.95304,47.021004]],[[9.029683872513163,47.04895240688623],[9.035207,47.046262],[9.03005,47.049217],[9.029683872513163,47.04895240688623]],[[9.070787366172047,47.09587424200534],[9.06617347780252,47.0900194522031],[9.061012,47.083468],[9.06648286358384,47.0899948333124],[9.069627,47.093745],[9.070787366172047,47.09587424200534]],[[9.07113103978305,47.09650487421981],[9.07176,47.097659],[9.072582,47.10506],[9.07113103978305,47.09650487421981]],[[9.133652,47.126353],[9.143853,47.123311],[9.155772,47.122302],[9.169604,47.118188],[9.17392,47.118465],[9.175966,47.117021],[9.183271,47.116344],[9.184161,47.115282],[9.188124,47.116343],[9.206686,47.11295],[9.21148,47.113168],[9.215681,47.115517],[9.2208,47.112366],[9.225323,47.111581],[9.24144615118913,47.1123239586468],[9.245252,47.112499],[9.250458,47.11407],[9.250488,47.113326],[9.256326,47.116551],[9.259803,47.116304],[9.260668,47.115234],[9.266258,47.11607],[9.2713,47.114283],[9.273583,47.114753],[9.277447,47.113057],[9.280944,47.113054],[9.287125,47.113907],[9.289643,47.115621],[9.297572,47.115513],[9.299731,47.117508],[9.299262,47.119752],[9.340635,47.101044],[9.299703,47.119806],[9.302595,47.124436],[9.302234,47.127225],[9.299688,47.128838],[9.260262,47.129011],[9.250182,47.13045],[9.246858,47.129303],[9.212776,47.128777],[9.191275,47.132278],[9.158458,47.13371],[9.153192,47.135573],[9.145822,47.134364],[9.141963,47.137378],[9.114445,47.139532],[9.10587,47.133314],[9.100603,47.13534],[9.098323,47.133544],[9.10697,47.128184],[9.113409,47.128334],[9.119649,47.126632],[9.103893,47.121381],[9.121047,47.12705],[9.12142,47.125754],[9.133652,47.126353]],[[9.458144399305931,47.04394211724999],[9.459306,47.044409],[9.462536,47.048185],[9.458144399305931,47.04394211724999]],[[9.474154567872485,47.06581292480863],[9.470134,47.063864],[9.469677159353363,47.062921449510206],[9.472371,47.064702],[9.47244480652392,47.06408030455618],[9.474154567872485,47.06581292480863]],[[9.484679118863458,47.0709145818821],[9.493992,47.074677],[9.50238139535994,47.079495560223336],[9.484679118863458,47.0709145818821]],[[9.51831,47.108039],[9.516376092350121,47.11447762375483],[9.519598,47.101012],[9.517350058092864,47.09295118368893],[9.518579,47.09512],[9.519599,47.101016],[9.51831,47.108039]],[[9.510596060595525,47.13372127779446],[9.508976,47.139115],[9.507573412039633,47.14069630432148],[9.510596060595525,47.13372127779446]],[[9.486693784830905,47.179414112424716],[9.486738,47.178163],[9.49156,47.162425],[9.499778,47.14948],[9.499807737181833,47.14945147373607],[9.499778,47.149485],[9.49156,47.16243],[9.486693784830905,47.179414112424716]],[[9.486512295261859,47.184549541270435],[9.489790793176692,47.19686334866441],[9.486488,47.185237],[9.486512295261859,47.184549541270435]],[[9.52078701220163,47.245546912288646],[9.521584,47.246594],[9.524631362489705,47.25243813947306],[9.52078701220163,47.245546912288646]],[[9.528868126481738,47.26056327711831],[9.530121,47.262966],[9.530817094542224,47.270280485548426],[9.528868126481738,47.26056327711831]],[[9.555402858143966,47.29545990126634],[9.558021647746786,47.298706983289414],[9.55649,47.297457],[9.555402858143966,47.29545990126634]],[[8.66911,46.661217],[8.661882,46.660933],[8.655258,46.659454],[8.66911,46.661217]],[[8.682298,46.649068],[8.683479128657472,46.64877506134487],[8.66911,46.661217],[8.682298,46.649068]],[[8.686834,46.647943],[8.690450185896982,46.64825935607647],[8.685414276293592,46.64829511401449],[8.686834,46.647943]],[[8.694344,46.6486],[8.704008,46.653812],[8.692956015645903,46.648478574471284],[8.694344,46.6486]],[[9.138289,46.773118],[9.13177209653312,46.7740254757957],[9.130188,46.774246],[9.138289,46.773118]],[[9.328421,46.803878],[9.32883012989965,46.804183987057556],[9.3252,46.804495],[9.328421,46.803878]],[[9.407850000153257,46.82350779960219],[9.40882415692265,46.82097918836939],[9.408825,46.820982],[9.407865928614992,46.82351327052655],[9.407850000153257,46.82350779960219]],[[9.556026,46.918834],[9.556397742293566,46.92130560395183],[9.554503562436263,46.9145275909228],[9.556026,46.918834]],[[9.542605,46.947475],[9.548417,46.938246],[9.558029450732622,46.93215434808456],[9.55803,46.932158],[9.548418,46.938251],[9.542605974514693,46.947477452980976],[9.542605,46.947475]],[[9.547595706967273,46.96003874591945],[9.547597,46.960042],[9.546114066110851,46.96381528730824],[9.546113,46.963813],[9.547595706967273,46.96003874591945]],[[9.549805,46.969774],[9.549468697374094,46.971012546140216],[9.54612239405236,46.963833154652185],[9.549805,46.969774]],[[9.478252,47.047681],[9.47427329615218,47.056800928185],[9.472948638370383,47.05983637127279],[9.473186,47.057837],[9.47367799466493,47.0568504708998],[9.478252,47.047677],[9.505472,47.019641],[9.512386,47.006991],[9.549120797014222,46.97229380478855],[9.548774,46.973571],[9.512387,47.006995],[9.505472,47.019646],[9.478252,47.047681]],[[8.884107463535452,46.1575943129836],[8.866377874701783,46.15617895695555],[8.879543,46.15672],[8.884107463535452,46.1575943129836]],[[8.917604,46.1658],[8.888666786402013,46.158467641283345],[8.898473,46.160346],[8.917604,46.1658]],[[8.977497,46.175226],[8.972178004831685,46.174388893018275],[8.982862764673971,46.17526381348431],[8.977497,46.175226]],[[10.228210182761941,46.23760329805758],[10.22119743404202,46.23535802811582],[10.225214,46.23605],[10.228210182761941,46.23760329805758]],[[10.23014827753548,46.23918832998679],[10.228888016201378,46.23795470431297],[10.229203,46.238118],[10.23014827753548,46.23918832998679]],[[10.301947,46.317748],[10.301856744728399,46.31765270081295],[10.303094567045513,46.3185380034127],[10.301947,46.317748]],[[10.307679,46.321694],[10.307283274254011,46.3214215761002],[10.313152,46.322297],[10.307679,46.321694]],[[10.339147528270638,46.32810840928105],[10.337108637103132,46.327199081535824],[10.337333,46.327193],[10.339147528270638,46.32810840928105]],[[10.347988341399686,46.33420671484105],[10.347164985027344,46.33215312682237],[10.347692,46.332419],[10.347988341399686,46.33420671484105]],[[10.355009,46.363345],[10.358148,46.353825],[10.3576482107928,46.3553409950032],[10.355009,46.363345]],[[10.354953,46.504915],[10.353728,46.50209],[10.355040479077958,46.504924193950956],[10.354953,46.504915]],[[9.382793317920513,46.169684560122334],[9.37955,46.168847],[9.378897432567872,46.16820165762802],[9.382793317920513,46.169684560122334]],[[9.426382959062762,46.19842175090735],[9.426384,46.198425],[9.424615438983903,46.19970251585813],[9.424611,46.1997],[9.426382959062762,46.19842175090735]],[[9.444236539745189,46.21146648515524],[9.43823423413042,46.21139817632694],[9.444125,46.211342],[9.444236539745189,46.21146648515524]],[[9.443950419855158,46.21310140677031],[9.44459909257286,46.21187111621262],[9.444978,46.212294],[9.443950419855158,46.21310140677031]],[[9.42876,46.219192],[9.442158011212543,46.21450976686805],[9.441697,46.214872],[9.42876,46.219196],[9.418947,46.225107],[9.417087,46.232604],[9.407761,46.239898],[9.386828,46.266884],[9.375078847951496,46.27658303078411],[9.375373,46.275658],[9.386828,46.26688],[9.407761,46.239894],[9.417087,46.2326],[9.418947,46.225103],[9.42876,46.219192]],[[9.378664946086564,46.28973229033844],[9.374765,46.27757],[9.374989752814848,46.27686321154278],[9.378664946086564,46.28973229033844]],[[9.378677302544988,46.289775557787344],[9.378678,46.289778],[9.377651061410745,46.293544107472265],[9.37765,46.293543],[9.378677302544988,46.289775557787344]],[[9.391147,46.310656],[9.390999441263592,46.30827744126388],[9.391148,46.310661],[9.386958,46.315238],[9.383509,46.322759],[9.374474,46.326385],[9.372293,46.332414],[9.368479016580402,46.33667898145899],[9.368479,46.336675],[9.372292,46.33241],[9.374474,46.326381],[9.383509,46.322755],[9.386958,46.315233],[9.391147,46.310656]],[[9.36249,46.359662],[9.362765740475396,46.36370399999972],[9.362489,46.359657],[9.364949,46.351138],[9.370057992002545,46.34385986054186],[9.37006,46.343862],[9.36495,46.351142],[9.36249,46.359662]],[[9.35826,46.36916],[9.357598,46.37505],[9.353878450796483,46.379025577539174],[9.353839,46.378798],[9.357598,46.375045],[9.35826,46.369155],[9.362908674914877,46.365799234671044],[9.362909,46.365804],[9.35826,46.36916]],[[9.349265,46.40203],[9.345009,46.412499],[9.341395,46.415993],[9.341394732355367,46.4159944581828],[9.341395,46.415988],[9.345008,46.412494],[9.349265,46.402025],[9.354361360916881,46.3818175340141],[9.354362,46.38182],[9.349265,46.40203]],[[9.337650757485354,46.43639240039136],[9.337229,46.434791],[9.338841067715386,46.429907346371124],[9.337650757485354,46.43639240039136]],[[9.3366588868496,46.440318270787515],[9.337152866854842,46.439105010561036],[9.337022,46.439818],[9.3366588868496,46.440318270787515]],[[9.32644612649486,46.462983952024516],[9.32594,46.461655],[9.327396,46.453076],[9.331981,46.445973],[9.333200614796658,46.44508282553155],[9.327396,46.45308],[9.32644612649486,46.462983952024516]],[[9.327469152599575,46.46386564949749],[9.326795,46.4639],[9.326729453861134,46.463727893471635],[9.327469152599575,46.46386564949749]],[[9.33685,46.489236],[9.33065,46.493146],[9.329680108596836,46.508368295589456],[9.329679,46.508366],[9.33065,46.493141],[9.33685,46.489231],[9.345648810531053,46.47712463660113],[9.34565,46.477128],[9.33685,46.489236]],[[9.332986924957819,46.51522077289478],[9.332988,46.515223],[9.329737020877772,46.52360736712735],[9.329736,46.523606],[9.332986924957819,46.51522077289478]],[[9.326104044618027,46.539780644168175],[9.326103,46.539779],[9.326249,46.532123],[9.330648331879823,46.52483276428095],[9.33065,46.524835],[9.326249,46.532127],[9.326104044618027,46.539780644168175]],[[9.321248937824056,46.551940507210475],[9.321247,46.55194],[9.322974,46.547937],[9.328204001416605,46.54309085189838],[9.328206,46.543094],[9.322974,46.547941],[9.321248937824056,46.551940507210475]],[[9.41765446718562,46.57392069406476],[9.417655,46.573922],[9.416749824661583,46.57849982936051],[9.416749,46.578499],[9.41765446718562,46.57392069406476]],[[9.421662793397031,46.583444792261844],[9.421663,46.583445],[9.42111817890141,46.593463710183634],[9.421117,46.593463],[9.421662793397031,46.583444792261844]],[[9.426679,46.600377],[9.422627,46.602846],[9.422540146025737,46.605038314108995],[9.42254,46.605038],[9.422627,46.602842],[9.426679,46.600372],[9.42799936636516,46.5976134130858],[9.428002,46.597615],[9.426679,46.600377]],[[9.439695698311413,46.629006657812255],[9.439697,46.629008],[9.439231281530889,46.63465458658901],[9.43923,46.634653],[9.439695698311413,46.629006657812255]],[[9.442803890515355,46.639081626337564],[9.442805,46.639083],[9.441546099267773,46.6420653957823],[9.441544,46.642064],[9.442803890515355,46.639081626337564]],[[9.450530554410948,46.654294041867615],[9.44738130643584,46.65042981939668],[9.45057,46.654067],[9.450530554410948,46.654294041867615]],[[9.45030967483192,46.65556538584664],[9.449411,46.660738],[9.44718046117281,46.663817982376976],[9.447179,46.663816],[9.45030967483192,46.65556538584664]],[[9.451072801511344,46.669101374424756],[9.451074,46.669103],[9.45048640009926,46.67612122126343],[9.450486,46.676121],[9.451072801511344,46.669101374424756]],[[9.441753644794208,46.691296457577614],[9.441752,46.691293],[9.452565,46.681153],[9.45386032958495,46.677992076224854],[9.453862,46.677993],[9.452565,46.681158],[9.441753644794208,46.691296457577614]],[[9.448606000014603,46.709191491080176],[9.447235745508543,46.70282246516885],[9.447236,46.702823],[9.448606000014603,46.709191491080176]],[[9.422268,46.761865],[9.444334,46.717654],[9.449348937764226,46.712645062161315],[9.44935,46.71265],[9.444334,46.717658],[9.422269,46.76187],[9.420075,46.772087],[9.411776,46.786463],[9.407588,46.788509],[9.405259,46.792581],[9.405209030723904,46.79906101572397],[9.405209,46.799061],[9.405258,46.792576],[9.407588,46.788504],[9.411776,46.786459],[9.420074,46.772082],[9.422268,46.761865]],[[9.4073931640556,46.81620188208075],[9.407392,46.816198],[9.410016,46.813678],[9.416530246373878,46.81202170013173],[9.416533,46.812026],[9.410016,46.813683],[9.4073931640556,46.81620188208075]],[[11.121564,46.052838],[11.120352185267217,46.05001627799559],[11.12662,46.058402],[11.121564,46.052838]],[[11.138018,46.068764],[11.137997372869364,46.06868816352327],[11.148835,46.070972],[11.138018,46.068764]],[[11.162427,46.080453],[11.162044593210577,46.0802694137333],[11.181459,46.082597],[11.162427,46.080453]],[[11.228223261123999,46.06112263757872],[11.225761,46.064827],[11.2225485884395,46.0675195521447],[11.221016,46.068804],[11.2224513075028,46.0672745752656],[11.228223261123999,46.06112263757872]],[[11.234963,46.050983],[11.23262581887773,46.0544991851181],[11.238519,46.038605],[11.234963,46.050983]],[[11.24301565430431,46.03711664989313],[11.242622,46.037805],[11.238519,46.038605],[11.24301565430431,46.03711664989313]],[[11.243525,46.036226],[11.243093046919133,46.036981319949824],[11.245039869371173,46.0261885127006],[11.243525,46.036226]],[[11.256084,46.017768],[11.245380228829724,46.024301625672074],[11.245389,46.024253],[11.256084,46.017768]],[[11.271026320280933,46.00598772140028],[11.265512912786535,46.00811777688726],[11.266437,46.007172],[11.271026320280933,46.00598772140028]],[[11.311132609718735,46.00236514047116],[11.299138,46.003635],[11.310394,46.002304],[11.311132609718735,46.00236514047116]],[[11.319266432005344,46.00385589061676],[11.312448611820397,46.00247407620069],[11.315794,46.002751],[11.319266432005344,46.00385589061676]],[[11.339251,46.013572],[11.321317744263222,46.004508596173636],[11.321891,46.004691],[11.339251,46.013572]],[[11.36641833271893,46.01618735419032],[11.357679,46.014304],[11.36591,46.015965],[11.36641833271893,46.01618735419032]],[[11.5464222425897,46.04010273401308],[11.526363,46.045563],[11.539313,46.041365],[11.5464222425897,46.04010273401308]],[[11.551524,46.038714],[11.550326679611905,46.03903991897532],[11.556173689629155,46.03508432775388],[11.551524,46.038714]],[[11.570068,46.029416],[11.560100442450713,46.03242781973629],[11.562109,46.031069],[11.570068,46.029416]],[[12.307728,46.261212],[12.310512,46.25631],[12.307942992316894,46.26189528145205],[12.307728,46.261212]],[[12.308601717659664,46.26398882049199],[12.308344436341523,46.263171137538556],[12.308727596066491,46.263682364866696],[12.308601717659664,46.26398882049199]],[[12.340836,46.269399],[12.340056679509985,46.26910928039191],[12.341374575388382,46.269332607352695],[12.340836,46.269399]],[[12.359692625990826,46.26622524293848],[12.358602760712566,46.26607259806471],[12.358818,46.265968],[12.359692625990826,46.26622524293848]],[[12.36924530029399,46.269767999212405],[12.363604991407062,46.26737593864914],[12.368559,46.268833],[12.36924530029399,46.269767999212405]],[[12.429976,46.287372],[12.429643237929666,46.287335727634705],[12.430551105105518,46.286860757597],[12.429976,46.287372]],[[12.543285,46.193646],[12.533346469657124,46.19648803577403],[12.533584,46.196285],[12.543285,46.193646]],[[12.547098,46.189328],[12.55267,46.187927],[12.552602,46.185794],[12.554936,46.186627],[12.560832,46.185142],[12.572815857166207,46.1877077969969],[12.572631,46.187755],[12.570683,46.190554],[12.568163,46.191287],[12.559935,46.188988],[12.556912,46.190286],[12.549767,46.18975],[12.546105,46.190485],[12.543285,46.193646],[12.547098,46.189328]],[[12.586621,46.189624],[12.577286352974161,46.1867402591009],[12.577584,46.186638],[12.586621,46.189624]],[[12.661932,46.173445],[12.658313,46.173689],[12.662553211112824,46.17310836291753],[12.661932,46.173445]],[[12.665261,46.171641],[12.664450634433177,46.172080140727715],[12.665443305993767,46.171161591145655],[12.665261,46.171641]],[[14.635917480262911,46.23343707748736],[14.635918,46.233439],[14.633282,46.233831],[14.625371,46.233016],[14.633282,46.23383],[14.635917480262911,46.23343707748736]],[[14.641652,46.228928],[14.63541324267985,46.23157089719461],[14.635413,46.23157],[14.641652,46.228928]],[[14.643814,46.224838],[14.639179765982744,46.226686694433205],[14.639179,46.226686],[14.643814,46.224838]],[[14.644543,46.227542],[14.64454299696536,46.22754198874394],[14.644570676236143,46.227541676236044],[14.644543,46.227542]],[[14.681033,46.222658],[14.687117,46.22402],[14.68996299998989,46.22328550000261],[14.687117,46.224021],[14.681034,46.222659],[14.679529,46.223825],[14.669953,46.224078],[14.679528,46.223824],[14.681033,46.222658]],[[14.699076148836776,46.21782195255536],[14.699226,46.218781],[14.69922570044392,46.21878108084405],[14.699076,46.217822],[14.699076148836776,46.21782195255536]],[[14.715596841678204,46.215185069789584],[14.711441,46.217017],[14.715596,46.215185],[14.715596841678204,46.215185069789584]],[[14.72521185889703,46.21598086003108],[14.725208,46.215983],[14.716332898450847,46.21524610154653],[14.725208,46.215982],[14.72521185889703,46.21598086003108]],[[14.740397,46.21836],[14.737094,46.217299],[14.73456671547642,46.21472927972882],[14.752421305246655,46.21758668774424],[14.740397,46.21836]],[[14.785017205829574,46.22143111531867],[14.782359,46.222505],[14.779363639845895,46.221898477812154],[14.782135,46.222342],[14.785017205829574,46.22143111531867]],[[14.81300045847712,46.214975381211794],[14.804946391743036,46.2151327482924],[14.806341,46.214692],[14.81300045847712,46.214975381211794]],[[14.840803154461543,46.21379712981107],[14.834855,46.216573],[14.826770225963651,46.214920271856286],[14.83974,46.213782],[14.840803154461543,46.21379712981107]],[[14.85061,46.21456],[14.842116258210199,46.21381581666453],[14.855806277334715,46.214010640098316],[14.85061,46.21456]],[[14.884698,46.216851],[14.866437756378843,46.214538146183834],[14.89077603384756,46.21662333968902],[14.884698,46.216851]],[[14.912348,46.221028],[14.910806323187554,46.21833944426103],[14.911233,46.218376],[14.912348,46.221028]],[[14.94410354048012,46.22639912844813],[14.934830422641676,46.22728136324612],[14.944087,46.22636],[14.94410354048012,46.22639912844813]],[[14.946119275777752,46.23295133069835],[14.946119,46.232951],[14.947980594443509,46.22843298426949],[14.947981,46.228433],[14.946119275777752,46.23295133069835]],[[14.950252710993412,46.23790793139359],[14.946120801519795,46.232953160288915],[14.94867,46.234595],[14.950252710993412,46.23790793139359]],[[14.96015512428647,46.24156471552852],[14.950814,46.238581],[14.950502738774624,46.23820775171483],[14.960029,46.241346],[14.96015512428647,46.24156471552852]],[[14.959839,46.242916],[14.9603605350628,46.24192092389858],[14.961183667224892,46.24334833959237],[14.959839,46.242916]],[[13.121467,46.325051],[13.12142093883597,46.3242163451456],[13.125926,46.330052],[13.121467,46.325051]],[[13.121831,46.376571],[13.121764567964158,46.37526373788825],[13.124831737564122,46.381329382918615],[13.121831,46.376571]],[[13.12852,46.387178],[13.128129858684424,46.38655933817696],[13.139178,46.390601],[13.12852,46.387178]],[[13.293984,46.471627],[13.295005,46.462576],[13.294341956082407,46.47229679266316],[13.293984,46.471627]],[[13.309623,46.506387],[13.309035043869006,46.5056813364842],[13.31038734985757,46.50654131020004],[13.309623,46.506387]],[[13.328106225734661,46.510118472220995],[13.318231160990646,46.50812485215154],[13.325344,46.509087],[13.328106225734661,46.510118472220995]],[[13.335628,46.511637],[13.333875947562175,46.51128328820232],[13.346516,46.510105],[13.335628,46.511637]],[[13.370769429444442,46.503921537078],[13.35146,46.510615],[13.370336,46.50396],[13.370769429444442,46.503921537078]],[[13.46088494350174,46.50793941153745],[13.45899,46.51005],[13.460788,46.50792],[13.46088494350174,46.50793941153745]],[[13.477779,46.506471],[13.481704,46.508478],[13.478293,46.506911],[13.473383254192223,46.50669345261842],[13.474129,46.506508],[13.477779,46.506471]],[[13.576160077266726,46.502180497098145],[13.569285,46.506397],[13.573595,46.502795],[13.576160077266726,46.502180497098145]],[[13.587422,46.504083],[13.576295109762658,46.5021481480295],[13.576446,46.502112],[13.587422,46.504083]],[[13.593155,46.503962],[13.5931682308553,46.50397371829286],[13.587422,46.504083],[13.593155,46.503962]],[[13.601891358532114,46.506475595581584],[13.594782,46.505403],[13.601858,46.50643],[13.601891358532114,46.506475595581584]],[[13.604695,46.509576],[13.60454426559185,46.50939933835384],[13.60484234346914,46.50950608245854],[13.604695,46.509576]],[[13.606781228941495,46.50858604096511],[13.60635526069322,46.50878817176081],[13.606745,46.50851],[13.606781228941495,46.50858604096511]],[[13.614339563407126,46.50947038625406],[13.611373,46.512473],[13.615724514727903,46.514883515389904],[13.608927,46.511988],[13.60867649149122,46.51157782672738],[13.611294,46.512515],[13.614339563407126,46.50947038625406]],[[13.67813,46.493867],[13.672226,46.493907],[13.667097,46.496099],[13.672225,46.493907],[13.67813,46.493867]],[[13.739375795357684,46.49232420464264],[13.734589,46.492263],[13.696121,46.496723],[13.734589,46.492262],[13.739375795357684,46.49232420464264]],[[13.751404416200705,46.49200441620879],[13.749887,46.492696],[13.739704,46.49315],[13.739703985828713,46.4931499560477],[13.749886,46.492696],[13.751404416200705,46.49200441620879]],[[13.837497000006593,46.48348230508969],[13.828188,46.487733],[13.82236650000029,46.487625985327604],[13.828187,46.487732],[13.837497000006593,46.48348230508969]],[[13.86902,46.479566],[13.877877,46.47692],[13.880635,46.478533],[13.877877,46.476921],[13.869021,46.479568],[13.866542,46.478285],[13.863107003009064,46.47798800902489],[13.866541,46.478284],[13.86902,46.479566]],[[13.921498,46.468518],[13.921512588878667,46.46851106522622],[13.921498,46.468519],[13.909388,46.469458],[13.906030333317428,46.47072366667266],[13.909388,46.469457],[13.921498,46.468518]],[[13.93666776236503,46.46468168594243],[13.929023490028733,46.46494078394415],[13.929793,46.464575],[13.93666776236503,46.46468168594243]],[[13.967144,46.460151],[13.971293666656837,46.45854733333714],[13.967144,46.460152],[13.955432,46.462635],[13.950077,46.461576],[13.955432,46.462634],[13.967144,46.460151]],[[14.006688,46.447599],[14.01436466668485,46.445566666661854],[14.006688,46.4476],[14.00157,46.450551],[13.995943821110401,46.4505906421809],[14.001569,46.45055],[14.006688,46.447599]],[[14.045345,46.434834],[14.04976,46.435521],[14.055285,46.433633],[14.05733,46.431129],[14.05893750000571,46.43125400000044],[14.05733,46.43113],[14.055286,46.433633],[14.049761,46.435523],[14.045346,46.434835],[14.041179,46.435969],[14.037358666675715,46.437812666662296],[14.041179,46.435968],[14.045345,46.434834]],[[14.097219,46.419942],[14.100796,46.416563],[14.097219,46.419943],[14.089284,46.420205],[14.08353349997957,46.42334050001114],[14.089284,46.420204],[14.097219,46.419942]],[[13.977290456814957,46.215297113684166],[13.976084,46.215466],[13.967778,46.211472],[13.971361,46.213083],[13.977290456814957,46.215297113684166]],[[14.00181568180655,46.21367730964454],[14.003962180156242,46.21204055946246],[14.002864,46.213415],[14.00181568180655,46.21367730964454]],[[14.012124,46.205817],[14.013732,46.195526],[14.013919284245622,46.19541585835753],[14.012124,46.205817]],[[14.030897578943842,46.19371008945554],[14.033116,46.193626],[14.034368862082502,46.19458971032758],[14.030897578943842,46.19371008945554]],[[14.03587805747242,46.19575059403849],[14.036357,46.196119],[14.036562043342348,46.19703769788374],[14.03587805747242,46.19575059403849]],[[14.039317392160772,46.20222262964197],[14.039356440006895,46.202258575963505],[14.039333,46.202252],[14.039317392160772,46.20222262964197]],[[14.052292592866902,46.20993442118422],[14.054213817881944,46.210266355085125],[14.052411,46.210039],[14.052292592866902,46.20993442118422]],[[14.061966040857003,46.21124399532933],[14.063370871809466,46.211289291582986],[14.0631,46.211387],[14.061966040857003,46.21124399532933]],[[14.074374702215618,46.209961312837635],[14.07803,46.208973],[14.074551,46.209966],[14.074374702215618,46.209961312837635]],[[14.114384,46.205024],[14.119793,46.205779],[14.119879340759612,46.205826126931925],[14.114384,46.205024]],[[14.120154267900299,46.205976188996495],[14.121757,46.206851],[14.121904,46.208969],[14.120154267900299,46.205976188996495]],[[14.125873650967998,46.20825851194543],[14.1261,46.208218],[14.12663,46.210366],[14.125873650967998,46.20825851194543]],[[14.157623749670737,46.22247639940099],[14.157456,46.222511],[14.151854180722664,46.215297938811155],[14.152224,46.215319],[14.157623749670737,46.22247639940099]],[[14.169925263185823,46.24236969242339],[14.174240529995215,46.245582371135676],[14.169852,46.242761],[14.169925263185823,46.24236969242339]],[[14.178422619311913,46.24827102225525],[14.179580007924008,46.24831531221658],[14.178897,46.248576],[14.178422619311913,46.24827102225525]],[[14.203533,46.251372],[14.203740775932559,46.2518086648991],[14.20015,46.248369],[14.2005775445321,46.2487485436821],[14.203533,46.251372]],[[14.204279573995201,46.25294101068507],[14.205639,46.255798],[14.2058409217065,46.2573738108337],[14.204279573995201,46.25294101068507]],[[14.206454464671333,46.26216194217275],[14.207507,46.270376],[14.207331577572857,46.27210584012374],[14.206454464671333,46.26216194217275]],[[10.580586647516233,47.150582510606064],[10.580602,47.150589],[10.580601290530137,47.150591561475586],[10.580586647516233,47.150582510606064]],[[10.579960068061757,47.15290663612584],[10.579891,47.153156],[10.572412503625266,47.15421363496861],[10.579960068061757,47.15290663612584]],[[10.572059338167731,47.15564415117564],[10.572260112978404,47.15573390622241],[10.572059,47.155646],[10.572059338167731,47.15564415117564]],[[10.602253,47.170494],[10.60263151087938,47.170744041973826],[10.594605,47.168655],[10.590679045272203,47.16396796767622],[10.591084,47.164149],[10.594606,47.168653],[10.602253,47.170494]],[[10.613311,47.175953],[10.613268566357172,47.17594215403384],[10.613311,47.175951],[10.613355874092793,47.17599374632426],[10.613311,47.175953]],[[10.649683,47.197017],[10.644369,47.188779],[10.640617,47.186191],[10.640165096221656,47.18610341745133],[10.640617,47.18619],[10.644369,47.188778],[10.649683,47.197017]],[[10.658376,47.19938],[10.664712,47.20257],[10.66902,47.203668],[10.677868,47.202633],[10.684601,47.203324],[10.689752,47.206563],[10.69891,47.209721],[10.706805,47.215191],[10.750493,47.21655],[10.761489,47.220086],[10.783699272676653,47.21256854536666],[10.761489,47.220088],[10.750493,47.216551],[10.706804,47.215193],[10.69887,47.209778],[10.689752,47.206564],[10.684601,47.203326],[10.677868,47.202635],[10.66902,47.20367],[10.664712,47.202573],[10.658376,47.199381],[10.649683,47.197017],[10.658376,47.19938]],[[10.808278,47.211874],[10.816553,47.216661],[10.817463,47.220011],[10.82078,47.223162],[10.821581,47.227435],[10.827517,47.225943],[10.835552,47.228283],[10.827517,47.225945],[10.821581,47.227437],[10.82078,47.223164],[10.817463,47.220013],[10.816553,47.216663],[10.808253,47.211955],[10.803489,47.212267],[10.795442,47.210775],[10.787948023281238,47.211264023280364],[10.795442,47.210774],[10.803489,47.212265],[10.808278,47.211874]],[[10.836154,47.230436],[10.841119,47.234778],[10.836153,47.230437],[10.835552,47.228283],[10.836154,47.230436]],[[10.845927,47.235213],[10.857248,47.241421],[10.857247837286712,47.241423910759934],[10.845927,47.235215],[10.841119,47.234778],[10.845927,47.235213]],[[10.856969,47.246415],[10.856969163465973,47.24641207577535],[10.86151,47.248517],[10.861509038818832,47.24851855465202],[10.856969,47.246415]],[[10.880545,47.260175],[10.8889604392139,47.2602373252838],[10.889052,47.260238],[10.895639,47.263834],[10.903478,47.264184],[10.910225,47.266752],[10.916687,47.267583],[10.923135,47.272346],[10.93444,47.271897],[10.94251,47.274445],[10.948041,47.273122],[10.954581,47.273713],[10.960042,47.279402],[10.966287,47.280263],[10.978337,47.285048],[10.966287,47.280265],[10.960042,47.279404],[10.954581,47.273716],[10.948041,47.273124],[10.94251,47.274447],[10.93444,47.271898],[10.923135,47.272347],[10.916687,47.267585],[10.910225,47.266754],[10.903478,47.264187],[10.895639,47.263836],[10.889052,47.260239],[10.880545,47.260176],[10.874436,47.258584],[10.864621,47.251807],[10.860237,47.250578],[10.860238053864757,47.25057629543791],[10.864621,47.251805],[10.874436,47.258582],[10.880545,47.260175]],[[11.015456,47.29136],[11.025957,47.294458],[11.015456,47.291362],[10.978337,47.285048],[11.015456,47.29136]],[[11.045572,47.297683],[11.060122,47.298333],[11.071501,47.301276],[11.060122,47.298335],[11.045572,47.297685],[11.025957,47.294458],[11.045572,47.297683]],[[11.080811,47.301933],[11.097048,47.307809],[11.110218,47.310897],[11.115225,47.310267],[11.110218,47.310898],[11.097048,47.307811],[11.080811,47.301935],[11.071501,47.301276],[11.080811,47.301933]],[[11.167273,47.283268],[11.182633,47.285344],[11.189276,47.283148],[11.192741,47.280318],[11.206717,47.280158],[11.215917,47.276618],[11.227597,47.274621],[11.234313,47.270684],[11.238451,47.264402],[11.243678,47.262459],[11.250614,47.262804],[11.262277,47.26697],[11.269467,47.265619],[11.282198,47.266175],[11.291226,47.263636],[11.319832,47.265302],[11.323215,47.264384],[11.327562,47.258857],[11.329228042606562,47.25797972048836],[11.323215,47.264387],[11.319832,47.265304],[11.291226,47.263638],[11.282198,47.266177],[11.269467,47.265621],[11.262276,47.266971],[11.250614,47.262805],[11.243678,47.262461],[11.238451,47.264404],[11.234313,47.270686],[11.227597,47.274623],[11.215917,47.276619],[11.206717,47.280159],[11.192741,47.280321],[11.189276,47.28315],[11.182633,47.285346],[11.167273,47.283269],[11.163243,47.283946],[11.123959,47.299976],[11.119026,47.308134],[11.123959,47.299974],[11.163243,47.283945],[11.167273,47.283268]],[[11.332970963200642,47.25600882998534],[11.338761,47.25296],[11.339876668201008,47.25288627835428],[11.332970963200642,47.25600882998534]],[[11.35698634943986,47.255114289748654],[11.356935,47.255124],[11.341328742258819,47.252790327524856],[11.344088,47.252608],[11.356935,47.255123],[11.35698634943986,47.255114289748654]],[[11.36876091002619,47.253117006381],[11.369321,47.253022],[11.370500360447323,47.253325686923695],[11.36876091002619,47.253117006381]],[[11.391536,47.268872],[11.399893690753778,47.278203743001185],[11.399266,47.277966],[11.391536,47.268874],[11.383528,47.264454],[11.372204406783087,47.253764481179275],[11.372987,47.253966],[11.383528,47.264452],[11.391536,47.268872]],[[11.403081115668579,47.27941100622872],[11.406042291678315,47.28016942332573],[11.405386,47.280284],[11.403081115668579,47.27941100622872]],[[11.403496,47.196106],[11.411196,47.192262],[11.4069926854633,47.1943605149256],[11.403496,47.196106]],[[11.440007,47.16435],[11.447716923947494,47.157228371629785],[11.447728,47.157295],[11.440007,47.16435]],[[11.485122165876446,47.0687630037803],[11.485102,47.066681],[11.48658813481163,47.06573997036164],[11.485122165876446,47.0687630037803]],[[11.487404426588858,47.064056662303265],[11.487217176808576,47.063487473368454],[11.487461,47.06394],[11.487404426588858,47.064056662303265]],[[12.737001,47.279366],[12.748469,47.282662],[12.74920529638186,47.283029566189576],[12.737001,47.279366]],[[12.751754309169318,47.28430205773041],[12.759559164177332,47.28819831593044],[12.758837,47.288328],[12.751754309169318,47.28430205773041]],[[12.821672,47.287583],[12.816503,47.285319],[12.822422056837196,47.28761468599895],[12.813755,47.287349],[12.821672,47.287583]],[[12.822628373767975,47.2876210105819],[12.82808,47.285811],[12.822889,47.287629],[12.822628373767975,47.2876210105819]],[[12.844861190140566,47.28194520567346],[12.845062,47.281862],[12.853302,47.283957],[12.844861190140566,47.28194520567346]],[[13.074245,47.299069],[13.086736,47.299673],[13.097620766394469,47.30128938084242],[13.074245,47.299069]],[[13.105475553223965,47.30245581165888],[13.107827,47.302805],[13.108368417640387,47.30322317665998],[13.105475553223965,47.30245581165888]],[[13.110625204580868,47.30496625918016],[13.116027741249548,47.309139035556555],[13.1116,47.306642],[13.110625204580868,47.30496625918016]],[[13.116835077068188,47.30959433457509],[13.121865962518479,47.310345670585654],[13.117237,47.309821],[13.116835077068188,47.30959433457509]],[[13.128168953055503,47.31128698873164],[13.128544,47.311343],[13.132952,47.316371],[13.128168953055503,47.31128698873164]],[[13.1616746184302,47.3211621623366],[13.160766,47.319745],[13.163880887911978,47.323411363793824],[13.163232,47.323591],[13.1616746184302,47.3211621623366]],[[13.180089698720575,47.32119409313118],[13.172761208135743,47.32162653430615],[13.174817,47.321161],[13.17941,47.320855],[13.180089698720575,47.32119409313118]],[[13.181692814051111,47.322335161731594],[13.18097625289076,47.32163638384092],[13.181657,47.321976],[13.181657194499769,47.3219759614054],[13.181692814051111,47.322335161731594]],[[13.188786,47.318757],[13.19213,47.31544],[13.1896518867081,47.3178981538896],[13.188786,47.318757]],[[13.315952,47.139574],[13.335518,47.134784],[13.3236978327512,47.1376782254365],[13.315952,47.139574]],[[13.572547698755733,47.08042147170009],[13.572949,47.080199],[13.577396,47.080787],[13.572547698755733,47.08042147170009]],[[13.594359065979894,47.081842445098886],[13.594733,47.081094],[13.596310094415347,47.08162081664513],[13.594359065979894,47.081842445098886]],[[13.596639954313767,47.08173100388779],[13.597083,47.081879],[13.596606,47.083381],[13.596639954313767,47.08173100388779]],[[13.639016187249776,47.09365050226803],[13.606627,47.091464],[13.606601109103604,47.09137452410805],[13.62244433916569,47.09220996515306],[13.622445,47.092212],[13.639016187249776,47.09365050226803]],[[13.645034,47.092266],[13.661157661341996,47.093258225313356],[13.660801,47.09331],[13.645034,47.092266]],[[13.820943,47.096233],[13.820942588772128,47.096234557630105],[13.819332,47.094502],[13.81933215740224,47.09450116922451],[13.820943,47.096233]],[[13.81996468407702,47.09116066795355],[13.812147,47.082944],[13.819965,47.091159],[13.81996468407702,47.09116066795355]],[[13.814082741966187,47.08048932720713],[13.813834897674736,47.07984310232641],[13.814083,47.080489],[13.814082741966187,47.08048932720713]],[[13.899918391744805,47.06677117714567],[13.900227,47.066758],[13.904282829017054,47.067529457004945],[13.899918391744805,47.06677117714567]],[[13.923025,47.078808],[13.921915672398974,47.07564291845725],[13.921916,47.075643],[13.9230256810242,47.07880809020055],[13.923025,47.078808]],[[13.929805888616459,47.07970698524743],[13.929806,47.079707],[13.930164866935383,47.080105000006505],[13.929805888616459,47.07970698524743]],[[14.105677,47.103482],[14.10568199786227,47.101142000885524],[14.105682,47.101142],[14.105677004266868,47.10348200139928],[14.105677,47.103482]],[[14.20110087303861,47.10605595027812],[14.201101,47.106056],[14.201330091203793,47.10656799999386],[14.20110087303861,47.10605595027812]],[[14.215316000012235,47.11258462351318],[14.217959640233605,47.11362685816489],[14.217959,47.113627],[14.215316000012235,47.11258462351318]],[[14.226948,47.122678],[14.226991616315152,47.12272300000515],[14.226947,47.122677],[14.227345,47.119258],[14.222658134668684,47.11258619170247],[14.222659,47.112586],[14.227346,47.119259],[14.226948,47.122678]],[[14.403278,47.157024],[14.403644826097862,47.15293793708974],[14.403645,47.152938],[14.403278178688632,47.15702400959367],[14.403278,47.157024]],[[14.420759872192901,47.16143712922089],[14.42076,47.161438],[14.42075181025594,47.161445280338576],[14.420759872192901,47.16143712922089]],[[14.417782190408023,47.16444774996357],[14.420686280398465,47.16630573213887],[14.417596,47.164636],[14.417782190408023,47.16444774996357]],[[14.423833765088153,47.16831926943189],[14.424035,47.168448],[14.423903973676396,47.168712875086655],[14.423833765088153,47.16831926943189]],[[14.437244069094993,47.197010149467836],[14.437707297128528,47.19829403891029],[14.437391,47.19819],[14.437244069094993,47.197010149467836]],[[14.448945597979291,47.20356000000326],[14.449052133706308,47.203801039986935],[14.449052,47.203801],[14.448945597979291,47.20356000000326]],[[14.521465860482362,47.20295286045974],[14.521969,47.202796],[14.524971227062224,47.2060543256299],[14.521465860482362,47.20295286045974]],[[14.5289742485149,47.20959610402256],[14.535097845770913,47.20826559365178],[14.529216,47.20981],[14.5289742485149,47.20959610402256]],[[14.585976,47.199821],[14.585975870610866,47.19982114725937],[14.585175,47.194543],[14.585175130854168,47.19454286239595],[14.585976,47.199821]],[[14.663909635323487,47.17279805560102],[14.668534,47.169985],[14.66900788955864,47.17009408401161],[14.663909635323487,47.17279805560102]],[[14.672113,47.174094],[14.670345,47.176403],[14.671743,47.180714],[14.670344,47.176403],[14.672112,47.174094],[14.676259,47.173144],[14.676748,47.171876],[14.676732623397767,47.17187223029156],[14.676749,47.171876],[14.67626,47.173145],[14.672113,47.174094]],[[14.709952,47.178552],[14.707380000010772,47.17763069191532],[14.709953,47.178552],[14.711109,47.181103],[14.709952,47.178552]],[[14.709417104961869,47.18450978864948],[14.709416,47.184509],[14.711109,47.181103],[14.709417104961869,47.18450978864948]],[[14.71015900000751,47.18503930478931],[14.712008551581256,47.186358680121046],[14.712008,47.186359],[14.71015900000751,47.18503930478931]],[[14.725656,47.182969],[14.72565580469123,47.18297001980442],[14.722273,47.180196],[14.72227304439545,47.18019585613268],[14.725656,47.182969]],[[14.727178669809222,47.17234476234517],[14.73232,47.170664],[14.732605634043328,47.17081984554076],[14.727178669809222,47.17234476234517]],[[14.739587708103558,47.178984864518426],[14.73979493080443,47.17474241663339],[14.739796,47.174743],[14.74067,47.177336],[14.739587708103558,47.178984864518426]],[[14.739484191023283,47.18110415847817],[14.739986035348108,47.18161443030791],[14.739463,47.181538],[14.739484191023283,47.18110415847817]],[[14.754574836887498,47.1864010800647],[14.755188786699964,47.18652288702366],[14.754743,47.186531],[14.754574836887498,47.1864010800647]],[[14.754882,47.176468],[14.757664,47.179823],[14.768871302514823,47.182926212216664],[14.767458824338092,47.183044040960375],[14.767925,47.182833],[14.757664,47.179824],[14.754882,47.176468]],[[14.755919,47.174599],[14.753407,47.172789],[14.75592,47.174599],[14.754882,47.176468],[14.755919,47.174599]],[[14.770043874824761,47.18325088808869],[14.771023,47.183522],[14.771613584037564,47.18498874045066],[14.770043874824761,47.18325088808869]],[[14.916276,47.261933],[14.917634,47.263048],[14.917528430533897,47.26367682681983],[14.916276,47.261933]],[[14.917453011945648,47.26412605928027],[14.917381,47.264555],[14.912448,47.265992],[14.917453011945648,47.26412605928027]],[[14.912945026820783,47.26897842986671],[14.91537815268837,47.27326592576736],[14.913263,47.270889],[14.912945026820783,47.26897842986671]],[[14.91839583367466,47.276657077495294],[14.921157808909083,47.278453533886236],[14.919719,47.278144],[14.91839583367466,47.276657077495294]],[[14.977716,47.322896],[14.982962817410227,47.331415823254964],[14.981467,47.330564],[14.977716,47.322896]],[[14.984269286238506,47.332159818158495],[14.991446,47.332722],[14.98526,47.332724],[14.984269286238506,47.332159818158495]],[[15.014106,47.339308],[15.013372,47.34426],[15.010027,47.348496],[15.008166,47.357105],[15.005048,47.362793],[14.993975,47.36617],[14.989664,47.369268],[14.983992,47.370942],[14.983808,47.372032],[14.974414,47.372932],[14.962571,47.376776],[14.958634,47.376374],[14.953907,47.378457],[14.958633,47.376373],[14.96257,47.376775],[14.974413,47.37293],[14.983807,47.37203],[14.983991,47.37094],[14.989663,47.369267],[14.993974,47.366169],[15.005047,47.362792],[15.008165,47.357104],[15.010025,47.348494],[15.013371,47.344258],[15.014105,47.339306],[15.020966,47.336118],[15.021416790884794,47.333816337685406],[15.021417233242838,47.33381620912106],[15.020967,47.33612],[15.014106,47.339308]],[[14.947552,47.37932],[14.940504,47.387426],[14.936448,47.389959],[14.923278,47.390167],[14.920353,47.390925],[14.920694,47.392226],[14.91925,47.39265],[14.91129,47.389361],[14.908064,47.389687],[14.908063778693712,47.38968692106856],[14.911289,47.38936],[14.919248,47.392648],[14.920693,47.392224],[14.920352,47.390923],[14.923277,47.390165],[14.936447,47.389957],[14.940502,47.387424],[14.947551,47.379319],[14.953907,47.378457],[14.947552,47.37932]],[[15.026759,47.332266],[15.02655234641899,47.33232376995041],[15.026758,47.332264],[15.03281036934738,47.335729630632905],[15.026759,47.332266]],[[15.04455161919502,47.33688632051829],[15.040282,47.34048],[15.03109,47.340859],[15.031091018612797,47.34085691698916],[15.040281,47.340479],[15.044551,47.336886],[15.04455161919502,47.33688632051829]],[[15.049423999978515,47.33940844537774],[15.053963,47.341758],[15.05396314830243,47.341758559039285],[15.049423999978515,47.33940844537774]],[[15.066574,47.355345],[15.072395,47.359849],[15.078011,47.357079],[15.078022257048133,47.357081128036626],[15.078013,47.357081],[15.072396,47.359851],[15.066575,47.355347],[15.0619,47.35795],[15.058326,47.357766],[15.052177,47.353869],[15.052177106018737,47.3538687008863],[15.058324,47.357764],[15.061899,47.357948],[15.066574,47.355345]],[[15.090686163556969,47.357256285803004],[15.083990732041867,47.35716367955798],[15.085688,47.356665],[15.090592,47.356978],[15.090686163556969,47.357256285803004]],[[15.090851123303421,47.357743798774926],[15.091331,47.359162],[15.08853083361727,47.364113221442786],[15.090851123303421,47.357743798774926]],[[15.088528042440418,47.364120883496895],[15.088749999995947,47.36430899862294],[15.088528,47.364121],[15.088528042440418,47.364120883496895]],[[15.090672528317738,47.36542152832129],[15.096324,47.365975],[15.096324873523269,47.36597588951931],[15.090672528317738,47.36542152832129]],[[15.096326625383828,47.36597767346012],[15.09758,47.367254],[15.097188800262407,47.368284761059314],[15.096326625383828,47.36597767346012]],[[15.096521,47.383146],[15.099694,47.379654],[15.102331,47.379474],[15.104677,47.380945],[15.104676639413656,47.38094614629876],[15.102332,47.379475],[15.099695,47.379655],[15.096522,47.383147],[15.09791,47.387932],[15.09349,47.388155],[15.093390000011008,47.38805657218806],[15.093489,47.388154],[15.097909,47.387931],[15.096521,47.383146]],[[15.103298049230672,47.38533384349641],[15.103530352543201,47.38574200000146],[15.103298,47.385334],[15.103298049230672,47.38533384349641]],[[15.104978,47.388284],[15.104976828735087,47.38828194331459],[15.128631,47.386664],[15.12863109726468,47.386665061787795],[15.104978,47.388284]],[[15.126398,47.393636],[15.126399743875831,47.39363460919877],[15.137892,47.392435],[15.13789235294409,47.392435172069774],[15.126398,47.393636]],[[15.148075,47.397401],[15.141884720463157,47.394381559062964],[15.148074,47.397399],[15.148336204973937,47.397859999998964],[15.148075,47.397401]],[[15.186021,47.402314],[15.1881391765296,47.4031036570789],[15.193071,47.404942],[15.201393,47.411465],[15.206736,47.413246],[15.210642,47.412077],[15.213612,47.40752],[15.227986,47.405105],[15.231267,47.401347],[15.234823,47.399993],[15.241197,47.403467],[15.247832,47.402425],[15.254318,47.40565],[15.275539,47.409633],[15.27553862337528,47.4096337417369],[15.25432,47.405653],[15.247834,47.402427],[15.241198,47.403469],[15.234824,47.399995],[15.231268,47.401348],[15.227987,47.405105],[15.213614,47.407522],[15.210643,47.412079],[15.206738,47.413248],[15.201394,47.411467],[15.193073,47.404944],[15.1881397342054,47.4031046806015],[15.186022,47.402315],[15.175565,47.403376],[15.155386,47.39815],[15.149974,47.400738],[15.14997267748773,47.40073567602767],[15.155384,47.398148],[15.175564,47.403375],[15.186021,47.402314]],[[15.27650989934045,47.41435989933348],[15.277923,47.414924],[15.277923184595709,47.414924275043674],[15.27650989934045,47.41435989933348]],[[15.279788879436905,47.41770412057678],[15.280268,47.418418],[15.28026791734602,47.418418385718574],[15.279788879436905,47.41770412057678]],[[15.270676068186951,47.431144068183144],[15.273383,47.431842],[15.273384292811597,47.43184281753824],[15.270676068186951,47.431144068183144]],[[15.288919204046945,47.43416415569695],[15.281744,47.43713],[15.27559800000554,47.433242704633244],[15.281742,47.437128],[15.28892,47.434161],[15.288919204046945,47.43416415569695]],[[15.28728,47.440673],[15.287280410836331,47.44067137116656],[15.294871,47.44184],[15.294872462561061,47.44184191725719],[15.28728,47.440673]],[[15.297591,47.445405],[15.297589439777672,47.44540295471959],[15.308865,47.444242],[15.308866305057307,47.44424307161435],[15.297591,47.445405]],[[15.318196000012279,47.44853921479591],[15.327737,47.450226],[15.327736951622523,47.45022663772176],[15.318196000012279,47.44853921479591]],[[15.349556,47.466333],[15.355033,47.465994],[15.360094,47.463326],[15.360095514851668,47.4633262558508],[15.355035,47.465995],[15.349557,47.466334],[15.339294,47.463448],[15.333102,47.458777],[15.323432,47.459025],[15.323431512382916,47.45902398680491],[15.3331,47.458775],[15.339292,47.463446],[15.349556,47.466333]],[[15.362949832178005,47.46380833563934],[15.378419,47.466421],[15.378419113065172,47.4664228500962],[15.362949832178005,47.46380833563934]],[[15.378589,47.469172],[15.378588955501192,47.469171276170286],[15.38897,47.475946],[15.388970182564162,47.475946813931884],[15.378589,47.469172]],[[15.397116265965087,47.47985217736015],[15.391894,47.481114],[15.390004,47.480549],[15.390003662903482,47.48054749711136],[15.391892,47.481112],[15.397115,47.479851],[15.397116265965087,47.47985217736015]],[[15.407147,47.48918],[15.407146035378748,47.489179102892614],[15.413082,47.489769],[15.413083339156454,47.48976993432749],[15.407147,47.48918]],[[15.414991000004372,47.49110090649279],[15.417905,47.493134],[15.417905631728981,47.493135045075626],[15.414991000004372,47.49110090649279]],[[15.439236,47.501333],[15.43986,47.498743],[15.442592,47.49805],[15.448464,47.50218541205032],[15.442593,47.498052],[15.439862,47.498744],[15.439238,47.501335],[15.436788,47.502259],[15.430433,47.499631],[15.421306,47.498759],[15.42130483952135,47.498757080208456],[15.430431,47.499629],[15.436786,47.502257],[15.439236,47.501333]],[[15.470382,47.514376],[15.470382724187415,47.51437841395804],[15.465292,47.51204],[15.460839,47.5127],[15.454897587274486,47.51152558728415],[15.460837,47.512699],[15.46529,47.512038],[15.470382,47.514376]],[[15.478937,47.525556],[15.490402,47.526465],[15.490402831815926,47.526465907482674],[15.478939,47.525558],[15.473799,47.526298],[15.470639,47.524824],[15.464346,47.524445],[15.464346539306979,47.524443152527894],[15.470637,47.524821],[15.473797,47.526295],[15.478937,47.525556]],[[15.492145356305343,47.528219643695024],[15.494665,47.528286],[15.4946644360544,47.528286958208454],[15.492145356305343,47.528219643695024]],[[15.492520241117779,47.53193459012225],[15.494252999994856,47.53239085331741],[15.49252,47.531935],[15.492520241117779,47.53193459012225]],[[15.509912,47.53648],[15.514957,47.537533],[15.514957183544162,47.5375346208666],[15.509914,47.536482],[15.50599,47.536976],[15.500923,47.535322],[15.497453,47.535783],[15.4974528891055,47.53578274848221],[15.500921,47.535321],[15.505987,47.536975],[15.509912,47.53648]],[[15.534226414198045,47.548176107630454],[15.526531,47.54959],[15.515237,47.53999],[15.515236962412597,47.53998966806809],[15.526529,47.549588],[15.534225,47.548174],[15.534226414198045,47.548176107630454]],[[15.536607,47.551722],[15.53660610280076,47.551720663248524],[15.543004,47.549767],[15.54300522511172,47.54976723674115],[15.536607,47.551722]],[[15.550097,47.5451],[15.553834,47.544718],[15.553835607174031,47.54471904016582],[15.5501,47.545101],[15.550652,47.547511],[15.546882,47.550517],[15.54450400000399,47.550056860681885],[15.54688,47.550516],[15.55065,47.547509],[15.550097,47.5451]],[[15.563454228676305,47.550944228693844],[15.565359,47.552177],[15.565359004657212,47.552177061317266],[15.563454228676305,47.550944228693844]],[[15.577893,47.557618],[15.56565,47.555984],[15.565649867485341,47.5559822492421],[15.577891,47.557616],[15.579256999987797,47.558686344008215],[15.577893,47.557618]],[[15.597289,47.560889],[15.600171,47.55878],[15.607468,47.559502],[15.607467697826289,47.559503772180726],[15.600174,47.558782],[15.597291,47.56089],[15.592456,47.559199],[15.58934,47.562532],[15.584195,47.562554],[15.584194989140594,47.56255399149444],[15.589338,47.562532],[15.592454,47.559198],[15.597289,47.560889]],[[15.629998,47.572415],[15.629998531696527,47.5724158510902],[15.621668,47.571571],[15.614339,47.567148],[15.60961,47.566168],[15.609608538674962,47.56616631886265],[15.614336,47.567146],[15.621665,47.571569],[15.629998,47.572415]],[[15.637986203845102,47.57766040770453],[15.642619,47.579761],[15.642620710041765,47.57976241493194],[15.637986203845102,47.57766040770453]],[[15.64691,47.583311],[15.646907651122758,47.58330905647937],[15.654389,47.583958],[15.654388047971816,47.583959657195095],[15.64691,47.583311]],[[15.663693090167873,47.594324315375566],[15.661541,47.592426],[15.654202,47.589471],[15.654201261162747,47.58946991031824],[15.661539,47.592424],[15.663693,47.594324],[15.663693090167873,47.594324315375566]],[[15.700534,47.604404],[15.711189,47.605897],[15.716367,47.601648],[15.727746,47.599497],[15.727746717219533,47.5994982424871],[15.716369,47.601649],[15.711191,47.605899],[15.700537,47.604407],[15.696582,47.606405],[15.69015,47.607585],[15.67552830240715,47.60658160481635],[15.690147,47.607583],[15.696579,47.606403],[15.700534,47.604404]],[[15.759898,47.613966],[15.771312,47.615045],[15.771313907468974,47.615045991251996],[15.759901,47.613967],[15.753914,47.615896],[15.744619,47.613194],[15.742263999980922,47.61175744318004],[15.744616,47.613192],[15.753911,47.615894],[15.759898,47.613966]],[[15.804283,47.62263],[15.80428507314446,47.62263084417709],[15.8022659128899,47.6222913830422],[15.777111,47.618059],[15.77178875433765,47.615292754324535],[15.777108,47.618057],[15.8022677564968,47.6222911232509],[15.804283,47.62263]],[[15.842897,47.635341],[15.846603000002993,47.637284536069785],[15.8429,47.635343],[15.837663,47.633685],[15.830271,47.633213],[15.810044000075187,47.62497585883377],[15.830268,47.633211],[15.83766,47.633683],[15.842897,47.635341]],[[15.902479,47.657943],[15.902479544957233,47.65794319071575],[15.890068,47.65957],[15.883082,47.658059],[15.873634,47.659767],[15.87363277262332,47.659764679546925],[15.883079,47.658057],[15.890065,47.659568],[15.902479,47.657943]],[[15.923960923656868,47.663429142689594],[15.915944,47.660119],[15.908134,47.659922],[15.908131154588757,47.65992100387956],[15.915941,47.660117],[15.92396,47.663428],[15.923960923656868,47.663429142689594]],[[15.926199,47.666195],[15.92619787113261,47.66619360406157],[15.932046,47.667424],[15.932047035667791,47.66742558665078],[15.926199,47.666195]],[[15.933029453872416,47.67577103388906],[15.947008915675507,47.676814831346825],[15.933033,47.675773],[15.933029453872416,47.67577103388906]],[[15.971343,47.67701],[15.976994682064324,47.679140519721116],[15.957188,47.67378],[15.953586,47.674144],[15.948849,47.676952],[15.948846335120507,47.67695180134719],[15.953583,47.674144],[15.957185,47.673779],[15.971343,47.67701]],[[15.990261,47.688245],[15.978566546371843,47.679733066836825],[15.980349,47.680405],[15.991153808170385,47.68844643503306],[15.990261,47.688245]],[[16.012411545857283,47.69324259756343],[16.01253,47.693268],[16.012532115419546,47.6932698004213],[16.012411545857283,47.69324259756343]],[[16.039451,47.712427],[16.031451,47.70937],[16.031450935920933,47.709369945466065],[16.041659558982918,47.71265746814704],[16.039450719003543,47.712427179219624],[16.039451,47.712427]],[[16.041986939101808,47.71276289564295],[16.042776,47.713017],[16.043338400687386,47.71676733508023],[16.041986939101808,47.71276289564295]],[[11.477737,46.512485],[11.478938560196733,46.51566716103798],[11.4774451917517,46.51245929074356],[11.477737,46.512485]],[[11.489163,46.524949],[11.479904,46.517741],[11.479835196435353,46.51759320465056],[11.489163,46.524949]],[[11.540533684348631,46.620099707005025],[11.540382,46.619994],[11.538702,46.614045],[11.540533684348631,46.620099707005025]],[[11.659662,46.70994],[11.646477,46.695928],[11.645959542223748,46.69477356218062],[11.659662,46.70994]],[[11.661912,46.715804],[11.660574,46.712553],[11.660385724411034,46.71322273782397],[11.659662,46.70994],[11.661912,46.715804]],[[11.665415180294705,46.717435006829206],[11.664777,46.717438],[11.661912,46.715804],[11.665415180294705,46.717435006829206]],[[11.670325,46.716782],[11.671813,46.717405],[11.668041126054947,46.717422690710656],[11.670325,46.716782]],[[11.66986846920024,46.78639246694375],[11.670938,46.784295],[11.671629652466715,46.783898998159],[11.66986846920024,46.78639246694375]],[[11.670511425654023,46.795893926806166],[11.667621,46.7908],[11.667770389876246,46.79050703010401],[11.670511425654023,46.795893926806166]],[[11.681059,46.805629],[11.671408,46.797474],[11.671324289195244,46.79732647269318],[11.681059,46.805629]],[[11.70447072939974,46.81591909376069],[11.699957,46.815886],[11.698523002550326,46.81548845715795],[11.70447072939974,46.81591909376069]],[[11.711754,46.81335],[11.706913,46.815937],[11.706333867982742,46.81593275391994],[11.711754,46.81335]],[[11.818421182944206,46.80746685142181],[11.817934,46.807574],[11.811246,46.805459],[11.818421182944206,46.80746685142181]],[[11.826441,46.805756],[11.827022179103551,46.80606391057251],[11.826332940789086,46.80578429875514],[11.826441,46.805756]],[[11.830352823896394,46.80741509437063],[11.843753186010092,46.80236139336662],[11.843611,46.802525],[11.830535,46.807489],[11.830352823896394,46.80741509437063]],[[11.858844,46.79008],[11.860565510208867,46.78903473431421],[11.856187,46.794547],[11.858844,46.79008]],[[11.861769,46.788304],[11.864575640043514,46.7874542719339],[11.861298668822824,46.78858957544296],[11.861769,46.788304]],[[11.870839,46.785558],[11.871826234738835,46.78605273263686],[11.870441510779816,46.785678342381324],[11.870839,46.785558]],[[11.873052,46.786667],[11.873164,46.789155],[11.872724944138781,46.786503102598246],[11.873052,46.786667]],[[11.878809,46.790336],[11.875389,46.79049],[11.875215708026698,46.790386024816016],[11.878809,46.790336]],[[11.885786048452882,46.788249224267325],[11.885497,46.788621],[11.883033,46.788286],[11.885786048452882,46.788249224267325]],[[11.888802,46.784971],[11.889165108037743,46.78492704178369],[11.888730602613201,46.785062612646904],[11.888802,46.784971]],[[11.897624,46.783903],[11.900568409426256,46.78464180364962],[11.892972154905888,46.78446615694406],[11.897624,46.783903]],[[11.984139967208334,46.78916796359645],[11.982207,46.789606],[11.972775,46.788664],[11.984139967208334,46.78916796359645]],[[12.002389,46.78325],[12.000754,46.785403],[12.000350229794943,46.78549449976664],[12.002389,46.78325]],[[12.013341,46.779418],[12.011999,46.780628],[12.011909585789292,46.780652395843966],[12.013341,46.779418]],[[12.042059,46.765854],[12.041284,46.768681],[12.040912074226812,46.768799891049774],[12.042059,46.765854]],[[12.046317,46.76104],[12.04649765152148,46.76105850415376],[12.045851,46.764848],[12.046317,46.76104]],[[12.254064,46.726056],[12.255664976739485,46.72658139648217],[12.229406,46.724653],[12.254064,46.726056]],[[12.282294,46.7352],[12.277462,46.733928],[12.27123,46.730186],[12.27905,46.734182],[12.279035500199527,46.73404265751911],[12.284596,46.735319],[12.282294,46.7352]],[[12.301048,46.729312],[12.301569653896124,46.72927247007012],[12.284596,46.735319],[12.301048,46.729312]],[[12.946636735380707,46.7493953237949],[12.940554,46.7567],[12.932536,46.763616],[12.946636735380707,46.7493953237949]],[[12.950876,46.74512],[12.953600234414044,46.74565754648367],[12.95061893222148,46.74537925439648],[12.950876,46.74512]],[[12.9884,46.74086],[13.002786,46.739979],[12.987982335810166,46.74117348908563],[12.9884,46.74086]],[[13.058349,46.732845],[13.071858,46.734233],[13.057995133388664,46.7329444426335],[13.058349,46.732845]],[[13.086968,46.732332],[13.090568615810371,46.732619038312286],[13.071858,46.734233],[13.086968,46.732332]],[[13.094946,46.732968],[13.097849042681306,46.73407342386211],[13.091514536586898,46.73269444638622],[13.094946,46.732968]],[[13.122752,46.743556],[13.108231,46.738747],[13.10302108401538,46.73604283958695],[13.122752,46.743556]],[[13.295611,46.752348],[13.301161308821937,46.752308041444806],[13.289669,46.753894],[13.295611,46.752348]],[[13.304084,46.752287],[13.306279282264585,46.753304958494525],[13.302863719439872,46.752295785213526],[13.304084,46.752287]],[[13.336962,46.761082],[13.337267932586423,46.761478130115776],[13.329269,46.758263],[13.336962,46.761082]],[[13.34342,46.769444],[13.343610125605117,46.769988782983894],[13.341650921833399,46.76715334784312],[13.34342,46.769444]],[[13.359365,46.794873],[13.359864803882546,46.796218483179175],[13.345604,46.775702],[13.359365,46.794873]],[[13.360982,46.799226],[13.358961,46.80535],[13.36039850648265,46.79765522246071],[13.360982,46.799226]],[[13.50906,46.779459],[13.501411,46.779792],[13.501394676317299,46.77980186717411],[13.501411,46.77979],[13.50906,46.779457],[13.52128,46.774461],[13.50906,46.779459]],[[13.531677,46.774391],[13.540984,46.771217],[13.551431,46.770617],[13.555635,46.765723],[13.562242,46.761653],[13.56799,46.751597],[13.562242,46.761654],[13.555635,46.765724],[13.551431,46.770619],[13.540984,46.771219],[13.531677,46.774392],[13.52128,46.774461],[13.531677,46.774391]],[[13.593552,46.742699],[13.608063,46.742458],[13.613962,46.736645],[13.620778,46.73431],[13.63614,46.722885],[13.650808,46.720106],[13.66317,46.713913],[13.681001,46.700817],[13.685711,46.694731],[13.681001,46.700818],[13.66317,46.713915],[13.650808,46.720107],[13.63614,46.722887],[13.620778,46.734312],[13.613962,46.736646],[13.608063,46.742459],[13.593552,46.742701],[13.56799,46.751597],[13.593552,46.742699]],[[13.701712,46.688201],[13.699411,46.694749],[13.695516,46.696385],[13.689018,46.694366],[13.695516,46.696384],[13.699411,46.694748],[13.701711554029233,46.68820026930141],[13.701712,46.688201]],[[13.717633,46.67209],[13.729597,46.66863],[13.745465,46.667085],[13.748448,46.662439],[13.763574,46.661955],[13.765271,46.653594],[13.774841,46.649861],[13.77704,46.64964],[13.782544,46.652343],[13.789078,46.650671],[13.79546,46.65062],[13.80147,46.643467],[13.811061,46.638724],[13.80147,46.643468],[13.79546,46.650622],[13.789078,46.650673],[13.782544,46.652345],[13.77704,46.649641],[13.774841,46.649862],[13.765271,46.653595],[13.763574,46.661956],[13.748448,46.662441],[13.745466,46.667087],[13.729597,46.668631],[13.717633,46.672091],[13.709271,46.676539],[13.700511,46.6778],[13.697519354817082,46.681330581263666],[13.697519,46.68133],[13.700511,46.677799],[13.709271,46.676537],[13.717633,46.67209]],[[13.826339,46.634437],[13.830427,46.632249],[13.834128,46.627305],[13.833966218617741,46.62126799999885],[13.834129,46.627307],[13.830427,46.632251],[13.826339,46.634439],[13.811061,46.638724],[13.826339,46.634437]],[[13.846724,46.616244],[13.839482,46.615589],[13.836264,46.616865],[13.833957051182201,46.62092590990424],[13.833957,46.620924],[13.836263,46.616863],[13.839482,46.615588],[13.846724,46.616244]],[[13.855361,46.608447],[13.85619757657606,46.60839012333949],[13.854512845850405,46.609212666076694],[13.855361,46.608447]],[[13.859803,46.608145],[13.860309018769199,46.60853879103503],[13.858409784754807,46.6082397210725],[13.859803,46.608145]],[[13.868204,46.614684],[13.86818496248037,46.61466796294455],[13.868203,46.614682],[13.875223390953316,46.61602902358482],[13.874308,46.616195],[13.868204,46.614684]],[[13.8750734003588,46.6028334426431],[13.860574,46.594338],[13.852217,46.591413],[13.848821,46.589028],[13.846504,46.583848],[13.838481,46.581688],[13.838095,46.579021],[13.844182,46.572891],[13.842116875047923,46.571073128103414],[13.842641,46.571105],[13.844599,46.569364],[13.867615,46.567924],[13.92503,46.558172],[13.987268,46.556246],[14.005331,46.553662],[14.024216,46.55566],[14.042002,46.554183],[14.054276,46.551477],[14.060054,46.54673],[14.059991,46.544864],[14.064414,46.541896],[14.070424,46.534275],[14.082541,46.531923],[14.093026,46.52474],[14.103202,46.520455],[14.125042,46.518211],[14.17627,46.526051],[14.188844,46.526239],[14.200313,46.52887],[14.220005,46.530516],[14.243854,46.53034],[14.25243,46.531276],[14.262892,46.530358],[14.270072,46.528856],[14.276088,46.525806],[14.288015,46.524523],[14.303355,46.52748],[14.325869,46.534456],[14.344805,46.538472],[14.3663574463613,46.5411306262656],[14.373502,46.542011],[14.384168,46.540147],[14.392657,46.545485],[14.397433,46.546777],[14.401854,46.545686],[14.405328,46.546583],[14.421702,46.556708],[14.425344,46.555393],[14.437344,46.555603],[14.455499,46.560805],[14.458186,46.561303],[14.459051,46.560238],[14.461065,46.561576],[14.47508,46.55868],[14.485022,46.560147],[14.493923,46.559359],[14.510617,46.553454],[14.517163,46.549467],[14.52491,46.547875],[14.553673,46.548188],[14.581157,46.546612],[14.605208,46.548011],[14.613594,46.555636],[14.622172,46.55991],[14.62977,46.566654],[14.637983,46.569729],[14.644351,46.570463],[14.659231,46.569937],[14.674091,46.566554],[14.690989,46.568973],[14.712943,46.56892],[14.729074,46.565773],[14.7393132307989,46.5654362678884],[14.755744,46.564894],[14.780903,46.562288],[14.809778,46.562011],[14.813917,46.564328],[14.817728958774945,46.56392619130839],[14.816984,46.564103],[14.812694,46.570266],[14.806559,46.575364],[14.802293,46.585752],[14.79897,46.588351],[14.80048,46.599844],[14.808574,46.612694],[14.810139,46.622984],[14.815468,46.628469],[14.818027,46.628886],[14.822177,46.632031],[14.82428,46.636328],[14.82303,46.64269],[14.825799,46.645036],[14.82466,46.646096],[14.825081389851741,46.64614526126503],[14.818083,46.647536],[14.812671,46.646755],[14.799317,46.641272],[14.785996,46.632728],[14.77657,46.632807],[14.7751975414931,46.6334442009805],[14.771773,46.635034],[14.772221,46.643018],[14.768793,46.645457],[14.768295,46.649107],[14.772237,46.655502],[14.771736,46.667118],[14.775646,46.673407],[14.776357,46.678166],[14.768014,46.682932],[14.763161,46.689985],[14.755456,46.691038],[14.747479,46.696075],[14.743212,46.700938],[14.743818,46.703242],[14.741015,46.705151],[14.733005,46.706912],[14.729304,46.702772],[14.70989,46.702032],[14.704153,46.698531],[14.701868,46.692428],[14.699051,46.691313],[14.665741,46.696282],[14.631894,46.691716],[14.610459,46.699897],[14.595634,46.702507],[14.584945,46.702458],[14.578891,46.700301],[14.569513,46.700546],[14.561024,46.717074],[14.548598,46.72422],[14.537333,46.724701],[14.530379,46.727634],[14.531094,46.732159],[14.528944,46.736723],[14.532129,46.737816],[14.535326,46.740974],[14.532967,46.739711],[14.531541,46.740618],[14.533054,46.74442],[14.532048,46.747305],[14.528153,46.748278],[14.514022,46.745856],[14.504677,46.753463],[14.497327,46.753502],[14.493714,46.761197],[14.488716,46.761846],[14.481499,46.758985],[14.478591,46.760977],[14.473798,46.759801],[14.467424,46.763039],[14.46935,46.765506],[14.474274,46.766136],[14.476322,46.768562],[14.47052,46.771896],[14.475732,46.77828],[14.474553,46.78204],[14.469742,46.783136],[14.473928,46.785565],[14.474154,46.78705],[14.471754,46.7893],[14.466721,46.790071],[14.465598,46.793501],[14.470214,46.797867],[14.470343,46.799511],[14.467088,46.801028],[14.470708,46.803494],[14.46329,46.804381],[14.462569,46.809368],[14.454397,46.806595],[14.450012,46.807057],[14.451067,46.809336],[14.44331,46.814112],[14.444285,46.821902],[14.447737,46.823921],[14.444282,46.828474],[14.447927,46.829487],[14.453162,46.827613],[14.455672,46.829168],[14.457019,46.837566],[14.454684,46.839492],[14.452554,46.838001],[14.449455,46.83789],[14.44232,46.839891],[14.432706,46.834728],[14.428517,46.834051],[14.424719,46.837892],[14.425638,46.84099],[14.429344,46.841221],[14.430938,46.842438],[14.431653,46.848824],[14.43457,46.853353],[14.433859,46.855387],[14.427263,46.850969],[14.407679,46.849779],[14.404901,46.845779],[14.402439,46.833831],[14.398657,46.828919],[14.390847,46.824137],[14.383075,46.822011],[14.373072,46.813802],[14.360182,46.80953],[14.352106,46.801047],[14.351101,46.795992],[14.33984,46.792692],[14.337156,46.790706],[14.328851,46.789337],[14.325091,46.785891],[14.328882,46.780204],[14.345905,46.774221],[14.34874,46.774154],[14.349454,46.772214],[14.353517,46.76995],[14.35174,46.762735],[14.358104,46.758049],[14.365419,46.76139],[14.374881,46.763343],[14.379887,46.762746],[14.38476,46.760281],[14.388341,46.754818],[14.38772,46.751268],[14.383475,46.746558],[14.386287,46.740591],[14.383642,46.734978],[14.379586,46.733488],[14.376683,46.729724],[14.369423,46.727067],[14.364059,46.722369],[14.361324,46.716338],[14.360685,46.709979],[14.348168,46.699106],[14.345509,46.693663],[14.338448,46.688525],[14.319249,46.682825],[14.304377,46.671193],[14.297154,46.669139],[14.283603,46.666659],[14.26937,46.668238],[14.260445,46.666498],[14.25986,46.662265],[14.26261,46.656881],[14.280124,46.653616],[14.285013,46.650101],[14.288889,46.642873],[14.294271,46.638112],[14.293221,46.63307],[14.294264,46.630194],[14.292332,46.627619],[14.279607,46.625443],[14.231856,46.627159],[14.225674,46.625888],[14.223364,46.622993],[14.215132,46.619922],[14.210058,46.619185],[14.208031,46.61995],[14.204361,46.618711],[14.204587,46.619903],[14.201906,46.620275],[14.198796,46.617681],[14.190818,46.616084],[14.18916,46.617132],[14.19031,46.618985],[14.189198,46.619816],[14.177479,46.618739],[14.173067,46.619713],[14.171502,46.621484],[14.177725,46.623651],[14.177474,46.625112],[14.173127,46.626946],[14.160938,46.627434],[14.15801,46.628552],[14.156812,46.630132],[14.158757,46.629926],[14.159143,46.63104],[14.156341,46.633591],[14.15215,46.634349],[14.148105,46.633421],[14.144745,46.630139],[14.14606,46.628686],[14.143769,46.6285],[14.142349,46.633876],[14.138628,46.633795],[14.136306,46.636352],[14.130005,46.636718],[14.11084,46.632037],[14.107103,46.632418],[14.100678,46.62953],[14.101088,46.628545],[14.093977,46.628021],[14.089555,46.625912],[14.072706,46.622985],[14.063717,46.622806],[14.054654,46.624523],[14.026667,46.623129],[14.01328,46.625373],[14.010249,46.621537],[13.995616,46.619862],[13.990096,46.620758],[13.980674,46.625411],[13.977496,46.631057],[13.97252,46.633382],[13.961231,46.632489],[13.954201,46.628556],[13.9392,46.625804],[13.9197238132086,46.6243313498941],[13.910398,46.623625],[13.899033,46.628659],[13.894444,46.639812],[13.889002,46.644583],[13.880357,46.633558],[13.877085,46.633378],[13.876033,46.631769],[13.876324,46.625173],[13.880728,46.621101],[13.881926,46.617002],[13.879484149376994,46.61560027490989],[13.882367,46.610604],[13.886943,46.607181],[13.879037,46.605155],[13.8750734003588,46.6028334426431]],[[14.833659,46.647148],[14.834282700105248,46.64748579844445],[14.830872269195668,46.64682222593553],[14.833659,46.647148]],[[14.83831,46.649667],[14.840271974522674,46.65368889784985],[14.837282680403966,46.64911059964257],[14.83831,46.649667]],[[14.84159304253645,46.66571902920657],[14.841593,46.665719],[14.84159299842751,46.66571898566161],[14.84159304253645,46.66571902920657]],[[14.86982797663349,46.66052536648923],[14.869819,46.660539],[14.854577,46.668059],[14.845234,46.668219],[14.84522667773872,46.668213972355616],[14.845233,46.668217],[14.854576,46.668057],[14.869818,46.660538],[14.86982797663349,46.66052536648923]],[[14.876547,46.652017],[14.879242335403351,46.65082197890364],[14.875788011943943,46.652978114166395],[14.876547,46.652017]],[[14.886029,46.647813],[14.886382400617295,46.647884858125515],[14.885391870862598,46.64809548163822],[14.886029,46.647813]],[[14.904039135906768,46.65184178445384],[14.903997,46.651836],[14.897358,46.652258],[14.88848167622987,46.648311710833404],[14.891429,46.648911],[14.897357,46.652256],[14.903996,46.651834],[14.904039135906768,46.65184178445384]],[[14.920115846971983,46.65386553267244],[14.919855,46.654013],[14.918904907737424,46.6538825705098],[14.920115846971983,46.65386553267244]],[[14.942830568113205,46.63961726437901],[14.936116,46.64482],[14.930034870188935,46.64825790826844],[14.942830568113205,46.63961726437901]],[[14.944450549576052,46.63852332772852],[14.947241,46.636639],[14.968837033698565,46.626258150118225],[14.967071,46.627851],[14.944450549576052,46.63852332772852]],[[14.972877688380871,46.61927495908795],[14.970273,46.624963],[14.969276212777258,46.62586203856942],[14.972877688380871,46.61927495908795]],[[14.974788,46.608455],[14.973859,46.617132],[14.973638982422791,46.61761246783243],[14.974788,46.608455]],[[15.012893,46.585045],[15.013709558369332,46.58468849757409],[15.012336,46.590694],[15.012893,46.585045]],[[15.014888,46.584174],[15.018736,46.58668],[15.014067622453014,46.58453216984633],[15.014888,46.584174]],[[15.03429325046753,46.593273937984264],[15.033063,46.592715],[15.027867,46.588337],[15.03429325046753,46.593273937984264]],[[15.055398,46.599579],[15.04019,46.595953],[15.03721946951696,46.59460340301612],[15.055398,46.599579]],[[15.525703991127852,46.557001371455605],[15.523332,46.556356],[15.511983,46.54791],[15.525703991127852,46.557001371455605]],[[15.569762,46.564504],[15.528529,46.55777],[15.52691515364203,46.55733090460839],[15.569762,46.564504]],[[11.351184507069188,46.49370650506588],[11.350029,46.493379],[11.345948,46.489752],[11.351184507069188,46.49370650506588]],[[11.364072,46.49204],[11.352968,46.494212],[11.351740361613754,46.493864050773816],[11.364072,46.49204]],[[12.319218567442153,46.32091580061816],[12.325985,46.32639],[12.31932,46.322046],[12.319218567442153,46.32091580061816]],[[12.319562093285363,46.318138035970854],[12.319094888329946,46.319537721832326],[12.319025,46.318759],[12.319562093285363,46.318138035970854]],[[14.974012,46.547265],[14.974007097536319,46.5472652038277],[14.976701,46.540402],[14.974012,46.547265]],[[15.197565,46.4428],[15.185839,46.447427],[15.197434695326756,46.44267103009592],[15.197565,46.4428]],[[13.615769,46.519],[13.61572800446892,46.514885448526975],[13.615729,46.514886],[13.615769,46.519]],[[13.61877,46.521435],[13.618638046110974,46.5213279331157],[13.623077923767356,46.521747395472104],[13.61877,46.521435]],[[13.637558,46.527245],[13.641632,46.529867],[13.645665,46.536386],[13.65014349998409,46.536126500000925],[13.645665,46.536387],[13.637558,46.527245]],[[13.689075,46.556767],[13.689075208437991,46.55676658396393],[13.691545,46.563686],[13.689075,46.556767]],[[13.68866,46.567873],[13.688660413247009,46.567872400254686],[13.694099,46.57314],[13.68866,46.567873]],[[13.747434,46.566483],[13.741857,46.566063],[13.74743406302966,46.56648292945006],[13.747434,46.566483]],[[13.756767,46.565645],[13.750941739610354,46.56257770804423],[13.757428700514856,46.56548422235023],[13.756767,46.565645]],[[13.759401,46.565005],[13.758305964783858,46.565271067782206],[13.759577078549086,46.564686986440705],[13.759401,46.565005]],[[11.484606820002412,47.05548087040701],[11.484653409515333,47.05569431082088],[11.484601,47.055535],[11.484606820002412,47.05548087040701]],[[11.485871,47.051394],[11.484639760093637,47.055174507349975],[11.485238541930057,47.04960546892045],[11.485871,47.051394]],[[11.508523,47.006685],[11.508403936565132,47.00694761676022],[11.493661,46.984475],[11.508523,47.006685]],[[11.431133270153785,46.90057262393822],[11.431276,46.905956],[11.431069,46.900616],[11.431133270153785,46.90057262393822]],[[11.658372,46.720386],[11.653857,46.727794],[11.65930040677268,46.71708345220236],[11.658372,46.720386]],[[14.74915361841965,47.168489743560265],[14.753762,47.170607],[14.749152,47.16849],[14.74915361841965,47.168489743560265]],[[14.750951,47.165206],[14.752276,47.167995],[14.750894065759155,47.165199038745655],[14.750951,47.165206]],[[14.740248820622325,47.16389746243847],[14.740106,47.163881],[14.739546,47.160686],[14.73954628084173,47.16068560280387],[14.740106,47.16388],[14.740248820622325,47.16389746243847]],[[14.739185,47.157439],[14.739186364429084,47.15743796194944],[14.740958,47.158687],[14.740957056303609,47.15868833467542],[14.739185,47.157439]],[[14.740666,47.151274],[14.740666370407807,47.151273361313905],[14.741802,47.155447],[14.741801774506035,47.155447171468474],[14.740666,47.151274]],[[14.743124613164994,47.14703366685384],[14.74172,47.145824],[14.742586244823912,47.14083399999814],[14.741721,47.145823],[14.743125,47.147033],[14.743124613164994,47.14703366685384]],[[14.738443,47.134048],[14.738443751702436,47.13404699763514],[14.742768,47.139786],[14.742767859014629,47.13978681292138],[14.738443,47.134048]],[[14.736972,47.12804],[14.736972121777816,47.128038073748165],[14.741082,47.130527],[14.74108096857014,47.1305283753701],[14.736972,47.12804]],[[14.721473,47.120748],[14.719007,47.11839],[14.707195,47.113008],[14.703085,47.104249],[14.699382,47.103432],[14.694925,47.098963],[14.69488710662407,47.09894448602595],[14.694925,47.098961],[14.699382,47.103431],[14.703085,47.104248],[14.707195,47.113007],[14.719007,47.118389],[14.721473,47.120746],[14.723474,47.121077],[14.725525,47.119619],[14.73121,47.12364],[14.732401,47.122283],[14.737303,47.122803],[14.737302937194483,47.12280399335046],[14.732401,47.122285],[14.73121,47.123641],[14.725525,47.119621],[14.723474,47.121079],[14.721473,47.120748]],[[14.684885773334173,47.093402587788646],[14.686139734601978,47.09467068843931],[14.685117,47.094171],[14.684885773334173,47.093402587788646]],[[14.684408223452648,47.08826266753673],[14.684069167200212,47.090688843147824],[14.683604,47.089143],[14.684408223452648,47.08826266753673]],[[14.691857,47.081174],[14.688346932740659,47.08395121201004],[14.693656499562888,47.07813916558922],[14.691857,47.081174]],[[14.695439,47.075133],[14.695358403183633,47.075268925563286],[14.695426511577288,47.075111557100925],[14.695439,47.075133]],[[14.693142150125093,47.07118925776811],[14.693150381093691,47.07120339052395],[14.693142,47.07119],[14.693142150125093,47.07118925776811]],[[14.729002665543154,47.01618252243184],[14.726045807760785,47.029642000016466],[14.729002,47.016183],[14.729002665543154,47.01618252243184]],[[14.765642,46.991519],[14.765641393589696,46.9915191512117],[14.765829195312538,46.99063699999983],[14.765642,46.991519]],[[14.819374,46.944209],[14.819374708019618,46.94420812556965],[14.820544,46.946067],[14.820542301879216,46.946067889217574],[14.819374,46.944209]],[[14.833871,46.92374],[14.835370526089813,46.92241152608715],[14.833872,46.92374],[14.830351,46.930652],[14.833871,46.92374]],[[14.842545,46.921308],[14.837097520180865,46.92091456538239],[14.842510734853093,46.9211531269749],[14.842545,46.921308]],[[14.842041000668598,46.91903000302196],[14.842045538325637,46.91905051251151],[14.84204,46.919031],[14.842041000668598,46.91903000302196]],[[14.843432,46.91556],[14.843938,46.917139],[14.843937553628493,46.91713944495968],[14.842299215768623,46.91510225495765],[14.843141,46.915443],[14.843255,46.915425],[14.8432552,46.9154239],[14.843432,46.91556]],[[14.843254,46.915423],[14.841888,46.914575],[14.843606,46.912952],[14.8432552,46.9154239],[14.843254,46.915423]],[[14.844303,46.90967],[14.84184,46.914529],[14.84186993382404,46.91456846464066],[14.841839,46.91453],[14.844302,46.909671],[14.841725,46.903044],[14.841725216244576,46.90304355587774],[14.844303,46.90967]],[[14.870362,46.891964],[14.87036193971349,46.89196495024576],[14.866567,46.888833],[14.866127,46.884512],[14.866127091281365,46.88451189642449],[14.866567,46.888832],[14.870362,46.891964]],[[14.876599,46.872535],[14.876475599674832,46.87267612321373],[14.876111863172378,46.87101545977735],[14.876599,46.872535]],[[14.874571,46.866209],[14.874814431924023,46.86696834435472],[14.8723343978098,46.86635396495677],[14.874571,46.866209]],[[14.869654,46.864393],[14.87179558314058,46.866220484279964],[14.871394,46.866121],[14.869654,46.864394],[14.866474,46.864152],[14.865882434128805,46.8636171596233],[14.869654,46.864393]],[[14.846243822488535,46.84869182249065],[14.846323,46.849446],[14.854469,46.854912],[14.85578,46.857842],[14.862168,46.860256],[14.862189083247973,46.860277965676254],[14.862167,46.860258],[14.85578,46.857844],[14.854469,46.854914],[14.846323,46.849447],[14.846243822488535,46.84869182249065]],[[14.845647,46.843007],[14.845647065796433,46.843007626720755],[14.845620013779646,46.84296786025608],[14.845647,46.843007]],[[14.839773256205246,46.831149926846194],[14.83888466619496,46.833066899306594],[14.838748,46.832866],[14.839773256205246,46.831149926846194]],[[14.839724,46.820752],[14.839724112339809,46.82075171868204],[14.840952,46.828607],[14.840797732346394,46.82893980460062],[14.839724,46.820752]],[[14.828753919540866,46.76332499999307],[14.827236,46.76581],[14.834617,46.774187],[14.836564,46.788982],[14.840802,46.798745],[14.842362,46.814145],[14.842361919198218,46.814145202341386],[14.840802,46.798746],[14.836564,46.788983],[14.834616,46.774188],[14.827235,46.765811],[14.828753919540866,46.76332499999307]],[[14.829125,46.750291],[14.8295022282946,46.74973402272872],[14.831138,46.759422],[14.83113783802053,46.75942226517808],[14.829125,46.750291]],[[14.831656230769658,46.74718688520294],[14.830196369217598,46.74870912421842],[14.830976,46.747558],[14.831656230769658,46.74718688520294]],[[14.852512,46.729638],[14.852513083285343,46.729636612680416],[14.852802,46.731762],[14.852801880351338,46.73176212326411],[14.852512,46.729638]],[[14.859395,46.722758],[14.85939519839935,46.722757722889035],[14.859872,46.724495],[14.859871505843762,46.72449519845347],[14.859395,46.722758]],[[14.869904,46.712319],[14.869903207237524,46.71231943483791],[14.87105219668604,46.70918599999678],[14.869904,46.712319]],[[14.907083,46.68987],[14.907083310107419,46.689869538695284],[14.907921,46.694026],[14.907920850982485,46.69402626078065],[14.907083,46.68987]],[[14.914280432340483,46.679163844233834],[14.91287018716707,46.68126118718763],[14.91428,46.679164],[14.914280432340483,46.679163844233834]],[[14.953361501122782,46.65470689321624],[14.952270097605634,46.65666099999897],[14.953361,46.654707],[14.953361501122782,46.65470689321624]],[[14.941820416386314,46.64352805552851],[14.942592,46.645484],[14.949416,46.650085],[14.955136,46.651019],[14.956768,46.649527],[14.955136,46.65102],[14.949416,46.650086],[14.942592,46.645486],[14.94182,46.643529],[14.941820416386314,46.64352805552851]],[[13.500123,46.78953],[13.49791428627772,46.792361632983926],[13.497914,46.792361],[13.500122932271038,46.789529086830434],[13.500123,46.78953]],[[13.499975,46.801639],[13.501125512424014,46.79946392177702],[13.501126,46.799465],[13.499975,46.80164],[13.496366015358692,46.80287199475702],[13.496366,46.80287],[13.499975,46.801639]],[[13.490351,46.813406],[13.492129,46.810139],[13.494216,46.810071],[13.496406984701792,46.80819501309878],[13.496407,46.808197],[13.494216,46.810072],[13.492129,46.81014],[13.490351399825489,46.813406265337534],[13.490351,46.813406]],[[13.49613,46.822792],[13.496394904520102,46.81741893662056],[13.496395,46.817419],[13.49613,46.822794],[13.492262281941498,46.82754765347728],[13.492262,46.827546],[13.49613,46.822792]],[[13.493008,46.831923],[13.490443646983465,46.83311230858361],[13.49044,46.833112],[13.493007683964166,46.8319211465727],[13.493008,46.831923]],[[13.497292,46.836982],[13.49686338848141,46.83904213275369],[13.496863,46.839042],[13.497291832809845,46.83698180321424],[13.497292,46.836982]],[[13.500597,46.84032],[13.499230590329493,46.84315877356565],[13.49923,46.843158],[13.500596173303238,46.8403197174973],[13.500597,46.84032]],[[13.503241,46.848416],[13.499977405018916,46.85105467253526],[13.499977,46.851053],[13.503240056120063,46.84841476314312],[13.503241,46.848416]],[[13.503733,46.856414],[13.501274441623037,46.858741635146316],[13.501273,46.858741],[13.503731490334458,46.856413429272784],[13.503733,46.856414]],[[13.507065,46.864318],[13.506777068573724,46.87242906826865],[13.506777,46.872429],[13.507064929966075,46.86431797286539],[13.507065,46.864318]],[[13.521041,46.886901],[13.519738301663184,46.88961237213311],[13.519737,46.889612],[13.521040617166076,46.886900796200614],[13.521041,46.886901]],[[13.623556,46.978976],[13.621122781554325,46.9810373378944],[13.621122,46.981036],[13.623555699882226,46.97897425424932],[13.623556,46.978976]],[[13.623048,46.984335],[13.618433249197041,46.997325298522476],[13.618433,46.997324],[13.62304755818575,46.98433424368557],[13.623048,46.984335]],[[13.619135,47.000984],[13.617756809668096,47.00274496545672],[13.617756,47.002744],[13.619134691765375,47.00098239384294],[13.619135,47.000984]],[[13.619627,47.004977],[13.617858028356382,47.00761895764977],[13.617858,47.007618],[13.619626255529996,47.004976112286165],[13.619627,47.004977]],[[13.601645,47.028206],[13.604153,47.024119],[13.611237,47.019079],[13.613872,47.013777],[13.617971970875285,47.01146801640219],[13.617972,47.011469],[13.613872,47.013778],[13.611237,47.01908],[13.604153,47.02412],[13.601645,47.028206]],[[13.617418,47.046591],[13.6130901435901,47.06340544212858],[13.61309,47.063405],[13.61741780912331,47.0465907415877],[13.617418,47.046591]],[[12.875296,47.735179],[12.873176128596095,47.73376406509663],[12.901642,47.747789],[12.875296,47.735179]],[[12.867339,47.729868],[12.867283017653756,47.72968323967918],[12.868089518479035,47.730368943024025],[12.867339,47.729868]],[[12.865531,47.723901],[12.873327,47.717621],[12.865649261078108,47.724291300803685],[12.865531,47.723901]],[[12.837909,47.686778],[12.833673598190556,47.68208447253673],[12.844492,47.691436],[12.837909,47.686778]],[[12.830842110563223,47.67997847748635],[12.831202,47.679948],[12.831569121396534,47.68026534316053],[12.830842110563223,47.67997847748635]],[[12.816246042862023,47.683772686997465],[12.816531,47.683534],[12.825841,47.680402],[12.816246042862023,47.683772686997465]],[[12.735889,47.654797],[12.73133,47.648893],[12.736084573166771,47.65481893484916],[12.735889,47.654797]],[[12.696165597801501,47.58519218974621],[12.699028,47.584896],[12.699081017365193,47.5851313574623],[12.696165597801501,47.58519218974621]],[[12.691007904672759,47.585299808648344],[12.690184,47.585317],[12.682404334604167,47.579561797634064],[12.68266,47.579578],[12.691007904672759,47.585299808648344]],[[12.667857389703876,47.57889685184799],[12.668676,47.578691],[12.680849018225098,47.57946319744925],[12.667857389703876,47.57889685184799]],[[12.654869,47.581551],[12.660166,47.579622],[12.66184036059798,47.579948463218514],[12.654869,47.581551]],[[12.607454,47.587506],[12.58928,47.587451],[12.607933381468126,47.58740953338126],[12.607454,47.587506]],[[12.476291839881345,47.585830228184236],[12.476512,47.585217],[12.484642,47.581363],[12.476291839881345,47.585830228184236]],[[12.476115395455915,47.586321691830264],[12.476213631480897,47.588280246889006],[12.472549,47.576426],[12.475883,47.586969],[12.476115395455915,47.586321691830264]],[[12.467429571449003,47.56953515940608],[12.467853,47.569836],[12.472549,47.576426],[12.467429571449003,47.56953515940608]],[[12.43672400271629,47.53629154174504],[12.436984,47.536535],[12.442918,47.55212],[12.43672400271629,47.53629154174504]],[[12.428668146806375,47.52874813746768],[12.43427977503157,47.53400279703834],[12.429611,47.530301],[12.427740037449691,47.52741914116669],[12.428668,47.528749],[12.428668146806375,47.52874813746768]],[[12.649919,47.458296],[12.6315154304213,47.4688389581763],[12.630761,47.469271],[12.649919,47.458296]],[[12.83550078539513,47.391226188664966],[12.835947,47.391584],[12.835743467468415,47.39203765684751],[12.83550078539513,47.391226188664966]],[[12.803889,47.364156],[12.803392456034619,47.36376656516666],[12.811876,47.367272],[12.803889,47.364156]],[[12.800477,47.36148],[12.800406117958012,47.35788978187329],[12.800919509585245,47.36182705616944],[12.800477,47.36148]],[[11.421831,47.277413],[11.419499229890597,47.27782008494887],[11.43784281519196,47.27167569827258],[11.421831,47.277413]],[[11.481692,47.272694],[11.451065983180294,47.26724645197906],[11.451545,47.267086],[11.481692,47.272694]],[[11.9194135275034,47.458849688538],[11.917212,47.45847],[11.935125,47.461558],[11.9194135275034,47.458849688538]],[[12.0542351604948,47.493293541427164],[12.051802647636173,47.49125808038599],[12.05309,47.491681],[12.0542351604948,47.493293541427164]],[[12.124798,47.552732],[12.11484646396326,47.54086470154361],[12.115867,47.541408],[12.124798,47.552732]],[[12.149223,47.575538],[12.148907995707688,47.575013361495245],[12.150587629735156,47.57562462379186],[12.149223,47.575538]],[[12.386081,47.522829],[12.385750416432757,47.52276393780373],[12.388877908531992,47.521832718246095],[12.386081,47.522829]],[[12.390208615842232,47.52175707183481],[12.389592174382734,47.52162004358267],[12.389683,47.521593],[12.390208615842232,47.52175707183481]],[[12.39284,47.522342],[12.392797481793846,47.52233254866381],[12.412985,47.517544],[12.39284,47.522342]],[[12.423205,47.52092],[12.423652410773782,47.52156118230788],[12.412985,47.517544],[12.423205,47.52092]],[[11.953049311955526,47.537142951998035],[11.952211,47.537379],[11.931726,47.535438],[11.950594,47.536929],[11.953049311955526,47.537142951998035]],[[11.916716,47.535883],[11.915066,47.534381],[11.915487868991342,47.53438905927193],[11.916716,47.535883]],[[12.469655,47.60203],[12.476304006402527,47.59008207325538],[12.476335,47.5907],[12.469655,47.60203]],[[12.451623,47.639558],[12.458846066841781,47.635531765354166],[12.458869,47.635783],[12.451623,47.639558]],[[12.439749,47.645864],[12.448637303145587,47.644909648484315],[12.448506,47.645145],[12.439749,47.645864]],[[12.420423535587625,47.66173227831297],[12.4218199932707,47.66018489738678],[12.420966,47.661594],[12.420423535587625,47.66173227831297]],[[12.40397,47.661222],[12.419600849049127,47.66194198738153],[12.417502,47.662477],[12.40397,47.661222]],[[12.385505439702719,47.656166395080795],[12.385889928813487,47.65618908052001],[12.385517,47.656233],[12.385505439702719,47.656166395080795]],[[12.382581828971443,47.65144794133331],[12.382679,47.651412],[12.385018,47.653358],[12.382581828971443,47.65144794133331]],[[12.275024926144212,47.639206157236714],[12.275079,47.639189],[12.303094,47.645493],[12.275024926144212,47.639206157236714]],[[12.263419865158449,47.645571938561545],[12.267411,47.641622],[12.263679,47.64559],[12.263419865158449,47.645571938561545]],[[12.23332579334744,47.647144313955955],[12.235920343174003,47.64736409934155],[12.235891,47.647383],[12.23332579334744,47.647144313955955]],[[12.229623226438818,47.64679979939322],[12.229174,47.646758],[12.20742158349907,47.63986461488166],[12.207672,47.639875],[12.229623226438818,47.64679979939322]],[[11.957857739974443,47.53756195080581],[11.95896,47.537658],[11.959723334285034,47.53799878187935],[11.957857739974443,47.53756195080581]],[[13.195593,47.33474],[13.196601562325302,47.33567906077117],[13.195133675109075,47.334631397930764],[13.195593,47.33474]],[[13.198147,47.337118],[13.197725901529465,47.337385923570615],[13.197757745820397,47.33675556991421],[13.198147,47.337118]],[[13.19591,47.345117],[13.193264,47.340592],[13.193527747806058,47.34044100616794],[13.19591,47.345117]],[[13.229341,47.33008],[13.236032,47.330286],[13.229279926607298,47.330102156417524],[13.229341,47.33008]],[[13.282750313551018,47.33605097791497],[13.28231,47.336208],[13.265211,47.336084],[13.282750313551018,47.33605097791497]],[[13.291471360916388,47.33507800261902],[13.291456,47.335102],[13.286634,47.334666],[13.291471360916388,47.33507800261902]],[[13.292044,47.333747],[13.2923392550696,47.333722146879666],[13.291710138169982,47.33470497612896],[13.292044,47.333747]],[[13.29442,47.333547],[13.29527864031401,47.33375949409789],[13.293127043603985,47.333655834713475],[13.29442,47.333547]],[[13.301952,47.335411],[13.302177367600123,47.335685047001746],[13.297270101355059,47.33425233575755],[13.301952,47.335411]],[[13.312077,47.347723],[13.307895,47.343998],[13.304951061729026,47.3390578590625],[13.312077,47.347723]],[[13.752375952132581,47.41101502778999],[13.74833,47.411506],[13.739895,47.410635],[13.752375952132581,47.41101502778999]],[[13.756546,47.411142],[13.758168455986548,47.41262707517873],[13.755660422735584,47.41111503539288],[13.756546,47.411142]],[[13.771171,47.418274],[13.762267,47.415098],[13.76116599491712,47.41443422750452],[13.771171,47.418274]],[[13.788227,47.417212],[13.795096,47.419669],[13.787882705301044,47.41733497778523],[13.788227,47.417212]],[[14.180187,47.544935],[14.180562252507238,47.545083010459685],[14.152423,47.545345],[14.180187,47.544935]],[[14.206452416202257,47.555294841042446],[14.205507,47.555374],[14.187803606812151,47.547939210374935],[14.206452416202257,47.555294841042446]],[[14.286021685945752,47.56161252309156],[14.286012,47.56162],[14.283164,47.561824],[14.267168,47.554302],[14.247608,47.551851],[14.24442371890848,47.55553716778161],[14.244423,47.555536],[14.247607,47.551849],[14.267168,47.554301],[14.283164,47.561823],[14.286012,47.561618],[14.286021685945752,47.56161252309156]],[[14.292582,47.557903],[14.292890310420708,47.55804755845721],[14.292270181008089,47.558079317740486],[14.292582,47.557903]],[[14.317456,47.572225],[14.31334,47.570557],[14.309593,47.565881],[14.309316953010006,47.56574956899699],[14.309593,47.565879],[14.31334,47.570556],[14.31785635070975,47.57222154957564],[14.317456,47.572225]],[[14.32577222200119,47.57235748254321],[14.326577,47.572315],[14.330902841506088,47.57431317061909],[14.329953,47.574324],[14.32577222200119,47.57235748254321]],[[14.332156075904976,47.574298882179825],[14.336626233901976,47.57334737592705],[14.336628,47.573349],[14.335391,47.574262],[14.332156075904976,47.574298882179825]],[[14.334764215346945,47.57179819747991],[14.334999,47.571851],[14.336605422539378,47.573328238160826],[14.334764215346945,47.57179819747991]],[[14.327421,47.530279],[14.333842,47.526789],[14.344114,47.525648],[14.352173,47.52521],[14.354434,47.526712],[14.365801,47.527445],[14.368808,47.525478],[14.423699,47.51426],[14.430868,47.511146],[14.437346,47.51136],[14.455735,47.509035],[14.464958,47.505447],[14.467431,47.501154],[14.472154,47.4973],[14.489668,47.497442],[14.505492,47.489305],[14.525852,47.486029],[14.531391,47.483632],[14.540489,47.483847],[14.555355,47.481883],[14.56248,47.482467],[14.576489,47.47613],[14.584699,47.475241],[14.59167,47.472357],[14.595082,47.47198],[14.601031,47.473545],[14.608003,47.471682],[14.609837,47.469586],[14.636331,47.468017],[14.609837,47.469588],[14.608003,47.471684],[14.601031,47.473546],[14.595082,47.471981],[14.591671,47.472357],[14.584699,47.475242],[14.576489,47.476132],[14.56248,47.482469],[14.555356,47.481885],[14.54049,47.483848],[14.531391,47.483634],[14.525853,47.486031],[14.505493,47.489306],[14.489668,47.497443],[14.472154,47.497302],[14.467432,47.501156],[14.464958,47.505448],[14.455735,47.509036],[14.437346,47.511362],[14.430868,47.511148],[14.423699,47.514262],[14.368809,47.525479],[14.365802,47.527446],[14.354435,47.526714],[14.352173,47.525212],[14.344114,47.52565],[14.333842,47.52679],[14.327421,47.53028],[14.313623,47.532639],[14.308473,47.535891],[14.305958005615683,47.54819569200355],[14.305874,47.548119],[14.308472,47.53589],[14.313623,47.532638],[14.327421,47.530279]],[[14.667298,47.44997],[14.676137,47.449497],[14.686039,47.442398],[14.689578,47.437416],[14.698835,47.435763],[14.710249,47.428749],[14.720035,47.425366],[14.734131,47.424329],[14.737993,47.422872],[14.746184,47.424346],[14.751419,47.423982],[14.754125,47.420572],[14.764163,47.418413],[14.766268,47.416969],[14.774992,47.415805],[14.779804,47.409922],[14.789226,47.40723],[14.790912,47.403143],[14.795327,47.402748],[14.797428,47.401162],[14.802563,47.401971],[14.816822,47.397235],[14.826709,47.395743],[14.832421,47.396278],[14.836569,47.394856],[14.854943,47.397218],[14.856278,47.395726],[14.85996,47.395033],[14.861918000002673,47.39557704944724],[14.859961,47.395034],[14.856279,47.395727],[14.854944,47.397219],[14.83657,47.394858],[14.832422,47.39628],[14.82671,47.395744],[14.816823,47.397235],[14.802564,47.401973],[14.797429,47.401164],[14.795328,47.40275],[14.790913,47.403145],[14.789227,47.407232],[14.779805,47.409924],[14.774993,47.415805],[14.766268,47.416971],[14.764164,47.418415],[14.754126,47.420574],[14.75142,47.423984],[14.746185,47.424348],[14.737994,47.422873],[14.734132,47.42433],[14.720035,47.425368],[14.71025,47.428751],[14.698836,47.435765],[14.689579,47.437417],[14.68604,47.442399],[14.676138,47.449498],[14.667298,47.449972],[14.664289,47.453312],[14.655091,47.456707],[14.647889,47.461666],[14.638366,47.46567],[14.647888,47.461665],[14.655091,47.456705],[14.664288,47.45331],[14.667298,47.44997]],[[14.880268,47.389557],[14.89085,47.386538],[14.901533,47.387357],[14.90573399999586,47.388855978559015],[14.901534,47.387358],[14.890851,47.38654],[14.880269,47.389559],[14.878888,47.392037],[14.870734,47.39376],[14.869127,47.392618],[14.862671,47.395786],[14.862670361150592,47.39578582272518],[14.869126,47.392617],[14.870733,47.393759],[14.878887,47.392035],[14.880268,47.389557]],[[13.517004,47.460951],[13.515368245729462,47.461184851384296],[13.51717665425074,47.46060282666029],[13.517004,47.460951]],[[13.517908,47.459128],[13.517510804060867,47.459928982518846],[13.514748,47.455049],[13.517908,47.459128]],[[13.527978,47.431499],[13.522297581224795,47.431770719457845],[13.522358,47.431671],[13.527978,47.431499]],[[13.768123,47.425252],[13.765407,47.42356],[13.768745672769242,47.425272695771234],[13.768123,47.425252]],[[13.772275,47.42539],[13.769504652505628,47.425297921976345],[13.77528127394032,47.424475818590096],[13.772275,47.42539]],[[13.782101,47.422402],[13.78019460577315,47.42298171768266],[13.782315538598176,47.42184223612569],[13.782101,47.422402]],[[13.082418,47.735185],[13.081000678538185,47.741401689216275],[13.08309,47.719958],[13.082418,47.735185]],[[13.507017369960451,47.46202201263914],[13.496515,47.455841],[13.504196,47.459451],[13.507017369960451,47.46202201263914]],[[13.507505,47.462309],[13.507370366473483,47.46222976345318],[13.508284241675684,47.46219759772654],[13.507505,47.462309]],[[14.532402,47.713738],[14.53222485729292,47.713567653763285],[14.536879941024264,47.71369057255755],[14.532402,47.713738]],[[14.591179,47.721481],[14.58686131637842,47.71841646226455],[14.586923,47.718411],[14.591179,47.721481]],[[14.608386634189415,47.728291054143426],[14.604237426233794,47.7280717598783],[14.604262,47.728016],[14.608386634189415,47.728291054143426]],[[14.611265,47.728483],[14.615579188977044,47.73072226514471],[14.613962,47.730669],[14.610248486000698,47.72841521304617],[14.611265,47.728483]],[[14.618334,47.730813],[14.616793118679793,47.730762248190736],[14.621567912349748,47.72984225694431],[14.618334,47.730813]],[[14.627262781165548,47.72983946665536],[14.623377893885708,47.729493515766286],[14.624512,47.729275],[14.627262781165548,47.72983946665536]],[[14.645801009444833,47.72563605429079],[14.645858361253076,47.72565030196685],[14.64344,47.727509],[14.642797044126171,47.72756156598698],[14.645801009444833,47.72563605429079]],[[14.638131050933012,47.723730637745675],[14.643411300533488,47.72504238864179],[14.639651,47.724653],[14.638131050933012,47.723730637745675]],[[14.637311,47.723233],[14.635766,47.716235],[14.635936306116541,47.7157628671187],[14.637696257717602,47.72346678887136],[14.637311,47.723233]],[[14.63755065575091,47.71299238679509],[14.636392555857427,47.714498024087035],[14.636934,47.712997],[14.63755065575091,47.71299238679509]],[[14.657341,47.716331],[14.651620097310468,47.71166923740299],[14.651956,47.7116],[14.657341,47.716331]],[[14.673599,47.718891],[14.672836846840003,47.71896076081105],[14.673928626091117,47.71475387079567],[14.673599,47.718891]],[[14.674931180885139,47.712521008399754],[14.67441899845739,47.71286434724097],[14.674478,47.712637],[14.674931180885139,47.712521008399754]],[[14.68876,47.705167],[14.688758949370138,47.705166910258704],[14.686781,47.701661],[14.68876,47.705167]],[[14.680554,47.700045],[14.680626,47.696667],[14.680555,47.700045],[14.686781,47.701661],[14.680554,47.700045]],[[14.70663,47.679689],[14.70662995803343,47.67968901892719],[14.706479,47.67616],[14.70663,47.679689]],[[14.712196,47.673472],[14.712379,47.669942],[14.712197,47.673472],[14.706479,47.67616],[14.712196,47.673472]],[[14.731495,47.672767],[14.736032,47.673106],[14.748794,47.671152],[14.748794189610363,47.67115212413318],[14.736032,47.673107],[14.731495,47.672767]],[[14.765544010611384,47.67353602917987],[14.765440093976443,47.67353909397588],[14.765544,47.673536],[14.765544010611384,47.67353602917987]],[[14.776061674574159,47.68650294351394],[14.772323,47.685854],[14.776061,47.686502],[14.776061674574159,47.68650294351394]],[[14.817503,47.70843],[14.817503789255818,47.708430060756925],[14.81236,47.709913],[14.812359414936275,47.7099128803751],[14.817503,47.70843]],[[14.817816000000597,47.70845409474468],[14.821556,47.708742],[14.830847049334247,47.71224235803012],[14.830598,47.712293],[14.821557,47.708743],[14.817816000000597,47.70845409474468]],[[14.868014945415789,47.700313049105176],[14.864837,47.703172],[14.857264,47.704804],[14.847299,47.708897],[14.847235872769039,47.70890983636168],[14.847298,47.708897],[14.857263,47.704804],[14.864836,47.703172],[14.868014,47.700313],[14.868014945415789,47.700313049105176]],[[14.871364,47.700487],[14.874203,47.698692],[14.871365,47.700488],[14.868189000000326,47.70032208955226],[14.871364,47.700487]],[[14.874286,47.693277],[14.88532,47.687927],[14.874287,47.693277],[14.874203,47.698692],[14.874286,47.693277]],[[14.896303,47.688824],[14.896303678990718,47.688824145923995],[14.893574,47.690065],[14.893573362982382,47.690064834995916],[14.896303,47.688824]],[[14.901654383565221,47.68997386752009],[14.91849,47.684159],[14.92499712494184,47.68537787505383],[14.91849,47.68416],[14.901655,47.689974],[14.901654383565221,47.68997386752009]],[[14.926216,47.685606],[14.926215061650803,47.68560582437834],[14.928032,47.68043],[14.926216,47.685606]],[[14.985114,47.66746],[14.98225,47.667137],[14.985469259778977,47.667013631163314],[14.985114,47.66746]],[[14.990434658574488,47.66077481828556],[14.988337114356751,47.66341029358497],[14.98998,47.660768],[14.990434658574488,47.66077481828556]],[[15.045559,47.658038],[15.069237,47.66074],[15.04556,47.658039],[15.042172,47.659297],[15.045559,47.658038]],[[15.09577,47.650547],[15.088903,47.654662],[15.086068,47.654917],[15.076643,47.659439],[15.086067,47.654917],[15.088902,47.654662],[15.095769,47.650546],[15.105282,47.648935],[15.09577,47.650547]],[[15.120798,47.647833],[15.12079738194187,47.64783264536407],[15.123035,47.645755],[15.120798,47.647833]],[[15.135412225315182,47.64643005593153],[15.134781587408062,47.646475587409185],[15.135412,47.64643],[15.135412225315182,47.64643005593153]],[[15.150630210872082,47.65100105429272],[15.14177954034494,47.648010658189115],[15.149733,47.649985],[15.150630210872082,47.65100105429272]],[[15.152909,47.658399],[15.151692532106829,47.65220408925852],[15.152096,47.652661],[15.152909,47.658399]],[[15.189799912697948,47.68158406209512],[15.18713,47.679281],[15.1898,47.681584],[15.189799912697948,47.68158406209512]],[[15.189542718240045,47.69022634581967],[15.185641,47.688235],[15.189543,47.690226],[15.189542718240045,47.69022634581967]],[[15.204801,47.699525],[15.204801220959679,47.69952510321549],[15.198711,47.700332],[15.198711001139191,47.700331867358514],[15.204801,47.699525]],[[15.212016,47.700105],[15.212016549884234,47.70010517312145],[15.208741,47.701365],[15.208740548435172,47.7013647890634],[15.212016,47.700105]],[[15.230171,47.709071],[15.230170768717091,47.70907083408021],[15.233617,47.708327],[15.233808,47.705762],[15.233808971169639,47.70576238717214],[15.233618,47.708327],[15.230171,47.709071]],[[15.251727,47.711984],[15.251727450903049,47.7119841985674],[15.247569,47.713488],[15.247568735866059,47.713487733892144],[15.251727,47.711984]],[[15.296847594163419,47.7334025415587],[15.29556306189867,47.73269281241172],[15.295958,47.732706],[15.296847594163419,47.7334025415587]],[[15.297846,47.737466],[15.297589139560651,47.73398316270943],[15.297792,47.734142],[15.297846,47.737466]],[[15.301425,47.750952],[15.302959760583464,47.74916676057395],[15.301425164597378,47.75095280843245],[15.301425,47.750952]],[[15.315849,47.760122],[15.315543278870134,47.760147278870676],[15.315848,47.760122],[15.318594,47.757073],[15.320487000009658,47.75809287567561],[15.318595,47.757074],[15.315849,47.760122]],[[15.322697,47.759283],[15.322696736122301,47.75928285789717],[15.327669,47.758323],[15.330182,47.7558],[15.330182421742878,47.75580058055819],[15.32767,47.758323],[15.322697,47.759283]],[[15.349742,47.764334],[15.344652,47.767181],[15.349741,47.764334],[15.363763,47.762898],[15.367608,47.760854],[15.363763,47.762899],[15.349742,47.764334]],[[15.381278,47.760346],[15.38127841143202,47.760346216729005],[15.377401,47.761774],[15.377400578980893,47.761773786801264],[15.381278,47.760346]],[[15.412005761043647,47.761672086901925],[15.407018,47.763486],[15.412005,47.761672],[15.412005761043647,47.761672086901925]],[[15.42537,47.766111],[15.429701790949338,47.76629520905034],[15.42537,47.766112],[15.415508,47.762072],[15.42537,47.766111]],[[15.445877107879205,47.76752374835197],[15.439196,47.767037],[15.445828,47.767457],[15.445877107879205,47.76752374835197]],[[15.450128633027504,47.773302501204086],[15.450129,47.773303],[15.441058,47.785692],[15.440002,47.790822],[15.441058,47.785691],[15.450128633027504,47.773302501204086]],[[15.441692,47.796151],[15.44254,47.794466],[15.441692327621396,47.79615134862067],[15.441692,47.796151]],[[15.444261,47.80606],[15.444331202593714,47.80578120948924],[15.449522,47.807312],[15.444261,47.80606]],[[15.545289380084698,47.81605269204737],[15.541988,47.816077],[15.545188,47.815929],[15.545289380084698,47.81605269204737]],[[15.549384,47.842982],[15.549366362173949,47.84272155379619],[15.554718659998727,47.84629908340919],[15.549384,47.842982]],[[15.561923,47.854186],[15.561892855102244,47.854135968073095],[15.56198741252144,47.85418775820948],[15.561923,47.854186]],[[15.610461,47.844696],[15.619252,47.844103],[15.62608,47.840653],[15.627994669058738,47.84052859240913],[15.619253,47.844103],[15.610461,47.844696]],[[15.634006008489916,47.84013800388371],[15.634005935849652,47.84013800416824],[15.634006,47.840138],[15.634006008489916,47.84013800388371]],[[15.642866,47.844191],[15.650709,47.845182],[15.642866,47.844192],[15.636787572065943,47.84141042794394],[15.642866,47.844191]],[[15.680828,47.860815],[15.683734,47.856889],[15.696645999787778,47.85470623380014],[15.696627,47.854853],[15.683735,47.856889],[15.680828,47.860815]],[[15.692652,47.842735],[15.69347,47.839124],[15.692653,47.842735],[15.695252,47.843728],[15.692652,47.842735]],[[15.688641,47.834188],[15.691384,47.831104],[15.688642,47.834188],[15.691378,47.838478],[15.688641,47.834188]],[[15.689777,47.830116],[15.69301,47.827342],[15.689778,47.830116],[15.691384,47.831104],[15.689777,47.830116]],[[15.692354,47.821978],[15.695791,47.820648],[15.695815,47.818601],[15.695792,47.820648],[15.692355,47.821978],[15.69301,47.827342],[15.692354,47.821978]],[[15.713171,47.795974],[15.70670678821222,47.80406566983377],[15.706738,47.803961],[15.713171,47.795974]],[[15.723395911491162,47.789216084696086],[15.71938,47.793059],[15.723395,47.789216],[15.723395911491162,47.789216084696086]],[[15.727916,47.789636],[15.727915076534314,47.789635914191244],[15.729813,47.787508],[15.727916,47.789636]],[[15.76117800262563,47.807783000642225],[15.753414,47.807788],[15.761178,47.807783],[15.76117800262563,47.807783000642225]],[[15.805049,47.810703],[15.814496,47.807007],[15.83104,47.803949],[15.831040954450557,47.803949008421625],[15.814496,47.807008],[15.805049,47.810703]],[[15.839541,47.804024],[15.839540006096716,47.80402399123027],[15.841944,47.800566],[15.839541,47.804024]],[[15.857274,47.794539],[15.857273093338799,47.79453959472672],[15.857814,47.792191],[15.857274,47.794539]],[[15.865977,47.7893],[15.865977709691185,47.78930010280288],[15.857814,47.792191],[15.865977,47.7893]],[[15.906341474393969,47.79138205849383],[15.914414,47.787683],[15.922051,47.779805],[15.914415,47.787683],[15.906453,47.791393],[15.906341474393969,47.79138205849383]],[[15.981288,47.752218],[15.983436,47.75704],[15.981287,47.752218],[15.984565,47.750747],[15.985329318182249,47.749111318180894],[15.984566,47.750747],[15.981288,47.752218]],[[15.985685650169456,47.748347749636885],[15.979183,47.743694],[15.976161,47.739724],[15.979184,47.743694],[15.985686,47.748347],[15.985685650169456,47.748347749636885]],[[15.975665,47.735862],[15.975665114255387,47.73586188985596],[15.976161,47.739724],[15.975665,47.735862]],[[14.246722,47.564231],[14.244781336632343,47.565421180263066],[14.244781,47.56542],[14.246721979450509,47.56422962588797],[14.246722,47.564231]],[[14.24552,47.568013],[14.243791534470857,47.568819750539056],[14.243791,47.568819],[14.245519496053278,47.568011235505466],[14.24552,47.568013]],[[14.281508,47.603115],[14.282657513929955,47.59927148607687],[14.281508207898812,47.60311530468883],[14.281508,47.603115]],[[14.336308,47.648754],[14.335787177494037,47.653150501691414],[14.335787,47.65315],[14.336307789947728,47.64875377314759],[14.336308,47.648754]],[[14.346589,47.690335],[14.349055791480161,47.67543325965591],[14.349056,47.675434],[14.346589,47.690338],[14.34342425818536,47.69479063674584],[14.343424,47.694789],[14.346589,47.690335]],[[14.344081,47.698956],[14.342524530451238,47.7026347462681],[14.342524,47.702633],[14.344080770175673,47.698954543046696],[14.344081,47.698956]],[[14.333375,47.716206],[14.335061,47.713332],[14.340556,47.710945],[14.343742568978502,47.70664658141243],[14.343743,47.706648],[14.340556,47.710947],[14.335061,47.713334],[14.333375562095066,47.716207041837954],[14.333375,47.716206]],[[14.376706,47.716123],[14.376706267044543,47.71612282317321],[14.377088,47.718729],[14.37708785089151,47.718728982393095],[14.376706,47.716123]],[[14.647180076407716,47.7304237334402],[14.648235382148945,47.72624081558385],[14.648534,47.726315],[14.647180076407716,47.7304237334402]],[[14.647179185175565,47.73042726601918],[14.652264,47.737732],[14.652058362810601,47.738057636269076],[14.647179,47.730428],[14.647179185175565,47.73042726601918]],[[14.639045249243823,47.74471297738895],[14.638906,47.744276],[14.650636314664697,47.74022376369361],[14.639045249243823,47.74471297738895]],[[14.644246789058926,47.75505489142065],[14.641024,47.753396],[14.644247,47.755054],[14.644246789058926,47.75505489142065]],[[14.647769,47.768164],[14.643136,47.759749],[14.647769,47.768163],[14.651846,47.77106],[14.651844622239713,47.77106202032694],[14.647769,47.768164]],[[14.653299576462171,47.778436751608616],[14.6528514801496,47.7780437872874],[14.649243,47.774879],[14.64924385351231,47.7748777487503],[14.6528526912836,47.7780436296962],[14.6533,47.778436],[14.653299576462171,47.778436751608616]],[[14.64517471706546,47.80500839362369],[14.639664,47.793198],[14.645175,47.805008],[14.64517471706546,47.80500839362369]],[[14.639117019463697,47.81343597292175],[14.639117,47.813435],[14.642146000010761,47.809221999985034],[14.639117019463697,47.81343597292175]],[[14.637422115665316,47.842503874956414],[14.637422,47.842503],[14.643823,47.835584],[14.637422115665316,47.842503874956414]],[[14.638731884897267,47.85240512996393],[14.638731,47.852405],[14.63759517612589,47.8438129999989],[14.638731884897267,47.85240512996393]],[[14.654026502563868,47.853595253244706],[14.648025,47.85377],[14.638744344174379,47.85240695984485],[14.654026502563868,47.853595253244706]],[[14.662685855814392,47.85765865546699],[14.65706867504365,47.853831803173506],[14.657367,47.853855],[14.662685855814392,47.85765865546699]],[[14.670284594959291,47.863234604716176],[14.669147123209104,47.86227927988457],[14.670278,47.863088],[14.670284594959291,47.863234604716176]],[[14.676354,47.870302],[14.67044,47.866668],[14.670440003742716,47.86666761683935],[14.676354,47.870302]],[[14.6766926209088,47.87384221464256],[14.676571,47.87373],[14.676354,47.870302],[14.6766926209088,47.87384221464256]],[[14.681173964669433,47.87797696740193],[14.681143741665462,47.87794908187122],[14.681174,47.877976],[14.681173964669433,47.87797696740193]],[[14.694615,47.892098],[14.681080565412037,47.880634172934506],[14.684485,47.882709],[14.694615,47.892098]],[[14.704935,47.892954],[14.705756,47.891749],[14.708733,47.891282],[14.708733928365225,47.891283011233526],[14.705756,47.89175],[14.704935,47.892955],[14.694615,47.892098],[14.704935,47.892954]],[[14.709506,47.892125],[14.7087972636546,47.89135199999634],[14.709506,47.892124],[14.709868,47.890935],[14.71254,47.890849],[14.723755,47.895502],[14.73227,47.894251],[14.738353,47.898747],[14.7446135,47.900679000000004],[14.738353,47.898748],[14.73227,47.894254],[14.723755,47.895504],[14.71254,47.89085],[14.709868,47.890936],[14.709506,47.892125]],[[14.767527017333467,47.90986725289781],[14.756005,47.906717],[14.767024,47.909424],[14.767527017333467,47.90986725289781]],[[14.768943,47.911115],[14.769727,47.918904],[14.769726745702629,47.91890436092602],[14.768450984696349,47.91068144196015],[14.768943,47.911115]],[[14.764065297031285,47.93202162409041],[14.765801,47.941512],[14.765800791896428,47.94151286214337],[14.764065,47.932022],[14.764065297031285,47.93202162409041]],[[14.771914,47.958017],[14.76347,47.951171],[14.76347040375558,47.95116932729831],[14.771914,47.958014],[14.773292295983097,47.96358929598313],[14.771914,47.958017]],[[14.736399165961824,47.991054002545795],[14.736384,47.990887],[14.740773,47.987882],[14.736399165961824,47.991054002545795]],[[14.737240835230153,48.000322185609065],[14.737240517359911,48.0003186853273],[14.737241,48.000322],[14.737240835230153,48.000322185609065]],[[14.739851,48.013945],[14.733003,48.005098],[14.733003826948316,48.0050970684636],[14.739851,48.013944],[14.742153666666667,48.014676333333334],[14.739851,48.013945]],[[14.746758876906162,48.016140960851594],[14.746759,48.016141],[14.74697076484365,48.019221953193366],[14.746574,48.019086],[14.746758876906162,48.016140960851594]],[[14.75336698654648,48.0230607515383],[14.752807,48.022976],[14.75122594382472,48.02068326891754],[14.75336698654648,48.0230607515383]],[[14.77601813743743,48.02648890511511],[14.758142437667955,48.02378349538129],[14.775461,48.025877],[14.77601813743743,48.02648890511511]],[[14.781879747568585,48.032927496798415],[14.781872153296565,48.03291838195059],[14.78188,48.032927],[14.781879747568585,48.032927496798415]],[[14.780813739446325,48.03668105611105],[14.780221,48.036195],[14.780222074287865,48.03619288637098],[14.780813739446325,48.03668105611105]]],[[[8.6060329,46.893137],[8.606018,46.893092],[8.6060483,46.8930531],[8.606017,46.893048],[8.605941,46.893112],[8.6060329,46.893137]]],[[[9.078957,45.813137],[9.078426,45.8132013],[9.078725,45.81323],[9.078965,45.813256],[9.0793168,45.8132932],[9.078957,45.813137]]],[[[9.077572,45.813174],[9.076493,45.813721],[9.0766655,45.8137958],[9.076877,45.813554],[9.077569,45.813305],[9.078426,45.8132013],[9.078007,45.813161],[9.077572,45.813174]]],[[[9.079495,45.813312],[9.0793168,45.8132932],[9.079973,45.813578],[9.080882,45.813615],[9.081521,45.814215],[9.08209,45.814483],[9.0829952,45.8151224],[9.082993,45.815118],[9.080516,45.813341],[9.079763,45.813328],[9.079495,45.813312]]],[[[9.0757642,45.8147549],[9.075873,45.814709],[9.076276,45.814241],[9.076639,45.8138261],[9.076467,45.813752],[9.076024,45.814278],[9.0757642,45.8147549]]],[[[9.080311,45.815406],[9.07868,45.814669],[9.0766655,45.8137958],[9.076639,45.8138261],[9.08017,45.815347],[9.080198,45.815362],[9.080311,45.815406]]],[[[9.075646,45.814972],[9.0757642,45.8147549],[9.07471,45.8152],[9.0742108,45.8152576],[9.074357,45.815255],[9.074587,45.815254],[9.075646,45.814972]]],[[[9.067471,45.816237],[9.0674611,45.8163252],[9.067753,45.815745],[9.069604,45.814493],[9.072459,45.815157],[9.073808,45.815304],[9.0742108,45.8152576],[9.074128,45.815259],[9.069834,45.814317],[9.067306,45.816018],[9.067471,45.816237]]],[[[8.606677,46.894185],[8.60653,46.894284],[8.6065339,46.8942872],[8.6067163,46.8941879],[8.606677,46.894185]]],[[[8.606525,46.894292],[8.6065542,46.8943037],[8.6065339,46.8942872],[8.606525,46.894292]]]]}},{"type":"Feature","properties":{"id":"western-alps","parentId":"alps","level":"major-part","name":"Western Alps","names":{"en":"Western Alps","de":"Westalpen","fr":"Alpes occidentales","it":"Alpi Occidentali"},"bounds":[4.885943,43.545065,9.568301,47.338716],"geometryRef":"regions.geojson#western-alps","provenance":{"source":"https://www.homoalpinus.com/alpes/subdivisions/soiusa/","kind":"derived-parent-mapping","names":{"version":"soiusa-area-names-v1","source":"https://www.homoalpinus.com/alpes/subdivisions/soiusa/tab_de/index.html","method":"SOIUSA multilingual nomenclature"}}},"geometry":{"type":"MultiPolygon","coordinates":[[[[7.137328,43.739817],[7.132637,43.733515],[7.11985,43.727534],[7.113556,43.726992],[7.094649,43.72168],[7.086638,43.716221],[7.055663,43.706851],[7.043506,43.699503],[7.033112,43.700814],[7.018216,43.696968],[6.999459,43.698264],[6.992034,43.692086],[6.971124,43.679866],[6.962247,43.677651],[6.952882,43.670412],[6.935397,43.666369],[6.929614,43.663905],[6.925227,43.663769],[6.920201,43.658608],[6.907663,43.656029],[6.894057,43.64886],[6.884303,43.651654],[6.853452,43.651808],[6.851059,43.655233],[6.851833,43.672011],[6.84383,43.686351],[6.837182,43.690066],[6.831816,43.691441],[6.807372,43.694065],[6.800872,43.696516],[6.796592,43.700478],[6.794602,43.699447],[6.790974,43.701034],[6.788223,43.698918],[6.7888,43.697355],[6.786955,43.694388],[6.784411,43.694872],[6.782448,43.693635],[6.781203,43.694617],[6.776322,43.694673],[6.765117,43.688882],[6.764697,43.687353],[6.766983,43.685708],[6.761153,43.68067],[6.762344,43.67749],[6.762109,43.674754],[6.759796,43.673859],[6.761886,43.669067],[6.760502,43.665656],[6.755564,43.663316],[6.743985,43.663069],[6.741392,43.665479],[6.738403,43.665958],[6.735961,43.662917],[6.720188,43.657423],[6.709783,43.651781],[6.704646,43.645594],[6.702543,43.635598],[6.689256,43.629041],[6.686756,43.626241],[6.681828,43.625435],[6.659381,43.628318],[6.650756,43.634179],[6.64334,43.636208],[6.633966,43.62756],[6.624302,43.629454],[6.599404,43.62793],[6.59208,43.624849],[6.581162,43.622356],[6.573268,43.618493],[6.562064,43.61527],[6.558909,43.613129],[6.556991,43.603597],[6.55650830826017,43.6030596091339],[6.553631,43.599856],[6.541303,43.593482],[6.516471,43.583937],[6.50876,43.578397],[6.502114,43.577804],[6.492385,43.574985],[6.483406,43.556667],[6.475686,43.551962],[6.467837,43.545065],[6.451692,43.546847],[6.440878,43.551044],[6.427302,43.558392],[6.42128,43.563889],[6.418097,43.563811],[6.413478,43.560545],[6.40773576934623,43.5600492703218],[6.40764,43.560041],[6.399362,43.557189],[6.390126,43.557328],[6.377293,43.559577],[6.351604,43.569316],[6.344239,43.56995],[6.337219,43.572047],[6.320326,43.580879],[6.315126,43.582037],[6.295041,43.59289],[6.283141,43.596777],[6.276677,43.596122],[6.261721,43.599406],[6.23749377182391,43.6209218225489],[6.2267,43.630501],[6.171502,43.65118],[6.164428,43.655521],[6.160933,43.6597],[6.155011,43.672165],[6.153016,43.67989],[6.153964,43.689501],[6.152272,43.695032],[6.144009,43.703736],[6.140385,43.711503],[6.139541,43.717521],[6.14414,43.723287],[6.149074,43.726362],[6.146927,43.729942],[6.14763,43.731365],[6.149743,43.731377],[6.151782,43.729782],[6.151502,43.73151],[6.154574,43.730637],[6.153215,43.732662],[6.154483,43.734798],[6.152119,43.735569],[6.155094,43.738247],[6.159241,43.736176],[6.161953,43.737152],[6.164922,43.735069],[6.166751,43.735561],[6.166854,43.732716],[6.169105,43.734413],[6.17049,43.731464],[6.173157,43.731911],[6.178301,43.727192],[6.179942,43.729221],[6.182363,43.729034],[6.185293,43.724419],[6.185985,43.726082],[6.183856,43.731571],[6.185658,43.734814],[6.176994,43.731514],[6.172727,43.734772],[6.17184,43.737286],[6.172023,43.74136],[6.176283,43.744175],[6.176248,43.749714],[6.181129,43.758881],[6.185426,43.762913],[6.189816,43.761826],[6.203985,43.754269],[6.207543,43.755325],[6.207332,43.758259],[6.212381,43.756752],[6.213803,43.759209],[6.209891,43.761261],[6.21112,43.766113],[6.213724,43.767818],[6.203478,43.772579],[6.208035,43.778961],[6.210442,43.778645],[6.208642,43.78072],[6.209533,43.78196],[6.21561,43.785568],[6.21873,43.789429],[6.220357,43.789368],[6.226231,43.797878],[6.231329,43.795212],[6.231334,43.796585],[6.236154,43.796734],[6.2453,43.800915],[6.252453,43.801434],[6.245608,43.803844],[6.238517,43.803085],[6.233873,43.80125],[6.228265,43.801449],[6.229143,43.806633],[6.22641,43.808971],[6.223125,43.804317],[6.220667,43.80407],[6.219402,43.805595],[6.219383,43.803749],[6.21735,43.805027],[6.214211,43.804096],[6.209192,43.798767],[6.196696,43.791649],[6.191113,43.787575],[6.189523,43.784206],[6.188364,43.784809],[6.185167,43.780872],[6.181944,43.7798],[6.181113,43.776489],[6.173435,43.769749],[6.173265,43.768135],[6.1703,43.767498],[6.170322,43.765823],[6.168569,43.766254],[6.168855,43.765156],[6.163813,43.76368],[6.164032,43.76501],[6.143807,43.784887],[6.133075,43.809242],[6.131099,43.81917],[6.13174,43.825092],[6.135368,43.828444],[6.137426,43.836888],[6.144786,43.845723],[6.13756,43.861207],[6.140695,43.876475],[6.123413,43.89541],[6.115698,43.905846],[6.094443,43.918522],[6.089591,43.92915],[6.086773,43.932277],[6.075053,43.933468],[6.062075,43.930478],[6.044593,43.928328],[6.027302,43.924914],[6.004654,43.916805],[5.978375,43.912876],[5.95274,43.914148],[5.944342,43.919329],[5.940297,43.935298],[5.939551,43.945365],[5.944616,43.969432],[5.950379,43.984626],[5.96166,44.004444],[5.966107,44.01657],[5.971186,44.023981],[5.973787,44.025985],[6.002843,44.037817],[6.015613,44.046142],[6.018235,44.050792],[6.011672,44.050704],[6.005557,44.054492],[6.001711,44.052211],[5.995101,44.053365],[5.988003,44.052282],[5.971393,44.04523],[5.951485,44.025784],[5.921924,44.000134],[5.911501,43.982751],[5.908513,43.973907],[5.902418,43.964673],[5.897277,43.949788],[5.891798,43.94081],[5.891781,43.936751],[5.894774,43.931265],[5.895771,43.925314],[5.8943,43.92064],[5.888847,43.914826],[5.880836,43.89684],[5.870473,43.888317],[5.85926,43.882511],[5.855288,43.877998],[5.848258,43.876782],[5.84819,43.872245],[5.843368,43.864479],[5.829263,43.85398],[5.835605,43.847581],[5.827357,43.837619],[5.826554,43.832896],[5.819538,43.826922],[5.802838,43.824043],[5.800566,43.821088],[5.800151,43.817582],[5.791521,43.810874],[5.78414,43.799931],[5.775469,43.793678],[5.771652,43.788184],[5.7728,43.78641],[5.768871,43.775486],[5.76181,43.768036],[5.736061,43.730214],[5.735988,43.720644],[5.734514,43.716757],[5.72344,43.70548],[5.722214,43.69782],[5.714514,43.694271],[5.710095,43.690544],[5.706804,43.690179],[5.69393,43.692548],[5.684643,43.69661],[5.678069,43.692719],[5.669972,43.692196],[5.657725,43.687416],[5.644494,43.673796],[5.640571,43.671539],[5.614629,43.665502],[5.603034,43.65969],[5.590971,43.659955],[5.584111,43.662266],[5.571797,43.663506],[5.563649,43.666244],[5.558046,43.671051],[5.553539,43.672548],[5.54752,43.672373],[5.545096,43.673873],[5.545935,43.679593],[5.549229,43.685758],[5.555108,43.687683],[5.570078,43.701105],[5.580109,43.704497],[5.577884,43.709363],[5.571235,43.715222],[5.566505,43.717541],[5.562522,43.722536],[5.562711,43.726255],[5.56734,43.731823],[5.568015,43.741636],[5.573452,43.753377],[5.586277,43.764799],[5.589049,43.76396],[5.593979,43.766255],[5.610438,43.769415],[5.615979,43.779154],[5.61813,43.780504],[5.636989,43.784221],[5.637,43.786919],[5.634511,43.789744],[5.628687,43.791691],[5.618358,43.791226],[5.614428,43.793705],[5.611142,43.7936],[5.605209,43.790702],[5.598426,43.792054],[5.594031,43.791401],[5.586243,43.783841],[5.55874,43.780775],[5.528309,43.782908],[5.518254,43.782105],[5.488113,43.782607],[5.476726,43.779428],[5.467679,43.778862],[5.462238,43.779341],[5.456981,43.781718],[5.443869,43.781216],[5.430469,43.776718],[5.416101,43.776061],[5.40075,43.771545],[5.389368,43.77155],[5.368353,43.765626],[5.341051,43.754879],[5.311424,43.747288],[5.305398,43.747861],[5.293262,43.751923],[5.281285,43.750891],[5.277897,43.753265],[5.244781,43.757422],[5.209791,43.751969],[5.195502,43.754223],[5.150421,43.75767],[5.138266,43.760256],[5.131486,43.763055],[5.114296,43.772533],[5.106949,43.779671],[5.100318,43.780578],[5.091236,43.784804],[5.088447,43.789553],[5.084835,43.79948],[5.082358,43.802391],[5.08456,43.804518],[5.085779,43.81139],[5.079983,43.816992],[5.07981,43.818638],[5.081897,43.820186],[5.083395,43.835258],[5.093045,43.840516],[5.103715,43.842446],[5.10944,43.841612],[5.114759,43.844277],[5.115777,43.847295],[5.118746,43.847878],[5.130845,43.844335],[5.156658,43.831617],[5.163072,43.831525],[5.178284,43.827756],[5.181331,43.828426],[5.186544,43.826001],[5.202383,43.823811],[5.203367,43.822506],[5.209418,43.822638],[5.210275,43.819189],[5.212897,43.817572],[5.217801,43.816827],[5.227216,43.816466],[5.242505,43.819482],[5.266367,43.819366],[5.274179,43.817677],[5.281617,43.819682],[5.287537,43.82321],[5.299786,43.821753],[5.315264,43.828668],[5.32203,43.829997],[5.341381,43.849634],[5.345968,43.852013],[5.354067,43.85301],[5.359546,43.856928],[5.38156,43.858995],[5.392019,43.857661],[5.397527,43.864654],[5.401383,43.874684],[5.405015,43.876424],[5.4055,43.878774],[5.411167,43.877791],[5.415221,43.879222],[5.417361,43.878398],[5.421447,43.880434],[5.423346,43.88424],[5.42805,43.886985],[5.427965,43.889452],[5.430786,43.890862],[5.429316,43.892532],[5.434974,43.896852],[5.434572,43.899315],[5.438308,43.901838],[5.436736,43.906283],[5.439094,43.905998],[5.445188,43.912231],[5.45003,43.915028],[5.452022,43.914109],[5.469165,43.914441],[5.475359,43.915825],[5.479795,43.920736],[5.460823,43.927269],[5.457319,43.92513],[5.453645,43.924853],[5.445247,43.928554],[5.435281,43.935733],[5.427675,43.936304],[5.421921,43.934109],[5.416077,43.935759],[5.404716,43.935881],[5.388221,43.940097],[5.369186,43.942599],[5.357736,43.941837],[5.296242,43.930541],[5.283904,43.929794],[5.270231,43.932749],[5.260193,43.92679],[5.243364,43.921708],[5.238746,43.918252],[5.217465,43.912712],[5.20669,43.910466],[5.199904,43.91065],[5.184549,43.905492],[5.162334,43.904698],[5.155493,43.906889],[5.147702,43.913628],[5.142453,43.915847],[5.130695,43.916126],[5.130051,43.916795],[5.132437,43.918014],[5.12934,43.922215],[5.126473,43.919781],[5.125003,43.921464],[5.122696,43.921355],[5.116465,43.919097],[5.113493,43.915904],[5.111017,43.915746],[5.109775,43.922899],[5.106259,43.926614],[5.10426,43.926597],[5.103858,43.924792],[5.102377,43.924675],[5.09659,43.927302],[5.085778,43.929162],[5.086162,43.933214],[5.089357,43.936076],[5.090493,43.940513],[5.090105,43.950533],[5.09103,43.957506],[5.09366,43.961962],[5.093047,43.968484],[5.097989,43.973071],[5.102876,43.973897],[5.107847,43.978284],[5.111246,43.978493],[5.117484,43.98473],[5.131406,43.985501],[5.133868,43.986535],[5.139754,43.992966],[5.141501,43.998524],[5.14494,44.000285],[5.154313,43.997646],[5.159177,43.997866],[5.161065,43.999871],[5.166208,43.997876],[5.174606,43.998917],[5.175635,44.002714],[5.178725,44.002599],[5.183096,44.005319],[5.20349,44.008834],[5.206363,44.011953],[5.212455,44.01486],[5.219648,44.014352],[5.224056,44.016409],[5.225263,44.018358],[5.23067,44.017853],[5.232144,44.019996],[5.234558,44.019542],[5.241226,44.022411],[5.241506,44.024556],[5.243689,44.025486],[5.243091,44.027383],[5.2474,44.030222],[5.244444,44.038488],[5.237489,44.04728],[5.238948,44.055794],[5.236726,44.062457],[5.240305,44.069669],[5.236574,44.081131],[5.236782,44.083078],[5.239436,44.084606],[5.24159,44.088481],[5.243087,44.094897],[5.236316,44.104354],[5.236963,44.109632],[5.225822,44.122742],[5.219249,44.127292],[5.205008,44.13139],[5.198077,44.135591],[5.193683,44.130332],[5.179717,44.123654],[5.168921,44.110755],[5.154063,44.10403],[5.135679,44.10176],[5.114,44.104979],[5.105182,44.10828],[5.097011,44.114367],[5.088045,44.11706],[5.083768,44.117576],[5.072554,44.116169],[5.061003,44.117079],[5.05986884626412,44.117720319917],[5.044812,44.126232],[5.025175,44.122306],[5.011269,44.122724],[5.004736,44.124376],[4.989491,44.137914],[4.985062,44.145391],[4.984009,44.150139],[4.99003,44.162287],[5.001336,44.170743],[5.007991,44.185238],[5.016164,44.192635],[5.016633,44.198404],[5.014075,44.209693],[5.018983,44.212929],[5.018006,44.21958],[5.022398,44.230143],[5.0321,44.239151],[5.037203,44.241942],[5.04101,44.242399],[5.045978,44.241852],[5.051077,44.236903],[5.056762,44.234903],[5.05986884626412,44.2354561274978],[5.070207,44.237296],[5.08014,44.236209],[5.087885,44.230089],[5.087297,44.226847],[5.089946,44.223373],[5.088584,44.221143],[5.09298,44.211366],[5.096617,44.209149],[5.101567,44.208484],[5.101098,44.206178],[5.10649,44.204885],[5.113245,44.198208],[5.115535,44.191685],[5.113481,44.184883],[5.114677,44.182511],[5.118437,44.180931],[5.124399,44.182679],[5.127032,44.182365],[5.137874,44.178401],[5.146486,44.177238],[5.160461,44.180131],[5.169279,44.18585],[5.169598,44.189191],[5.16752,44.190773],[5.146428,44.192637],[5.139948,44.194784],[5.135615,44.197974],[5.136776,44.205403],[5.145104,44.21107],[5.148103,44.219309],[5.153766,44.221348],[5.139076,44.23065],[5.140019158277697,44.23482359386603],[5.139687,44.234708],[5.134438,44.240577],[5.132667,44.247112],[5.135552,44.25015],[5.136839,44.258996],[5.139459,44.262889],[5.141243,44.271066],[5.138646,44.276302],[5.138608,44.279867],[5.136666,44.283452],[5.132208,44.285626],[5.129149,44.28912],[5.12677,44.302224],[5.106227,44.319764],[5.105759,44.32534],[5.107932,44.333393],[5.119828,44.34527],[5.122281,44.350028],[5.138553,44.356906],[5.142759,44.359972],[5.14154,44.364193],[5.135584,44.365552],[5.134843,44.367391],[5.13005,44.370063],[5.11254,44.375974],[5.11161,44.378447],[5.088573,44.393955],[5.068453,44.412184],[5.060062,44.416331],[5.05986884626411,44.4164760363989],[5.04741,44.425829],[5.013397,44.439336],[5.007547,44.443022],[5.00361,44.447707],[4.994221,44.451858],[4.97893,44.453566],[4.957199,44.463801],[4.943486,44.468417],[4.930295,44.469485],[4.921001,44.475475],[4.915466,44.484342],[4.909096,44.487048],[4.907224,44.486638],[4.892999,44.490085],[4.889763,44.492883],[4.885943,44.499574],[4.886046,44.508446],[4.886718,44.511441],[4.888785,44.512847],[4.898728,44.516443],[4.919429,44.527853],[4.9258,44.529827],[4.928347,44.532691],[4.933236,44.534449],[4.937413,44.537901],[4.950825,44.541257],[4.958623,44.541753],[4.964794,44.54942],[4.970463,44.566424],[4.9743,44.571956],[4.988552,44.57451],[4.992812,44.573634],[5.00189,44.574901],[5.02805,44.581866],[5.03477,44.58145],[5.038971,44.583536],[5.047325,44.582407],[5.055007,44.586376],[5.053769,44.591034],[5.055546,44.594571],[5.05986884626411,44.5950863096987],[5.060613,44.595175],[5.065159,44.600074],[5.073177,44.600967],[5.080202,44.600536],[5.087853,44.597882],[5.106758,44.587407],[5.113098,44.585733],[5.132918,44.587188],[5.132123,44.59139],[5.120608,44.605222],[5.103804,44.617378],[5.093625,44.627627],[5.060278,44.640488],[5.061478,44.646764],[5.05986884626412,44.6467502447103],[5.055525,44.646713],[5.04959,44.64476],[5.040382,44.647224],[5.035561,44.650301],[5.028829,44.658446],[5.02089,44.662665],[5.01937,44.665356],[5.018925,44.671688],[5.022466,44.679323],[5.03156,44.683617],[5.05179,44.689794],[5.058541,44.694802],[5.05986884626411,44.6951827920264],[5.068739,44.697726],[5.076427,44.698236],[5.087904,44.696331],[5.092497,44.694362],[5.102862,44.695274],[5.122858,44.694419],[5.13599,44.691654],[5.162319,44.691865],[5.164744,44.692354],[5.168523,44.695639],[5.165956,44.697109],[5.15573,44.698881],[5.14166,44.698287],[5.127473,44.699936],[5.109359,44.708121],[5.094036,44.712224],[5.078161,44.713192],[5.074067,44.716193],[5.061062,44.713821],[5.05986884626412,44.7140862347038],[5.045501,44.717279],[5.04028,44.719141],[5.038061,44.722034],[5.030342,44.723212],[5.014145,44.734787],[5.021349,44.744147],[5.03442,44.781222],[5.039232,44.786014],[5.03745,44.810613],[5.041125,44.819431],[5.039717,44.822727],[5.041566,44.83285],[5.040336,44.837834],[5.046616,44.859165],[5.051233,44.868748],[5.056518,44.874508],[5.05986884626411,44.8803309810369],[5.061645,44.883417],[5.0674011282984,44.8878100815623],[5.069427,44.889356],[5.072393,44.895494],[5.072943,44.900807],[5.076881,44.905877],[5.083109,44.9107],[5.086239,44.915112],[5.092176,44.917851],[5.097438,44.918725],[5.102702,44.922864],[5.106709,44.929948],[5.115285,44.938478],[5.11805,44.94599],[5.121093,44.949633],[5.146457,44.969548],[5.150519,44.974299],[5.159911,44.977244],[5.164453,44.988068],[5.174328,44.995064],[5.179993,45.001072],[5.181724,45.009554],[5.188181,45.015242],[5.194619,45.024431],[5.198139,45.034666],[5.20274,45.041475],[5.220938,45.053158],[5.235943,45.066398],[5.243413,45.066173],[5.244483,45.06134],[5.245792,45.060823],[5.251437,45.061365],[5.258635,45.05929],[5.265966,45.059758],[5.26739,45.055115],[5.269129,45.054671],[5.274725,45.056557],[5.276233,45.060107],[5.279652,45.061174],[5.283673,45.059693],[5.289009,45.060121],[5.291525,45.063785],[5.294111,45.062421],[5.298327,45.062771],[5.30136,45.066018],[5.312986,45.069816],[5.312187,45.07722],[5.309406,45.081194],[5.309456,45.088718],[5.311843,45.093861],[5.324688,45.109238],[5.343035,45.123442],[5.357286,45.130101],[5.376186,45.146218],[5.388456,45.158858],[5.404808,45.168237],[5.415888,45.172767],[5.425188,45.182168],[5.445322,45.193259],[5.449077,45.197894],[5.45781,45.204661],[5.46424,45.206605],[5.47048,45.210302],[5.486949,45.222998],[5.486496,45.231632],[5.501579,45.241283],[5.509535,45.252841],[5.519712,45.26299],[5.528025,45.286459],[5.534314,45.291018],[5.556591,45.293637],[5.565342,45.298074],[5.579484,45.295565],[5.592046,45.302083],[5.5961675602053775,45.30213560574461],[5.593476,45.30217],[5.599813,45.305427],[5.604537,45.311688],[5.615595,45.314549],[5.623772,45.325609],[5.621014,45.333658],[5.616225,45.336669],[5.60393,45.340155],[5.596533,45.347935],[5.596897,45.351091],[5.599878,45.35365],[5.602446,45.359561],[5.602097,45.362696],[5.578464,45.37539],[5.542372,45.379895],[5.532358,45.384948],[5.526902,45.389599],[5.528438,45.39471],[5.530433,45.396315],[5.534241,45.398318],[5.537563,45.398081],[5.545179,45.402161],[5.547415,45.404553],[5.546255,45.406231],[5.555324,45.420604],[5.570082,45.431473],[5.579057,45.435617],[5.608713,45.439192],[5.629262,45.445053],[5.632979,45.44715],[5.643905,45.459837],[5.654187,45.46503],[5.660161,45.465923],[5.667382,45.472141],[5.677658,45.475398],[5.68087,45.475477],[5.684511,45.473867],[5.687751,45.474921],[5.691507,45.480415],[5.712491,45.497448],[5.712776,45.495957],[5.715641,45.495093],[5.71485,45.491561],[5.724441,45.47993],[5.732468,45.476161],[5.736239,45.472591],[5.733687,45.467186],[5.735534,45.458137],[5.73201,45.452712],[5.734852,45.447108],[5.738834,45.445223],[5.738131,45.442999],[5.741018,45.432669],[5.744425,45.433377],[5.746221,45.432397],[5.748275,45.427282],[5.756601,45.425694],[5.759562,45.426255],[5.760907,45.427587],[5.760267,45.430048],[5.755242,45.434895],[5.753052,45.441235],[5.753034,45.44437],[5.756083,45.44937],[5.753349,45.451118],[5.748858,45.459181],[5.751719,45.465945],[5.756924,45.472079],[5.757033,45.480605],[5.761196,45.483017],[5.765363,45.487788],[5.765958,45.494251],[5.772822,45.502587],[5.772547,45.512966],[5.776585,45.517512],[5.779775,45.525362],[5.786117,45.52733],[5.794597,45.532188],[5.79503,45.537172],[5.791616,45.53945],[5.79704,45.542227],[5.803873,45.542314],[5.808341,45.540359],[5.813612,45.543531],[5.812126,45.543576],[5.809071,45.55403],[5.805124,45.558354],[5.806333,45.561664],[5.809561,45.56037],[5.811721,45.562372],[5.808742,45.567028],[5.808218,45.571697],[5.803427,45.575707],[5.798444,45.572166],[5.798354,45.572153],[5.798831,45.574298],[5.790338,45.59725],[5.786872,45.59983],[5.783164,45.607212],[5.784842,45.619282],[5.781481,45.629809],[5.780594,45.643546],[5.783227,45.650907],[5.782549,45.657867],[5.785933,45.670666],[5.80703,45.68638],[5.82209,45.69535],[5.825442,45.699027],[5.821798,45.711524],[5.814622,45.716048],[5.802401,45.73119],[5.793504,45.748144],[5.794899,45.758974],[5.799064,45.761291],[5.800689,45.761026],[5.80165,45.762949],[5.805834,45.763112],[5.806521,45.766342],[5.813334,45.771947],[5.818576,45.785654],[5.822818,45.785209],[5.82441,45.786937],[5.826152,45.786857],[5.829102,45.782769],[5.832495,45.775285],[5.834219,45.762517],[5.837027,45.755458],[5.840567,45.752467],[5.839309,45.751236],[5.840448,45.748611],[5.853465,45.729336],[5.860952,45.706681],[5.862141,45.694592],[5.858732,45.686742],[5.856821,45.672862],[5.858886,45.664669],[5.858683,45.657261],[5.859937,45.65597],[5.863977,45.656387],[5.864629,45.654873],[5.859493,45.642587],[5.861097,45.636804],[5.858537,45.626532],[5.860291,45.611829],[5.858702,45.603841],[5.860584,45.596868],[5.863251,45.593368],[5.875437,45.588219],[5.879672,45.585137],[5.887864,45.576304],[5.892054,45.569348],[5.893134,45.565097],[5.891798,45.562597],[5.896519,45.558198],[5.901391,45.556861],[5.920623,45.563065],[5.937489,45.565126],[5.950329,45.568286],[5.955238,45.570448],[5.959469,45.574621],[5.961373,45.57908],[5.960785,45.580717],[5.956799,45.582844],[5.950739,45.583679],[5.926282,45.582464],[5.92129,45.58292],[5.919421,45.585281],[5.920737,45.589512],[5.938983,45.613698],[5.940594,45.619604],[5.941531,45.643429],[5.957169,45.694131],[5.96961,45.713289],[5.991023,45.728389],[6.016137,45.761629],[6.03234,45.768926],[6.038892,45.773673],[6.045911,45.776008],[6.049001,45.778966],[6.057474,45.802769],[6.067986,45.825233],[6.075927,45.85227],[6.085307,45.86612],[6.099432,45.875403],[6.107093,45.883651],[6.125405,45.895749],[6.13026,45.898115],[6.133354,45.897603],[6.135428,45.895852],[6.134025,45.895608],[6.135022,45.894228],[6.143626,45.889739],[6.142252,45.883892],[6.144209,45.871411],[6.143113,45.868667],[6.14451,45.867301],[6.14329,45.860423],[6.145184,45.85997],[6.144171,45.858115],[6.146672,45.8567],[6.146865,45.854143],[6.152983,45.852372],[6.153562,45.847867],[6.157104,45.845619],[6.15893,45.846105],[6.159658,45.844791],[6.164294,45.845355],[6.168479,45.843863],[6.174181,45.844498],[6.17507,45.84122],[6.179476,45.836361],[6.187849,45.830366],[6.189992,45.830754],[6.193889,45.828152],[6.201586,45.828046],[6.206238,45.830192],[6.206259,45.832003],[6.208974,45.823639],[6.206985,45.820088],[6.210853,45.812776],[6.213988,45.794156],[6.215245,45.792926],[6.219695,45.793024],[6.225462,45.796783],[6.230207,45.797988],[6.228941,45.801355],[6.231947,45.805968],[6.230639,45.813888],[6.226815,45.822927],[6.219762,45.824051],[6.218121,45.82795],[6.219829,45.831516],[6.21721,45.833544],[6.216913,45.836153],[6.211196,45.837987],[6.210362,45.841718],[6.206511,45.842048],[6.200889,45.840328],[6.193215,45.841562],[6.188892,45.843535],[6.189276,45.848577],[6.187418,45.852859],[6.188554,45.855783],[6.184795,45.860354],[6.18622,45.864351],[6.174333,45.879176],[6.171314,45.889235],[6.166447,45.89197],[6.158661,45.90509],[6.155847,45.905849],[6.149884,45.903827],[6.150415,45.904645],[6.146657,45.904179],[6.155149,45.907482],[6.163047,45.91883],[6.164334,45.938679],[6.16177,45.944174],[6.165694,45.950073],[6.165273,45.95307],[6.167801,45.957869],[6.17061,45.959915],[6.182155,45.963535],[6.196748,45.962196],[6.206163,45.965178],[6.212616,45.968794],[6.21429,45.973248],[6.228041,45.984377],[6.245752,45.991897],[6.249804,45.996043],[6.269795,46.009508],[6.282636,46.015206],[6.289199,46.019687],[6.292974,46.032921],[6.29531326064223,46.0360161824063],[6.297007,46.038257],[6.317154,46.046923],[6.338506,46.0457],[6.345819,46.046356],[6.359029,46.04435],[6.364225,46.04561],[6.369821,46.055418],[6.383159,46.060036],[6.399123,46.07681],[6.399813,46.079217],[6.398476,46.083486],[6.396156,46.085051],[6.378806,46.085242],[6.369867,46.087238],[6.362057,46.090557],[6.355967,46.097292],[6.352688,46.097957],[6.35244,46.100907],[6.347993,46.107938],[6.349108,46.110202],[6.362555,46.116272],[6.36549,46.115468],[6.372742,46.116118],[6.391299,46.12008],[6.399151,46.119957],[6.40992,46.121886],[6.42433,46.126682],[6.42822,46.129535],[6.429534,46.133709],[6.425919,46.146393],[6.399628,46.148138],[6.390518,46.146013],[6.384737,46.146484],[6.375206,46.149751],[6.366606,46.158473],[6.357287,46.159034],[6.349566,46.163624],[6.334915,46.165773],[6.332157,46.164615],[6.329945,46.165482],[6.325664,46.164741],[6.322126,46.165462],[6.317806,46.168352],[6.314786,46.167037],[6.313366,46.168351],[6.308041,46.169028],[6.300208,46.174566],[6.300193,46.178961],[6.295014,46.185507],[6.292626,46.192473],[6.292536,46.205548],[6.295649,46.210582],[6.30862,46.219241],[6.31528,46.231631],[6.325942,46.244616],[6.330037,46.255419],[6.33446,46.25962],[6.340241,46.260563],[6.351187,46.26624],[6.360122,46.26643],[6.371665,46.264341],[6.405801,46.276921],[6.440499,46.301328],[6.443777,46.303338],[6.452899,46.305301],[6.45997,46.311861],[6.464137,46.312415],[6.466626,46.310934],[6.470184,46.313115],[6.481295,46.313591],[6.49169,46.316249],[6.501575,46.322861],[6.511204,46.333353],[6.527613,46.339342],[6.557233,46.342769],[6.560697,46.344048],[6.560607,46.345372],[6.56721,46.349768],[6.573764,46.349161],[6.580624,46.346743],[6.588345,46.346219],[6.615212,46.351889],[6.624787,46.360462],[6.626134,46.364352],[6.645295,46.372668],[6.658096,46.38047],[6.671332,46.386669],[6.677281,46.390745],[6.679729,46.396959],[6.686695,46.399575],[6.697461,46.40702],[6.723988,46.408001],[6.733388,46.405355],[6.756621,46.403033],[6.760071,46.400326],[6.771996,46.397534],[6.77215958767792,46.3975556157453],[6.774751,46.397898],[6.792375,46.393191],[6.805389,46.394345],[6.810366,46.39098],[6.815932,46.390475],[6.830336,46.386008],[6.845967,46.38864],[6.857557,46.387013],[6.859542,46.389056],[6.857396,46.394201],[6.858527,46.395012],[6.858533860549027,46.39500627244099],[6.863197,46.392836],[6.867208,46.392987],[6.872868,46.39507],[6.883288,46.394825],[6.886824,46.396345],[6.89247,46.394765],[6.901127,46.3966],[6.918187,46.395158],[6.920049,46.396979],[6.922728,46.396839],[6.924983,46.39841],[6.925269,46.402307],[6.930566,46.407089],[6.930389,46.411324],[6.927231,46.414073],[6.927347,46.418362],[6.923581,46.421233],[6.92329,46.424669],[6.9204,46.428342],[6.916232,46.429843],[6.912097,46.428592],[6.908791,46.430381],[6.909495,46.434627],[6.903337,46.439658],[6.900441,46.440512],[6.890343,46.439002],[6.886657,46.440939],[6.883245,46.44008],[6.876239,46.44633],[6.869723,46.448215],[6.865682,46.448545],[6.860041,46.446876],[6.852196,46.456075],[6.841947,46.459757],[6.844081,46.464638],[6.858705,46.47899],[6.865348,46.481458],[6.865631,46.480485],[6.868552,46.483636],[6.874533,46.486903],[6.886902,46.500718],[6.896265,46.506856],[6.895058,46.509327],[6.897079,46.518127],[6.901555,46.526799],[6.901721,46.526948],[6.9028347,46.5284725],[6.903198,46.529811],[6.905709,46.545115],[6.917152,46.564622],[6.946217,46.591171],[6.963289,46.603943],[6.968841,46.606956],[6.982573,46.611002],[6.990664,46.612072],[7.005063,46.611848],[7.019644,46.610149],[7.04166,46.612294],[7.048699,46.609182],[7.056216,46.595955],[7.058396,46.59463],[7.078048,46.594805],[7.087743,46.596837],[7.094372,46.600309],[7.097927,46.608278],[7.104871,46.614512],[7.105653,46.617655],[7.104893,46.631282],[7.101943,46.635663],[7.100595,46.643631],[7.098056,46.645699],[7.098536,46.650492],[7.096174,46.655722],[7.098896,46.65885],[7.096612,46.660697],[7.1034,46.663363],[7.098943,46.671616],[7.104403,46.676999],[7.106372,46.676129],[7.106264,46.674691],[7.107005,46.677029],[7.110445,46.679326],[7.107524,46.684029],[7.110063,46.683664],[7.111616,46.681748],[7.111353,46.683249],[7.114786,46.683102],[7.118099,46.684505],[7.125958,46.694921],[7.14245,46.699416],[7.149551,46.704089],[7.156625,46.714756],[7.161879,46.730359],[7.176278,46.741636],[7.194009,46.744162],[7.198357,46.746902],[7.206587,46.742541],[7.209965,46.737286],[7.222015,46.738663],[7.234815,46.738114],[7.245676,46.736989],[7.24777,46.734926],[7.271949,46.739008],[7.280446,46.742523],[7.290483,46.744819],[7.294384,46.749585],[7.304946,46.756372],[7.314064,46.754039],[7.321472,46.755687],[7.329358,46.755602],[7.350195,46.762773],[7.359128,46.76916],[7.363141,46.769678],[7.37681,46.776661],[7.382346,46.778164],[7.385065,46.784635],[7.404026,46.795698],[7.408289,46.790868],[7.416785,46.786428],[7.427309,46.785356],[7.432991,46.782266],[7.441725,46.782791],[7.453664,46.781528],[7.462085,46.785542],[7.46705,46.785849],[7.474297,46.784254],[7.475243,46.780252],[7.484456,46.774173],[7.508321,46.772161],[7.516289,46.76248],[7.51648,46.759057],[7.520632,46.753707],[7.522124,46.74843],[7.520421,46.742348],[7.5261,46.736502],[7.54706,46.72226],[7.563227,46.715924],[7.57904,46.711944],[7.58526,46.709103],[7.588414,46.705724],[7.593208,46.704035],[7.602068,46.702689],[7.611384,46.704425],[7.629656,46.705211],[7.633107,46.706445],[7.63101,46.709301],[7.637339,46.716298],[7.644279,46.717536],[7.644084,46.71546],[7.641913,46.715044],[7.64408,46.71514],[7.643885,46.711043],[7.65937,46.703421],[7.663404,46.697265],[7.671695,46.694601],[7.686925,46.692819],[7.688972,46.691807],[7.688397,46.689976],[7.689918,46.688355],[7.685967,46.687644],[7.697443,46.685587],[7.703612,46.682689],[7.704918,46.680459],[7.703005,46.675348],[7.703872,46.673504],[7.717345,46.668542],[7.724082,46.667822],[7.728507,46.664437],[7.740613,46.662913],[7.752313,46.656486],[7.760483,46.654356],[7.766793,46.656102],[7.773161,46.65562],[7.780389,46.658242],[7.78817,46.65818],[7.790296,46.659926],[7.804095,46.664536],[7.807423,46.66425],[7.815838,46.659731],[7.82384,46.661679],[7.827534,46.664283],[7.826784,46.665922],[7.831015,46.668391],[7.827519,46.667512],[7.829896,46.669211],[7.82861,46.671076],[7.832122,46.672095],[7.827994,46.671151],[7.822406,46.673144],[7.818828,46.675296],[7.81672,46.678619],[7.815115,46.678687],[7.816517,46.679088],[7.81303,46.678557],[7.81428,46.68059],[7.811484,46.68227],[7.806201,46.682573],[7.800365,46.684911],[7.795524,46.683911],[7.792002,46.685773],[7.776615,46.681725],[7.763546,46.682008],[7.757985,46.680434],[7.75259,46.680729],[7.746457,46.683897],[7.746932,46.685863],[7.742997,46.690605],[7.742938,46.693953],[7.738198,46.694834],[7.735697,46.700241],[7.724703,46.707485],[7.704335,46.712502],[7.701771,46.711616],[7.696872,46.714376],[7.688606,46.716368],[7.682181,46.72414],[7.676743,46.727488],[7.670827,46.727382],[7.667625,46.730818],[7.663278,46.731411],[7.654297,46.736828],[7.655946,46.736843],[7.653851,46.737272],[7.650957,46.741701],[7.64553,46.74198],[7.640858,46.744808],[7.636434,46.749094],[7.635771,46.754463],[7.629301,46.759185],[7.628954,46.761598],[7.636535,46.776995],[7.650304,46.782977],[7.65672,46.783464],[7.667602,46.786563],[7.672582,46.786278],[7.673414,46.788039],[7.684521,46.789481],[7.694144,46.787551],[7.698922,46.789485],[7.704339,46.78995],[7.716488,46.787199],[7.721318,46.784249],[7.725112,46.783817],[7.734256,46.779788],[7.756142,46.784155],[7.757566,46.78589],[7.763423,46.786696],[7.771906,46.786458],[7.777876,46.784034],[7.790791,46.786736],[7.806762,46.788019],[7.816118,46.785753],[7.824634,46.785344],[7.836781,46.788598],[7.852064,46.805386],[7.862475,46.810293],[7.864589,46.817288],[7.858942,46.821955],[7.870923,46.826202],[7.879872,46.838967],[7.888963,46.844576],[7.897369,46.851969],[7.899056,46.859898],[7.903845,46.869315],[7.914245,46.883581],[7.910341,46.889304],[7.909268,46.894757],[7.926021,46.9024],[7.930267,46.905544],[7.938434,46.919478],[7.959917,46.927385],[7.973939,46.929281],[7.991024,46.93469],[7.997323,46.935272],[8.005852,46.940021],[8.007646,46.947606],[8.017204,46.95397],[8.019336,46.961828],[8.031292,46.969432],[8.03837,46.970854],[8.037717,46.972219],[8.041632,46.978073],[8.047131,46.982318],[8.046288,46.984084],[8.050947,46.985839],[8.059733,46.995204],[8.063208,46.996579],[8.064013,46.999689],[8.061822,47.000856],[8.059379,47.000012],[8.058758,47.004238],[8.067968,47.020339],[8.066882,47.030241],[8.068984,47.042194],[8.066066,47.049859],[8.070321,47.057946],[8.093444,47.053505],[8.099249,47.055765],[8.102411,47.054857],[8.103202,47.056494],[8.108203,47.049656],[8.113173,47.051287],[8.119045,47.045222],[8.129324,47.044546],[8.142457,47.04066],[8.161714,47.03732],[8.176934,47.042954],[8.200342,47.042674],[8.225177,47.045374],[8.24009,47.040707],[8.242712,47.034881],[8.251612,47.033324],[8.263242,47.034196],[8.271415,47.030759],[8.285997,47.027753],[8.291513,47.024671],[8.296002,47.018567],[8.302218,47.015204],[8.30661,47.008733],[8.306005,47.005435],[8.311652,47.001168],[8.316991,46.989784],[8.312737,46.986476],[8.312395,46.979403],[8.322311,46.978946],[8.328392,46.980193],[8.331379,46.978442],[8.329846,46.973666],[8.31681,46.96976],[8.311807,46.968751],[8.307978,46.969609],[8.295589,46.966562],[8.293784,46.965539],[8.294104,46.963565],[8.280877,46.957663],[8.278796,46.955674],[8.280042,46.954081],[8.283772,46.95418],[8.284535,46.955149],[8.284833,46.953708],[8.286317,46.953702],[8.288526,46.956455],[8.287887,46.953144],[8.290213,46.953268],[8.289198,46.95561],[8.291148,46.956093],[8.290408,46.953142],[8.295772,46.954508],[8.296596,46.953579],[8.295481,46.95425],[8.292683,46.952904],[8.296917,46.951216],[8.297917,46.953212],[8.30082,46.953137],[8.320627,46.962392],[8.324328,46.963008],[8.335624,46.969349],[8.337209,46.973608],[8.332595,46.976704],[8.332971,46.979331],[8.336478,46.97971],[8.334754,46.979954],[8.336529,46.980906],[8.346483,46.982247],[8.348843,46.985162],[8.351965,46.985855],[8.351646,46.98951],[8.355382,46.993264],[8.362603,46.996282],[8.368278,47.003563],[8.377784,47.00288],[8.392339,47.004131],[8.406258,47.003743],[8.419075,47.001868],[8.431229,47.002532],[8.43143404085823,47.0025024871214],[8.442584,47.000897],[8.447535,47.002103],[8.459783,47.000335],[8.463456,46.99749],[8.459141,46.995294],[8.439511,46.993629],[8.42767571810228,46.9898528663572],[8.41834,46.986873],[8.418265,46.981444],[8.422552,46.978862],[8.42440640163007,46.9788441525384],[8.425771,46.978831],[8.424367,46.977559],[8.426744,46.975365],[8.440834,46.974757],[8.447106,46.97226],[8.453488,46.971316],[8.466131,46.972126],[8.472895,46.968991],[8.479207,46.964008],[8.495286,46.962056],[8.513508,46.964095],[8.523516,46.968192],[8.549768,46.973343],[8.573061,46.983858],[8.588152,46.987983],[8.592645,46.98708],[8.595127,46.985849],[8.596282,46.982783],[8.591274,46.975797],[8.594099,46.968029],[8.593133,46.963021],[8.590734,46.96003],[8.588895,46.959733],[8.590215,46.95789],[8.588285,46.95617],[8.589799,46.955674],[8.587743,46.955378],[8.584596,46.947813],[8.585711,46.946044],[8.578459,46.932174],[8.579918,46.928906],[8.586806,46.923902],[8.597225,46.918847],[8.596695762532255,46.91851858924993],[8.59204759282418,46.91308586763685],[8.592671,46.91104],[8.592447,46.907965],[8.592404,46.9078485],[8.59219,46.906895],[8.591896,46.905469],[8.594552891286565,46.899143895284496],[8.595014,46.899012],[8.595172,46.897624],[8.595108,46.897522],[8.594985583541966,46.89745575819952],[8.594164,46.895031],[8.598628,46.889864],[8.60097963989638,46.88910284421439],[8.601225,46.88912],[8.60217,46.888755],[8.602356,46.888685],[8.602423666416376,46.88868747957938],[8.604432510568161,46.89096741612966],[8.604584,46.891682],[8.606092305466502,46.89285119942432],[8.60615247882942,46.89291949314902],[8.6060483,46.8930531],[8.606184,46.893075],[8.60626294608983,46.89304486790465],[8.606446843901892,46.89325358262394],[8.606346,46.893222],[8.6060329,46.893137],[8.606068,46.893243],[8.606553626054072,46.89337477496803],[8.607101313850837,46.893996372927674],[8.60674,46.894175],[8.6067163,46.8941879],[8.606989,46.894208],[8.607190592000437,46.89409769911379],[8.608091515128878,46.89512020131622],[8.60674,46.894378],[8.6065542,46.8943037],[8.606573,46.894319],[8.608132115868326,46.895166281102824],[8.60884845770238,46.89597929286808],[8.608815,46.896043],[8.609384,46.898352],[8.614793,46.899722],[8.616479,46.898222],[8.621659,46.899943],[8.620872,46.901992],[8.624175,46.902209],[8.624999,46.904727],[8.624701,46.907378],[8.62134,46.910472],[8.621231,46.91422],[8.623528,46.917155],[8.620484,46.921487],[8.61145,46.926063],[8.612085,46.927854],[8.610665,46.929132],[8.615518,46.940653],[8.620109,46.944834],[8.618336,46.949329],[8.620769,46.952531],[8.614616,46.959182],[8.612846,46.969274],[8.610356,46.972982],[8.61184,46.986617],[8.608016,46.992571],[8.605541,46.993533],[8.600172,46.993154],[8.60122,46.993779],[8.598334,46.994982],[8.591998,46.995282],[8.590274,46.99867],[8.585853,47.001216],[8.572964,46.999169],[8.569151,46.996617],[8.563471,46.995257],[8.556424,46.990547],[8.54805,46.988921],[8.534482,46.988369],[8.529937,46.990654],[8.524086,46.990771],[8.523008,46.992517],[8.516801,46.99407],[8.501397,46.99199],[8.496881,46.990058],[8.492672,46.990466],[8.484011,46.994511],[8.47994,46.993554],[8.473589,46.995414],[8.477098,46.997826],[8.476689,46.999025],[8.485415,47.002365],[8.482626,47.007116],[8.481811,47.013935],[8.477745,47.01457],[8.476437,47.016255],[8.473498,47.016933],[8.468506,47.02134],[8.467969,47.023589],[8.464379,47.023405],[8.462352,47.024525],[8.45407,47.023756],[8.445849,47.029621],[8.44192,47.031139],[8.43976066770982,47.0305061727463],[8.439511,47.030433],[8.435902,47.032125],[8.42604,47.031331],[8.420723,47.028636],[8.409354,47.030023],[8.401205,47.02614],[8.400863,47.028316],[8.397207,47.026843],[8.39562,47.0289],[8.403875,47.037485],[8.418138,47.044166],[8.427035,47.052384],[8.426753,47.059146],[8.430421,47.06224],[8.431295,47.069335],[8.434889,47.077128],[8.438485,47.077898],[8.441488,47.082311],[8.450796,47.086885],[8.455373,47.095408],[8.459103,47.09798],[8.45987628582112,47.0980344489577],[8.466548,47.098504],[8.464005,47.095904],[8.469636,47.088402],[8.477193,47.085827],[8.485488,47.07924],[8.488692,47.078377],[8.495698,47.073461],[8.508722,47.068547],[8.51419,47.061633],[8.520995,47.062588],[8.528136,47.071706],[8.522383,47.084076],[8.523545,47.089305],[8.509285,47.103116],[8.508131,47.106035],[8.503616,47.107966],[8.494764,47.123599],[8.50340147088996,47.1333860792482],[8.507337,47.137844],[8.520685,47.16002],[8.527943,47.16664],[8.540593,47.172182],[8.562832,47.171253],[8.574308,47.173919],[8.603533,47.168912],[8.6111,47.169077],[8.621752,47.172491],[8.63853,47.171732],[8.639255,47.169414],[8.642219,47.168808],[8.651446,47.170718],[8.656453,47.169733],[8.669143,47.172604],[8.670807,47.174414],[8.673474,47.174101],[8.677377,47.176614],[8.688202,47.178079],[8.692215,47.179776],[8.710268,47.172939],[8.741094,47.183478],[8.758952,47.188176],[8.788102,47.193153],[8.802585,47.194268],[8.813618,47.193738],[8.841288,47.187872],[8.845706,47.186529],[8.854907,47.180816],[8.869584,47.177065],[8.877878,47.175961],[8.890448,47.17224],[8.901178,47.17136],[8.913691,47.168582],[8.927758,47.168506],[8.950755,47.173022],[8.971418,47.17083],[8.986182,47.166926],[9.006968,47.158469],[9.014167,47.152677],[9.018502,47.151018],[9.017552,47.149505],[9.019918,47.148142],[9.019555,47.146749],[9.025509,47.143001],[9.039593,47.137107],[9.042059,47.13448],[9.051356,47.12998],[9.056985,47.129439],[9.065267,47.132241],[9.050962,47.141743],[9.050319,47.145393],[9.052912,47.150044],[9.052376,47.152541],[9.056719,47.154417],[9.056978,47.158358],[9.055076,47.161644],[9.056814,47.165071],[9.055253,47.173329],[9.04736,47.19368],[9.046754,47.198815],[9.030692,47.215691],[9.033134,47.221704],[9.030658,47.223682],[9.031548,47.228845],[9.026235,47.24742],[9.039263,47.254851],[9.042815,47.261476],[9.047981,47.264772],[9.056042,47.267729],[9.076132,47.279817],[9.083951,47.282116],[9.08833,47.284956],[9.109015,47.288327],[9.114007,47.292187],[9.117922,47.293252],[9.137999,47.29677],[9.152937,47.297882],[9.16392,47.297802],[9.178662,47.295359],[9.182193,47.295525],[9.189089,47.298692],[9.193678,47.298041],[9.195741,47.296034],[9.200843,47.295854],[9.204065,47.29842],[9.210663,47.29842],[9.229624,47.303665],[9.233358,47.305815],[9.241056,47.306004],[9.252281,47.309262],[9.263148,47.30997],[9.269619,47.308551],[9.275223,47.308898],[9.279872,47.311716],[9.281044,47.315092],[9.287022,47.317131],[9.288543,47.319869],[9.293124,47.321952],[9.292476,47.323635],[9.294164,47.32455],[9.295769,47.324647],[9.29747,47.321622],[9.300037,47.320573],[9.307573,47.322085],[9.327814,47.320701],[9.335331,47.321732],[9.341155,47.324244],[9.349415,47.33007],[9.359636,47.332211],[9.372876,47.332496],[9.392207,47.336321],[9.4072,47.335556],[9.414339,47.33004],[9.419082,47.328199],[9.435355,47.327696],[9.471297,47.333539],[9.518372,47.338716],[9.521365,47.337956],[9.524646,47.334731],[9.532358,47.334987],[9.533446,47.33059],[9.539506,47.329319],[9.540135,47.326794],[9.552463,47.331136],[9.556086,47.33043],[9.55696,47.323685],[9.55181,47.315802],[9.552043,47.313623],[9.556968,47.310383],[9.563626,47.309513],[9.568301,47.307096],[9.55649,47.297457],[9.548483,47.282748],[9.544434,47.278782],[9.532538,47.272683],[9.530818,47.270285],[9.528702,47.259735],[9.51881,47.242003],[9.502208,47.221135],[9.499911,47.212467],[9.489812,47.196938],[9.486488,47.185237],[9.486738,47.178163],[9.49156,47.162425],[9.499778,47.14948],[9.506605,47.142931],[9.513221,47.127664],[9.519598,47.101012],[9.516471,47.089799],[9.513268,47.085745],[9.506566,47.081524],[9.470134,47.063864],[9.469677159353363,47.062921449510206],[9.472371,47.064702],[9.473186,47.057837],[9.47367799466493,47.0568504708998],[9.478252,47.047677],[9.505472,47.019641],[9.512386,47.006991],[9.549777,46.971674],[9.546113,46.963813],[9.547596,46.960038],[9.542605,46.947475],[9.548417,46.938246],[9.55803,46.932154],[9.558121,46.927472],[9.554502,46.914522],[9.544737,46.907158],[9.540476,46.900785],[9.539531,46.892972],[9.53357,46.884168],[9.52918,46.87233],[9.502547,46.860583],[9.486879,46.845826],[9.471396,46.842428],[9.459208,46.838296],[9.439069,46.838785],[9.432626,46.833817],[9.416574,46.830077],[9.413132,46.825322],[9.407850000153257,46.82350779960219],[9.408825,46.820977],[9.407392,46.816198],[9.410016,46.813678],[9.416533,46.812021],[9.409707,46.801363],[9.405209,46.799061],[9.405258,46.792576],[9.407588,46.788504],[9.411776,46.786459],[9.420074,46.772082],[9.422268,46.761865],[9.444334,46.717654],[9.449349,46.712645],[9.447235,46.702819],[9.441752,46.691293],[9.452565,46.681153],[9.453862,46.677988],[9.450486,46.676121],[9.451073,46.669099],[9.447179,46.663816],[9.450709,46.654513],[9.447335,46.650373],[9.446047,46.645058],[9.441544,46.642064],[9.442805,46.639079],[9.43923,46.634653],[9.439696,46.629003],[9.431726,46.620785],[9.429807,46.61415],[9.425486,46.611375],[9.42254,46.605038],[9.422627,46.602842],[9.426679,46.600372],[9.428001,46.59761],[9.421117,46.593463],[9.421663,46.583441],[9.416749,46.578499],[9.417655,46.573918],[9.416471,46.571015],[9.40312,46.566695],[9.396463,46.566497],[9.390816,46.568771],[9.364526,46.564419],[9.352542,46.563514],[9.342139,46.560304],[9.336193,46.555852],[9.321247,46.55194],[9.322974,46.547937],[9.328206,46.543089],[9.326103,46.539779],[9.326249,46.532123],[9.33065,46.52483],[9.329736,46.523606],[9.332988,46.515218],[9.329679,46.508366],[9.33065,46.493141],[9.33685,46.489231],[9.34565,46.477123],[9.342836,46.469167],[9.337378,46.465706],[9.330308,46.463721],[9.326795,46.4639],[9.32594,46.461655],[9.327396,46.453076],[9.331981,46.445973],[9.335361,46.443506],[9.337889,46.437297],[9.337229,46.434791],[9.341102,46.423058],[9.341395,46.415988],[9.345008,46.412494],[9.349265,46.402025],[9.354362,46.381815],[9.353839,46.378798],[9.357598,46.375045],[9.35826,46.369155],[9.362909,46.365799],[9.362489,46.359657],[9.364949,46.351138],[9.37006,46.343857],[9.368502,46.342198],[9.368479,46.336675],[9.372292,46.33241],[9.374474,46.326381],[9.383509,46.322755],[9.386958,46.315233],[9.391147,46.310656],[9.390946,46.307416],[9.37765,46.293543],[9.378678,46.289773],[9.374765,46.27757],[9.375373,46.275658],[9.386828,46.26688],[9.407761,46.239894],[9.417087,46.2326],[9.418947,46.225103],[9.42876,46.219192],[9.443445,46.21406],[9.444809,46.211473],[9.438043,46.211396],[9.429726,46.202599],[9.424611,46.1997],[9.426384,46.198421],[9.424315,46.191963],[9.418745,46.187398],[9.41119,46.175863],[9.394089,46.169564],[9.382826,46.169693],[9.37955,46.168847],[9.377292,46.166614],[9.375084,46.168694],[9.367881,46.167849],[9.362738,46.169604],[9.358909,46.168901],[9.346737,46.163355],[9.338465,46.157242],[9.33918,46.15233],[9.337088,46.15018],[9.330855,46.148607],[9.324864,46.150578],[9.320527,46.148776],[9.306015,46.147084],[9.304872,46.14424],[9.306089,46.140887],[9.304249,46.137381],[9.29803,46.143015],[9.304012,46.137256],[9.300201,46.135418],[9.290958,46.134026],[9.290685,46.130472],[9.286226,46.127325],[9.286368,46.123959],[9.279326,46.122026],[9.280774,46.119058],[9.277054,46.114097],[9.278671,46.109932],[9.27762,46.099446],[9.280638,46.093582],[9.280033,46.088823],[9.277774,46.087774],[9.277055,46.081622],[9.279748,46.073781],[9.278199,46.072012],[9.278731,46.070125],[9.272712,46.067984],[9.26971,46.065322],[9.269082,46.06259],[9.260736,46.057437],[9.260738,46.052595],[9.255913,46.049082],[9.251042,46.039826],[9.244339,46.039486],[9.237491,46.034769],[9.237846,46.026801],[9.241762,46.024279],[9.242931,46.02174],[9.237144,46.018725],[9.23731,46.014549],[9.234263,46.005964],[9.23955,45.994631],[9.237683,45.990775],[9.235307,45.988021],[9.222381,45.981447],[9.215883,45.982488],[9.212701,45.9804],[9.207018,45.980466],[9.20014,45.976031],[9.199869,45.974209],[9.197179,45.973656],[9.195928,45.971839],[9.196601,45.970658],[9.201781,45.969355],[9.202434,45.964714],[9.190778,45.967596],[9.185109,45.966498],[9.174873,45.968742],[9.172866,45.966369],[9.169649,45.966023],[9.169159,45.964646],[9.159261,45.958887],[9.145231,45.953672],[9.129092,45.945422],[9.128394,45.931942],[9.131801,45.923371],[9.131596,45.907103],[9.137398,45.899108],[9.145086,45.892425],[9.142192,45.885206],[9.136684,45.877751],[9.124083,45.871061],[9.112189,45.866948],[9.10154,45.859656],[9.097263,45.85925],[9.094572,45.857529],[9.090285,45.852521],[9.08950256096029,45.8473742925048],[9.089297,45.846022],[9.080936,45.846311],[9.078674,45.843482],[9.07875,45.838776],[9.07585,45.835713],[9.076248,45.833552],[9.071976,45.831773],[9.068594,45.82587],[9.066915,45.821166],[9.067427,45.81663],[9.0674611,45.8163252],[9.067258,45.816729],[9.066882,45.817353],[9.060968,45.818578],[9.047767,45.826126],[9.024173,45.835027],[9.012301,45.843242],[8.985931,45.851441],[8.98197958609344,45.8559198816972],[8.980048,45.858109],[8.981265,45.863325],[8.988224,45.868469],[8.989503,45.872376],[8.981543,45.885509],[8.97447,45.891184],[8.97282,45.890806],[8.971457,45.887444],[8.972748,45.877121],[8.967484,45.871139],[8.957413,45.864139],[8.93807393237449,45.859379618887],[8.931119,45.857667],[8.918702,45.856581],[8.903535,45.856939],[8.894692,45.860384],[8.89075101623672,45.8630893256817],[8.89016,45.863495],[8.874303,45.864418],[8.87415451606203,45.8643856039817],[8.865775,45.862557],[8.8539,45.856255],[8.83985284399126,45.8519209019674],[8.839824,45.851912],[8.831062,45.846206],[8.816645,45.842696],[8.787899,45.839535],[8.74,45.840939],[8.729828,45.841755],[8.718454,45.844655],[8.691521,45.8598],[8.675818,45.874934],[8.67333783838221,45.8798753635916],[8.671452,45.883632],[8.669355,45.893346],[8.667695,45.894338],[8.656647,45.896116],[8.627469,45.90409],[8.623953,45.907485],[8.618491,45.90997],[8.616722,45.912737],[8.610749,45.914906],[8.616944,45.922149],[8.631946,45.926818],[8.642523,45.935894],[8.64878,45.939394],[8.65486,45.939578],[8.660634,45.942684],[8.660555,45.950746],[8.662283,45.953943],[8.675088,45.960737],[8.67954,45.961149],[8.682293,45.96428],[8.686887,45.964955],[8.694095,45.968348],[8.705045,45.975203],[8.710151,45.979234],[8.712012,45.983268],[8.711277,45.988932],[8.717931,45.990523],[8.72403,45.997244],[8.733542,45.997442],[8.734629,45.999672],[8.741464,46.002492],[8.74817,46.00947],[8.752203,46.017992],[8.750661,46.020136],[8.750997,46.025254],[8.748559,46.026151],[8.746527,46.033124],[8.741962,46.036524],[8.737371,46.036599],[8.731765,46.039638],[8.732136,46.044422],[8.733948,46.045874],[8.732148,46.046712],[8.731835,46.048786],[8.734039,46.052163],[8.729441,46.061212],[8.731823,46.068492],[8.720502,46.081913],[8.722279,46.085885],[8.735248,46.095162],[8.737634,46.102803],[8.751344,46.103181],[8.758537,46.104761],[8.768967,46.111589],[8.77349,46.116227],[8.78222,46.120974],[8.783319,46.123438],[8.786575,46.123492],[8.790605,46.126545],[8.79797,46.129164],[8.798861,46.131006],[8.80395,46.132945],[8.807551,46.135925],[8.819866,46.139338],[8.835133,46.141078],[8.840937,46.144721],[8.84714,46.145037],[8.853825,46.147118],[8.855836,46.149482],[8.859767,46.148814],[8.865583,46.150057],[8.862444538197847,46.15586495804766],[8.861944,46.155825],[8.861781,46.156823],[8.854886,46.157033],[8.854072,46.157794],[8.855691,46.157488],[8.855976,46.158374],[8.853956,46.160095],[8.861175,46.163952],[8.854982,46.161809],[8.853087,46.163609],[8.855296,46.162895],[8.857246,46.163774],[8.857636,46.164595],[8.855468,46.165117],[8.857733,46.165812],[8.859422,46.17088],[8.856497,46.166849],[8.852517,46.165173],[8.847241,46.170385],[8.848216,46.171013],[8.84676,46.170902],[8.841565,46.175478],[8.84037,46.178852],[8.833583,46.17995],[8.826619,46.175165],[8.823974,46.175171],[8.818847,46.172853],[8.801402,46.170745],[8.804789,46.163813],[8.804787,46.158646],[8.802217,46.158537],[8.804851,46.158384],[8.802681,46.155993],[8.803645,46.154591],[8.801522,46.155447],[8.800728,46.154622],[8.804327,46.154043],[8.804753,46.152493],[8.802847,46.150247],[8.796996,46.149582],[8.793999,46.148424],[8.794453,46.147457],[8.792311,46.147863],[8.791982,46.145711],[8.784791,46.145565],[8.779419,46.14713],[8.773147,46.149621],[8.77052,46.152852],[8.766813,46.154726],[8.763433,46.15287],[8.760206,46.154193],[8.75183,46.151198],[8.737212,46.148578],[8.731534,46.145844],[8.728792,46.141776],[8.720014,46.134884],[8.71506,46.123819],[8.713277,46.122602],[8.713802,46.12016],[8.709779,46.117908],[8.706934,46.112043],[8.70389,46.111133],[8.697779,46.104511],[8.697162,46.101294],[8.693784,46.098951],[8.69419,46.096358],[8.690796,46.091749],[8.691224,46.085999],[8.693221,46.082979],[8.693857,46.077443],[8.695383,46.076459],[8.692998,46.072387],[8.698191,46.070205],[8.695067,46.067893],[8.698854,46.069056],[8.700359,46.0681],[8.700873,46.059605],[8.704256,46.057606],[8.70673,46.053665],[8.704865,46.047685],[8.707389,46.038862],[8.711144,46.036052],[8.710605,46.030449],[8.700088,46.024696],[8.686574,46.022811],[8.682343,46.018914],[8.680028,46.018432],[8.676022,46.020648],[8.673394,46.018928],[8.670055,46.013579],[8.659615,46.005426],[8.65092,45.99132],[8.64431,45.988433],[8.640768,45.982678],[8.628422,45.971856],[8.620693,45.958512],[8.589534,45.939916],[8.581961,45.93913],[8.581127,45.937643],[8.573955,45.93475],[8.574631,45.933356],[8.572809,45.932145],[8.574357,45.93141],[8.566431,45.926767],[8.560797,45.915601],[8.556683,45.916983],[8.554378,45.92021],[8.54897,45.921457],[8.540004,45.930784],[8.515887,45.938098],[8.513458,45.939715],[8.505492,45.936808],[8.496672,45.938441],[8.493946,45.936336],[8.49295,45.935355],[8.488967,45.935963],[8.487297,45.935128],[8.481424,45.930622],[8.480531,45.928426],[8.490963,45.923568],[8.505453,45.913617],[8.507136,45.909382],[8.505759,45.908426],[8.506149,45.90521],[8.508607,45.903884],[8.517137,45.893191],[8.5193201620926,45.8915112524265],[8.520303,45.890755],[8.527172,45.890668],[8.534534,45.886875],[8.554211,45.880245],[8.564299,45.871481],[8.57397,45.8404],[8.565224,45.830862],[8.567201,45.824096],[8.56564,45.82022],[8.55642,45.814052],[8.551376,45.813659],[8.547372,45.816381],[8.545354,45.814454],[8.544448,45.809085],[8.540915,45.80633],[8.541904,45.801026],[8.537959,45.798856],[8.537931,45.796475],[8.540382,45.794423],[8.539902,45.789098],[8.542891,45.776158],[8.53513,45.772637],[8.525753,45.762475],[8.521667,45.759585],[8.514548,45.757701],[8.503731,45.756675],[8.496258,45.757542],[8.49221,45.759521],[8.477285,45.761468],[8.470011,45.76128],[8.465457,45.758412],[8.463293,45.758309],[8.460399,45.759368],[8.45681,45.763004],[8.452288,45.764002],[8.442214,45.769309],[8.436355,45.769682],[8.428297,45.767781],[8.425494,45.769834],[8.425008,45.772605],[8.430483,45.774421],[8.426914,45.777393],[8.42546,45.782242],[8.415338,45.795012],[8.409556,45.794399],[8.406768,45.795421],[8.404095,45.801059],[8.404578,45.80574],[8.408834,45.804401],[8.416138,45.799202],[8.420147,45.801854],[8.41918,45.804131],[8.412262,45.809969],[8.405273,45.813727],[8.403578,45.816879],[8.404469,45.819763],[8.400381,45.822554],[8.39697,45.829062],[8.395073,45.82938],[8.40489,45.844679],[8.40667,45.855913],[8.413453,45.866685],[8.40935,45.875356],[8.402608,45.869466],[8.403512,45.866708],[8.401955,45.864463],[8.398378,45.862318],[8.393742,45.863553],[8.390811,45.861137],[8.385575,45.841625],[8.381272,45.832417],[8.381619,45.82549],[8.386694,45.813239],[8.385862,45.804368],[8.389244,45.802734],[8.388818,45.80119],[8.38498,45.799331],[8.385724,45.797584],[8.383374,45.795604],[8.383343,45.793611],[8.384354,45.790523],[8.389679,45.786341],[8.390508,45.786897],[8.395874,45.784322],[8.406305,45.783636],[8.40582,45.77894],[8.410404,45.775417],[8.412069,45.769315],[8.421499,45.765064],[8.420548,45.764086],[8.422136,45.763318],[8.418682,45.760886],[8.417832,45.757652],[8.423596,45.751456],[8.425619,45.738474],[8.440588,45.713043],[8.442605,45.703367],[8.440444,45.695847],[8.435485,45.692195],[8.419049,45.689483],[8.407969,45.68505],[8.40092,45.684185],[8.381256,45.689209],[8.366501,45.685049],[8.364208,45.686243],[8.360649,45.685853],[8.351564,45.682142],[8.33915,45.684369],[8.321302,45.684788],[8.322062,45.682667],[8.331187,45.675391],[8.334711,45.668807],[8.338955,45.665469],[8.339749,45.659776],[8.341768,45.656963],[8.348069,45.655119],[8.367222,45.643048],[8.371851,45.634655],[8.369487,45.623066],[8.366833,45.620097],[8.360584,45.61917],[8.348286,45.621349],[8.323103,45.621691],[8.301545,45.625067],[8.274437,45.63134],[8.253321,45.628108],[8.243447,45.618803],[8.234407,45.614628],[8.225926,45.613431],[8.216825,45.615],[8.213217,45.613823],[8.207712,45.619517],[8.200476,45.6217],[8.189703,45.620897],[8.165741,45.624162],[8.158358,45.620918],[8.146313,45.607747],[8.137819,45.600965],[8.120895,45.590755],[8.08359,45.575574],[8.067525,45.575424],[8.06053,45.571593],[8.052546,45.575491],[8.048247,45.568884],[8.048084,45.562185],[8.042949,45.559967],[8.020894,45.556344],[8.01251320153238,45.5541684695214],[7.990075,45.54834],[7.963111,45.545508],[7.938439,45.537763],[7.93024,45.533118],[7.901472,45.527856],[7.891461,45.530653],[7.86474,45.533415],[7.854373,45.535722],[7.833351410181153,45.53418422381404],[7.833814,45.531644],[7.830709,45.51125],[7.82447,45.503077],[7.8246,45.500154],[7.816978,45.487342],[7.811963,45.473053],[7.812482,45.4495],[7.806351,45.441863],[7.803625,45.433544],[7.797816,45.427496],[7.796582,45.423757],[7.791694,45.422636],[7.786443,45.423291],[7.774178,45.417045],[7.765712,45.418745],[7.758507,45.41481],[7.754241,45.414607],[7.752562,45.411632],[7.753892,45.408372],[7.74936,45.406048],[7.736604,45.403121],[7.725841,45.403985],[7.723195,45.386271],[7.71699,45.386679],[7.710771,45.383815],[7.706591,45.38588],[7.706143,45.391544],[7.701209,45.39475],[7.697362,45.395464],[7.688416,45.395257],[7.675596,45.386823],[7.661128,45.393074],[7.647365,45.394063],[7.644744,45.393105],[7.64434,45.385622],[7.64961,45.383487],[7.654936,45.378657],[7.654295,45.375815],[7.657225,45.371316],[7.652926,45.368047],[7.652452,45.364723],[7.642125,45.356484],[7.640401,45.347449],[7.63715,45.340887],[7.634264,45.338931],[7.626699,45.338079],[7.618936,45.334717],[7.616793,45.332326],[7.615535,45.326935],[7.608296,45.322897],[7.605025,45.317497],[7.600862,45.315019],[7.593345,45.312754],[7.590565,45.310508],[7.576412,45.310489],[7.574352,45.309492],[7.5737,45.307816],[7.577035,45.303937],[7.575736,45.30172],[7.561447,45.289289],[7.538878,45.274552],[7.533725,45.269676],[7.530706,45.268805],[7.522645,45.274434],[7.509378,45.277924],[7.504652,45.277946],[7.496756,45.27585],[7.496541,45.268135],[7.502509,45.263502],[7.509882,45.249146],[7.51258,45.236439],[7.513214,45.215242],[7.518643,45.203938],[7.532886,45.15848],[7.531044,45.156553],[7.522205,45.152862],[7.514122,45.151873],[7.504066,45.148518],[7.496372,45.144098],[7.48865,45.134567],[7.487537,45.130879],[7.488783,45.126023],[7.482332,45.11772],[7.484997,45.111709],[7.481298,45.105971],[7.475575,45.104081],[7.466698,45.096991],[7.45173,45.095956],[7.43575,45.101168],[7.427132,45.106766],[7.420874,45.109171],[7.403197,45.110721],[7.390986,45.113449],[7.386062,45.112639],[7.372719,45.103959],[7.371364,45.103982],[7.367824699912619,45.108128951005995],[7.370816,45.104571],[7.365361,45.102294],[7.362743,45.095387],[7.365508,45.088171],[7.371316,45.079378],[7.377871,45.075753],[7.381976,45.071135],[7.388121,45.071745],[7.391958,45.069763],[7.397011,45.052927],[7.422372,45.036789],[7.43267,45.031131],[7.442521,45.028002],[7.445806,45.02533],[7.445013,45.013714],[7.459542,45.00471],[7.462707,45.000006],[7.461912,44.991151],[7.455413,44.988357],[7.450721,44.982198],[7.441627,44.984734],[7.43297,44.983842],[7.423552,44.981111],[7.383149,44.985154],[7.373358,44.985136],[7.370324,44.983977],[7.368681,44.979725],[7.374329,44.976382],[7.372238,44.967739],[7.378909,44.962272],[7.381865,44.957434],[7.374189,44.952919],[7.37469,44.948224],[7.369426,44.942274],[7.361352,44.940901],[7.350664,44.941473],[7.344818,44.939268],[7.341206,44.936972],[7.339742,44.932966],[7.331456,44.925145],[7.337576,44.911429],[7.347737,44.909023],[7.350901,44.906797],[7.352121,44.902859],[7.359067,44.899926],[7.359311,44.898427],[7.354685,44.896714],[7.345402,44.897194],[7.337295,44.89596],[7.32591,44.889602],[7.311983,44.888586],[7.299007,44.88518],[7.296455,44.878219],[7.30317,44.867734],[7.297149,44.862458],[7.30148,44.858835],[7.302514,44.854524],[7.298537,44.848576],[7.304116,44.840659],[7.302573,44.832954],[7.30383,44.830755],[7.308931,44.828165],[7.308663,44.821464],[7.306947,44.818168],[7.295703,44.812034],[7.28968,44.81051],[7.281907,44.811931],[7.276221,44.814361],[7.274002,44.811888],[7.274484,44.809767],[7.27965,44.804674],[7.288517,44.801014],[7.288404,44.795446],[7.296759,44.783269],[7.30037,44.772591],[7.30368058884853,44.7666134588181],[7.305831,44.76273],[7.310491,44.738311],[7.317307,44.728998],[7.320767,44.727219],[7.330267,44.725732],[7.344717,44.728206],[7.349355,44.723294],[7.351827,44.716631],[7.358235,44.715083],[7.367879,44.715505],[7.369825,44.714376],[7.371291,44.706106],[7.370932,44.683039],[7.372987,44.676237],[7.37568,44.671489],[7.38741,44.664191],[7.392201,44.656041],[7.384707,44.651427],[7.377683,44.640468],[7.377929,44.637354],[7.382608,44.632146],[7.388979,44.629675],[7.401763,44.629449],[7.408812,44.631578],[7.442033,44.636816],[7.446172,44.635127],[7.448037,44.631468],[7.450069,44.630778],[7.456221,44.63208],[7.462654,44.638126],[7.470184,44.640337],[7.475442,44.646449],[7.480401,44.648848],[7.485693,44.649019],[7.492061,44.646889],[7.494931,44.643838],[7.493688,44.619658],[7.48961,44.611053],[7.4855,44.607144],[7.484554,44.604011],[7.486328,44.59978],[7.485787,44.596308],[7.480103,44.58537],[7.479474,44.580503],[7.482332,44.568433],[7.489392,44.563038],[7.48625,44.557227],[7.48641,44.546222],[7.480691,44.534133],[7.472065,44.528156],[7.470369,44.525645],[7.471656,44.519926],[7.470246,44.515662],[7.461338,44.507549],[7.446424,44.505406],[7.441367,44.499747],[7.44409,44.497118],[7.433302,44.494606],[7.426129,44.495116],[7.423654,44.494196],[7.418263,44.489475],[7.415749,44.480316],[7.399975,44.482848],[7.393211,44.482486],[7.388531,44.479808],[7.384722,44.475565],[7.381298,44.474576],[7.378706,44.471017],[7.370276,44.467257],[7.365703,44.467487],[7.364528,44.464439],[7.367848,44.458663],[7.379662,44.457008],[7.380989,44.452047],[7.387651,44.447218],[7.39207,44.446532],[7.400592,44.448084],[7.40495,44.446854],[7.410873,44.44142],[7.412245,44.435874],[7.418883,44.432629],[7.421542,44.433046],[7.425669,44.429402],[7.43238,44.419746],[7.43055,44.418189],[7.427375,44.417868],[7.422126,44.413273],[7.421171,44.416041],[7.417471,44.416693],[7.41336,44.420434],[7.407675,44.417546],[7.404866,44.417439],[7.404297,44.413391],[7.407806,44.407242],[7.410649,44.40428],[7.423855,44.399762],[7.425571,44.397476],[7.424515,44.392958],[7.425623,44.39116],[7.429705,44.391145],[7.437342,44.38826],[7.443886,44.389969],[7.450428,44.38956],[7.459773,44.385859],[7.464357,44.385444],[7.468536,44.379965],[7.476027,44.37579],[7.476014,44.374014],[7.47232,44.370559],[7.471545,44.366588],[7.480566,44.355767],[7.479328,44.351076],[7.475745,44.347259],[7.466146,44.344697],[7.466157,44.34063],[7.466143732924253,44.34062714519438],[7.46995,44.3356],[7.475663,44.332399],[7.494555,44.327203],[7.503288,44.32678],[7.5022916806244675,44.32553402905945],[7.503312,44.326386],[7.520545,44.330556],[7.526493,44.334819],[7.533628,44.336385],[7.543803,44.335374],[7.559073,44.319022],[7.563839,44.316835],[7.569762,44.316326],[7.57901,44.319606],[7.593153,44.332333],[7.606972,44.33514],[7.616953,44.339269],[7.621308,44.33942],[7.624746,44.337995],[7.632086,44.326939],[7.636369,44.324252],[7.642361,44.324225],[7.644914,44.325915],[7.651831,44.326948],[7.656173,44.322823],[7.664986,44.323026],[7.672702,44.320889],[7.675403,44.321194],[7.678614,44.322697],[7.681023,44.328581],[7.679918,44.331531],[7.68243,44.340786],[7.681375,44.348469],[7.68295,44.351056],[7.690653,44.354918],[7.692339,44.359396],[7.694862,44.360668],[7.695912,44.364913],[7.698912,44.364795],[7.701415,44.366733],[7.706678,44.376947],[7.710114,44.380126],[7.709737,44.381989],[7.728553,44.390016],[7.740134,44.392672],[7.745427,44.396848],[7.753818,44.399603],[7.760616,44.404121],[7.764756,44.405328],[7.771482,44.405441],[7.774189,44.404092],[7.774204,44.391481],[7.770807,44.3866],[7.769478,44.379613],[7.773221,44.371745],[7.772606,44.365912],[7.778196,44.348221],[7.778451,44.342381],[7.780334,44.341876],[7.78514014329617,44.3449618951832],[7.786416,44.345781],[7.790281,44.35011],[7.79768,44.352458],[7.797815,44.354661],[7.802749,44.355784],[7.804383,44.359445],[7.80774,44.361623],[7.809893,44.370152],[7.814172,44.374938],[7.812307,44.377892],[7.813013,44.378728],[7.817597,44.378509],[7.816438,44.381244],[7.817868,44.384564],[7.821655,44.385361],[7.818501,44.386653],[7.820192,44.393048],[7.824833,44.393203],[7.825064,44.395425],[7.828158,44.3966],[7.826718,44.39772],[7.82763,44.39948],[7.831242,44.399213],[7.834956,44.401416],[7.837707,44.400886],[7.835955,44.40306],[7.840847,44.404117],[7.84196,44.407403],[7.848466,44.40484],[7.85013,44.407906],[7.853214,44.406713],[7.861252,44.411167],[7.859286,44.413143],[7.860526,44.415531],[7.868725,44.41591],[7.862943,44.421639],[7.865104,44.42344],[7.867111,44.421768],[7.869028,44.422085],[7.867744,44.425533],[7.869173,44.431009],[7.874517,44.432747],[7.87496,44.435097],[7.878596,44.438894],[7.882538,44.440363],[7.885976,44.44348],[7.886632,44.442276],[7.894709,44.440486],[7.900687,44.434553],[7.907967,44.432662],[7.90756,44.430872],[7.898287,44.429678],[7.90175,44.425617],[7.906231,44.42635],[7.912723,44.42377],[7.920163,44.429097],[7.924396,44.429597],[7.924671,44.426637],[7.920535,44.419305],[7.926001,44.416137],[7.930881,44.417629],[7.933387,44.424562],[7.939489,44.43057],[7.943687,44.430829],[7.94343,44.425725],[7.949231,44.420828],[7.952358,44.421379],[7.956347,44.426924],[7.96304,44.428337],[7.96519,44.424499],[7.960867,44.418522],[7.970318,44.419045],[7.972354,44.417439],[7.971142,44.412909],[7.980099,44.411281],[7.988534,44.412064],[7.992397,44.408549],[7.999666,44.405553],[8.005493,44.407394],[8.008903,44.404375],[8.005307,44.400957],[8.00596,44.399298],[8.017609,44.398317],[8.021822,44.396674],[8.023463,44.394983],[8.022956,44.390172],[8.032525,44.388883],[8.03665,44.386911],[8.038561,44.383904],[8.042571,44.38332],[8.043408,44.381648],[8.04614,44.381799],[8.045357,44.378667],[8.050648,44.378314],[8.049765,44.376067],[8.053785,44.375874],[8.053286,44.37759],[8.055402,44.376759],[8.056391,44.380019],[8.057637,44.377806],[8.063235,44.37799],[8.063532,44.372187],[8.066336,44.370839],[8.071001,44.373557],[8.072975,44.371284],[8.076597,44.37294],[8.086225,44.372691],[8.086154,44.375208],[8.099484,44.375514],[8.103836,44.380187],[8.117206,44.384636],[8.124768,44.382175],[8.136703,44.374658],[8.14695,44.375105],[8.151278,44.369771],[8.151039,44.36501],[8.155821,44.360347],[8.17033,44.358919],[8.172531,44.357629],[8.178492,44.359445],[8.185143,44.35891],[8.187302,44.360302],[8.192326,44.360219],[8.192782,44.364716],[8.197306,44.367685],[8.198508,44.370643],[8.205588,44.362818],[8.221832,44.357412],[8.234868,44.361224],[8.240577,44.36164],[8.246407,44.364034],[8.252682,44.364591],[8.258392,44.367083],[8.273522,44.363232],[8.281085,44.363277],[8.282839,44.362116],[8.289342,44.362029],[8.291735,44.363274],[8.2933,44.354015],[8.299605,44.347507],[8.313733,44.346958],[8.318621,44.345454],[8.320537,44.346124],[8.326327,44.341942],[8.323279,44.340644],[8.323266,44.339486],[8.341907,44.336022],[8.347101,44.333476],[8.349148,44.334258],[8.353139,44.33344],[8.369705,44.336863],[8.37886,44.334686],[8.382973,44.331616],[8.399099,44.330514],[8.402744,44.33163],[8.408125,44.328392],[8.411219,44.328746],[8.414423,44.325692],[8.417035,44.325508],[8.417512,44.32375],[8.420429,44.325412],[8.427583,44.323079],[8.430641,44.325333],[8.433998,44.3241],[8.444663,44.327242],[8.457107,44.325072],[8.462275,44.320811],[8.468318,44.319865],[8.470455,44.317464],[8.47373,44.31246],[8.477711,44.300074],[8.464529,44.296254],[8.456456,44.29188],[8.448102,44.285157],[8.443359,44.278306],[8.446514,44.275652],[8.442635,44.277605],[8.441541,44.276579],[8.440559,44.270118],[8.448082,44.272771],[8.440671,44.270087],[8.445494,44.270094],[8.441138,44.269521],[8.441985,44.266594],[8.447432,44.267555],[8.441947,44.266354],[8.442501,44.265013],[8.444942,44.263549],[8.449471,44.266166],[8.448218,44.264609],[8.449475,44.262727],[8.452479,44.263799],[8.454409,44.259876],[8.455456,44.261986],[8.453876,44.267554],[8.456293,44.259946],[8.456432,44.258384],[8.445446,44.24704],[8.44395,44.244069],[8.446018,44.24087],[8.444223,44.24027],[8.442791,44.237311],[8.437994,44.237318],[8.428977,44.233401],[8.428251,44.231783],[8.425933,44.231409],[8.420941,44.227648],[8.416234,44.221996],[8.415628,44.216691],[8.418992,44.210959],[8.416642,44.20179],[8.418146,44.199552],[8.425357,44.197056],[8.422275,44.192511],[8.409406,44.187101],[8.406627,44.184116],[8.408086,44.183222],[8.40708,44.180895],[8.383681,44.180583],[8.371459,44.177851],[8.370144,44.176791],[8.370804,44.175402],[8.369827,44.176074],[8.368172,44.174223],[8.369715,44.173799],[8.372109,44.175478],[8.369878,44.17354],[8.344405,44.168024],[8.338649,44.165858],[8.336368,44.162088],[8.301812,44.155604],[8.289655,44.151096],[8.269606,44.13963],[8.271405,44.137255],[8.269787,44.138594],[8.268313,44.137685],[8.269731,44.134718],[8.268229,44.134429],[8.269347,44.134981],[8.26836,44.136189],[8.266626,44.135895],[8.263045,44.13214],[8.265201,44.131379],[8.266832,44.134094],[8.269037,44.133226],[8.267287,44.13361],[8.265906,44.131934],[8.268643,44.132039],[8.271417,44.135637],[8.270902,44.133279],[8.267055,44.130644],[8.264273,44.130617],[8.264316,44.127856],[8.260737,44.126258],[8.249515,44.11691],[8.246666,44.111252],[8.244808,44.110704],[8.23777693397784,44.1022669578509],[8.236603,44.100858],[8.237236,44.099536],[8.23482,44.096749],[8.236356,44.096405],[8.235464,44.094853],[8.235967,44.09622],[8.234381,44.096314],[8.231386,44.089685],[8.226182,44.085009],[8.215326,44.077822],[8.202954,44.07163],[8.197788,44.07083],[8.184771,44.071655],[8.174824,44.065536],[8.175321,44.059044],[8.180502,44.054769],[8.185669,44.052786],[8.198407,44.052279],[8.204527,44.050849],[8.217965,44.044347],[8.221962,44.040846],[8.202228,44.030771],[8.19811,44.025258],[8.192287,44.020901],[8.193517,44.019774],[8.19356,44.018926],[8.192118,44.019496],[8.192985,44.016007],[8.194856,44.019166],[8.193912,44.015994],[8.186615,44.015507],[8.181725,44.013124],[8.172839,44.005165],[8.17397,44.004291],[8.17265,44.004988],[8.170849,44.003178],[8.164633,43.995011],[8.159765,43.983933],[8.159396,43.980375],[8.160932,43.979896],[8.159408,43.975523],[8.161418,43.970045],[8.164697,43.96822],[8.16864,43.962571],[8.173276,43.959042],[8.173574,43.954503],[8.169614,43.952296],[8.159626,43.952447],[8.159227,43.950711],[8.15863,43.952342],[8.157418,43.952186],[8.157625,43.950544],[8.156229,43.951603],[8.157265,43.952317],[8.155836,43.952027],[8.156589,43.950427],[8.155782,43.951661],[8.156127,43.95038],[8.154414,43.951299],[8.155313,43.949835],[8.159444,43.949793],[8.154974,43.949524],[8.153896,43.951255],[8.15187,43.949977],[8.149463,43.950613],[8.140283,43.946499],[8.135643,43.941193],[8.133383,43.935274],[8.133411,43.932754],[8.134518,43.932895],[8.127988,43.926556],[8.116982,43.925175],[8.114118,43.923282],[8.110869,43.923081],[8.107093,43.920039],[8.105315,43.920518],[8.107426,43.919661],[8.104236,43.919062],[8.104163,43.919921],[8.101732,43.919518],[8.095294,43.917178],[8.094995,43.91608],[8.093961,43.916916],[8.091859,43.915882],[8.086052,43.910405],[8.086502,43.908102],[8.08595,43.910275],[8.085665,43.90858],[8.083819,43.908804],[8.084693,43.907494],[8.082595,43.907972],[8.077752,43.903165],[8.077203,43.901315],[8.079281,43.898189],[8.082701,43.897472],[8.07982,43.896806],[8.072712,43.891072],[8.068204,43.889208],[8.054324,43.886767],[8.045568,43.887103],[8.046137,43.885949],[8.040647,43.88323],[8.044113,43.885139],[8.044652,43.887583],[8.040612,43.887384],[8.04116,43.885056],[8.036776,43.886446],[8.03502,43.883597],[8.034082,43.884682],[8.030745,43.884216],[8.029922,43.885019],[8.027659,43.882763],[8.027357,43.879257],[8.026833,43.882096],[8.023403,43.880193],[8.023421,43.878607],[8.022479,43.879683],[8.023486,43.87757],[8.02203,43.879844],[8.018714,43.878377],[8.019472,43.876864],[8.02693,43.876099],[8.029406,43.874811],[8.020901,43.876259],[8.019178,43.873851],[8.013673,43.871488],[8.009065,43.871304],[8.006871,43.86899],[8.00281,43.869704],[8.002164,43.86785],[7.999956,43.867326],[7.999144,43.868253],[7.993908,43.865331],[7.970611,43.860685],[7.967199,43.856799],[7.96743,43.854258],[7.965619,43.852322],[7.967244,43.852584],[7.963791,43.850901],[7.962742,43.851612],[7.961941,43.850281],[7.956093,43.849959],[7.940481,43.845136],[7.91746,43.84347],[7.914733,43.840962],[7.916615,43.840882],[7.914795,43.840184],[7.915538,43.838323],[7.913877,43.840042],[7.914795,43.83839],[7.913376,43.839793],[7.914238,43.838152],[7.912819,43.839551],[7.913681,43.83791],[7.91223,43.839297],[7.912954,43.837597],[7.911479,43.838964],[7.9116,43.83714],[7.908725,43.836628],[7.91029,43.838197],[7.907854,43.836337],[7.917326,43.838095],[7.910974,43.836064],[7.906679,43.835677],[7.906459,43.83681],[7.903685,43.835806],[7.90088,43.836951],[7.900612,43.835936],[7.890709,43.838116],[7.888572,43.836928],[7.889534,43.837889],[7.885371,43.836609],[7.883161,43.837204],[7.879716,43.835492],[7.871915,43.835983],[7.860541,43.830866],[7.859387,43.833308],[7.858176,43.832042],[7.859757,43.830616],[7.85282,43.830726],[7.842409,43.826404],[7.839722,43.820379],[7.831197,43.816013],[7.816048,43.821758],[7.805648,43.823272],[7.79549,43.819443],[7.794952,43.818079],[7.788347,43.815853],[7.786941,43.816867],[7.794503,43.818225],[7.794324,43.819578],[7.793475,43.818652],[7.792822,43.819847],[7.792899,43.818574],[7.792271,43.819894],[7.792363,43.818508],[7.79153,43.819926],[7.791644,43.818408],[7.790694,43.819914],[7.790822,43.818301],[7.789715,43.819864],[7.789862,43.818092],[7.788642,43.819777],[7.78879,43.817971],[7.788586,43.819774],[7.78737,43.819645],[7.787527,43.817813],[7.786807,43.81953],[7.786913,43.817305],[7.78514014329617,43.8186032961648],[7.784313,43.819209],[7.781919,43.817465],[7.783769,43.816184],[7.779255,43.816115],[7.778605,43.815148],[7.780364,43.815208],[7.778889,43.814537],[7.78514014329617,43.814941468887],[7.787236,43.815077],[7.78514014329617,43.8148171526525],[7.776238,43.813713],[7.775992,43.812695],[7.775315,43.813645],[7.770309,43.813092],[7.770376,43.812193],[7.768988,43.813073],[7.766337,43.80993],[7.763219,43.809372],[7.763865,43.808531],[7.762333,43.809069],[7.761153,43.807438],[7.753379,43.807167],[7.748892,43.802213],[7.744225,43.800743],[7.738808,43.795366],[7.73468,43.795378],[7.722737,43.799204],[7.718095,43.799219],[7.718059,43.800153],[7.714986,43.800856],[7.700786,43.798842],[7.696014,43.796236],[7.693932,43.793346],[7.694359,43.791283],[7.687333,43.786032],[7.682603,43.785029],[7.677918,43.782366],[7.675313,43.779548],[7.67816,43.780379],[7.672836,43.775673],[7.67087,43.776766],[7.662376,43.777408],[7.648369,43.781818],[7.629434,43.78456],[7.627708,43.783487],[7.627454,43.784842],[7.618613,43.785096],[7.60593,43.788192],[7.605717031736328,43.78862978968801],[7.602155,43.78922],[7.600702,43.787473],[7.597629,43.786973],[7.600935,43.788327],[7.600122,43.789725],[7.596855,43.788614],[7.596845,43.789566],[7.591381,43.791647],[7.574518,43.792931],[7.569061,43.792129],[7.566421,43.790052],[7.559045,43.788099],[7.559522,43.785117],[7.556959,43.783512],[7.557526,43.781073],[7.555732,43.78019],[7.552653,43.781938],[7.548566,43.781664],[7.542043,43.784614],[7.538865,43.783071],[7.524449,43.785087],[7.520073,43.784384],[7.52003,43.783343],[7.519436,43.784216],[7.519573,43.782855],[7.519108,43.78406],[7.519148,43.782882],[7.518471,43.783801],[7.518564,43.782787],[7.517864,43.78374],[7.517068,43.782606],[7.515327,43.783178],[7.515173,43.782097],[7.521945,43.782653],[7.510922,43.781323],[7.509853,43.780044],[7.511605,43.779801],[7.510706,43.779008],[7.509214,43.779777],[7.508276,43.778041],[7.512269,43.777066],[7.511772,43.776003],[7.506949,43.773476],[7.503448,43.774099],[7.495317,43.770602],[7.48826,43.765644],[7.487362,43.762636],[7.486795,43.763606],[7.485518,43.762995],[7.484925,43.759979],[7.48204,43.757113],[7.48754,43.752398],[7.488003,43.74988],[7.4867,43.749117],[7.474703,43.751161],[7.467837,43.75715],[7.461391,43.760552],[7.452158,43.758059],[7.444957,43.749824],[7.442747,43.751068],[7.43909,43.749409],[7.439376,43.746391],[7.436664,43.74766],[7.435907,43.74634],[7.434021,43.746356],[7.430623,43.741178],[7.430087,43.736457],[7.429154,43.737661],[7.427004,43.737259],[7.427312,43.73583],[7.426709,43.737054],[7.422134,43.736286],[7.424014,43.7329],[7.425018,43.734216],[7.425655,43.733232],[7.42765,43.734838],[7.428882,43.73408],[7.432037,43.736352],[7.427588,43.731237],[7.422424,43.728519],[7.421534,43.730012],[7.417921,43.730544],[7.422384,43.727538],[7.423864,43.727816],[7.416517,43.723263],[7.415208,43.723419],[7.417782,43.724728],[7.415616,43.725902],[7.414463,43.725025],[7.415974,43.724022],[7.412558,43.724859],[7.409908,43.721503],[7.405644,43.719893],[7.405913,43.718642],[7.401518,43.721088],[7.399369,43.719157],[7.393673,43.720404],[7.38888,43.719255],[7.390902,43.721731],[7.389019,43.723296],[7.381449,43.72244],[7.3747,43.717756],[7.368372,43.720207],[7.367667,43.719103],[7.363976,43.722177],[7.360358,43.722559],[7.356355,43.72128],[7.350959,43.717855],[7.351155,43.715317],[7.337853,43.711966],[7.339062,43.710171],[7.338041,43.707238],[7.338511,43.710075],[7.336415,43.710561],[7.335057,43.707777],[7.336901,43.706876],[7.334081,43.703072],[7.331268,43.703434],[7.329432,43.702144],[7.331418,43.697397],[7.33416,43.696436],[7.332482,43.695674],[7.334102,43.694277],[7.333186,43.692377],[7.335466,43.688165],[7.336832,43.689391],[7.33565,43.691817],[7.337443,43.689071],[7.342468,43.685979],[7.344929,43.68731],[7.349825,43.686835],[7.342162,43.682833],[7.339721,43.686304],[7.338131,43.683986],[7.337574,43.686284],[7.334945,43.686454],[7.33544,43.678573],[7.333671,43.675656],[7.331281,43.674678],[7.326568,43.674384],[7.324464,43.677132],[7.325037,43.681971],[7.320092,43.690544],[7.325034,43.693721],[7.32449,43.695443],[7.32666,43.696618],[7.324581,43.700713],[7.321184,43.700211],[7.319743,43.70261],[7.320744,43.704251],[7.319021,43.705746],[7.313949,43.706928],[7.312514,43.702641],[7.308049,43.701337],[7.303164,43.705],[7.296909,43.704471],[7.294262,43.707615],[7.296015,43.717598],[7.293255,43.724361],[7.283523,43.730294],[7.277826,43.732117],[7.270907,43.732414],[7.265544,43.729134],[7.261329,43.728296],[7.258315,43.729222],[7.253647,43.733458],[7.250068,43.728835],[7.245283,43.728024],[7.245244,43.724457],[7.250663,43.715472],[7.247496,43.713601],[7.244444,43.713848],[7.248252,43.707531],[7.245424,43.706263],[7.243669,43.703679],[7.246894,43.698609],[7.244716,43.697179],[7.242286,43.698316],[7.22988,43.709836],[7.229848,43.70802],[7.23925,43.695384],[7.237,43.695089],[7.237212,43.694026],[7.233116,43.691938],[7.228595,43.686913],[7.222565,43.675146],[7.21938,43.67198],[7.198872,43.663656],[7.197,43.671186],[7.1895,43.683415],[7.190112,43.686548],[7.186099,43.695609],[7.186544,43.710906],[7.183791,43.718511],[7.184993,43.725031],[7.182561,43.728472],[7.183784,43.732487],[7.182306,43.739168],[7.179861,43.740916],[7.174715,43.74161],[7.160691,43.740601],[7.142443,43.741779],[7.137328,43.739817]],[[6.902646,46.527777],[6.902887,46.528544],[6.9028347,46.5284725],[6.902646,46.527777]],[[8.59242,46.90792],[8.592635,46.910693],[8.591886,46.912897],[8.591895308707723,46.90598249190314],[8.59227,46.907486],[8.592404,46.9078485],[8.59242,46.90792]],[[9.295712,46.149742],[9.29472913063421,46.150326201604315],[9.29803,46.143015],[9.295712,46.149742]],[[7.184851,43.746552],[7.197707,43.759577],[7.209972,43.769485],[7.214816,43.775403],[7.215843,43.779795],[7.215842905344504,43.779795595202586],[7.214816,43.775404],[7.209972,43.769486],[7.197707,43.75958],[7.184851,43.746554],[7.182306,43.739168],[7.184851,43.746552]],[[8.605776977707995,46.89249331836057],[8.604589,46.891638],[8.604969404928523,46.891576764084675],[8.605776977707995,46.89249331836057]],[[8.610102,46.897402],[8.609025,46.896458],[8.608852,46.896006],[8.608858582772822,46.89599078431113],[8.610102,46.897402]],[[8.631001,46.847349],[8.635035,46.860276],[8.634804628154459,46.860596577688675],[8.631001,46.847349]],[[8.635828,46.833566],[8.636349,46.839944],[8.635973189413118,46.84046435852578],[8.635828,46.833566]],[[8.638849,46.828075],[8.638993589447285,46.82797151578212],[8.635828,46.833566],[8.638849,46.828075]],[[8.646097,46.817602],[8.645724,46.822783],[8.645321392367748,46.82308439000634],[8.646097,46.817602]],[[8.66215041694859,46.8083454504804],[8.66107,46.804245],[8.662203,46.808545],[8.66215041694859,46.8083454504804]],[[8.583327,46.655857],[8.586335,46.650134],[8.583416165665685,46.655992265281874],[8.583327,46.655857]],[[8.586816,46.63916],[8.58630973743281,46.63792408106806],[8.591374,46.643003],[8.586816,46.63916]],[[8.58542,46.635752],[8.585435867446753,46.63557876320037],[8.585860451777059,46.63682725763339],[8.58542,46.635752]],[[8.567164,46.620721],[8.56315099162192,46.61835142972891],[8.578923,46.624617],[8.567164,46.620721]],[[8.555807,46.617002],[8.559369,46.616849],[8.561641759876418,46.6177518740268],[8.555807,46.617002]],[[8.350927,46.536191],[8.350704292932749,46.536020928338985],[8.358722,46.537323],[8.350927,46.536191]],[[8.347284,46.533409],[8.3357355674727,46.5215452726728],[8.328556746163185,46.51416717447227],[8.330393,46.515428],[8.350477102993908,46.53584743330471],[8.347284,46.533409]],[[8.32134129007979,46.50929258048728],[8.321493,46.509317],[8.323534567891802,46.51071880015582],[8.32134129007979,46.50929258048728]],[[8.075526,46.372179],[8.072,46.369223],[8.075704132865685,46.37213512462814],[8.075526,46.372179]],[[8.045755931414092,46.354059362088485],[8.045985,46.354119],[8.051057,46.359442],[8.045755931414092,46.354059362088485]],[[8.009870774237164,46.326208796565986],[8.010198,46.326292],[8.010480642841781,46.32671869020536],[8.009870774237164,46.326208796565986]],[[7.983505,46.320181],[7.941841912071076,46.305028989370314],[7.979396,46.318459],[7.98838,46.315346],[7.979396,46.31846],[8.004241443999563,46.32477743125137],[7.983505,46.320181]],[[8.010217,46.23278],[8.00881680336807,46.2358022459959],[8.007577,46.238478],[8.010217,46.23278]],[[8.19829740085103,46.2061280929568],[8.200643,46.207103],[8.19829740085102,46.2061280929568],[8.196731,46.205477],[8.19829740085103,46.2061280929568]],[[8.408303291110226,45.988743535215335],[8.408029,45.988932],[8.400442,45.99147],[8.408303291110226,45.988743535215335]],[[8.429416,45.943299],[8.429911757008034,45.94267331098894],[8.430767300741413,45.94594517671953],[8.429416,45.943299]],[[8.432663,45.939201],[8.433672241412793,45.93890785038529],[8.431859339538008,45.940215290290496],[8.432663,45.939201]],[[8.462071,45.934876],[8.464646113337087,45.935382932910315],[8.446224,45.935262],[8.462071,45.934876]],[[6.885582,46.374741],[6.885581297063797,46.3747416058358],[6.886437016113032,46.36784499999879],[6.885582,46.374741]],[[6.881832123003419,46.35743915199777],[6.886944,46.363756],[6.88694367745629,46.363758601426326],[6.881832,46.357442],[6.881832123003419,46.35743915199777]],[[6.882447959427968,46.35376930325415],[6.881832174457616,46.3574379606352],[6.881975,46.354131],[6.882447959427968,46.35376930325415]],[[6.895351624927044,46.34104951791373],[6.888367068094923,46.349224613536435],[6.894647,46.341366],[6.895351624927044,46.34104951791373]],[[6.929513,46.330574],[6.922162824832716,46.33738387774358],[6.929581149856891,46.330418448246924],[6.929513,46.330574]],[[6.932398,46.323989],[6.9323978871839085,46.323989257502234],[6.932397765782948,46.323986306310964],[6.932398,46.323989]],[[6.936823808059289,46.29802357165462],[6.932067759241501,46.315964026948116],[6.932049,46.315508],[6.936823808059289,46.29802357165462]],[[6.980175,46.265544],[6.973297507428759,46.261975408341186],[6.973323308212138,46.26195451879878],[6.980175,46.265544]],[[6.987995435118977,46.26748338848063],[6.986857,46.267396],[6.980175,46.265544],[6.987995435118977,46.26748338848063]],[[6.987072856018345,46.252542937612205],[6.97585652458016,46.259903506239695],[6.979145,46.257241],[6.987072856018345,46.252542937612205]],[[7.0026249875287165,46.22507424264861],[7.002585650632559,46.23214800000003],[7.002624,46.225075],[7.0026249875287165,46.22507424264861]],[[7.011413290636086,46.2063078466458],[7.007709,46.221173],[7.00770868794113,46.22117323932288],[7.011413,46.206308],[7.011413290636086,46.2063078466458]],[[7.028953,46.17922],[7.027444,46.175516],[7.027444603540758,46.175514481454584],[7.028953,46.179217],[7.034469,46.183542],[7.034268491720477,46.18437999999874],[7.034468,46.183545],[7.028953,46.17922]],[[7.033142,46.161179],[7.033140996515477,46.16118152438525],[7.033140827301045,46.16115842771406],[7.033142,46.161179]],[[7.033611989117754,46.150062741973734],[7.033069798577715,46.151463468204966],[7.033064,46.150672],[7.033611989117754,46.150062741973734]],[[7.043364925443983,46.14369705313462],[7.035032661692779,46.1484832285473],[7.036418,46.146943],[7.043364925443983,46.14369705313462]],[[7.049995,46.133918],[7.051776,46.13778],[7.064580281274856,46.12682655507572],[7.06416,46.127415],[7.047961,46.141057],[7.045939723925483,46.14221805084272],[7.051776,46.137781],[7.049995,46.133918]],[[7.038169,46.12724],[7.033591,46.119125],[7.030132,46.118884],[7.021497500000001,46.111911],[7.030132,46.118883],[7.033591,46.119124],[7.038169,46.127238],[7.049995,46.133918],[7.038169,46.12724]],[[7.0688275430771785,46.120879871749175],[7.066333123145889,46.12437236317193],[7.067286,46.121854],[7.0688275430771785,46.120879871749175]],[[7.081113920800651,46.12228647439833],[7.069350608533145,46.1205493374649],[7.069617,46.120381],[7.081113920800651,46.12228647439833]],[[7.554522030986272,46.29535100628501],[7.554522,46.295351],[7.554638969303977,46.28782497503982],[7.554639,46.287825],[7.554522030986272,46.29535100628501]],[[7.633292369900719,46.311973835376556],[7.624842,46.315073],[7.623371344506944,46.31508513078493],[7.632925,46.311957],[7.633292369900719,46.311973835376556]],[[7.669877275062935,46.306217305563685],[7.649973282511466,46.31028264497735],[7.666164,46.306515],[7.669877275062935,46.306217305563685]],[[7.67587464741989,46.306131331267046],[7.672193187242482,46.30603163815173],[7.674384,46.305856],[7.67587464741989,46.306131331267046]],[[7.89746058047409,46.29641729429845],[7.8826404144546665,46.30166270680895],[7.896109,46.296591],[7.89746058047409,46.29641729429845]],[[7.930183885290126,46.29895846419338],[7.899664889430955,46.29613399556698],[7.901151,46.295943],[7.930183885290126,46.29895846419338]],[[5.605090731575504,45.30202158049101],[5.608606626472035,45.30086277120471],[5.60631,45.302006],[5.605090731575504,45.30202158049101]],[[5.612522074174233,45.29891371565995],[5.615245251211887,45.29546542818095],[5.613763,45.298296],[5.612522074174233,45.29891371565995]],[[5.616065,45.2939],[5.615814438933498,45.29437848238416],[5.619103,45.277326],[5.6197319426407955,45.2759897503774],[5.616065,45.2939]],[[5.675301,45.215559],[5.683998585713063,45.21191303732834],[5.67411,45.216276],[5.6504526161445074,45.24714361453596],[5.671947,45.217985],[5.684812,45.207608],[5.675301,45.215559]],[[5.700874937061227,45.1929440082772],[5.700648,45.163672],[5.701532,45.191723],[5.700874937061227,45.1929440082772]],[[5.684038,44.894819],[5.681933638378945,44.891814071921395],[5.682919,44.891877],[5.684038,44.894819]],[[5.680799325471292,44.89019432716269],[5.680346,44.889547],[5.680630298077406,44.888833139211116],[5.680799325471292,44.89019432716269]],[[5.681311285450952,44.88712320790192],[5.681806,44.885881],[5.688979,44.880627],[5.681311285450952,44.88712320790192]],[[5.72278819103575,44.86506157164674],[5.722997,44.865001],[5.728294,44.866546],[5.72278819103575,44.86506157164674]],[[5.849634,44.848528],[5.84105296211924,44.8508746747637],[5.839373,44.851334],[5.84100478139313,44.8508771391702],[5.84965038810436,44.84845605574127],[5.849634,44.848528]],[[5.855733903245772,44.83445671342594],[5.855694,44.834335],[5.863,44.83271],[5.855733903245772,44.83445671342594]],[[5.866612862966163,44.828591532569824],[5.86668,44.828515],[5.869881,44.829354],[5.866612862966163,44.828591532569824]],[[5.876132211290397,44.82725816984488],[5.878664463004282,44.82618854035883],[5.876153,44.827259],[5.876132211290397,44.82725816984488]],[[5.880057,44.825595],[5.879918252090587,44.825654138453196],[5.883219,44.822076],[5.883479958754743,44.82210817651772],[5.880057,44.825595]],[[5.888296,44.822702],[5.896536,44.815431],[5.89704832615156,44.815521791976224],[5.888296,44.822702]],[[5.899428659717535,44.81594362324108],[5.905982899402642,44.817105134071355],[5.903735,44.817366],[5.899428659717535,44.81594362324108]],[[5.920375,44.806461],[5.918034,44.800426],[5.922564,44.801434],[5.92311,44.800426],[5.919372,44.798012],[5.924415,44.796185],[5.922698,44.793419],[5.92039,44.793114],[5.922727,44.791656],[5.918548,44.785721],[5.919881,44.783585],[5.918346,44.781235],[5.920392,44.783783],[5.922828,44.789692],[5.923259,44.791626],[5.921922,44.792698],[5.925976,44.795876],[5.922641,44.798229],[5.925371,44.80024],[5.923901,44.804195],[5.925377,44.808342],[5.923504,44.812336],[5.946488,44.804916],[5.950977,44.799091],[5.954426,44.798256],[5.959066,44.799034],[5.959887,44.795757],[5.967912,44.794685],[5.971180221280128,44.7937679395569],[5.969466,44.794632],[5.960931,44.796166],[5.960189,44.799465],[5.954663,44.799593],[5.945236,44.811145],[5.938775,44.81457],[5.924366,44.816892],[5.917679,44.816027],[5.915464,44.819044],[5.912727,44.81786],[5.908435,44.817943],[5.908093131121689,44.81747909918612],[5.908307,44.817517],[5.914937,44.814754],[5.920375,44.806461]],[[5.978469,44.790094],[5.975072190986684,44.791806175863876],[5.975381,44.791166],[5.97846116740147,44.79002780480784],[5.978469,44.790094]],[[6.079475889090563,44.487918413725446],[6.078861,44.484841],[6.079709,44.480294],[6.079475889090563,44.487918413725446]],[[6.0856214013167875,44.47720955521465],[6.08318,44.476783],[6.08237,44.479475],[6.08318,44.47678],[6.082500109683108,44.47621253752129],[6.0856214013167875,44.47720955521465]],[[6.087342189047063,44.47751020671942],[6.097405123723483,44.47563346892594],[6.088045,44.477633],[6.087342189047063,44.47751020671942]],[[6.102143999264263,44.472370736231206],[6.102544,44.472095],[6.105164057001763,44.47387396415633],[6.102143999264263,44.472370736231206]],[[6.108688,44.475628],[6.107825233016518,44.475198559394826],[6.114685370298081,44.475793041717715],[6.114476,44.475928],[6.108688,44.475628]],[[6.115732470153137,44.47511809021259],[6.118469,44.472463],[6.122796,44.470565],[6.115732470153137,44.47511809021259]],[[6.128895,44.469866],[6.130628,44.467793],[6.131972650321464,44.46760467502371],[6.128895,44.469866]],[[6.144087,44.465908],[6.147733,44.463348],[6.148981192494472,44.46312653518908],[6.144087,44.465908]],[[6.153553578382793,44.46231526402641],[6.154857,44.462084],[6.15513454928524,44.46209234999371],[6.153553578382793,44.46231526402641]],[[6.174738979441197,44.462629124508894],[6.18005,44.461142],[6.175134,44.462641],[6.174738979441197,44.462629124508894]],[[6.20205,44.459498],[6.20207819481799,44.45950277485409],[6.18005,44.461142],[6.20205,44.459498]],[[6.235006,44.463976],[6.226832,44.462496],[6.235007,44.463976],[6.237294327445518,44.464154672560575],[6.235006,44.463976]],[[6.283271,44.470056],[6.290163,44.472926],[6.293694,44.472366],[6.297067,44.467109],[6.29575,44.471358],[6.297351,44.471749],[6.304216,44.466608],[6.30574,44.467312],[6.307786,44.465501],[6.309956,44.465658],[6.309543,44.463054],[6.312142,44.463465],[6.311868,44.464981],[6.314428,44.465102],[6.315869,44.462301],[6.316945,44.46412],[6.323203,44.46181],[6.331389,44.46168],[6.333275,44.459466],[6.334261,44.461434],[6.341282,44.460169],[6.344485,44.461402],[6.348016,44.459995],[6.351177,44.45565],[6.351389,44.459411],[6.359383,44.460028],[6.362403,44.457789],[6.364369,44.459237],[6.364634,44.457733],[6.36529,44.458967],[6.368165,44.458464],[6.368956,44.460041],[6.371523,44.458183],[6.383792,44.455472],[6.386564,44.452644],[6.392131,44.453175],[6.397155939728152,44.449674337558214],[6.391343,44.45382],[6.386443,44.453347],[6.384513,44.456666],[6.381159,44.456734],[6.376507,44.459321],[6.374018,44.459012],[6.368195,44.462693],[6.362735,44.462613],[6.358758,44.464409],[6.351691,44.464841],[6.352313,44.466752],[6.35029,44.466981],[6.35038,44.465825],[6.346516,44.467297],[6.346386,44.466092],[6.341403,44.466344],[6.340381,44.468804],[6.339574,44.466569],[6.3377,44.467328],[6.33578,44.4656],[6.332675,44.465356],[6.332797,44.466897],[6.330799,44.466157],[6.329837,44.467637],[6.329837,44.466721],[6.326958,44.467248],[6.326703,44.468491],[6.324675,44.466595],[6.322871,44.466111],[6.32162,44.467061],[6.321448,44.466275],[6.314286,44.469815],[6.312519,44.473267],[6.308574,44.475991],[6.307155,44.481309],[6.313166,44.48547],[6.315082,44.493508],[6.317028,44.492631],[6.317738,44.494965],[6.322906,44.497731],[6.326906,44.496365],[6.324576,44.499093],[6.328049,44.499428],[6.329104,44.502804],[6.331737,44.502831],[6.330587,44.504311],[6.335218,44.505711],[6.336454,44.503861],[6.339166,44.506577],[6.343293,44.506673],[6.343091,44.508084],[6.346976,44.511632],[6.348868,44.511662],[6.35582,44.515855],[6.35704,44.51545],[6.357894,44.517113],[6.358811,44.516465],[6.362142,44.51833],[6.367231,44.517876],[6.372355,44.520329],[6.380518,44.51878],[6.38496,44.521256],[6.390667,44.520371],[6.397008,44.523381],[6.398197,44.526272],[6.400249,44.525208],[6.399218,44.527642],[6.400555,44.527138],[6.404802,44.529175],[6.407502,44.528145],[6.40773576934623,44.528240926636],[6.409883,44.529122],[6.411366,44.528138],[6.411601,44.529042],[6.425035,44.528721],[6.429665,44.531315],[6.43526,44.538434],[6.439455,44.539971],[6.448347,44.540688],[6.459544,44.538579],[6.467487,44.538678],[6.477762,44.544335],[6.477169,44.5477],[6.482886,44.549334],[6.474598,44.547695],[6.473346,44.546405],[6.468894,44.54646],[6.468066,44.545349],[6.467046,44.547106],[6.464879,44.546231],[6.464407,44.547271],[6.458394,44.545491],[6.454329,44.54612],[6.443531,44.543323],[6.437574,44.543049],[6.427357,44.538588],[6.421072,44.539096],[6.420084,44.537673],[6.417285,44.538645],[6.41772,44.537078],[6.40878,44.53866],[6.40773576934623,44.5383420400732],[6.397859,44.535334],[6.394159,44.537],[6.393789,44.53528],[6.391816,44.535663],[6.392543,44.534186],[6.38955,44.535411],[6.379902,44.535644],[6.377945,44.534793],[6.378307,44.532821],[6.37594,44.532655],[6.371367,44.528989],[6.368092,44.534944],[6.366445,44.528119],[6.363143,44.529269],[6.36341,44.528117],[6.360629,44.528747],[6.359779,44.528244],[6.361462,44.526647],[6.357955,44.526598],[6.356072,44.52449],[6.354449,44.525035],[6.353175,44.522948],[6.350464,44.52332],[6.347636,44.521724],[6.345031,44.521308],[6.341817,44.52324],[6.341419,44.519765],[6.337546,44.521268],[6.338596,44.524463],[6.334307,44.525784],[6.333318,44.527934],[6.33228,44.525696],[6.329041,44.529683],[6.330081,44.526208],[6.327382,44.526879],[6.325731,44.528845],[6.327818,44.524086],[6.326006,44.522116],[6.327075,44.51935],[6.323227,44.520787],[6.321579,44.519652],[6.318713,44.520587],[6.320504,44.519085],[6.323189,44.51963],[6.324402,44.518632],[6.32199,44.514798],[6.323986,44.513827],[6.321878,44.513056],[6.320536,44.514683],[6.32038,44.511176],[6.320044,44.51302],[6.317464,44.513827],[6.317974,44.512435],[6.314225,44.509961],[6.314438,44.508124],[6.312048,44.507277],[6.310761,44.511],[6.307338,44.510591],[6.306074,44.513031],[6.305351,44.511947],[6.302227,44.513703],[6.296382,44.519045],[6.295361,44.52464],[6.29505,44.521109],[6.292937,44.522482],[6.29729,44.51739],[6.294722,44.516398],[6.297522,44.516358],[6.301722,44.510277],[6.305876,44.507972],[6.307221,44.504973],[6.305475,44.502893],[6.306277,44.498461],[6.303797,44.494862],[6.301424,44.494121],[6.302198,44.492545],[6.298176,44.494318],[6.297848,44.492771],[6.294939,44.494165],[6.29695,44.491332],[6.295464,44.490095],[6.295635,44.487668],[6.291604,44.48621],[6.289593,44.486965],[6.2891,44.484128],[6.283505,44.48466],[6.283171,44.48712],[6.278725,44.483119],[6.275675,44.483883],[6.274952,44.482309],[6.27309,44.482587],[6.275055,44.480446],[6.273786,44.47954],[6.272882,44.480923],[6.273018,44.479442],[6.276188,44.476348],[6.273817,44.474707],[6.269027,44.473927],[6.274296,44.470251],[6.2666459991171894,44.46647017044731],[6.279283,44.472494],[6.283277,44.471563],[6.283271,44.470056]],[[6.435796,44.430449],[6.4357948189439,44.43044987165966],[6.435215,44.429405],[6.4352165366908824,44.42940476921748],[6.435796,44.430449]],[[6.629413,44.386149],[6.615415,44.3853],[6.614724987203914,44.38497440171869],[6.618348,44.385304],[6.638752952994403,44.386091744708146],[6.629413,44.386149]],[[6.641498614008463,44.38607491340045],[6.658336,44.383847],[6.642137,44.386071],[6.641498614008463,44.38607491340045]],[[6.769178776573435,44.47513803871059],[6.7705364235741,44.47523457135357],[6.769502,44.475341],[6.769178776573435,44.47513803871059]],[[6.8153338234886185,44.46779299109911],[6.821611,44.461503],[6.815523,44.467746],[6.8153338234886185,44.46779299109911]],[[7.035808144828242,44.34267661602941],[7.03636,44.342577],[7.040618,44.343646],[7.035808144828242,44.34267661602941]],[[7.060118634696422,44.3398734835758],[7.070308,44.33669],[7.060633,44.339803],[7.060118634696422,44.3398734835758]],[[7.171272,44.302451],[7.18185,44.303485],[7.181973488605475,44.303528269796494],[7.171272,44.302451]],[[7.193080056768763,44.311084186026406],[7.200928,44.310891],[7.193147,44.311153],[7.193080056768763,44.311084186026406]],[[7.246941104912103,44.31435437312164],[7.248269519410621,44.31470133309016],[7.247763,44.314744],[7.246941104912103,44.31435437312164]],[[7.426907,44.337462],[7.426458,44.338632],[7.424433845339213,44.33898920376367],[7.426907,44.337462]],[[7.422495710226787,44.340186026301744],[7.422147946867969,44.34100517202584],[7.421882,44.340565],[7.422495710226787,44.340186026301744]],[[7.422906449454705,44.34226057925345],[7.425921491783244,44.34395712316762],[7.423613,44.34343],[7.422906449454705,44.34226057925345]],[[7.428388384015833,44.34452041564164],[7.432596,44.341947],[7.429315,44.344732],[7.428388384015833,44.34452041564164]],[[7.436185469955204,44.341359418055276],[7.436908172673228,44.34125934103346],[7.436424,44.341438],[7.436185469955204,44.341359418055276]],[[5.149137771061823,44.238468318932156],[5.147072,44.238419],[5.145964753728445,44.237273090101866],[5.149137771061823,44.238468318932156]],[[5.151846131815475,44.23853297927266],[5.149394,44.23565],[5.149394462031262,44.23564954321164],[5.151847,44.238533],[5.151846131815475,44.23853297927266]],[[5.367068233987179,44.18289488144414],[5.367068,44.182895],[5.366649465679592,44.18283006864156],[5.367068233987179,44.18289488144414]],[[5.496348,44.179143],[5.497915767942353,44.17973023205068],[5.49634758851427,44.17914322029673],[5.496348,44.179143]],[[5.538248,44.187333],[5.538307,44.19497],[5.539168180988912,44.19694300000272],[5.538306,44.194969],[5.538248,44.187333]],[[5.539835770020539,44.19847247310788],[5.539836,44.198473],[5.537125030162319,44.20404993795085],[5.537125,44.204049],[5.539835770020539,44.19847247310788]],[[5.625175,44.224219],[5.625338557513501,44.224387000011056],[5.625174969318709,44.22421899548704],[5.625175,44.224219]],[[5.6639,44.244252],[5.664158932903305,44.24653793290393],[5.663899205459873,44.24425180846056],[5.6639,44.244252]],[[5.776374358908344,44.267757530956615],[5.776375,44.267758],[5.775254978744755,44.27043366183902],[5.775254,44.270433],[5.776374358908344,44.267757530956615]],[[5.784384,44.274233],[5.784523289230497,44.27463899999921],[5.78438373099917,44.27423312594837],[5.784384,44.274233]],[[5.784829510688933,44.275531573756986],[5.78483,44.275533],[5.782154568870838,44.278670160371476],[5.782153,44.27867],[5.784829510688933,44.275531573756986]],[[5.789707580001432,44.27825289852802],[5.787684,44.277764],[5.787685986253063,44.27776248086166],[5.789708,44.278252],[5.789707580001432,44.27825289852802]],[[5.818480739068027,44.267851264888215],[5.817873,44.26381],[5.817873295894931,44.26380996760396],[5.818481,44.267851],[5.818480739068027,44.267851264888215]],[[5.841369,44.253135],[5.84514582778219,44.25262324282825],[5.840769771830443,44.253693293945084],[5.841369,44.253135]],[[5.936694,44.212552],[5.935218,44.215039],[5.928339,44.215333],[5.9260678866929855,44.21738919721502],[5.926067,44.217388],[5.928339,44.215331],[5.935218,44.215036],[5.936694,44.212549],[5.940814,44.210831],[5.943138,44.206686],[5.9426969860615975,44.201878850285624],[5.94316,44.201869],[5.943138,44.20669],[5.940814,44.210835],[5.936694,44.212552]],[[5.9275486682263,44.21938955226221],[5.927549,44.21939],[5.925796674674191,44.22230787656933],[5.925796,44.222307],[5.9275486682263,44.21938955226221]],[[5.920924599215547,44.2409008403273],[5.920924,44.2409],[5.921836,44.237614],[5.927745,44.23474],[5.932181685840317,44.230604292847524],[5.932183,44.230606],[5.927746,44.234742],[5.921836,44.237616],[5.920924599215547,44.2409008403273]],[[5.923361524180086,44.244320332915315],[5.923362,44.244321],[5.919523227872318,44.25507836143517],[5.919522,44.255076],[5.923361524180086,44.244320332915315]],[[5.911414,44.273474],[5.915332,44.268888],[5.92653348883277,44.26570914506344],[5.926534,44.265711],[5.915332,44.268892],[5.911414806660291,44.273476056013926],[5.911414,44.273474]],[[5.916668994075566,44.28000523416737],[5.91667,44.280006],[5.91328170542752,44.287532433030876],[5.913281,44.28753],[5.916668994075566,44.28000523416737]],[[5.92251,44.301326],[5.926306,44.297952],[5.92718462291382,44.294042677797556],[5.927185,44.294043],[5.926306,44.297954],[5.9225112510435265,44.30132788770498],[5.92251,44.301326]],[[5.925822669485461,44.30632650138495],[5.925823,44.306327],[5.92443731595659,44.312621564745534],[5.924437,44.312621],[5.925822669485461,44.30632650138495]],[[5.914053,44.310814],[5.911247,44.310459],[5.90626,44.312237],[5.901973,44.316031],[5.896081,44.318617],[5.894218228942989,44.32209570496215],[5.894217,44.322095],[5.896081,44.318614],[5.901973,44.316028],[5.90626,44.312233],[5.911247,44.310456],[5.914053,44.310811],[5.915488,44.312893],[5.92223,44.316046],[5.925612081932046,44.3147233590316],[5.925613,44.314725],[5.92223,44.316048],[5.915488,44.312897],[5.914053,44.310814]],[[5.905297907574956,44.32845537325046],[5.905299,44.328456],[5.902590626135069,44.33681806681665],[5.90259,44.336817],[5.905297907574956,44.32845537325046]],[[5.919238850785437,44.338988960094305],[5.919239,44.338989],[5.919091139033066,44.341922241884596],[5.919091,44.341922],[5.919238850785437,44.338988960094305]],[[5.94270197042783,44.365888751703835],[5.942703,44.365891],[5.9392465944935395,44.36841456595265],[5.939246,44.368412],[5.94270197042783,44.365888751703835]],[[6.0279238733981515,44.43146812598346],[6.027924,44.431472],[6.025673094615218,44.433710911217545],[6.025672,44.433709],[6.0279238733981515,44.43146812598346]],[[6.060665831413726,44.460380761217785],[6.060666,44.460381],[6.060053189752079,44.46678301766344],[6.060053,44.466783],[6.060665831413726,44.460380761217785]],[[6.076229,44.466652],[6.0765556620081025,44.46942833798746],[6.076228282786215,44.4666513986866],[6.076229,44.466652]],[[6.079416,44.472802],[6.080422846971971,44.4744787745632],[6.076806479451587,44.4714604158279],[6.079416,44.472802]],[[7.493490746512308,44.31994306733033],[7.49613,44.320389],[7.498686847680096,44.32252397849311],[7.493490746512308,44.31994306733033]],[[7.493413138141893,44.319904519137545],[7.493398,44.319897],[7.489053,44.315456],[7.489053868779097,44.31545488678796],[7.493413138141893,44.319904519137545]],[[7.492721,44.310756],[7.497978192421021,44.3084320391374],[7.492394969986261,44.31117375928696],[7.492721,44.310756]],[[7.518599,44.261331],[7.518757219259965,44.261261929249706],[7.517923,44.263062],[7.518599,44.261331]],[[7.5221285412283505,44.25979017582412],[7.521835,44.260194],[7.520469621258596,44.26051437872469],[7.5221285412283505,44.25979017582412]],[[7.531241681458828,44.250307429811706],[7.530662,44.24745],[7.530662276155356,44.24744936125545],[7.531242,44.250307],[7.531241681458828,44.250307429811706]],[[7.574881679048727,44.20470143374758],[7.574025,44.20319],[7.574025264812869,44.20318946689877],[7.574882,44.2047],[7.574881679048727,44.20470143374758]],[[7.569213178749605,44.191145821267774],[7.576768,44.197667],[7.576767652347772,44.19766769986716],[7.569213178749605,44.191145821267774]],[[7.569474,44.139095],[7.5631759352882,44.1490528759926],[7.559931,44.154182],[7.569474,44.139095]],[[7.568192,44.13222],[7.566543,44.130394],[7.566543419022373,44.130393463999305],[7.568192,44.132219],[7.569474,44.139095],[7.568192,44.13222]],[[7.567635896479392,44.1289959999938],[7.56794,44.128607],[7.567996376684243,44.12354199999985],[7.567941,44.128606],[7.567635896479392,44.1289959999938]],[[7.567996989482934,44.123485961748166],[7.564511,44.110807],[7.564511254809331,44.110806926772085],[7.567997,44.123485],[7.567996989482934,44.123485961748166]],[[7.596601,44.089347],[7.596600295745318,44.08934770416073],[7.593957,44.084484],[7.594903860231255,44.083271000019145],[7.593958,44.084483],[7.596601,44.089347]],[[7.5890308027725535,44.070271038515116],[7.593678,44.070494],[7.596459,44.072814],[7.598632,44.073001],[7.598631939389602,44.073001994811996],[7.596459,44.072816],[7.593678,44.070496],[7.58903,44.070273],[7.5890308027725535,44.070271038515116]],[[7.590186663759303,44.06744482156651],[7.587334,44.057447],[7.58733444254552,44.05744655100338],[7.590187,44.067444],[7.590186663759303,44.06744482156651]],[[7.580216,44.033382],[7.580216046323573,44.03338193954786],[7.580285,44.036269],[7.586356,44.043405],[7.586631,44.047168],[7.589707,44.051239],[7.589706861077229,44.0512408161396],[7.586631,44.04717],[7.586356,44.043407],[7.580285,44.036271],[7.580216,44.033382]],[[7.580413,44.029832],[7.582157,44.030847],[7.582155940112562,44.03084838315038],[7.580413,44.029834],[7.577421,44.030098],[7.5774214049146185,44.03009596427224],[7.580413,44.029832]],[[7.565364139025783,44.02027036448316],[7.569033,44.021077],[7.570785,44.023774],[7.577784,44.028271],[7.5777836472794675,44.02827277331948],[7.570785,44.023775],[7.569033,44.021078],[7.565518,44.020682],[7.565364139025783,44.02027036448316]],[[7.550134268642305,43.99685032823314],[7.553745,44.001262],[7.556078,44.009117],[7.56391,44.01638],[7.556078,44.009118],[7.553745,44.001263],[7.550134,43.996852],[7.550134268642305,43.99685032823314]],[[7.549023,43.994032],[7.55069,43.993391],[7.550689828652699,43.99339206598978],[7.549023,43.994034],[7.546356,43.992871],[7.546356838221552,43.99286936552368],[7.549023,43.994032]],[[7.548612400032449,43.988469169896845],[7.547127,43.986414],[7.54712805630976,43.98641346148914],[7.548613,43.988468],[7.548612400032449,43.988469169896845]],[[7.531332,43.968642],[7.526712556658717,43.96591759331799],[7.538967,43.971001],[7.542113,43.978128],[7.546998,43.983799],[7.550289,43.984801],[7.550287770971121,43.984801626175056],[7.546998,43.983801],[7.542113,43.97813],[7.538967,43.971003],[7.531332,43.968642]],[[7.521137,43.957645],[7.525531133547179,43.96522082602774],[7.525389,43.965137],[7.521136,43.957645],[7.519213,43.949708],[7.521137,43.957645]],[[7.517638,43.943449],[7.51997,43.946903],[7.519969807209478,43.94690371436911],[7.517638,43.943449]],[[7.522617,43.928995],[7.52261633173421,43.92899524092563],[7.520424,43.926505],[7.519896,43.922713],[7.520424,43.926504],[7.522617,43.928995]],[[7.516154,43.919211],[7.516108,43.917827],[7.516154,43.91921],[7.519896,43.922713],[7.516154,43.919211]],[[7.526693471821226,43.907124505157284],[7.52202,43.902746],[7.522021047269176,43.902745981170675],[7.526694,43.907124],[7.526693471821226,43.907124505157284]],[[7.528326820249144,43.90008098535801],[7.524374,43.899759],[7.524374455684543,43.89975803711875],[7.528327,43.90008],[7.528326820249144,43.90008098535801]],[[7.532830424009415,43.89374673671426],[7.53147,43.890763],[7.5314704266336685,43.89076293539667],[7.532831,43.893746],[7.532830424009415,43.89374673671426]],[[7.539969814218402,43.88412999999766],[7.539653,43.885133],[7.539652612925204,43.88513306179272],[7.539969814218402,43.88412999999766]],[[7.5405144018507695,43.882405893676626],[7.534923,43.881412],[7.534923977869911,43.88141017382023],[7.540515,43.882404],[7.5405144018507695,43.882405893676626]],[[7.541073,43.876868],[7.541279,43.880363],[7.54127887358327,43.88036285521129],[7.541073,43.87687],[7.537915,43.87622],[7.537915881327686,43.87621818140057],[7.541073,43.876868]],[[7.575474,43.856076],[7.577903,43.85841],[7.577902337044725,43.8584113629734],[7.575474,43.856078],[7.571612,43.855601],[7.571612288697105,43.855600035582555],[7.575474,43.856076]],[[7.583502259565009,43.847238245763],[7.577785,43.850381],[7.576321495489369,43.85017275659163],[7.583502259565009,43.847238245763]],[[7.589671180436328,43.84307960781718],[7.589295,43.844054],[7.586905671099811,43.84536740433983],[7.589671180436328,43.84307960781718]],[[7.586741574915302,43.84072996368215],[7.590093,43.841987],[7.5899053933213265,43.842472943615064],[7.586741574915302,43.84072996368215]],[[7.58224,43.83825],[7.581499043833031,43.837070097648045],[7.582607436057283,43.838452424283666],[7.58224,43.83825]],[[7.580265,43.835105],[7.58077173352214,43.83089721276487],[7.580483555956959,43.835453029612474],[7.580265,43.835105]],[[7.591569,43.806989],[7.597447044382364,43.800992338137306],[7.591529355030649,43.80734163156949],[7.591569,43.806989]],[[7.188302,43.822708],[7.188856,43.829661],[7.195522,43.842851],[7.195521914001941,43.84285382982293],[7.188856,43.829663],[7.188302,43.822711],[7.185044,43.815828],[7.1850442505315355,43.815827641119526],[7.188302,43.822708]],[[7.19531,43.84983],[7.195310087231142,43.849827129601664],[7.197552,43.853158],[7.1975507478832785,43.853159139696345],[7.19531,43.84983]],[[7.194405,43.858097],[7.197059,43.861723],[7.198145,43.868308],[7.198144594547132,43.86830854152197],[7.197059,43.861726],[7.194405,43.8581],[7.1944,43.85603],[7.19440000723048,43.8560299934187],[7.194405,43.858097]],[[7.191837,43.873226],[7.191837598492898,43.8732258251134],[7.19247,43.876211],[7.1924694483915115,43.87621139619879],[7.191837,43.873226]],[[7.188445,43.879105],[7.188445801727612,43.879104424150434],[7.190178,43.884342],[7.190177379630084,43.884343124213295],[7.188445,43.879105]],[[7.190764780022001,43.89653788146534],[7.188012,43.894014],[7.1879734499728665,43.893251550027266],[7.188012,43.894011],[7.190766,43.896536],[7.190764780022001,43.89653788146534]],[[7.195851,43.90401],[7.195850535447164,43.9040129249952],[7.191565,43.903321],[7.188018,43.900777],[7.188019327644755,43.900774952489634],[7.191564,43.903318],[7.195851,43.90401]],[[7.195328,43.907303],[7.195296297881072,43.90734215608452],[7.195840818996437,43.90407410333601],[7.195328,43.907303]],[[7.140385,43.934521],[7.1403147013085135,43.934485585467144],[7.146784547059299,43.930800914634],[7.140385,43.934521]],[[7.082489,43.936594],[7.082323813734476,43.93653787516199],[7.086844235673106,43.934999194766036],[7.082489,43.936594]],[[6.689042237832112,43.94250076215888],[6.689652,43.944421],[6.683921406431347,43.955555267371615],[6.68392,43.955555],[6.689651,43.944419],[6.689042237832112,43.94250076215888]],[[6.55928414000729,43.91483587272324],[6.556671019347403,43.91305499727882],[6.557113,43.913064],[6.55928414000729,43.91483587272324]],[[6.527515,43.938236],[6.529462,43.936081],[6.528955,43.93129],[6.5307,43.925735],[6.528966,43.920734],[6.531655,43.914387],[6.529791,43.91172],[6.533936,43.907791],[6.531439,43.902767],[6.529979,43.902496],[6.531612,43.901531],[6.531976,43.898956],[6.527593,43.896149],[6.529917,43.895554],[6.529843,43.893147],[6.52665,43.889591],[6.529671,43.890694],[6.532936,43.888836],[6.533622,43.886154],[6.529643,43.885899],[6.53091,43.881615],[6.525284,43.883663],[6.521513,43.883232],[6.525793,43.882393],[6.524943,43.881138],[6.526388,43.878643],[6.523718,43.876984],[6.525829,43.876259],[6.52355,43.87466],[6.521643,43.875607],[6.51878,43.874088],[6.530087,43.875355],[6.537402,43.878544],[6.541742,43.878368],[6.539982,43.879791],[6.541787,43.880836],[6.539079,43.882397],[6.540042,43.883343],[6.536371,43.887417],[6.537984,43.888073],[6.537566,43.890003],[6.534241,43.89159],[6.539484,43.895317],[6.536797,43.895496],[6.539712,43.901932],[6.541373,43.902065],[6.54008,43.902943],[6.540935,43.907135],[6.542953,43.909412],[6.550295348369606,43.9120344248157],[6.549328,43.911896],[6.543053,43.912807],[6.539749,43.911098],[6.534873,43.917091],[6.536439,43.918297],[6.53374,43.920845],[6.530836,43.932877],[6.531279,43.935204],[6.537055,43.937859],[6.536376,43.938499],[6.531584,43.935677],[6.528353,43.939674],[6.52584,43.93956],[6.525393,43.944077],[6.518495,43.948723],[6.519032,43.950878],[6.517653,43.949673],[6.515314,43.950813],[6.513045,43.953499],[6.5135,43.955349],[6.512022705325415,43.95546586509596],[6.512021,43.955463],[6.509777,43.955437],[6.517224,43.942806],[6.524596,43.938629],[6.527515,43.938236]],[[6.514306,43.959299],[6.514305989888098,43.95930198301112],[6.5131635,43.9573825],[6.514306,43.959299]],[[6.546213,43.999757],[6.544818,43.996631],[6.540682,43.993302],[6.54019,43.989331],[6.536038,43.986028],[6.535693,43.983541],[6.531803,43.980403],[6.528526,43.974249],[6.526108,43.972206],[6.521724,43.971447],[6.514291,43.963727],[6.5142910101338085,43.963724010526455],[6.521724,43.971445],[6.526108,43.972205],[6.528526,43.974248],[6.531803,43.980402],[6.535693,43.983539],[6.536038,43.986027],[6.54019,43.989328],[6.540682,43.9933],[6.544818,43.996629],[6.546213,43.999754],[6.548719,44.000884],[6.549693,44.00352],[6.559004,44.00589],[6.560224,44.007197],[6.561581,44.014032],[6.561580690252165,44.01403243984786],[6.560224,44.007199],[6.559004,44.005893],[6.549693,44.003523],[6.548719,44.000886],[6.546213,43.999757]],[[6.554994,44.028165],[6.554994177043679,44.02816213002879],[6.560153,44.031951],[6.563075,44.037528],[6.563753,44.044143],[6.565526,44.044261],[6.572403,44.053018],[6.572402874356148,44.053018840026525],[6.565526,44.044263],[6.563753,44.044145],[6.563075,44.03753],[6.560153,44.031953],[6.554994,44.028165]],[[6.571932,44.056168],[6.571932128974491,44.056167137705586],[6.575817,44.060315],[6.575816684911298,44.06031566358097],[6.571932,44.056168]],[[6.57294,44.066375],[6.572940206910723,44.06637456424328],[6.573581,44.068122],[6.573580422716394,44.06812242485331],[6.57294,44.066375]],[[6.571392,44.069734],[6.571392479670313,44.069733647204565],[6.572898,44.071765],[6.572897765359078,44.071765683406134],[6.571392,44.069734]],[[6.56204,44.083963],[6.562040657578238,44.08396250372841],[6.564889,44.090476],[6.56488890229692,44.09047677661008],[6.56204,44.083963]],[[6.564285,44.095279],[6.564285228353512,44.09527718451396],[6.573588,44.102794],[6.573588137967966,44.102794303629324],[6.564285,44.095279]],[[6.57718,44.105334],[6.58087,44.108163],[6.5808696732564655,44.10816474942872],[6.577181,44.105336],[6.574694,44.105229],[6.574191892357648,44.10412299999866],[6.574694,44.105228],[6.57718,44.105334]],[[6.598276,44.147191],[6.592941,44.138178],[6.589929,44.136065],[6.58911,44.133714],[6.58141,44.130165],[6.579588,44.115029],[6.579588146402812,44.115028216139706],[6.58141,44.130162],[6.58911,44.133711],[6.589929,44.136062],[6.592941,44.138175],[6.598276,44.147188],[6.598764,44.151158],[6.603529,44.154585],[6.605152,44.158709],[6.608347,44.159844],[6.61141,44.162936],[6.611409960474898,44.16293696010068],[6.608347,44.159845],[6.605152,44.158711],[6.603529,44.154588],[6.598764,44.151161],[6.598276,44.147191]],[[6.61674,44.17138],[6.6113,44.16561],[6.611300078861724,44.16560808366011],[6.61674,44.171379],[6.619266,44.178109],[6.623218,44.178501],[6.62484,44.18203],[6.631297,44.184393],[6.633588,44.189225],[6.633587429834275,44.18922679745055],[6.631297,44.184396],[6.62484,44.182033],[6.623218,44.178503],[6.619266,44.17811],[6.61674,44.17138]],[[6.632211,44.193569],[6.632211696617794,44.1935668039086],[6.636269,44.198249],[6.636268658780688,44.19824945292219],[6.632211,44.193569]],[[6.634873,44.200105],[6.6348734470386095,44.20010440672185],[6.636554,44.209152],[6.636553753974666,44.20915367547337],[6.634873,44.200105]],[[6.571635,44.281917],[6.5716352560800955,44.281916635955824],[6.573083,44.285512],[6.573082718160698,44.285512300073115],[6.571635,44.281917]],[[6.569620142442106,44.295616038736576],[6.583119,44.299287],[6.599941,44.296908],[6.606195,44.300431],[6.60640048600948,44.303192999992646],[6.606195,44.300433],[6.599941,44.29691],[6.583119,44.29929],[6.56962,44.295617],[6.569620142442106,44.295616038736576]],[[6.611392,44.320763],[6.61204,44.322355],[6.615406,44.322988],[6.615405565721102,44.32298891833079],[6.61204,44.322356],[6.611392,44.320764],[6.607576,44.318982],[6.607575881762886,44.31898041188977],[6.611392,44.320763]],[[6.616753,44.338432],[6.613426,44.332034],[6.61312,44.327823],[6.613120062987966,44.32782286680498],[6.613426,44.332033],[6.616753,44.338431],[6.619829,44.340894],[6.620824,44.35005],[6.624577,44.354882],[6.624647,44.359015],[6.626729,44.362196],[6.626728883970574,44.3621988226678],[6.624647,44.359017],[6.624577,44.354885],[6.620824,44.350052],[6.619829,44.340896],[6.616753,44.338432]],[[6.472634130856605,45.216129686679054],[6.452155426591555,45.2222502714866],[6.453159,45.221359],[6.472634130856605,45.216129686679054]],[[6.585256,45.203271],[6.592409,45.202449],[6.594192,45.200882],[6.592409,45.20245],[6.585256,45.203271]],[[6.652814,45.192448],[6.659443,45.194409],[6.640995,45.191004],[6.652814,45.192448]],[[6.678124548966817,45.207061104488034],[6.677818,45.207065],[6.676753131905865,45.20633155942316],[6.678124548966817,45.207061104488034]],[[6.70166,45.209672],[6.694387,45.210578],[6.70166,45.209671],[6.714479359479767,45.21585352324179],[6.713826,45.215919],[6.70166,45.209672]],[[6.722246284853919,45.21309853217158],[6.717538,45.215547],[6.715767155035515,45.21572446614407],[6.722246284853919,45.21309853217158]],[[6.76101,45.220218],[6.761368,45.223475],[6.767903,45.226021],[6.761368,45.223476],[6.76101,45.220218]],[[6.7944486101521555,45.23956685301988],[6.794449,45.239567],[6.7927373760024805,45.243312177274944],[6.792737,45.243312],[6.7944486101521555,45.23956685301988]],[[6.813573,45.266285],[6.811817,45.263088],[6.803661,45.261629],[6.811817,45.263087],[6.813574,45.266285],[6.816656,45.267845],[6.813573,45.266285]],[[6.816738,45.272623],[6.814064,45.270545],[6.814064549706199,45.270544427389375],[6.816738,45.272623]],[[6.81841,45.275017],[6.814132,45.275853],[6.814132024856426,45.27585199514841],[6.81841,45.275017]],[[6.8512913494251855,45.285773837170325],[6.846487,45.28591],[6.833447118113864,45.28417639712089],[6.8512913494251855,45.285773837170325]],[[6.860036,45.285526],[6.8563343597282715,45.28563091031547],[6.869765,45.283796],[6.869810695556945,45.28380013847539],[6.869765,45.283797],[6.860036,45.285526]],[[6.8935494622066695,45.283173297062525],[6.88961,45.28516],[6.888175430214394,45.285061470465216],[6.8935494622066695,45.283173297062525]],[[6.904332,45.234307],[6.906685,45.235831],[6.916661,45.234175],[6.921918,45.231429],[6.923352,45.228758],[6.930942,45.225873],[6.926115,45.228618],[6.928868,45.229311],[6.927847,45.230871],[6.921135,45.233062],[6.925245,45.231847],[6.92316,45.233422],[6.926004,45.234814],[6.93008,45.232544],[6.930775,45.22964],[6.940498,45.228715],[6.946172,45.224529],[6.958194,45.225403],[6.960655,45.225603],[6.958921,45.228685],[6.956633,45.229288],[6.954415,45.233494],[6.945813,45.240099],[6.930343,45.24479],[6.92346,45.249011],[6.918611,45.248915],[6.918859,45.247775],[6.91344,45.249192],[6.911853,45.250898],[6.910877,45.249332],[6.908682,45.250147],[6.908535472838915,45.25035003912663],[6.906209,45.24146],[6.908636,45.23767],[6.905115,45.236635],[6.904332,45.234307]],[[6.957104,45.214091],[6.957190700492897,45.213956462129886],[6.957121885939308,45.21427661994995],[6.957104,45.214091]],[[6.961664,45.207015],[6.966813,45.205308],[6.975264,45.205354],[6.966813,45.205309],[6.961664,45.207015]],[[7.012053023476716,45.183606632020954],[7.014013,45.188647],[7.013695608102783,45.189435686735635],[7.012053023476716,45.183606632020954]],[[7.012052,45.183603],[7.01338,45.180141],[7.012052162432864,45.183603576426954],[7.012052,45.183603]],[[7.010536,45.175673],[7.01255,45.171857],[7.010619909973958,45.17580482481141],[7.010536,45.175673]],[[7.017063,45.162791],[7.011888163776636,45.168552817646194],[7.011888,45.168552],[7.017063,45.16279],[7.018441,45.156452],[7.017063,45.162791]],[[7.057439,45.136473],[7.0575952603587195,45.13638876233662],[7.054977,45.142409],[7.057439,45.136473]],[[7.060522,45.134811],[7.0639153146569615,45.13411181640017],[7.058169729125801,45.13607907466523],[7.060522,45.134811]],[[7.066938,45.133489],[7.088582070626077,45.13739348311216],[7.066163777773662,45.13364852646247],[7.066938,45.133489]],[[7.112105,45.133727],[7.121987,45.132506],[7.126036,45.132906],[7.121987,45.132507],[7.112105,45.133727]],[[7.171926,45.132547],[7.167134,45.131743],[7.162811,45.135693],[7.167134,45.131742],[7.171927,45.132546],[7.1799580000057555,45.13143057137417],[7.171926,45.132547]],[[7.219396,45.123344],[7.223758,45.121215],[7.23202,45.122117],[7.223758,45.121216],[7.219396,45.123344]],[[7.252791,45.112681],[7.254070609339173,45.11260788785557],[7.243907,45.115385],[7.252791,45.112681]],[[7.324108333333333,45.109752],[7.329934,45.110776],[7.3424084999999994,45.111394],[7.329934,45.110777],[7.324108333333333,45.109752]],[[5.742117,45.190827],[5.742117229479688,45.19082681973815],[5.742318347300241,45.19242165270046],[5.742117,45.190827]],[[5.789661,45.189399],[5.793526553711585,45.18926961795533],[5.781693055475159,45.19153800537281],[5.789661,45.189399]],[[5.80333,45.186869],[5.804078530396352,45.187246888018414],[5.800201835687769,45.187990019535626],[5.80333,45.186869]],[[5.806016,45.188225],[5.805974179594308,45.1884313864177],[5.805498851524856,45.18796392281002],[5.806016,45.188225]],[[5.805477,45.190885],[5.8051187892450375,45.1909956546129],[5.805738803952265,45.18959298049532],[5.805477,45.190885]],[[5.792268161659353,45.19496533224345],[5.792266,45.194964],[5.79241484392338,45.19492002073641],[5.792268161659353,45.19496533224345]],[[5.799195658265192,45.19923578943613],[5.799196,45.199236],[5.796816777381741,45.20473320385622],[5.796816,45.204733],[5.799195658265192,45.19923578943613]],[[5.918951788937469,45.280056707862734],[5.918952,45.280057],[5.917047248551521,45.28644516640647],[5.917047,45.286445],[5.918951788937469,45.280056707862734]],[[5.933469203544704,45.30798513853924],[5.933469,45.307985],[5.93255693448281,45.305852999966305],[5.933469203544704,45.30798513853924]],[[5.966724,45.338381],[5.967192205365548,45.33972057206482],[5.963946094783967,45.33453230189234],[5.966724,45.338381]],[[5.99999851588917,45.40750224529623],[6.000995,45.40901],[6.00033203634112,45.426023067409034],[6.000332,45.426023],[5.99999851588917,45.40750224529623]],[[6.289253,45.476687],[6.306277,45.507036],[6.308379,45.507517],[6.311977,45.512943],[6.314588,45.519959],[6.314587934468222,45.51995982393511],[6.311977,45.512945],[6.308379,45.50752],[6.306277,45.507038],[6.289253,45.476687]],[[6.292003,45.457359],[6.290742,45.454019],[6.292004,45.457359],[6.289253,45.476687],[6.292003,45.457359]],[[6.278439446863498,45.42839824448222],[6.272581,45.424648],[6.272294258127095,45.42388158751182],[6.27843738153646,45.4283967266699],[6.278439446863498,45.42839824448222]],[[6.274632,45.40897],[6.272109502377429,45.42338776666741],[6.271878,45.422769],[6.274632,45.408969],[6.274963,45.387561],[6.274632,45.40897]],[[6.286271,45.360226],[6.286432811424145,45.360147014460004],[6.287316,45.36942],[6.286271,45.360226]],[[6.354417892787575,45.29674214915354],[6.353229,45.287307],[6.3532290999938255,45.287306793559075],[6.354418,45.296742],[6.354417892787575,45.29674214915354]],[[6.434189,45.23628],[6.442928,45.235015],[6.448909,45.228817],[6.442928,45.235016],[6.434189,45.23628]],[[6.449647,45.224478],[6.450306203341049,45.22389256286426],[6.448909,45.228817],[6.449647,45.224478]],[[6.60752910744425,44.67986848537396],[6.606268696213087,44.67366687461156],[6.607505,44.678487],[6.60752910744425,44.67986848537396]],[[6.60521707161644,44.669566780062745],[6.602122,44.668138],[6.605133,44.669239],[6.60521707161644,44.669566780062745]],[[6.598879007495012,44.663145810184474],[6.600125,44.663876],[6.602122,44.668138],[6.598879007495012,44.663145810184474]],[[6.518798,44.574711],[6.5176908055434915,44.56782221646644],[6.517919,44.568009],[6.518798,44.574711]],[[6.488739,44.553049],[6.488333154759481,44.55279140302947],[6.495115,44.553527],[6.488739,44.553049]],[[6.440754,45.21517],[6.440877596996458,45.21611103133752],[6.434936,45.208475],[6.434824367401617,45.20726223892498],[6.440754,45.21517]],[[6.422145,45.1619],[6.42216482694512,45.161520994437254],[6.431191,45.170644],[6.422145,45.1619]],[[6.403705,45.094776],[6.40373645371999,45.09450092163352],[6.403811553436823,45.09485783686939],[6.403705,45.094776]],[[7.833299391596924,45.53446987395386],[7.833479788805824,45.53717583208735],[7.832951,45.536383],[7.833299391596924,45.53446987395386]],[[7.835866,45.541894],[7.832830018252779,45.543475136759064],[7.8354356637502836,45.541332609387766],[7.835866,45.541894]],[[7.812354024881124,45.56538265604504],[7.80757,45.569998],[7.811565,45.56575],[7.812354024881124,45.56538265604504]],[[7.809376,45.577557],[7.809375780115266,45.57755707955228],[7.80757,45.569998],[7.809376,45.577557]],[[7.784539,45.594043],[7.785818,45.589716],[7.784539,45.594044],[7.768542,45.602139],[7.784539,45.594043]],[[7.741571,45.608191],[7.741571463832236,45.60819043088069],[7.744527,45.610936],[7.744526496545465,45.610937532141534],[7.741571,45.608191]],[[7.735324,45.629259],[7.727289,45.630869],[7.718089932652495,45.6347868860083],[7.718319,45.634612],[7.727289,45.630868],[7.735324,45.629258],[7.737352,45.618751],[7.735324,45.629259]],[[7.6921877030953905,45.65638420714135],[7.6799667875249025,45.66267772815258],[7.680055,45.662307],[7.6921877030953905,45.65638420714135]],[[7.674751383036754,45.67059874551337],[7.674751,45.670597],[7.678708,45.667968],[7.678709059679332,45.667963546514706],[7.678708,45.66797],[7.674751383036754,45.67059874551337]],[[7.672885,45.684991],[7.668460241318246,45.68865180034664],[7.66846,45.688651],[7.672885,45.68499],[7.675574765028917,45.67435292922765],[7.675575,45.674354],[7.672885,45.684991]],[[7.670507,45.695442],[7.665229,45.698714],[7.670506492045439,45.69544031508966],[7.670507,45.695442]],[[7.666466,45.700969],[7.666962103735628,45.70108179253139],[7.666465,45.700969],[7.665229,45.698714],[7.666466,45.700969]],[[7.671683,45.708591],[7.667402272459232,45.71327970157408],[7.667402,45.713279],[7.671683,45.70859],[7.6731755171019875,45.70383453861075],[7.673176,45.703835],[7.671683,45.708591]],[[7.669823,45.719514],[7.665458,45.722036],[7.669822682839314,45.719513183321055],[7.669823,45.719514]],[[7.635463,45.742946],[7.629939,45.745666],[7.622123,45.741646],[7.615123666658378,45.74070599999889],[7.622123,45.741644],[7.629939,45.745664],[7.635463,45.742945],[7.6392495,45.742653],[7.635463,45.742946]],[[7.571371,45.745137],[7.587119,45.745074],[7.571371,45.745139],[7.565605666659839,45.74284699999728],[7.571371,45.745137]],[[7.540127,45.743778],[7.533788,45.743494],[7.52737,45.740142],[7.52457,45.740449],[7.522191,45.737794],[7.515051000008455,45.741976666661714],[7.522191,45.737792],[7.52457,45.740448],[7.52737,45.740141],[7.533788,45.743493],[7.540127,45.743778]],[[7.474713,45.740064],[7.484427,45.739242],[7.474713,45.740065],[7.466004,45.735266],[7.474713,45.740064]],[[7.40596,45.739598],[7.434334,45.737447],[7.40596,45.739599],[7.400656,45.739326999999996],[7.40596,45.739598]],[[7.356227,45.736961],[7.366176,45.733775],[7.356227,45.736963],[7.347663666656525,45.736932999999965],[7.356227,45.736961]],[[7.340638,45.730951],[7.342517413224719,45.73503858678029],[7.340637,45.730951],[7.339408509062317,45.730367490943145],[7.340638,45.730951]],[[7.299224,45.726546],[7.2946655,45.727418],[7.299224,45.726545],[7.308536,45.727036],[7.320986,45.729639],[7.308536,45.727039],[7.299224,45.726546]],[[7.26423,45.71857],[7.262187,45.7151],[7.257753,45.711968],[7.247599,45.710219],[7.257754,45.711966],[7.262187,45.715099],[7.26423,45.718569],[7.268057,45.719368],[7.26423,45.71857]],[[7.209573,45.703595],[7.200725,45.7027625],[7.209573,45.703593],[7.213703,45.70543],[7.22155,45.702346],[7.213703,45.705431],[7.209573,45.703595]],[[7.163432,45.705942],[7.170173,45.705441],[7.163432,45.705943],[7.162502650808343,45.70506034919401],[7.163432,45.705942]],[[7.16161168209512,45.70422169670492],[7.156079336207211,45.70344788765084],[7.15631,45.703391],[7.16161168209512,45.70422169670492]],[[7.127389553657928,45.70774901329367],[7.125640234959463,45.7080351198134],[7.126154,45.70775],[7.127389553657928,45.70774901329367]],[[7.10029,45.721968],[7.104384,45.718231],[7.10029,45.721969],[7.094452,45.723727],[7.10029,45.721968]],[[7.038927766342852,45.75346076066979],[7.03905,45.753389],[7.047794,45.751107],[7.050245,45.74818],[7.047794,45.751108],[7.038927766342852,45.75346076066979]],[[7.03224,45.757387],[7.032310413491804,45.75734566180026],[7.03224,45.757388],[7.024605,45.759372],[7.03224,45.757387]],[[6.990622488511468,45.76351876767381],[6.986736586000286,45.76472235963282],[6.989746,45.763544],[6.990622488511468,45.76351876767381]],[[6.975725,45.772409],[6.981545,45.769681],[6.985458,45.765223],[6.985809220981998,45.7650854766724],[6.981545,45.769682],[6.975725,45.772409]],[[6.97284,45.777768],[6.968504114944613,45.779633623171556],[6.975306,45.775519],[6.97284,45.777768]],[[6.967635289007829,45.78015919678864],[6.966829623590633,45.80191216305289],[6.967548,45.780212],[6.967635289007829,45.78015919678864]],[[6.965839314164619,45.80316674333911],[6.961389849563711,45.80873143364333],[6.961387,45.808726],[6.965839314164619,45.80316674333911]],[[6.966904,45.819246],[6.966660003068652,45.81878073849596],[6.966904,45.819245],[6.966918919907596,45.81926036955835],[6.966904,45.819246]],[[6.971651968173405,45.82381883031213],[6.974285784752782,45.82496727392133],[6.971838,45.823998],[6.971651968173405,45.82381883031213]],[[7.012227,45.842258],[6.999102,45.834794],[7.012227,45.842257],[7.015944,45.845999],[7.012227,45.842258]],[[7.016277,45.848262],[7.025370500032306,45.85387950001996],[7.016277,45.848263],[7.015944,45.845999],[7.016277,45.848262]],[[7.059491,45.878897],[7.053030499977048,45.873842999982045],[7.059491,45.878896],[7.064246,45.885711],[7.059491,45.878897]],[[7.06852,45.89911],[7.081654,45.912105],[7.06852,45.899111],[7.064246,45.885711],[7.06852,45.89911]],[[7.098043,45.931688],[7.096485,45.942387],[7.09804286915664,45.93168789860329],[7.098043,45.931688]],[[7.124750345603229,46.005501379454664],[7.129089,46.010265],[7.12475,46.005502],[7.124750345603229,46.005501379454664]],[[7.130241162316209,46.01701895403481],[7.132329,46.0185],[7.13027,46.017188],[7.130241162316209,46.01701895403481]],[[7.1355,46.018194],[7.144654,46.022577],[7.144653930843416,46.02257796688734],[7.1355,46.018195],[7.132329,46.0185],[7.1355,46.018194]],[[7.14919,46.04443],[7.148730765529133,46.04538576552658],[7.149189823617814,46.04442936747328],[7.14919,46.04443]],[[7.149044,46.054528],[7.150577652938039,46.05340825339595],[7.150578,46.053409],[7.149044322031897,46.05452876487893],[7.149044,46.054528]],[[7.148366,46.062519],[7.150557771699057,46.05812445774756],[7.150558,46.058125],[7.148366391009157,46.0625192160195],[7.148366,46.062519]],[[7.155903,46.079832],[7.159114,46.078296],[7.155903,46.079834],[7.144843000026195,46.07999533333295],[7.155903,46.079832]],[[7.058976889109707,46.08976278888396],[7.054745,46.081706],[7.053603,46.07459],[7.054746,46.081706],[7.058977,46.089762],[7.058976889109707,46.08976278888396]],[[7.058530120270783,46.09294214438235],[7.065653,46.101493],[7.05853,46.092943],[7.058530120270783,46.09294214438235]],[[7.072364,46.106369],[7.072250197819912,46.10670555282962],[7.065653,46.101493],[7.072364,46.106369]],[[6.994193,46.085475],[6.983078,46.07978],[6.975501,46.078455],[6.971301,46.07344],[6.975502,46.078454],[6.983078,46.079779],[6.994193,46.085473],[6.999576333339708,46.09459900001081],[6.994193,46.085475]],[[6.957691690445324,46.05750161915673],[6.948744,46.051346],[6.944398,46.05071],[6.936437,46.03602],[6.92696,46.026795],[6.923940000010729,46.025211000005626],[6.92696,46.026794],[6.936437,46.036017],[6.944398,46.050708],[6.948745,46.051345],[6.957691690445324,46.05750161915673]],[[6.919758,46.014613],[6.919142,46.020941],[6.919758,46.014612],[6.923903,46.009815],[6.919758,46.014613]],[[6.9218494999999995,45.9772675],[6.928709,45.981939],[6.929593,45.992147],[6.929592921989017,45.99214709916729],[6.928709,45.98194],[6.9218494999999995,45.9772675]],[[6.880092,45.939272],[6.876354500000001,45.9347195],[6.880092,45.939271],[6.884428,45.941493],[6.901839,45.955779],[6.884428,45.941495],[6.880092,45.939272]],[[6.855172,45.915139],[6.851042,45.914497],[6.843555,45.909599],[6.833746,45.90597],[6.826814,45.900645],[6.819117000027345,45.900564500000286],[6.826814,45.900644],[6.833747,45.905967],[6.843555,45.909597],[6.851042,45.914496],[6.855172,45.915139]],[[6.794052,45.892276],[6.789868,45.89396],[6.776933,45.905385],[6.774873,45.90852],[6.776933,45.905384],[6.789868,45.893958],[6.794052,45.892275],[6.8027359999999994,45.89638],[6.794052,45.892276]],[[6.75605,45.928615],[6.741339,45.935002],[6.73885,45.93539],[6.733477,45.933168],[6.733477081253118,45.93316703360216],[6.73885,45.935389],[6.741339,45.935001],[6.75605,45.928614],[6.766421,45.927113],[6.75605,45.928615]],[[6.733871927566314,45.92846986150242],[6.729494,45.920099],[6.72623,45.917049],[6.72251,45.914222],[6.710378,45.910332],[6.722511,45.914221],[6.72623,45.917048],[6.729495,45.920098],[6.733872,45.928469],[6.733871927566314,45.92846986150242]],[[6.667205,45.921699],[6.690444,45.915618],[6.667204,45.9217],[6.662087,45.915949],[6.667205,45.921699]],[[6.65795673387921,45.9129627054594],[6.653326,45.909614],[6.651634,45.90377],[6.653326,45.909613],[6.65795660139619,45.9129621382671],[6.662087,45.915949],[6.65795673387921,45.9129627054594]],[[6.645302,45.88555],[6.65044,45.892881],[6.645301,45.88555],[6.630254,45.871323],[6.621468,45.858991],[6.610773,45.854001],[6.607141,45.853967],[6.605982,45.850062],[6.607141,45.853966],[6.610773,45.854],[6.621468,45.858988],[6.630254,45.871322],[6.645302,45.88555]],[[6.555838,45.831775],[6.550615499999999,45.8287945],[6.555838,45.831774],[6.573398,45.835241],[6.5822569951493595,45.83970801449372],[6.573397,45.835243],[6.555838,45.831775]],[[6.522148,45.819492],[6.524674,45.818904],[6.528528,45.82153],[6.532606,45.821433],[6.528527,45.821531],[6.524674,45.818906],[6.522148,45.819494],[6.519629,45.81762],[6.515721,45.818189],[6.514929,45.815975],[6.50887,45.813499],[6.505633,45.806503],[6.50887,45.813498],[6.51493,45.815973],[6.515722,45.818187],[6.519629,45.817617],[6.522148,45.819492]],[[6.485141,45.78492],[6.487567457117667,45.793600542886644],[6.48514,45.78492],[6.486402,45.776198],[6.485141,45.78492]],[[6.481243,45.770105],[6.4812434440914455,45.770104254421774],[6.484535,45.77199],[6.481243,45.770105]],[[6.481296,45.765014],[6.482498,45.767998],[6.481296,45.765015],[6.477147,45.763638],[6.470673,45.756817],[6.465399,45.754405],[6.457353,45.754193],[6.440121,45.750627],[6.457353,45.754192],[6.465399,45.754402],[6.470673,45.756814],[6.477147,45.763637],[6.481296,45.765014]],[[6.424621,45.739481],[6.419887,45.730366],[6.409547,45.717842],[6.406537,45.711237],[6.409547,45.717841],[6.419887,45.730365],[6.424621,45.73948],[6.432625,45.744762],[6.424621,45.739481]],[[6.385434060459279,45.65806878163698],[6.374977732887331,45.65588793958699],[6.384636,45.657501],[6.385434060459279,45.65806878163698]],[[6.326968,45.628958],[6.330437,45.633064],[6.326968,45.628959],[6.287897,45.609813],[6.326968,45.628958]],[[8.602388,46.888647],[8.601038,46.889088],[8.601020467537102,46.889089629523234],[8.602388,46.888647]],[[8.532614,46.910397],[8.530414774704644,46.90925811547205],[8.549021,46.912763],[8.532614,46.910397]],[[8.527798,46.907903],[8.521418,46.900939],[8.52960235804208,46.90883739970036],[8.527798,46.907903]],[[8.884107463535452,46.1575943129836],[8.866377874701783,46.15617895695555],[8.879543,46.15672],[8.884107463535452,46.1575943129836]],[[8.917604,46.1658],[8.888666786402013,46.158467641283345],[8.898473,46.160346],[8.917604,46.1658]],[[8.977497,46.175226],[8.972178004831685,46.174388893018275],[8.982862764673971,46.17526381348431],[8.977497,46.175226]],[[8.787585,46.86351],[8.802011249150768,46.86421039922782],[8.794188,46.864533],[8.787585,46.86351]],[[8.806922830589581,46.86444885815164],[8.808038,46.864503],[8.808716542401308,46.86479235215904],[8.806922830589581,46.86444885815164]],[[8.825100168098317,46.868351694416276],[8.825912,46.868488],[8.826593,46.871915],[8.825100168098317,46.868351694416276]],[[8.926694222528003,47.02148907163813],[8.927536,47.021118],[8.931941,47.020805],[8.926694222528003,47.02148907163813]],[[8.95304,47.021004],[8.955881,47.019387],[8.965438,47.018987],[8.966115,47.020864],[8.968132,47.021468],[8.973679,47.020859],[8.977636,47.022537],[8.985044,47.022826],[8.98996,47.02722],[8.995362,47.026907],[9.001903,47.031548],[9.005298,47.032164],[9.00671458645551,47.034094527065264],[9.004693,47.035846],[9.000376,47.036779],[8.994326,47.03588],[8.989298,47.032479],[8.969943,47.025962],[8.961689,47.025616],[8.949516,47.026949],[8.948767,47.025483],[8.946261,47.026068],[8.948734,47.025347],[8.947344,47.023664],[8.9492,47.022464],[8.939382,47.023204],[8.949551,47.022116],[8.950826,47.020566],[8.95304,47.021004]],[[9.029683872513163,47.04895240688623],[9.035207,47.046262],[9.03005,47.049217],[9.029683872513163,47.04895240688623]],[[9.070787366172047,47.09587424200534],[9.06617347780252,47.0900194522031],[9.061012,47.083468],[9.06648286358384,47.0899948333124],[9.069627,47.093745],[9.070787366172047,47.09587424200534]],[[9.07113103978305,47.09650487421981],[9.07176,47.097659],[9.072582,47.10506],[9.07113103978305,47.09650487421981]],[[9.133652,47.126353],[9.143853,47.123311],[9.155772,47.122302],[9.169604,47.118188],[9.17392,47.118465],[9.175966,47.117021],[9.183271,47.116344],[9.184161,47.115282],[9.188124,47.116343],[9.206686,47.11295],[9.21148,47.113168],[9.215681,47.115517],[9.2208,47.112366],[9.225323,47.111581],[9.24144615118913,47.1123239586468],[9.245252,47.112499],[9.250458,47.11407],[9.250488,47.113326],[9.256326,47.116551],[9.259803,47.116304],[9.260668,47.115234],[9.266258,47.11607],[9.2713,47.114283],[9.273583,47.114753],[9.277447,47.113057],[9.280944,47.113054],[9.287125,47.113907],[9.289643,47.115621],[9.297572,47.115513],[9.299731,47.117508],[9.299262,47.119752],[9.340635,47.101044],[9.299703,47.119806],[9.302595,47.124436],[9.302234,47.127225],[9.299688,47.128838],[9.260262,47.129011],[9.250182,47.13045],[9.246858,47.129303],[9.212776,47.128777],[9.191275,47.132278],[9.158458,47.13371],[9.153192,47.135573],[9.145822,47.134364],[9.141963,47.137378],[9.114445,47.139532],[9.10587,47.133314],[9.100603,47.13534],[9.098323,47.133544],[9.10697,47.128184],[9.113409,47.128334],[9.119649,47.126632],[9.103893,47.121381],[9.121047,47.12705],[9.12142,47.125754],[9.133652,47.126353]],[[9.458144399305931,47.04394211724999],[9.459306,47.044409],[9.462536,47.048185],[9.458144399305931,47.04394211724999]],[[9.32883012989965,46.804183987057556],[9.3252,46.804495],[9.328421,46.803878],[9.32883012989965,46.804183987057556]],[[9.13177209653312,46.7740254757957],[9.130188,46.774246],[9.138289,46.773118],[9.13177209653312,46.7740254757957]],[[8.704008,46.653812],[8.692956015645903,46.648478574471284],[8.694344,46.6486],[8.704008,46.653812]],[[8.690450185896982,46.64825935607647],[8.685414276293592,46.64829511401449],[8.686834,46.647943],[8.690450185896982,46.64825935607647]],[[8.683479128657472,46.64877506134487],[8.66911,46.661217],[8.682298,46.649068],[8.683479128657472,46.64877506134487]],[[8.661882,46.660933],[8.655258,46.659454],[8.66911,46.661217],[8.661882,46.660933]]],[[[9.0793168,45.8132932],[9.078957,45.813137],[9.078426,45.8132013],[9.078725,45.81323],[9.078965,45.813256],[9.0793168,45.8132932]]],[[[9.078007,45.813161],[9.077572,45.813174],[9.076493,45.813721],[9.0766655,45.8137958],[9.076877,45.813554],[9.077569,45.813305],[9.078426,45.8132013],[9.078007,45.813161]]],[[[9.079763,45.813328],[9.079495,45.813312],[9.0793168,45.8132932],[9.079973,45.813578],[9.080882,45.813615],[9.081521,45.814215],[9.08209,45.814483],[9.0829952,45.8151224],[9.082993,45.815118],[9.080516,45.813341],[9.079763,45.813328]]],[[[9.076024,45.814278],[9.0757642,45.8147549],[9.075873,45.814709],[9.076276,45.814241],[9.076639,45.8138261],[9.076467,45.813752],[9.076024,45.814278]]],[[[9.080198,45.815362],[9.080311,45.815406],[9.07868,45.814669],[9.0766655,45.8137958],[9.076639,45.8138261],[9.08017,45.815347],[9.080198,45.815362]]],[[[9.074587,45.815254],[9.075646,45.814972],[9.0757642,45.8147549],[9.07471,45.8152],[9.0742108,45.8152576],[9.074357,45.815255],[9.074587,45.815254]]],[[[9.067306,45.816018],[9.067471,45.816237],[9.0674611,45.8163252],[9.067753,45.815745],[9.069604,45.814493],[9.072459,45.815157],[9.073808,45.815304],[9.0742108,45.8152576],[9.074128,45.815259],[9.069834,45.814317],[9.067306,45.816018]]],[[[9.154962,45.798687],[9.140354,45.797491],[9.133967,45.800426],[9.114535,45.80185],[9.099283,45.805981],[9.0908,45.814788],[9.085619,45.817323],[9.082723,45.817352],[9.083197,45.815265],[9.0829952,45.8151224],[9.083026,45.815185],[9.082979,45.815382],[9.082636,45.816198],[9.082128,45.815118],[9.082626,45.817396],[9.076559,45.823361],[9.091008,45.829402],[9.095266,45.834344],[9.099057,45.836222],[9.103043,45.840556],[9.10509966596039,45.8461260889665],[9.105439,45.847045],[9.113575,45.854425],[9.112677,45.858456],[9.119134,45.859392],[9.136052,45.857468],[9.139952,45.857925],[9.14851,45.863106],[9.149545,45.865368],[9.152561,45.865901],[9.155872,45.869649],[9.155089,45.87632],[9.156551,45.880672],[9.152247,45.900332],[9.154055,45.905541],[9.152712,45.908981],[9.154449,45.911309],[9.149588,45.929208],[9.152094,45.935096],[9.16062,45.939124],[9.169151,45.940888],[9.183152,45.946009],[9.201031,45.946723],[9.205919,45.949934],[9.210703,45.950581],[9.22074,45.957988],[9.222286,45.961604],[9.22665,45.962058],[9.234717,45.970421],[9.241447,45.972669],[9.246811,45.977123],[9.251858,45.977504],[9.253933,45.981046],[9.260361,45.985721],[9.260558,45.989235],[9.265548,45.991308],[9.267283,45.986708],[9.26621,45.983867],[9.263572,45.982698],[9.266232,45.974947],[9.269885,45.970452],[9.266264,45.961667],[9.275844,45.95412],[9.27921,45.943998],[9.28228,45.940717],[9.285707,45.925507],[9.293385,45.914929],[9.294673,45.910011],[9.296919,45.908962],[9.301632,45.90264],[9.310754,45.898391],[9.315272,45.891511],[9.324349,45.885176],[9.332019,45.884636],[9.346466,45.879964],[9.356818,45.874813],[9.365572,45.864701],[9.366232,45.85836],[9.366449,45.859099],[9.371736,45.85813],[9.374797,45.856105],[9.375408,45.852703],[9.380426,45.850288],[9.386992,45.84827],[9.387704,45.849642],[9.394605,45.847646],[9.398778,45.843277],[9.401117,45.839084],[9.397964,45.838472],[9.398201,45.836926],[9.394529,45.8353],[9.396917,45.828825],[9.3959167600636,45.8224534697502],[9.395607,45.82048],[9.403639,45.81351],[9.402128,45.808404],[9.404619,45.806993],[9.406762,45.79788],[9.413573,45.789237],[9.414289,45.770866],[9.42299,45.755872],[9.425052,45.74895],[9.422383,45.741875],[9.411766,45.739258],[9.405563,45.738726],[9.396799,45.740714],[9.391813,45.739126],[9.387631,45.741999],[9.383837,45.741598],[9.373621,45.747593],[9.366506,45.745888],[9.362868,45.746719],[9.351832,45.754232],[9.350653,45.758539],[9.354346,45.76897],[9.367896,45.793795],[9.374085,45.801671],[9.378554,45.813211],[9.369694,45.817096],[9.35699634174629,45.8256655422648],[9.355601,45.826607],[9.352214,45.826868],[9.35045229332161,45.8262042836249],[9.346574,45.824743],[9.329579,45.824925],[9.304759,45.816375],[9.287722,45.813961],[9.272144,45.816847],[9.267085,45.819969],[9.26798,45.822677],[9.265986,45.827381],[9.273395,45.83233],[9.2734786039369,45.8325123560374],[9.274527,45.834799],[9.273141,45.835829],[9.26904798169611,45.8328738336021],[9.26366,45.828983],[9.256113,45.82117],[9.24841,45.822555],[9.249088,45.826215],[9.255531,45.832938],[9.25597756708547,45.8339391738652],[9.258365,45.839291],[9.268252,45.845395],[9.272925,45.845994],[9.282397,45.85077],[9.277578,45.855205],[9.271886,45.854692],[9.269001,45.855905],[9.261588,45.849329],[9.245107,45.841337],[9.245021,45.839043],[9.23621,45.83594],[9.2345865901043,45.8356794016213],[9.224502,45.83406],[9.222285,45.828934],[9.223399,45.824991],[9.220908,45.821324],[9.216283,45.818969],[9.21039,45.813425],[9.190587,45.804779],[9.178657,45.796998],[9.168721,45.79678],[9.154962,45.798687]]],[[[8.6060329,46.893137],[8.606018,46.893092],[8.6060483,46.8930531],[8.606017,46.893048],[8.605941,46.893112],[8.6060329,46.893137]]],[[[8.6067163,46.8941879],[8.606677,46.894185],[8.60653,46.894284],[8.6065339,46.8942872],[8.6067163,46.8941879]]],[[[8.6065339,46.8942872],[8.606525,46.894292],[8.6065542,46.8943037],[8.6065339,46.8942872]]]]}},{"type":"Feature","properties":{"id":"eastern-alps","parentId":"alps","level":"major-part","name":"Eastern Alps","names":{"en":"Eastern Alps","de":"Ostalpen","fr":"Alpes orientales","it":"Alpi Orientali"},"bounds":[9.281532,45.439632,16.589923,48.352539],"geometryRef":"regions.geojson#eastern-alps","provenance":{"source":"https://www.homoalpinus.com/alpes/subdivisions/soiusa/","kind":"derived-parent-mapping","names":{"version":"soiusa-area-names-v1","source":"https://www.homoalpinus.com/alpes/subdivisions/soiusa/tab_de/index.html","method":"SOIUSA multilingual nomenclature"}}},"geometry":{"type":"Polygon","coordinates":[[[10.823282,45.592354],[10.828086,45.599362],[10.828076,45.604983],[10.831314,45.610861],[10.828865,45.612447],[10.816571,45.613668],[10.812255,45.611505],[10.781337,45.608311],[10.760748,45.600673],[10.74399,45.598491],[10.73547,45.594556],[10.727331,45.58605],[10.718095,45.581054],[10.704911,45.576889],[10.700193,45.577646],[10.697298,45.576798],[10.689413,45.578685],[10.684201,45.577125],[10.677884,45.572836],[10.671725,45.572649],[10.67159,45.575174],[10.6736,45.574872],[10.672298,45.578077],[10.674813,45.587088],[10.684975,45.599489],[10.685876,45.604881],[10.684376,45.608725],[10.687663,45.613853],[10.691592,45.614086],[10.703772,45.636402],[10.707876,45.64124],[10.720346,45.650813],[10.728071,45.663279],[10.740964,45.678689],[10.748073,45.684823],[10.7610403556892,45.7011722612062],[10.765283,45.706519],[10.77019,45.714734],[10.780798,45.723156],[10.781517,45.729996],[10.786698,45.73178],[10.795226,45.739385],[10.799856,45.746426],[10.797855,45.748788],[10.795174,45.747832],[10.795125,45.751664],[10.799425,45.75466],[10.803606,45.754961],[10.806764,45.757511],[10.807636,45.766403],[10.810757,45.767746],[10.813272,45.774877],[10.821813,45.789071],[10.832857,45.793393],[10.837467,45.798455],[10.837921,45.801094],[10.846163,45.806079],[10.847668,45.808682],[10.851579,45.809957],[10.85677,45.821752],[10.856555,45.827593],[10.860015,45.833927],[10.858318,45.835264],[10.858754,45.836878],[10.863325,45.8444],[10.8623,45.84566],[10.863625,45.848017],[10.861986,45.849029],[10.875723,45.860997],[10.876123,45.862835],[10.874745,45.865022],[10.876643,45.868269],[10.86672,45.872318],[10.865107,45.873644],[10.867471,45.874774],[10.864822,45.876745],[10.856942,45.876763],[10.849177,45.881132],[10.845189,45.881209],[10.845746,45.882728],[10.84284,45.882801],[10.842964,45.884801],[10.841111,45.883712],[10.839001,45.88462],[10.838032,45.879722],[10.83936,45.87766],[10.832685,45.861108],[10.834413,45.854635],[10.830146,45.845728],[10.826302,45.841613],[10.825546,45.833388],[10.822326,45.828234],[10.812397,45.823736],[10.8,45.82018],[10.793021,45.816266],[10.793795,45.80915],[10.788251,45.804712],[10.786669,45.800735],[10.783643,45.799912],[10.782482,45.795088],[10.777175,45.787613],[10.777138,45.781712],[10.770022,45.7772],[10.766223,45.771381],[10.749939,45.757784],[10.752202,45.754203],[10.747478,45.750563],[10.735163,45.735789],[10.720355,45.727973],[10.717761,45.727646],[10.716595,45.72602],[10.71364,45.725547],[10.697643,45.709779],[10.6931743629202,45.7075986539551],[10.687794,45.704973],[10.673947,45.694751],[10.669771,45.693334],[10.666864,45.68875],[10.660548,45.686607],[10.658091,45.682595],[10.654999,45.680619],[10.652466,45.674196],[10.653838,45.670717],[10.650742,45.667648],[10.644539,45.662107],[10.619448,45.646673],[10.619301,45.645402],[10.618678,45.64611],[10.62063,45.64254],[10.620477,45.638404],[10.618154,45.636882],[10.616228,45.63199],[10.606785,45.6306],[10.600842,45.632606],[10.599251,45.635428],[10.597241,45.635485],[10.588084,45.630489],[10.587876,45.626126],[10.57536,45.624955],[10.565191,45.619182],[10.557878,45.617034],[10.556736,45.613993],[10.552919,45.612753],[10.545313,45.612967],[10.53784,45.610111],[10.532508,45.606246],[10.489067,45.609185],[10.481158,45.610788],[10.46694,45.608097],[10.463686,45.605494],[10.444667,45.601951],[10.440474,45.59851],[10.440561,45.592907],[10.431411,45.588367],[10.437699,45.582547],[10.435541,45.579747],[10.432805,45.57969],[10.429026,45.57569],[10.424139,45.573048],[10.427168,45.569988],[10.435024,45.570704],[10.435749,45.567267],[10.424353,45.561496],[10.419341,45.559577],[10.416205,45.560246],[10.407879,45.556174],[10.401922,45.554719],[10.399545,45.556805],[10.395125,45.557079],[10.386406,45.553255],[10.379177,45.543812],[10.374531,45.542794],[10.357675,45.547182],[10.352341,45.545793],[10.340167,45.546089],[10.325818,45.543314],[10.321756,45.543744],[10.319337,45.546279],[10.309283,45.548162],[10.304547,45.545097],[10.298917,45.537653],[10.289679,45.530222],[10.285395,45.523766],[10.275889,45.521496],[10.276199,45.526809],[10.268757,45.524476],[10.265903,45.528022],[10.261178,45.530726],[10.260586,45.534146],[10.248785,45.535861],[10.2456210301933,45.5377449785757],[10.239643,45.541304],[10.23728,45.543989],[10.237094,45.547129],[10.249441,45.559643],[10.2540087241453,45.5609334209317],[10.269135,45.565205],[10.270821,45.567474],[10.278862,45.571206],[10.28034,45.573996],[10.285993,45.577915],[10.293088,45.578802],[10.2962,45.581841],[10.294157,45.589434],[10.285916,45.591252],[10.274999,45.586839],[10.272123,45.584499],[10.267135,45.584181],[10.263305083736,45.5866108805701],[10.256001,45.591244],[10.23703,45.595785],[10.229697,45.598823],[10.228288,45.602044],[10.229836,45.605229],[10.214535,45.608673],[10.196529,45.617431],[10.193675,45.61602],[10.194727,45.61479],[10.19275,45.606503],[10.193574,45.604602],[10.195987,45.603141],[10.205621,45.602034],[10.216043,45.599012],[10.218476,45.596375],[10.213823,45.593774],[10.216225,45.592863],[10.217363,45.590708],[10.215024,45.58936],[10.209367,45.589149],[10.207267,45.58325],[10.205696,45.582712],[10.194297,45.582878],[10.187349,45.58181],[10.180099,45.587171],[10.166572,45.584394],[10.164965,45.58501],[10.165477,45.58597],[10.171131,45.591115],[10.168759,45.592352],[10.159913,45.592279],[10.160821,45.594579],[10.165017,45.596709],[10.162668,45.599006],[10.157542,45.599663],[10.145698,45.597067],[10.133164,45.598266],[10.129493,45.597547],[10.122841,45.599129],[10.112155,45.597461],[10.110019,45.599215],[10.111895,45.603649],[10.119116,45.608782],[10.116958,45.614089],[10.12289,45.6193],[10.127251,45.626845],[10.128029,45.631109],[10.124857,45.633047],[10.123525,45.632632],[10.12244,45.627325],[10.12006,45.628079],[10.115687,45.632709],[10.114811,45.627874],[10.109078,45.6266],[10.105935,45.623499],[10.103092,45.624967],[10.101641,45.63219],[10.102003,45.636166],[10.104105,45.638187],[10.10018,45.640692],[10.096789,45.641352],[10.090549,45.636736],[10.083593,45.635244],[10.081155,45.633426],[10.072901,45.635471],[10.062797,45.632599],[10.056576,45.633144],[10.049568,45.635471],[10.034805,45.643207],[10.035185,45.64497],[10.051102,45.651161],[10.055388,45.654184],[10.057045,45.661353],[10.053755,45.663804],[10.065471,45.666196],[10.06882,45.668154],[10.068253,45.669374],[10.075305,45.670784],[10.075168,45.677823],[10.077336,45.680422],[10.083506,45.681152],[10.085126,45.678405],[10.089641,45.679931],[10.097739,45.686304],[10.099062,45.690842],[10.103184,45.692796],[10.1032,45.694947],[10.107947,45.700526],[10.107077,45.705114],[10.109508,45.708291],[10.109574,45.720154],[10.104117,45.725431],[10.096928,45.727421],[10.090607,45.733254],[10.09029,45.740475],[10.091475,45.741519],[10.088038,45.748186],[10.075385,45.758773],[10.0718209229308,45.7645021874161],[10.067713,45.771104],[10.072277,45.777722],[10.073375,45.784885],[10.079153,45.783684],[10.084125,45.78545],[10.092274,45.79053],[10.100541,45.793798],[10.103249,45.797892],[10.105323,45.798494],[10.105656,45.8054],[10.104392,45.804667],[10.103056,45.806544],[10.098805,45.80703],[10.096142386051351,45.81018154305901],[10.096142,45.81018],[10.092416,45.81255],[10.089842,45.819077],[10.08822,45.819314],[10.085612,45.823616],[10.080298,45.821192],[10.07926,45.81851],[10.072225,45.813471],[10.070656,45.809594],[10.069018,45.809914],[10.070911,45.80725],[10.075107,45.806471],[10.075313,45.804959],[10.06861,45.802094],[10.057269,45.801209],[10.058756,45.794482],[10.055996,45.792417],[10.052932,45.785731],[10.055144,45.782995],[10.051895,45.782046],[10.04897,45.782762],[10.050963,45.780031],[10.039973,45.774058],[10.035211,45.76886],[10.0355442718872,45.767716839647],[10.040323,45.75132],[10.049787,45.742632],[10.053214,45.733161],[10.049724,45.727482],[10.046644,45.712049],[10.048662,45.710826],[10.046877,45.708525],[10.047941,45.70587],[10.054819,45.695721],[10.056385,45.689312],[10.054576,45.686871],[10.0392,45.682488],[10.025433,45.681759],[10.018479,45.678796],[10.0151,45.680398],[9.988014,45.67645],[9.986247,45.67536],[9.981242,45.675803],[9.971825,45.672539],[9.964088,45.666588],[9.960365,45.665535],[9.959139,45.663985],[9.956573,45.665443],[9.954135,45.670948],[9.951694,45.672011],[9.943015,45.674271],[9.926762,45.673586],[9.921122,45.671347],[9.917957,45.668225],[9.909531,45.665976],[9.903882,45.664813],[9.890888,45.666613],[9.888391,45.665745],[9.884592,45.660637],[9.873134,45.660418],[9.855272,45.654337],[9.847041,45.655193],[9.841412,45.658391],[9.842674,45.672841],[9.844495,45.674467],[9.849435,45.674888],[9.85545,45.67803],[9.862792,45.678639],[9.866376,45.681947],[9.862964,45.686216],[9.852175,45.693593],[9.844175,45.696839],[9.837337,45.69604],[9.824735,45.700307],[9.812835,45.700673],[9.803613,45.704706],[9.78751,45.709266],[9.776931,45.70964],[9.769263,45.707871],[9.763574,45.708107],[9.754226,45.70888],[9.748912,45.712727],[9.743925,45.713257],[9.738402,45.711775],[9.736319,45.716175],[9.739139,45.722985],[9.74131,45.737095],[9.736432,45.738],[9.72766,45.735617],[9.718633,45.741164],[9.701747,45.722985],[9.700541,45.719779],[9.690663,45.714731],[9.683674,45.713815],[9.680201,45.714531],[9.657435,45.722153],[9.653377,45.724044],[9.649886,45.728262],[9.632655,45.729675],[9.621895,45.732606],[9.621371,45.736098],[9.626759,45.740037],[9.623103,45.743614],[9.628263,45.748311],[9.628338,45.75199],[9.626301,45.752913],[9.614649,45.75124],[9.597847,45.753648],[9.592327,45.752202],[9.58388,45.747764],[9.576588,45.738756],[9.567146,45.736554],[9.567062,45.732955],[9.563944,45.730229],[9.55207794676689,45.7272686954208],[9.545464,45.725618],[9.544111,45.724358],[9.54744928247455,45.7135165497464],[9.548437,45.710308],[9.54617888815109,45.7097408859532],[9.539348,45.708025],[9.533666,45.709688],[9.511774,45.710361],[9.502493,45.70765],[9.495062,45.710961],[9.487458,45.709364],[9.473416,45.713155],[9.46628,45.718583],[9.460458,45.720974],[9.458332,45.723303],[9.456035,45.731769],[9.46368,45.735982],[9.47574,45.737976],[9.480862,45.74137],[9.481038,45.764046],[9.478177,45.769506],[9.475522,45.771892],[9.452582,45.782436],[9.441449,45.796523],[9.42629,45.804698],[9.420593,45.814527],[9.41524092569435,45.8208536139605],[9.40572,45.832104],[9.403747,45.838259],[9.400067,45.83979],[9.395427,45.847172],[9.387307,45.850041],[9.386506,45.852587],[9.388973,45.855032],[9.384,45.856932],[9.385087,45.858771],[9.38315,45.860396],[9.381803,45.865892],[9.378367,45.868099],[9.376571,45.875229],[9.360815,45.884675],[9.357769,45.889878],[9.352298,45.893346],[9.344988,45.895918],[9.333472,45.893777],[9.330423,45.897555],[9.331523,45.8995],[9.330413,45.903892],[9.325908,45.910691],[9.323973,45.911855],[9.319417,45.91145],[9.312988,45.9131],[9.310226,45.924791],[9.312348,45.929379],[9.310823,45.931403],[9.312793,45.935717],[9.31253,45.940238],[9.308651,45.944545],[9.301017,45.949492],[9.301783,45.964652],[9.300592,45.965896],[9.303316,45.967082],[9.295825,45.976831],[9.297113,45.98057],[9.292234,45.986506],[9.291301,46.00463],[9.286862,46.008663],[9.281532,46.010102],[9.283699,46.013179],[9.282516,46.015001],[9.287105,46.016987],[9.286651,46.022176],[9.283817,46.026224],[9.295853,46.033011],[9.302004,46.038087],[9.297877,46.042476],[9.305196,46.045737],[9.305147,46.047679],[9.310427,46.051325],[9.312816,46.05529],[9.312561,46.060642],[9.309519,46.067667],[9.30538,46.068129],[9.307072,46.068043],[9.306914,46.068972],[9.299554,46.071001],[9.297616,46.072949],[9.298389,46.076749],[9.310217,46.081376],[9.310014,46.090216],[9.315264,46.095053],[9.316599,46.100519],[9.319985,46.104051],[9.318608,46.109354],[9.311266,46.113809],[9.311545,46.117737],[9.314009,46.119954],[9.321785,46.121143],[9.334649,46.125649],[9.335739,46.124118],[9.334654,46.122496],[9.32341,46.115556],[9.327263,46.114258],[9.337629,46.117237],[9.345535,46.116615],[9.346407,46.123984],[9.341551,46.127809],[9.338901,46.12818],[9.339351,46.129669],[9.35073,46.135989],[9.35628,46.137019],[9.362845,46.135961],[9.370818,46.137375],[9.372798,46.142165],[9.377851,46.144783],[9.374945,46.151577],[9.38093,46.158881],[9.38035,46.162612],[9.377255,46.165891],[9.378055,46.167881],[9.382826,46.169697],[9.394089,46.169569],[9.41119,46.175868],[9.418745,46.187402],[9.424315,46.191967],[9.426384,46.198425],[9.424612,46.199705],[9.429726,46.202604],[9.438043,46.2114],[9.444125,46.211342],[9.444978,46.212294],[9.441697,46.214872],[9.42876,46.219196],[9.418947,46.225107],[9.417087,46.232604],[9.407761,46.239898],[9.386828,46.266884],[9.374942,46.276696],[9.378678,46.289778],[9.37765,46.293548],[9.390946,46.30742],[9.391148,46.310661],[9.386958,46.315238],[9.383509,46.322759],[9.374474,46.326385],[9.372293,46.332414],[9.368479,46.336679],[9.368502,46.342202],[9.37006,46.343862],[9.36495,46.351142],[9.36249,46.359662],[9.362909,46.365804],[9.35826,46.36916],[9.357598,46.37505],[9.35369,46.379227],[9.354362,46.38182],[9.349265,46.40203],[9.345009,46.412499],[9.341395,46.415993],[9.337022,46.439818],[9.327396,46.45308],[9.326381,46.463663],[9.337378,46.465711],[9.342836,46.469171],[9.34565,46.477128],[9.33685,46.489236],[9.33065,46.493146],[9.32968,46.50837],[9.332988,46.515223],[9.329736,46.52361],[9.33065,46.524835],[9.326249,46.532127],[9.326104,46.539783],[9.328206,46.543094],[9.322974,46.547941],[9.321247,46.551945],[9.336193,46.555856],[9.342139,46.560308],[9.352542,46.563518],[9.364526,46.564423],[9.390816,46.568775],[9.396464,46.566501],[9.40312,46.5667],[9.416471,46.57102],[9.417655,46.573922],[9.416749,46.578504],[9.421663,46.583445],[9.421118,46.593467],[9.428002,46.597615],[9.426679,46.600377],[9.422627,46.602846],[9.42254,46.605042],[9.425486,46.61138],[9.429807,46.614155],[9.431726,46.620789],[9.439697,46.629008],[9.439231,46.634658],[9.442805,46.639083],[9.441545,46.642068],[9.446047,46.645063],[9.447335,46.650377],[9.45057,46.654067],[9.449411,46.660738],[9.447179,46.66382],[9.451074,46.669103],[9.450486,46.676126],[9.453862,46.677993],[9.452565,46.681158],[9.441752,46.691298],[9.447236,46.702823],[9.44935,46.71265],[9.444334,46.717658],[9.422269,46.76187],[9.420075,46.772087],[9.411776,46.786463],[9.407588,46.788509],[9.405259,46.792581],[9.405209,46.799065],[9.409707,46.801367],[9.416533,46.812026],[9.410016,46.813683],[9.407392,46.816203],[9.408825,46.820982],[9.407863,46.823521],[9.413132,46.825327],[9.416574,46.830082],[9.432626,46.833822],[9.439069,46.838789],[9.459208,46.8383],[9.471396,46.842433],[9.486879,46.845831],[9.502548,46.860587],[9.52918,46.872334],[9.53357,46.884173],[9.539531,46.892976],[9.540476,46.90079],[9.544737,46.907163],[9.554503,46.914526],[9.556026,46.918834],[9.55803,46.932158],[9.548418,46.938251],[9.542605,46.947479],[9.547597,46.960042],[9.546113,46.963818],[9.549805,46.969774],[9.548774,46.973571],[9.512387,47.006995],[9.505472,47.019646],[9.478252,47.047681],[9.47427329615218,47.056800928185],[9.47151,47.063133],[9.475549,47.067226],[9.493992,47.074677],[9.513269,47.085749],[9.518579,47.09512],[9.519599,47.101016],[9.51831,47.108039],[9.508976,47.139115],[9.499778,47.149485],[9.49156,47.16243],[9.485891,47.182216],[9.489812,47.196943],[9.499911,47.212472],[9.502209,47.221139],[9.521584,47.246594],[9.530121,47.262966],[9.530818,47.27029],[9.532539,47.272687],[9.544434,47.278787],[9.548483,47.282753],[9.552956,47.292426],[9.559229,47.300204],[9.5645,47.303411],[9.568076,47.302323],[9.567016,47.298449],[9.571281,47.289019],[9.581214,47.281323],[9.590028,47.278564],[9.591608,47.273542],[9.590967,47.268011],[9.594649,47.265262],[9.601277,47.264328],[9.616987,47.256835],[9.622394,47.256848],[9.627142,47.26082],[9.634336,47.264083],[9.644836,47.273038],[9.654112,47.278143],[9.656723,47.285086],[9.650409,47.292294],[9.648927,47.30967],[9.638217,47.310932],[9.623502,47.308534],[9.621416,47.310336],[9.62118,47.313252],[9.629082,47.319431],[9.63037,47.322532],[9.63829,47.327163],[9.643065,47.33249],[9.650092,47.337145],[9.655372,47.344662],[9.671022,47.348409],[9.682198,47.354259],[9.696059,47.370793],[9.706501,47.375156],[9.716436,47.382727],[9.727958,47.386971],[9.736365,47.38827],[9.744873,47.396334],[9.751866,47.410838],[9.751724,47.415209],[9.754345,47.418128],[9.756238,47.435982],[9.760795,47.439884],[9.763858,47.44829],[9.761485,47.45419],[9.753891,47.456609],[9.749894,47.459586],[9.751734,47.465949],[9.750894,47.471683],[9.754208,47.479193],[9.741526,47.486088],[9.741188,47.496319],[9.746926,47.505926],[9.753341,47.512],[9.754092,47.515226],[9.751222,47.524526],[9.75458,47.530398],[9.753109,47.537935],[9.747318,47.543582],[9.740706,47.546604],[9.738984,47.551896],[9.741667,47.555131],[9.74576,47.554738],[9.747017,47.55575],[9.746382,47.557522],[9.743672,47.558486],[9.746482,47.560757],[9.747884,47.565002],[9.751868,47.567746],[9.748213,47.570347],[9.753158,47.572383],[9.755934,47.572309],[9.756584,47.579796],[9.762085,47.581302],[9.76075,47.583447],[9.763654,47.586502],[9.766022,47.585628],[9.765634,47.589124],[9.769423,47.587658],[9.776703,47.594975],[9.795807,47.593698],[9.799854,47.596061],[9.802379,47.596037],[9.814111,47.588086],[9.817753,47.588855],[9.823479,47.587308],[9.82732,47.5896],[9.839456,47.591794],[9.851697,47.590441],[9.855124,47.588396],[9.857268,47.572251],[9.862102,47.568623],[9.866958,47.568269],[9.877244,47.570447],[9.908259,47.582713],[9.921827,47.580952],[9.925325,47.576523],[9.924894,47.571141],[9.929988,47.567149],[9.944172,47.56766],[9.963617,47.564533],[9.976885,47.555972],[9.985697,47.556721],[9.993497,47.559514],[10.000364,47.563411],[10.010176,47.574805],[10.022946,47.581829],[10.02876,47.579399],[10.030561,47.576392],[10.030412,47.569328],[10.037562,47.564527],[10.038262,47.560912],[10.044512,47.556247],[10.053158,47.553955],[10.073023,47.552754],[10.089373,47.55369],[10.123373,47.560292],[10.15068,47.567074],[10.161906,47.56677],[10.169806,47.567689],[10.17251,47.569313],[10.176349,47.568127],[10.183574,47.569628],[10.191071,47.568439],[10.1933926336557,47.5670193320924],[10.198583,47.563845],[10.207503,47.560644],[10.225341,47.557219],[10.237495,47.552239],[10.245052,47.553985],[10.252747,47.553441],[10.265404,47.555045],[10.281448,47.561479],[10.295658,47.568927],[10.301768,47.576166],[10.326459,47.593063],[10.334,47.593326],[10.33918,47.592536],[10.341189,47.591007],[10.3467,47.590766],[10.352049,47.592964],[10.359102,47.593655],[10.385496,47.600367],[10.410625,47.600552],[10.435898,47.6094],[10.458795,47.61523],[10.479847,47.617278],[10.493139,47.622],[10.49639,47.621969],[10.512636,47.61797],[10.525819,47.611243],[10.534609,47.605815],[10.540861,47.600093],[10.552186,47.593483],[10.55896,47.591258],[10.575319,47.589425],[10.598974,47.583147],[10.629673,47.570142],[10.632693,47.567493],[10.640867,47.567398],[10.645982,47.569219],[10.655315,47.56971],[10.671302,47.567612],[10.685385,47.568362],[10.694044,47.567524],[10.701161,47.568457],[10.708114,47.567717],[10.737877,47.570618],[10.758602,47.579105],[10.767779,47.588448],[10.7883,47.599341],[10.797231,47.606591],[10.810839,47.621169],[10.849553,47.648601],[10.875522,47.655697],[10.894313,47.657059],[10.919833,47.660845],[10.932613,47.66756],[10.963855,47.671283],[10.976589,47.675581],[10.984154,47.676358],[10.990275,47.674989],[10.991915,47.672971],[10.987247,47.669034],[10.988341,47.661179],[10.98974,47.660171],[10.996044,47.66065],[10.996801,47.659592],[10.994527,47.65612],[10.996762,47.655929],[11.001019,47.650863],[11.004845,47.649666],[11.01815,47.651234],[11.020633,47.652749],[11.025869,47.66051],[11.034283,47.660783],[11.051426,47.665392],[11.062487,47.666019],[11.079552,47.663659],[11.110306,47.657068],[11.126819,47.647902],[11.140219,47.643658],[11.152242,47.643904],[11.157903,47.642939],[11.162274,47.639417],[11.163849,47.632781],[11.15094,47.61705],[11.147599,47.604551],[11.153792,47.598426],[11.164387,47.596815],[11.174738,47.597563],[11.178021,47.596794],[11.19117,47.602623],[11.196766,47.608289],[11.195554,47.611916],[11.201085,47.616337],[11.233617,47.624436],[11.240109,47.627014],[11.246358,47.635818],[11.245529,47.638837],[11.247784,47.642099],[11.276143,47.660992],[11.288834,47.660255],[11.295195,47.661662],[11.303551,47.658662],[11.307306,47.652908],[11.319958,47.643212],[11.32198,47.638759],[11.327851,47.637722],[11.332189,47.634236],[11.338206,47.633975],[11.346122,47.637304],[11.350229,47.640567],[11.355962,47.640034],[11.362339,47.64688],[11.372676,47.651163],[11.377505,47.659942],[11.397984,47.672588],[11.404387,47.683691],[11.423698,47.699745],[11.430155,47.711706],[11.430685,47.720077],[11.435891,47.728528],[11.461214,47.744027],[11.486559,47.747828],[11.517642,47.748059],[11.52752,47.751383],[11.533713,47.75175],[11.541787,47.754295],[11.551815,47.754783],[11.564391,47.752275],[11.568067,47.749104],[11.570124,47.744494],[11.573364,47.742523],[11.592577,47.740045],[11.596506,47.741082],[11.602417,47.745711],[11.608148,47.746762],[11.635355,47.747503],[11.654424,47.745064],[11.660999,47.746605],[11.666215,47.749572],[11.669944,47.750062],[11.679809,47.748419],[11.683585,47.749333],[11.685493,47.752144],[11.691241,47.75449],[11.699944,47.75383],[11.71799,47.738843],[11.718826,47.730754],[11.721199,47.725898],[11.720319,47.723637],[11.727217,47.722291],[11.726658,47.718631],[11.729635,47.717101],[11.726379,47.713403],[11.735732,47.707555],[11.740448,47.706003],[11.738222,47.69734],[11.733078,47.695978],[11.735596,47.693194],[11.738414,47.692401],[11.737135,47.694567],[11.738114,47.695939],[11.747796,47.696638],[11.753031,47.698737],[11.758342,47.697752],[11.759916,47.695477],[11.769029,47.694977],[11.770059,47.696606],[11.7689,47.69923],[11.764129,47.700197],[11.758065,47.699779],[11.759112,47.705015],[11.75489,47.70669],[11.751204,47.710324],[11.753132,47.715379],[11.748967,47.720765],[11.747958,47.724807],[11.749826,47.72929],[11.746504,47.734634],[11.757863,47.739911],[11.78719,47.74876],[11.809142,47.7527],[11.829104,47.747266],[11.836447,47.744067],[11.842378,47.740865],[11.846343,47.731522],[11.857697,47.720096],[11.858541,47.71544],[11.862539,47.711144],[11.864664,47.710862],[11.870758,47.714016],[11.869177,47.716071],[11.868121,47.730815],[11.856378,47.74397],[11.862401,47.752318],[11.874148,47.753856],[11.890729,47.761212],[11.904863,47.764814],[11.909581,47.759942],[11.9161549676444,47.7581041283868],[11.920504,47.756888],[11.929871,47.756163],[11.939076,47.756834],[11.965857,47.763141],[11.986408,47.761823],[11.995609,47.764484],[12.007128,47.771546],[12.028802,47.773555],[12.049672,47.765047],[12.074051,47.759634],[12.092339,47.75788],[12.098242,47.753166],[12.103098,47.746101],[12.104099,47.741519],[12.112552,47.731705],[12.114415,47.725109],[12.118856,47.720556],[12.12174,47.719578],[12.132678,47.719776],[12.147405,47.709757],[12.151011,47.704747],[12.166723,47.704277],[12.168211,47.707975],[12.164663,47.713233],[12.165803,47.721438],[12.161873,47.725788],[12.163534,47.732762],[12.168971,47.73638],[12.168921,47.738207],[12.166163,47.738795],[12.164018,47.743974],[12.161132,47.743932],[12.156365,47.746879],[12.151613,47.752089],[12.151226,47.754891],[12.145927,47.755972],[12.14563,47.758404],[12.141517,47.761433],[12.156045,47.773706],[12.156893,47.780833],[12.164293,47.789447],[12.172674,47.79372],[12.188032,47.796448],[12.233082,47.795859],[12.263878,47.798334],[12.27246,47.80029],[12.293703,47.801527],[12.301727,47.800218],[12.302558,47.797171],[12.306668,47.794766],[12.334456,47.785774],[12.340297,47.788879],[12.343428,47.794027],[12.35262,47.799681],[12.356152,47.805961],[12.369485,47.806002],[12.381437,47.80401],[12.407482,47.794916],[12.419967,47.790197],[12.424411,47.786673],[12.441962,47.779123],[12.444447,47.775318],[12.445244,47.767596],[12.443571,47.765397],[12.445835,47.761483],[12.457081,47.76094],[12.463225,47.754472],[12.468926,47.753641],[12.467443,47.756735],[12.471089,47.757766],[12.47011,47.758998],[12.474658,47.768551],[12.483684,47.774557],[12.488854,47.775543],[12.499813,47.784552],[12.513914,47.789694],[12.524396,47.790944],[12.535945,47.795004],[12.544999,47.796131],[12.562165,47.800919],[12.587524,47.804119],[12.609744,47.804357],[12.628519,47.810311],[12.641649,47.820144],[12.658763,47.825143],[12.677379,47.82432],[12.696028,47.82803],[12.723243,47.829153],[12.74154,47.831323],[12.752209,47.830891],[12.775153,47.834549],[12.779,47.837613],[12.783813,47.839239],[12.785252,47.844122],[12.782257,47.84789],[12.787865,47.850336],[12.800949,47.848032],[12.803120348973,47.8474062320892],[12.824208,47.841326],[12.827606,47.839229],[12.829338,47.83419],[12.83282,47.832124],[12.833483,47.830636],[12.830616,47.826492],[12.833714,47.820712],[12.843547,47.820214],[12.846431,47.815664],[12.85651,47.808662],[12.86072,47.808822],[12.869965,47.824384],[12.877121,47.829725],[12.89453,47.832438],[12.905951,47.83263],[12.921898,47.835748],[12.945947,47.827075],[12.947772,47.822144],[12.946012,47.819688],[12.946859,47.816315],[12.951921,47.812367],[12.95715,47.804309],[12.956816,47.800681],[12.950999,47.792737],[12.947184,47.788548],[12.938988,47.784974],[12.939042,47.779331],[12.92969,47.773769],[12.926433664137614,47.7680416101026],[12.926701,47.76826],[12.932568,47.767599],[12.967102,47.769148],[12.985885,47.766155],[13.000865,47.754536],[13.014981,47.75228],[13.032649,47.747634],[13.040712,47.744078],[13.040235,47.741527],[13.041694,47.740812],[13.050115,47.740748],[13.052809,47.742573],[13.056813,47.742728],[13.066059,47.741276],[13.069444,47.743317],[13.075717,47.742593],[13.080398019516831,47.74404508659653],[13.079979,47.745883],[13.087018,47.747413],[13.089808,47.749458],[13.092075,47.755661],[13.087519,47.759312],[13.088859,47.763636],[13.092953,47.768348],[13.092745,47.76985],[13.088537,47.771703],[13.092872,47.775654],[13.092875,47.784374],[13.089759,47.790398],[13.090074,47.794369],[13.092322,47.79449],[13.092543,47.795814],[13.08767,47.799533],[13.083151,47.799866],[13.07987,47.803416],[13.081128,47.80772],[13.073146,47.808303],[13.07279,47.809745],[13.075069,47.809627],[13.077669,47.813363],[13.071141,47.816375],[13.083646,47.826713],[13.086898,47.831134],[13.094885,47.833129],[13.096222,47.835199],[13.106047,47.838828],[13.112344,47.843443],[13.113445,47.850028],[13.118544,47.855212],[13.137066,47.863492],[13.145865,47.864534],[13.157719,47.861623],[13.176971,47.859047],[13.215366,47.867117],[13.215517,47.868048],[13.207891,47.871417],[13.20484,47.874806],[13.208056,47.884045],[13.21095,47.884942],[13.211153,47.887744],[13.208232,47.889302],[13.204174,47.897201],[13.199701,47.90039],[13.20007,47.90313],[13.208081,47.910188],[13.227937,47.920675],[13.226602,47.926967],[13.228488,47.930351],[13.251535,47.944241],[13.255745,47.950611],[13.2557603379824,47.9507610458751],[13.25629,47.955942],[13.263945,47.95815],[13.265334,47.963525],[13.267298,47.96474],[13.28091,47.96388],[13.284759,47.962715],[13.288445,47.95964],[13.289551,47.954828],[13.288322,47.950058],[13.290771,47.947711],[13.2910276986519,47.9466232809801],[13.292457,47.940566],[13.298411,47.930813],[13.297643,47.923684],[13.301805,47.918848],[13.301356,47.910581],[13.302848,47.905171],[13.300292,47.902729],[13.302407,47.900127],[13.302533,47.893486],[13.303517,47.892159],[13.308086,47.892531],[13.309598,47.890524],[13.315374,47.891301],[13.312238,47.896873],[13.311948,47.904161],[13.314358,47.907583],[13.308686,47.916341],[13.310325,47.920377],[13.310032,47.928966],[13.317512,47.928154],[13.320296,47.930179],[13.3169506952593,47.9435745412734],[13.314082,47.955056],[13.324141,47.959914],[13.338067,47.963989],[13.340825,47.962485],[13.341398,47.957142],[13.347596,47.953016],[13.348161,47.945875],[13.355651,47.943393],[13.360789,47.946426],[13.35974,47.954471],[13.364725,47.958893],[13.374501,47.962591],[13.377933,47.965441],[13.387336,47.966848],[13.390894,47.968498],[13.391804,47.97265],[13.405437,47.973692],[13.411243,47.970574],[13.419171,47.962011],[13.429147,47.95943],[13.430018,47.953284],[13.438576,47.953166],[13.446045,47.950412],[13.450742,47.94675],[13.459239,47.943645],[13.47011,47.93687],[13.471461,47.93406],[13.4697588412711,47.9254772390083],[13.468546,47.91936],[13.47052,47.917208],[13.481933,47.914114],[13.490995,47.915832],[13.496435,47.919916],[13.4960304433616,47.9223441493381],[13.495914,47.923043],[13.497957,47.925642],[13.509152,47.930912],[13.524779,47.9357],[13.533593,47.935225],[13.539806,47.932519],[13.544288,47.92839],[13.546491,47.922322],[13.542304,47.918933],[13.5414403873319,47.9169136392139],[13.540968,47.915809],[13.528854,47.90879],[13.52874,47.90475],[13.532217,47.90133],[13.531439,47.891101],[13.533755,47.888244],[13.531125,47.885821],[13.531703,47.882018],[13.530037,47.87954],[13.52722,47.878344],[13.524828,47.875134],[13.522139,47.866462],[13.528389,47.860863],[13.529053,47.857569],[13.528093,47.848237],[13.520854,47.8428],[13.526703,47.838509],[13.527014,47.835223],[13.521102,47.832638],[13.516907,47.82698],[13.509549,47.822737],[13.505526,47.812274],[13.492474,47.806406],[13.48389,47.799291],[13.484258,47.793528],[13.488281,47.790097],[13.490717,47.789565],[13.494576,47.792144],[13.49839,47.789555],[13.502345,47.78952],[13.508252,47.791373],[13.508106,47.794997],[13.510289,47.796726],[13.528701,47.797644],[13.535267,47.801339],[13.543538,47.801257],[13.547508,47.805664],[13.546303,47.813098],[13.547414,47.820513],[13.545135,47.830537],[13.546581,47.835273],[13.542876,47.840052],[13.546671,47.841845],[13.547843,47.84495],[13.556147,47.852255],[13.566592,47.869853],[13.566037,47.874423],[13.566594,47.877031],[13.569121,47.878756],[13.568505,47.889059],[13.571277,47.897768],[13.570649,47.89943],[13.567543,47.899911],[13.565837,47.903205],[13.569341,47.90913],[13.575273,47.909935],[13.5765609486227,47.9127005607626],[13.585586,47.932071],[13.593178,47.936235],[13.599206,47.936705],[13.599925,47.935574],[13.624283,47.938991],[13.630859,47.944469],[13.641274,47.949832],[13.652039,47.948305],[13.664115,47.949002],[13.675947,47.948016],[13.69142,47.951553],[13.695122,47.950988],[13.698725,47.948064],[13.702056,47.947413],[13.7092,47.947814],[13.713376,47.950693],[13.7162982152448,47.9508848671293],[13.718098,47.951003],[13.722308,47.948381],[13.73074,47.948194],[13.734887,47.950344],[13.735281,47.954543],[13.740367,47.956044],[13.744321,47.954925],[13.752793,47.949036],[13.75745,47.938652],[13.75361,47.925367],[13.745847,47.922258],[13.736264,47.921368],[13.730335,47.917628],[13.724259,47.9172],[13.719527,47.913463],[13.715692,47.91247],[13.713463,47.909173],[13.709233,47.906666],[13.709412,47.904057],[13.713113,47.902494],[13.711049,47.899488],[13.7131294398857,47.8962093900127],[13.713794,47.895162],[13.719746,47.890099],[13.714365,47.887251],[13.712357,47.883744],[13.712912,47.88113],[13.709625,47.8797],[13.709672,47.877084],[13.713648,47.874405],[13.736684,47.870851],[13.740373,47.859746],[13.745784,47.858159],[13.766124,47.856815],[13.778285,47.85255],[13.776904,47.850817],[13.782461,47.846559],[13.792155,47.846203],[13.792486,47.844243],[13.789288,47.843748],[13.786623,47.838274],[13.784801,47.837392],[13.786216,47.833186],[13.791464,47.828857],[13.786788,47.823436],[13.777058,47.818391],[13.774516,47.813798],[13.777879,47.813102],[13.782233,47.814568],[13.785232,47.812579],[13.782201,47.811622],[13.784061,47.80976],[13.791166,47.810914],[13.794863,47.809804],[13.802621,47.822001],[13.806517,47.824062],[13.808333,47.827075],[13.807565,47.832896],[13.809341,47.835244],[13.807528,47.83759],[13.807822,47.842487],[13.810354,47.848876],[13.814147,47.85341],[13.814154,47.861237],[13.81594,47.864474],[13.814094,47.869292],[13.813808,47.878574],[13.807267,47.882751],[13.8077062670036,47.8846877671219],[13.808544,47.888381],[13.806502,47.892347],[13.803442,47.893998],[13.803878,47.900111],[13.806988,47.906375],[13.822518,47.920322],[13.829421,47.931746],[13.831872,47.933306],[13.85114,47.934614],[13.86349,47.931469],[13.875123,47.933837],[13.880213,47.940658],[13.882675,47.949214],[13.885578,47.950025],[13.905122,47.969582],[13.91216,47.974311],[13.920098,47.974305],[13.938107,47.970152],[13.954383,47.969323],[13.962877,47.970594],[13.980666,47.965457],[13.998556,47.953398],[14.004531,47.947619],[14.012069,47.947683],[14.022596,47.95132],[14.027267,47.950951],[14.039326,47.949148],[14.054833,47.943552],[14.06231,47.939189],[14.085803,47.918521],[14.101898,47.896613],[14.108891,47.880951],[14.11714,47.874948],[14.125781,47.871755],[14.133792,47.875066],[14.139126,47.881567],[14.138004,47.89267],[14.131705,47.905198],[14.131943,47.909169],[14.130024,47.910433],[14.124562,47.910419],[14.121631,47.912733],[14.112153,47.926441],[14.113477,47.930309],[14.126273,47.94055],[14.135916,47.958604],[14.141531,47.965169],[14.149328,47.970808],[14.154708,47.972602],[14.160006,47.972506],[14.165291,47.974095],[14.171104,47.972416],[14.185854,47.975042],[14.204721,47.976073],[14.22474,47.982605],[14.256742,47.988493],[14.276849,47.99377],[14.284351,47.999697],[14.306643,48.008422],[14.312587,48.016837],[14.334971,48.027668],[14.336936,48.033885],[14.335496,48.036846],[14.32998,48.03968],[14.329499,48.042233],[14.330628,48.043334],[14.336263,48.043787],[14.339227,48.05016],[14.34159,48.05144],[14.366035,48.049399],[14.373744,48.045101],[14.38632,48.041623],[14.395603,48.042103],[14.398539,48.040047],[14.408218,48.03966],[14.408396,48.028085],[14.400525,48.022465],[14.403208,48.01801],[14.40604,48.01692],[14.41627,48.018848],[14.418254,48.024787],[14.423464,48.027446],[14.426888,48.028698],[14.432431,48.028154],[14.440401,48.042352],[14.444537,48.043608],[14.451134,48.044249],[14.464436,48.038945],[14.47202,48.038439],[14.489983,48.040867],[14.498022,48.040619],[14.518302,48.048803],[14.524261,48.049308],[14.559882,48.049351],[14.569695,48.048431],[14.645422,48.037923],[14.678258,48.035449],[14.692834,48.032233],[14.712216,48.030072],[14.75185,48.037044],[14.773123,48.037964],[14.785043282737657,48.04017075804739],[14.785046,48.040173],[14.801987,48.045262],[14.808566,48.045269],[14.818922,48.050509],[14.858789,48.059599],[14.878935,48.06992],[14.889243,48.070934],[14.897382,48.070098],[14.914941,48.0764],[14.923671,48.077815],[14.941354,48.076511],[14.948151,48.072731],[14.962074,48.070898],[14.986155,48.073279],[14.999637,48.071818],[15.010864,48.073337],[15.016671,48.075944],[15.024344,48.075319],[15.036802,48.072102],[15.044979,48.074994],[15.051034,48.074506],[15.061678,48.070732],[15.06673,48.070828],[15.078077,48.073329],[15.09793,48.083303],[15.104558,48.083958],[15.107025,48.087136],[15.113645,48.089622],[15.116018,48.09247],[15.120618,48.093639],[15.124553,48.091801],[15.125462,48.088905],[15.128888,48.087569],[15.136661,48.078502],[15.138437,48.070976],[15.133596,48.061502],[15.13301,48.054025],[15.133131,48.048564],[15.136276,48.042234],[15.142228,48.040047],[15.144451,48.033636],[15.148108,48.032583],[15.153679,48.020457],[15.160645,48.014241],[15.163855,48.007913],[15.183356,48.009691],[15.187162,48.012174],[15.190993,48.018991],[15.195397,48.02259],[15.196137,48.025468],[15.202329,48.029246],[15.202511,48.033698],[15.198877,48.041734],[15.205628,48.050337],[15.212439,48.054523],[15.21577,48.058313],[15.241479,48.058137],[15.273401,48.063914],[15.285314,48.069108],[15.288259,48.068789],[15.29626,48.070697],[15.304086,48.069698],[15.3105,48.072806],[15.318986,48.074222],[15.324576,48.07177],[15.329909,48.073928],[15.33303,48.073524],[15.344187,48.078862],[15.363518,48.082198],[15.374617,48.085842],[15.388209,48.085814],[15.397546,48.089537],[15.409657,48.102553],[15.433327,48.111497],[15.463481,48.11827],[15.478829,48.125563],[15.49689,48.142383],[15.503539,48.145868],[15.528871,48.149457],[15.533663,48.148068],[15.535811,48.141829],[15.53462,48.125742],[15.537278,48.119157],[15.540414,48.117666],[15.54421,48.117259],[15.548877,48.118742],[15.550285,48.124314],[15.554957,48.130304],[15.578902,48.133504],[15.591495802741,48.1324065843611],[15.604625,48.131261],[15.607064,48.130467],[15.610453,48.124665],[15.617273,48.123518],[15.628993,48.128311],[15.635369,48.139747],[15.651069,48.149637],[15.659496,48.152778],[15.677126,48.15611],[15.711114,48.171716],[15.74387,48.177993],[15.773627,48.18098],[15.783904,48.18442],[15.823675,48.187329],[15.863278,48.194667],[15.881783,48.2012],[15.899286,48.203316],[15.913095,48.207981],[15.953498,48.228129],[15.962471,48.231312],[15.997338,48.236258],[16.005933,48.239445],[16.0091032631157,48.2422198269586],[16.015464,48.247786],[16.018445,48.248816],[16.038369,48.253047],[16.062058,48.252244],[16.074889,48.258645],[16.076125,48.262762],[16.104285,48.276933],[16.108197,48.285281],[16.117891,48.289283],[16.119746,48.294608],[16.122004,48.296355],[16.133329,48.29713],[16.182996,48.312352],[16.193899,48.317686],[16.216774,48.323345],[16.219991,48.325488],[16.225538,48.334454],[16.231399,48.339543],[16.24024,48.345952],[16.253794,48.35157],[16.263501,48.352539],[16.282274,48.350687],[16.322126,48.334408],[16.327306,48.33077],[16.339777,48.311751],[16.343583,48.29149],[16.347172,48.284772],[16.356583,48.277838],[16.357548,48.274781],[16.353689,48.271773],[16.342996,48.269438],[16.339879,48.267559],[16.328675,48.267131],[16.322308,48.264478],[16.317905,48.26083],[16.322306,48.256352],[16.320714,48.254368],[16.316531,48.254718],[16.309317,48.253047],[16.307016,48.250904],[16.298307,48.250952],[16.296892,48.249024],[16.298004,48.245388],[16.303627,48.242408],[16.296837,48.237314],[16.295096,48.23399],[16.290868,48.232376],[16.2977,48.227859],[16.279356,48.21667],[16.276181,48.216173],[16.258001,48.218442],[16.254998,48.219815],[16.250461,48.219453],[16.244581,48.224356],[16.239963,48.220988],[16.245606,48.215773],[16.242955,48.214731],[16.238235,48.216964],[16.232391,48.213816],[16.231319,48.210957],[16.2314971875385,48.210285330054],[16.23277,48.205487],[16.237111,48.200284],[16.246667,48.199377],[16.253264,48.197047],[16.255544,48.193019],[16.255123,48.179663],[16.258661,48.171014],[16.259441,48.160671],[16.251898,48.140554],[16.247071,48.136728],[16.248275,48.135186],[16.255778,48.133671],[16.25786,48.124824],[16.262805,48.121867],[16.263768,48.119066],[16.267405,48.116364],[16.264129,48.113867],[16.264355,48.11152],[16.273257,48.106706],[16.277431,48.101122],[16.281016,48.083714],[16.284029,48.079576],[16.284685,48.07552],[16.308161,48.066515],[16.310376,48.061344],[16.306287,48.052019],[16.276459,48.021541],[16.270151,48.019072],[16.256436,48.016644],[16.229554,48.009287],[16.227123,48.009407],[16.222847,48.01196],[16.218119,48.009883],[16.21051,47.998642],[16.210637,47.976193],[16.209227,47.969678],[16.206575,47.967519],[16.19562,47.963595],[16.183708,47.962782],[16.175169,47.964934],[16.171054,47.964291],[16.16638,47.951981],[16.169457,47.948992],[16.178501,47.94562],[16.183999,47.944874],[16.190819,47.940914],[16.190732,47.934647],[16.180318,47.923056],[16.17655,47.910942],[16.189113,47.902729],[16.200307,47.890524],[16.200746,47.887253],[16.191578,47.869959],[16.186456,47.869016],[16.179222,47.87053],[16.170414,47.866082],[16.171752,47.86379],[16.178302,47.860302],[16.183093,47.853673],[16.180593,47.838985],[16.181302,47.831324],[16.178477,47.828245],[16.162503,47.82182],[16.152218,47.821585],[16.135473,47.8191],[16.111375,47.808902],[16.10224,47.8013],[16.089164,47.798379],[16.079752,47.79928],[16.07618,47.798024],[16.071153,47.790843],[16.070804,47.784768],[16.0782,47.778685],[16.08223,47.778836],[16.091171,47.782007],[16.102923,47.77985],[16.104035,47.77652],[16.099878,47.763883],[16.082674,47.736671],[16.077836,47.732558],[16.07787,47.730356],[16.083078,47.725349],[16.068662,47.725812],[16.068660961607467,47.72581191654496],[16.087384,47.724187],[16.09376,47.721099],[16.102544,47.711553],[16.107123,47.710885],[16.131869,47.711215],[16.146602,47.708724],[16.163724,47.708261],[16.179711,47.709421],[16.185421,47.715273],[16.18542,47.721062],[16.199193,47.722886],[16.20527,47.721218],[16.20876,47.721611],[16.213675,47.726998],[16.220784,47.728805],[16.229582,47.736398],[16.241079,47.741879],[16.25082,47.748318],[16.262877,47.757995],[16.27564,47.7808],[16.284314,47.788846],[16.296014,47.792357],[16.304016,47.79622],[16.311054,47.803333],[16.315689,47.804644],[16.342444,47.818696],[16.352284,47.817761],[16.360283,47.81243],[16.366007,47.801877],[16.37944,47.789698],[16.378761,47.780642],[16.370835,47.758492],[16.372815,47.731758],[16.375358,47.726759],[16.38227,47.720037],[16.387768,47.71205],[16.393248,47.709865],[16.405608,47.710976],[16.410029,47.710115],[16.412635,47.706919],[16.41571,47.70562],[16.42209,47.705296],[16.425734,47.706622],[16.42664,47.710791],[16.432402,47.713798],[16.438029,47.711453],[16.441567,47.707678],[16.449171,47.707371],[16.480159,47.697158],[16.484858,47.693805],[16.486364,47.683324],[16.488429,47.682008],[16.504102,47.683755],[16.510578,47.687644],[16.514644,47.688539],[16.526855,47.68673],[16.536514,47.682637],[16.541438,47.678453],[16.559216,47.675513],[16.563501,47.673764],[16.578392,47.671884],[16.589923,47.666774],[16.584234,47.655146],[16.583034,47.647762],[16.58516,47.64146],[16.582966,47.632454],[16.574143,47.618008],[16.562206,47.612974],[16.549333,47.604916],[16.510691,47.597663],[16.50703,47.595645],[16.505721,47.592345],[16.49709,47.589457],[16.477766,47.589889],[16.473069,47.592196],[16.46547,47.598826],[16.453808,47.602676],[16.445054,47.61233],[16.439074,47.62351],[16.436893,47.624933],[16.418843,47.624999],[16.395517,47.622176],[16.387673,47.61993],[16.375152,47.611968],[16.380147,47.605508],[16.387717,47.600964],[16.39235,47.59604],[16.412965,47.583897],[16.414453,47.576638],[16.412483,47.567068],[16.417227,47.553161],[16.416992,47.549666],[16.412028,47.536256],[16.4109976536343,47.5347574345246],[16.406019,47.527515],[16.396933,47.521905],[16.373234,47.511269],[16.364438,47.505979],[16.353077,47.49366],[16.351984,47.479819],[16.346802,47.4792],[16.341134,47.475675],[16.334553,47.47422],[16.329847,47.469947],[16.332048,47.464817],[16.335697,47.461707],[16.336154,47.45706],[16.340165,47.45288],[16.340022,47.445495],[16.34541,47.436118],[16.349068,47.433782],[16.351637,47.428212],[16.359611,47.420024],[16.365356,47.416374],[16.370194,47.411166],[16.373917,47.409626],[16.380291,47.40955],[16.388557,47.411202],[16.395697,47.414547],[16.402416,47.414458],[16.410097,47.413149],[16.421807,47.40689],[16.426912,47.409793],[16.436465,47.409372],[16.45759,47.413637],[16.476247,47.411221],[16.485605,47.412906],[16.490801,47.41246],[16.51184,47.406669],[16.521682,47.406043],[16.532366,47.40229],[16.536375,47.399104],[16.538079,47.389354],[16.543229,47.379118],[16.542401,47.373632],[16.531055,47.359061],[16.524589,47.345884],[16.515964,47.335726],[16.504953,47.331037],[16.498947,47.330161],[16.48923,47.325168],[16.471703,47.312898],[16.436508,47.302295],[16.419923,47.295639],[16.403973,47.293463],[16.377624,47.293635],[16.366084,47.297317],[16.359414,47.297464],[16.356574,47.300793],[16.367105,47.308675],[16.36413,47.309857],[16.354017,47.309961],[16.345239,47.305738],[16.342196,47.306874],[16.337257,47.304304],[16.331638,47.303892],[16.311688,47.30527],[16.30907,47.307434],[16.294657,47.310852],[16.269994,47.300816],[16.254965,47.296117],[16.245623,47.294456],[16.221295,47.300148],[16.216034,47.299426],[16.20396,47.294984],[16.187839,47.297467],[16.168429,47.304512],[16.16463,47.307208],[16.15984,47.317366],[16.150093,47.325632],[16.146285,47.331839],[16.141479,47.334384],[16.141172,47.337579],[16.130224,47.348315],[16.126826,47.355548],[16.126648,47.360601],[16.124605,47.362035],[16.121109,47.361974],[16.119542,47.364042],[16.119448,47.370115],[16.117357,47.372712],[16.11926,47.376874],[16.117855,47.382926],[16.109317,47.386175],[16.108739,47.391878],[16.105466,47.394134],[16.105598,47.396373],[16.101712,47.4003],[16.097764,47.410476],[16.101187,47.415679],[16.096065,47.417729],[16.091271,47.423145],[16.085298,47.426943],[16.083956,47.429665],[16.081103,47.429051],[16.079991,47.430906],[16.07079,47.431251],[16.05809,47.428775],[16.051149,47.431028],[16.038935,47.425283],[16.017713,47.424224],[16.00584,47.425112],[15.983785,47.43038],[15.962644,47.437177],[15.948622,47.445342],[15.942203,47.447694],[15.917809,47.448727],[15.915592,47.44701],[15.917903,47.436815],[15.93385,47.434072],[15.952152,47.420547],[15.964522,47.408702],[15.968939,47.406818],[15.97245,47.40708],[15.975344,47.403141],[15.987719,47.399936],[15.990788,47.390701],[15.996401,47.387845],[16.001515,47.381616],[16.003867,47.372033],[15.992066,47.359502],[15.980935,47.358433],[15.979362,47.351851],[15.966077,47.336788],[15.965367,47.327884],[15.966935,47.324646],[15.96396,47.316631],[15.965747,47.311915],[15.964879,47.310603],[15.970091,47.306964],[15.973007,47.301534],[15.978408,47.296082],[15.978961,47.292701],[15.975283,47.285822],[15.960605,47.279943],[15.945359,47.277128],[15.942697,47.269304],[15.937892,47.266051],[15.912536,47.26703],[15.906155,47.268605],[15.901356,47.267854],[15.893547,47.273564],[15.88682,47.27142],[15.885677,47.266002],[15.893122,47.256833],[15.892176,47.245354],[15.897059,47.242087],[15.899367,47.233542],[15.902269,47.230743],[15.901614,47.225781],[15.903714,47.222414],[15.899846,47.217883],[15.897119,47.21686],[15.87551,47.220816],[15.870867,47.220041],[15.863531,47.221954],[15.857599,47.221728],[15.852699,47.223596],[15.841767,47.231816],[15.835133,47.235055],[15.821611,47.234595],[15.808778,47.23806],[15.790545,47.238994],[15.785714,47.243883],[15.78205,47.242623],[15.776258,47.244225],[15.773043,47.242822],[15.769024,47.244154],[15.764569,47.244074],[15.758211,47.24067],[15.754371,47.242036],[15.7453,47.242993],[15.740056,47.242357],[15.732782,47.24402],[15.726275,47.247271],[15.72308,47.254355],[15.708385,47.264832],[15.701443,47.26423],[15.700176,47.261751],[15.702026,47.256389],[15.699117,47.254556],[15.693603,47.245942],[15.688718,47.244041],[15.691254,47.237229],[15.68521,47.2368],[15.683011,47.232437],[15.675868,47.226895],[15.670559,47.224982],[15.648053,47.223367],[15.635369,47.220946],[15.626124,47.225224],[15.619593,47.222249],[15.613249,47.223392],[15.602543,47.221443],[15.592189,47.213723],[15.588464,47.205263],[15.580662,47.203042],[15.579635,47.194315],[15.573356,47.188965],[15.565123,47.187451],[15.557343,47.183905],[15.546336,47.186151],[15.534111,47.183438],[15.533698,47.179266],[15.527469,47.170415],[15.522424,47.166789],[15.521167,47.162047],[15.509769,47.151512],[15.497823,47.143974],[15.475189,47.13885],[15.469811,47.136219],[15.461088,47.135659],[15.452282,47.132652],[15.43931,47.121586],[15.428523,47.115691],[15.423142,47.113737],[15.416079,47.114527],[15.407605,47.112863],[15.403739,47.111317],[15.401112,47.106604],[15.397005,47.107234],[15.394409,47.106053],[15.393363,47.100764],[15.395581,47.092247],[15.402222,47.086911],[15.402234,47.08191],[15.400953,47.080411],[15.391968,47.080185],[15.384145,47.063297],[15.386278,47.053256],[15.388698,47.051873],[15.384554,47.043329],[15.391261,47.036542],[15.393466,47.03329],[15.393124,47.029016],[15.39904,47.02273],[15.398449,47.014087],[15.394813,47.008094],[15.391621,47.006545],[15.374863,47.004924],[15.361174,47.008599],[15.355879,47.015912],[15.347892,47.039914],[15.338444,47.044982],[15.331903,47.051422],[15.329348,47.055664],[15.330569,47.06082],[15.324353,47.06768],[15.311453,47.073234],[15.310111,47.076884],[15.302254,47.081211],[15.297422,47.085723],[15.292007,47.093767],[15.29201,47.099095],[15.289963,47.102524],[15.287494,47.103232],[15.280273,47.102342],[15.253128,47.112928],[15.242798,47.107634],[15.22672,47.112387],[15.222976,47.111353],[15.205471,47.111383],[15.196566,47.10942],[15.183173,47.112418],[15.168592,47.108361],[15.159645,47.111143],[15.152337,47.109423],[15.14558,47.111033],[15.138795,47.115022],[15.133579,47.114463],[15.122565,47.109632],[15.120412,47.106821],[15.119175,47.097576],[15.123157,47.094428],[15.127726,47.08522],[15.121792,47.078493],[15.118561,47.069037],[15.108096,47.070399],[15.102427,47.07236],[15.100024,47.07241],[15.092952,47.06928],[15.081981,47.070322],[15.077531,47.06832],[15.073353,47.068668],[15.071648,47.06349],[15.063714,47.064526],[15.051194,47.063217],[15.04663,47.060271],[15.036034,47.059158],[15.039229,47.053376],[15.037905,47.051447],[15.046843,47.045494],[15.057004,47.043266],[15.066884,47.034098],[15.073309,47.034529],[15.079252,47.036522],[15.085338,47.034719],[15.08957,47.032852],[15.08994,47.030016],[15.093838,47.025812],[15.096137,47.025868],[15.104526,47.032568],[15.110938,47.033122],[15.113461,47.028691],[15.123299,47.029124],[15.128212,47.030953],[15.13046,47.030548],[15.129821,47.029688],[15.134563,47.026198],[15.143498,47.026071],[15.146454,47.027149],[15.150253,47.02541],[15.153969,47.025791],[15.155716,47.024787],[15.158362,47.026066],[15.159458,47.023519],[15.163278,47.022825],[15.163448,47.018352],[15.156114,47.018596],[15.154357,47.014558],[15.14804,47.013394],[15.145996,47.010487],[15.141284,47.009572],[15.139801,47.008093],[15.14225,47.002573],[15.141972,46.991689],[15.149075,46.976149],[15.154304,46.972601],[15.16263,46.970441],[15.167708,46.969506],[15.182028,46.970605],[15.193401,46.969828],[15.197038,46.968615],[15.198222,46.966505],[15.189237,46.945189],[15.188975,46.930765],[15.19962,46.924156],[15.209318,46.922002],[15.211663,46.918976],[15.21115,46.917897],[15.204439,46.916685],[15.19489,46.911858],[15.178399,46.909176],[15.176325,46.907439],[15.181719,46.901798],[15.200137,46.896778],[15.204088,46.894768],[15.205484,46.89233],[15.204021,46.889473],[15.200437,46.887231],[15.185756,46.886117],[15.179148,46.879325],[15.177734,46.874342],[15.179477,46.870275],[15.185775,46.865591],[15.190054,46.858363],[15.198833,46.853182],[15.215726,46.83856],[15.228026,46.825594],[15.221134,46.823839],[15.207838,46.81303],[15.205625,46.810824],[15.205461,46.807079],[15.209494,46.804473],[15.21488,46.803729],[15.217334,46.800933],[15.232464,46.795795],[15.235498,46.792811],[15.235788,46.788848],[15.235602,46.778424],[15.23396,46.775377],[15.221558,46.77301],[15.217809,46.770419],[15.211544,46.768806],[15.206678,46.762118],[15.203122,46.761494],[15.202806,46.756187],[15.207702,46.753164],[15.219137,46.75278],[15.226676,46.750189],[15.229285,46.746903],[15.232043,46.738258],[15.229127,46.728751],[15.238516,46.72201],[15.24889,46.722851],[15.254294,46.717147],[15.248155,46.704549],[15.243164,46.70028],[15.246062,46.693459],[15.245189,46.688993],[15.238105,46.688603],[15.238232,46.686499],[15.235728,46.686011],[15.235605,46.684376],[15.231409,46.684726],[15.225625,46.680261],[15.22449,46.676659],[15.21441,46.663282],[15.215168,46.659169],[15.225424,46.657165],[15.231513,46.658016],[15.255244,46.665752],[15.271562,46.662659],[15.280423,46.667286],[15.287344,46.664555],[15.308555,46.662055],[15.313786,46.65906],[15.317365,46.65865],[15.317743,46.670898],[15.32056,46.677651],[15.329403,46.683677],[15.334219,46.688741],[15.337912,46.689775],[15.343639,46.687388],[15.346249,46.687964],[15.348803,46.686983],[15.359343,46.689354],[15.359558,46.693109],[15.363206,46.695297],[15.370854,46.695437],[15.374548,46.694297],[15.390028,46.695783],[15.391269,46.690379],[15.399011,46.679542],[15.403817,46.675837],[15.411385,46.674659],[15.417794,46.669678],[15.429313,46.670476],[15.474237,46.663698],[15.478295,46.659958],[15.484284,46.657436],[15.491435,46.648005],[15.500135,46.644519],[15.519214,46.64918],[15.521887,46.650924],[15.541265,46.649993],[15.549988,46.648066],[15.554594,46.645109],[15.564335,46.646597],[15.597087,46.637825],[15.618036,46.636292],[15.63164,46.626408],[15.636048,46.61966],[15.642604,46.616574],[15.641093,46.610683],[15.645261,46.604428],[15.647662,46.602899],[15.655869,46.601723],[15.666871,46.593443],[15.667122,46.588716],[15.669692,46.583977],[15.66815,46.582315],[15.660499,46.579771],[15.65825,46.576825],[15.658751,46.56824],[15.657327,46.566646],[15.645677,46.566349],[15.631993,46.569105],[15.624987,46.569386],[15.618001,46.56434],[15.617998922200822,46.564340464908526],[15.614365,46.562528],[15.613442,46.560485],[15.611205,46.548395],[15.611571,46.536376],[15.619295,46.531418],[15.62377,46.532108],[15.630569,46.530441],[15.634751,46.527002],[15.634342,46.52115],[15.62908,46.51048],[15.625865,46.498141],[15.62658,46.486946],[15.63085,46.48081],[15.638665,46.47749],[15.64755,46.475467],[15.649322,46.472715],[15.655775,46.468462],[15.647896,46.460436],[15.64119,46.457636],[15.636834,46.452261],[15.632221,46.452007],[15.630434,46.450322],[15.630142,46.447281],[15.634017,46.44264],[15.631945,46.437776],[15.634333,46.436854],[15.630774,46.433229],[15.628105,46.432106],[15.624534,46.433238],[15.616105,46.429224],[15.610296,46.428703],[15.604527,46.424772],[15.598828,46.416613],[15.594782,46.414296],[15.583823,46.412447],[15.576222,46.412633],[15.536767,46.399085],[15.526375,46.396999],[15.522498,46.394715],[15.5066814843678,46.3950557008124],[15.503312,46.395128],[15.493174,46.39356],[15.4880091436428,46.3918123589427],[15.48292,46.39009],[15.459567,46.389252],[15.452486,46.387469],[15.444633,46.389419],[15.428299,46.382391],[15.402955,46.383746],[15.396499,46.385945],[15.383416,46.383153],[15.377664,46.385105],[15.373653,46.389039],[15.371604,46.38932],[15.364811,46.386988],[15.357761,46.386733],[15.346368,46.384138],[15.330021,46.387913],[15.321762,46.388499],[15.314354,46.387086],[15.326398,46.382076],[15.33949,46.373459],[15.345907,46.371113],[15.348167,46.368618],[15.36699,46.362685],[15.370042,46.359904],[15.372934,46.353725],[15.38184,46.348308],[15.406558,46.340672],[15.414811,46.334748],[15.420287,46.333075],[15.423838,46.329873],[15.437697,46.327869],[15.453029,46.319241],[15.4630626123536,46.3164208151781],[15.46372,46.316236],[15.470117,46.312132],[15.474171,46.312448],[15.489872,46.305201],[15.491816,46.303508],[15.492229,46.298671],[15.481664,46.296433],[15.468938,46.300658],[15.458233,46.301241],[15.4552871136808,46.3023778365013],[15.451731,46.30375],[15.434351,46.304977],[15.428076,46.303262],[15.414988,46.309227],[15.395772,46.309756],[15.388016,46.312429],[15.376976,46.314017],[15.367017,46.31966],[15.338466,46.328093],[15.330165,46.333455],[15.303652,46.343994],[15.286613,46.343075],[15.277091,46.340178],[15.261168,46.340505],[15.255045,46.338991],[15.246458,46.339692],[15.230951,46.337363],[15.218791,46.333691],[15.213071,46.335402],[15.206575,46.334083],[15.198552,46.337562],[15.175314,46.340645],[15.162698,46.345508],[15.155214,46.349992],[15.149482,46.358884],[15.132157,46.368178],[15.131266,46.369166],[15.135206,46.371551],[15.135362,46.37365],[15.12823,46.380734],[15.100453,46.395949],[15.090799,46.399502],[15.088714,46.416313],[15.090191,46.422284],[15.079764,46.428279],[15.063444,46.433894],[15.038359,46.436608],[15.02875,46.439954],[15.02175,46.439226],[15.015677,46.440225],[15.005041,46.43884],[14.997578,46.435844],[14.995567,46.426382],[14.974604,46.414216],[14.973214,46.408537],[14.974369,46.406259],[14.985018,46.399986],[14.990603,46.393721],[14.995092,46.391484],[15.019871,46.386156],[15.028803,46.381112],[15.024825,46.379912],[15.025173,46.377084],[15.024412,46.376474],[15.023125,46.377673],[15.021889,46.376017],[15.022914,46.371528],[15.017962,46.370618],[15.01762,46.367548],[15.01404,46.364386],[15.021204,46.360071],[15.021804,46.357126],[15.019666,46.351932],[15.008576,46.344911],[14.992561,46.33753],[14.992537,46.332148],[14.995634,46.330106],[14.999094,46.330551],[15.006258,46.326063],[15.010542,46.318214],[15.016334,46.313983],[15.019742,46.298572],[15.018097,46.28827],[15.01306,46.278188],[15.009223,46.273924],[15.004963,46.263004],[14.998589,46.259679],[14.979384,46.255839],[14.960421,46.247779],[14.958865,46.246013],[14.961758,46.243533],[14.961619122867884,46.243488347998685],[14.96858,46.242589],[14.982463,46.243168],[14.990865,46.241579],[15.011316,46.240631],[15.02694,46.243217],[15.033502,46.242062],[15.062657,46.241937],[15.080307,46.237813],[15.102613,46.240023],[15.115875,46.239766],[15.149695,46.235634],[15.158935,46.238411],[15.175441,46.235374],[15.186072,46.235543],[15.208607,46.233223],[15.226701,46.233236],[15.234872,46.232014],[15.245838,46.233658],[15.265978,46.225829],[15.270228,46.231528],[15.273194,46.232625],[15.293213,46.231782],[15.295837,46.230667],[15.296784,46.226641],[15.300308,46.223327],[15.305771,46.222789],[15.307838,46.224152],[15.346436,46.218238],[15.362265,46.213729],[15.380548,46.210608],[15.391578,46.206728],[15.4032160988699,46.208135152791],[15.411053,46.209082],[15.414518,46.206238],[15.417817,46.200058],[15.414677,46.198473],[15.411225,46.193001],[15.411,46.188321],[15.415799,46.185381],[15.433545,46.181904],[15.438693,46.176602],[15.44046,46.16719],[15.448931,46.168498],[15.455422,46.166152],[15.463791,46.165019],[15.471142,46.167424],[15.482844,46.16787],[15.486904,46.165871],[15.492002,46.166824],[15.499087,46.163161],[15.512339,46.159037],[15.521625,46.162024],[15.523329,46.164813],[15.534282,46.169091],[15.539766,46.173523],[15.548327,46.173974],[15.564356,46.176958],[15.58632,46.182331],[15.597157,46.177744],[15.600895,46.173648],[15.603716,46.167096],[15.601333,46.161341],[15.608235,46.158563],[15.608091,46.156054],[15.60564,46.153346],[15.581405,46.145566],[15.567486,46.144818],[15.556685,46.140446],[15.542565,46.140767],[15.539552,46.13648],[15.532515,46.138321],[15.527368,46.14139],[15.518314,46.140759],[15.514983,46.136607],[15.502627,46.136891],[15.474426,46.133462],[15.471094,46.13078],[15.468873,46.121756],[15.476246,46.111092],[15.478911,46.109519],[15.489142,46.107516],[15.505327,46.110482],[15.511191,46.103843],[15.521161,46.100808],[15.522953,46.096603],[15.527677,46.095656],[15.530906,46.093365],[15.545088,46.079365],[15.552485,46.075289],[15.5598580823165,46.0683003807633],[15.56008,46.06809],[15.568915,46.063069],[15.569256,46.059028],[15.573506,46.057976],[15.575707,46.054824],[15.579747,46.054589],[15.583341,46.052199],[15.582144,46.04745],[15.590125,46.043345],[15.591257,46.037932],[15.5933,46.036883],[15.606018,46.036587],[15.611018,46.03865],[15.620201,46.038592],[15.629134,46.043598],[15.63863,46.045523],[15.652496,46.051026],[15.659315,46.051874],[15.6651450520239,46.0535997556594],[15.687198,46.060124],[15.700828,46.060795],[15.709776,46.058416],[15.71425,46.059902],[15.715579,46.057393],[15.723931,46.050641],[15.721966,46.048973],[15.714976,46.048495],[15.7115276328234,46.0470904488095],[15.706995,46.045244],[15.697172,46.044444],[15.694257,46.041907],[15.692162,46.036494],[15.684095,46.028873],[15.683912,46.025793],[15.676874,46.025735],[15.67213,46.023844],[15.666564,46.020036],[15.667219,46.017904],[15.663628,46.012628],[15.643337,46.002944],[15.614512,45.993561],[15.609459,45.995963],[15.603568,45.996477],[15.596345,45.994103],[15.589891,45.989873],[15.574925,45.985184],[15.567038,45.984339],[15.558274,45.979441],[15.548362,45.984311],[15.54688,45.989178],[15.541561,45.992458],[15.538158,45.996906],[15.536851,46.008162],[15.529323,46.011553],[15.535653,46.021772],[15.532932,46.024539],[15.527854,46.036911],[15.520799,46.038198],[15.512949,46.037272],[15.473674,46.027424],[15.463438,46.027772],[15.457445,46.029211],[15.437094,46.027261],[15.422197,46.027997],[15.403939,46.030676],[15.38866,46.0297],[15.375439,46.030602],[15.341795,46.028403],[15.326634,46.024906],[15.320298,46.024745],[15.305291,46.019431],[15.303291,46.017478],[15.302197,46.011498],[15.2927938690739,46.0071294920671],[15.279982,46.001175],[15.278558,45.998255],[15.256724,45.999211],[15.252545,45.995332],[15.251722,45.99198],[15.250374,45.991883],[15.249205,45.9947],[15.247786,45.994543],[15.248585,45.989702],[15.246368,45.987604],[15.245752,45.989861],[15.243935,45.990454],[15.238372,45.988433],[15.232011,45.989699],[15.227485,45.986156],[15.222627,45.989493],[15.215422,45.987855],[15.214192,45.985799],[15.215366,45.981792],[15.21979,45.977284],[15.21966,45.97462],[15.212409,45.969714],[15.210609,45.970409],[15.203945,45.969174],[15.197322,45.965306],[15.191558,45.966196],[15.18445,45.964352],[15.182852,45.964916],[15.182187,45.968388],[15.179683,45.964935],[15.17468,45.964888],[15.172178,45.966808],[15.167337,45.966535],[15.164674,45.96812],[15.160997,45.964502],[15.15488,45.963687],[15.152421,45.958561],[15.143169,45.95763],[15.136332,45.960497],[15.132847,45.960724],[15.128546,45.957778],[15.126191,45.953419],[15.111403,45.948033],[15.087231,45.951349],[15.080556,45.953597],[15.070274,45.952737],[15.067289,45.949745],[15.060328,45.948655],[15.055289,45.939924],[15.047764,45.93726],[15.040854,45.936753],[15.039587,45.93554],[15.040447,45.932365],[15.035175,45.924339],[15.029996,45.922458],[15.028796,45.916207],[15.022649,45.911152],[15.016617,45.909644],[14.998474,45.9165],[14.986991,45.917835],[14.974576,45.925647],[14.96463,45.929025],[14.95389,45.928299],[14.941969,45.933999],[14.906021,45.938635],[14.874119,45.944364],[14.836155,45.948676],[14.804752,45.939402],[14.785065,45.937673],[14.776619,45.94549],[14.772817,45.947196],[14.763891,45.948525],[14.754008,45.954199],[14.739739,45.959607],[14.727952,45.95992],[14.723099,45.961667],[14.712324,45.962434],[14.705601,45.966398],[14.691011,45.966478],[14.680966,45.970514],[14.672032,45.972292],[14.654999,45.968527],[14.638411,45.969496],[14.593971,45.982032],[14.584834,45.983818],[14.579931,45.982808],[14.56406,45.990825],[14.55461,46.000079],[14.552853,46.00406],[14.545721,46.007069],[14.541713,46.010526],[14.547762,46.017111],[14.544674,46.021155],[14.543376,46.026776],[14.541774,46.028023],[14.537858,46.027054],[14.538649,46.030166],[14.537306,46.030695],[14.53397,46.029301],[14.525678,46.034659],[14.526844,46.037097],[14.51911,46.037926],[14.515712,46.041143],[14.51674,46.043232],[14.528587,46.047883],[14.53665,46.04908],[14.542588,46.047953],[14.564387,46.039459],[14.579565,46.037657],[14.583455,46.037526],[14.603779,46.042603],[14.608391,46.045017],[14.614931,46.043793],[14.618145,46.044591],[14.618376,46.053746],[14.619627,46.057518],[14.621374,46.057953],[14.622156,46.063298],[14.623247,46.064904],[14.628993,46.066614],[14.633263,46.070938],[14.629531,46.07621],[14.623421,46.080677],[14.621825,46.084316],[14.62132,46.095084],[14.606403,46.116556],[14.606622,46.122812],[14.601426,46.136206],[14.600941,46.146844],[14.596897,46.156506],[14.598119,46.164204],[14.60536,46.177505],[14.605794,46.180943],[14.604474,46.184205],[14.593571,46.193294],[14.592301,46.199929],[14.603195,46.218717],[14.60938,46.225445],[14.60938071212194,46.22544511427767],[14.610992,46.230229],[14.603594,46.245426],[14.604355,46.254688],[14.601786,46.264681],[14.599503,46.266236],[14.586124,46.266464],[14.5821564220694,46.2654397229853],[14.567653,46.261694],[14.5215,46.25402],[14.517138,46.254853],[14.506628,46.260499],[14.480924,46.260385],[14.444948,46.268805],[14.439913,46.271962],[14.437042,46.275583],[14.437411,46.278513],[14.435189,46.282004],[14.430241,46.285145],[14.429648,46.288488],[14.431536,46.292886],[14.426084,46.303855],[14.408413,46.315661],[14.394104,46.317601],[14.358449,46.326569],[14.33503,46.329508],[14.312261,46.334237],[14.304098,46.338231],[14.297416,46.349842],[14.286875,46.350288],[14.284035,46.352395],[14.271266,46.35694],[14.258757,46.357391],[14.24672,46.359373],[14.220436,46.370135],[14.213012,46.37734],[14.197533,46.376333],[14.183627,46.378687],[14.180824,46.380156],[14.179125,46.385038],[14.170328,46.388495],[14.164169,46.393355],[14.143263,46.399498],[14.133232,46.40725],[14.129484,46.408009],[14.126674,46.407039],[14.126002,46.411608],[14.126212,46.406644],[14.1238,46.403303],[14.123142,46.397163],[14.117388,46.390729],[14.097259,46.387032],[14.091496,46.387862],[14.0839,46.386946],[14.069709,46.380499],[14.06838,46.37883],[14.084749,46.37197],[14.081872,46.367701],[14.084538,46.364738],[14.082188,46.362331],[14.084961,46.361542],[14.085715,46.358908],[14.089091,46.35841],[14.089898,46.356182],[14.087125,46.345074],[14.11122,46.346474],[14.119869,46.343555],[14.131992,46.34529],[14.139137,46.342322],[14.144805,46.342066],[14.145539,46.329195],[14.153601,46.32426],[14.161335,46.320646],[14.16543,46.321488],[14.167467,46.319786],[14.173377,46.320408],[14.175735,46.318614],[14.181426,46.318769],[14.18653,46.316555],[14.196272,46.316705],[14.1969,46.314776],[14.203635,46.311169],[14.207992,46.305427],[14.205782,46.302998],[14.207992,46.305426],[14.211147,46.305544],[14.217331,46.301745],[14.231563,46.297262],[14.239812,46.292127],[14.245259,46.291895],[14.248679,46.290072],[14.259863,46.288289],[14.265054,46.280959],[14.265525,46.27756],[14.270056,46.273227],[14.272264,46.262736],[14.274617,46.258633],[14.285761,46.260248],[14.292399,46.258674],[14.295374,46.256263],[14.30298,46.254637],[14.311242,46.257278],[14.31701,46.253247],[14.325869,46.249648],[14.333435,46.250732],[14.342246,46.24801],[14.347441,46.242838],[14.347757,46.239344],[14.346209,46.237201],[14.335072,46.235245],[14.3322963567374,46.2320179584111],[14.331715,46.231342],[14.330177,46.211023],[14.326435,46.205301],[14.31881,46.197843],[14.302424,46.188653],[14.286421,46.17007],[14.288662,46.168804],[14.300382,46.169112],[14.302026,46.167009],[14.309681,46.166313],[14.311579,46.164193],[14.32584,46.162214],[14.332601,46.162373],[14.344283,46.157854],[14.35451,46.157362],[14.359174,46.153355],[14.364906,46.155449],[14.371763,46.151431],[14.389538,46.14659],[14.391709,46.143242],[14.402466,46.142894],[14.415907,46.139211],[14.424228,46.131822],[14.433313,46.129033],[14.434942,46.125336],[14.433148,46.121765],[14.435294,46.1165],[14.433338,46.113888],[14.437398,46.107556],[14.445646,46.102123],[14.461531,46.098369],[14.468202,46.09362],[14.467822,46.089209],[14.466087,46.087688],[14.460325,46.086771],[14.455512,46.083763],[14.45038,46.084464],[14.445261,46.081653],[14.445341,46.073989],[14.450488,46.068563],[14.445143,46.064075],[14.447876,46.061456],[14.444362,46.058353],[14.444698,46.051253],[14.441079,46.049945],[14.436885,46.053323],[14.431368,46.05485],[14.428143,46.053498],[14.425388,46.049968],[14.426927,46.041413],[14.431081,46.038863],[14.429303,46.035732],[14.433388,46.031272],[14.431513,46.0258],[14.429858,46.024822],[14.421834,46.027385],[14.417918,46.024331],[14.408192,46.024715],[14.401562,46.022147],[14.391221,46.021283],[14.386188,46.018552],[14.383673,46.020372],[14.377886,46.020702],[14.374973,46.019422],[14.374954,46.01584],[14.376607,46.014107],[14.371706,46.011492],[14.368659,46.007445],[14.36102,46.009124],[14.35847,46.008675],[14.352369,46.007139],[14.348103,46.003831],[14.343619,46.003347],[14.339889,46.001509],[14.337468,46.002065],[14.337461,46.003967],[14.333712,46.003935],[14.326746,45.997375],[14.321122,45.997866],[14.29298,45.995481],[14.288222,45.992453],[14.2859,45.983799],[14.282527,45.981697],[14.279894,45.976933],[14.275249,45.97282],[14.271659,45.962936],[14.261124,45.955685],[14.256137,45.957477],[14.25252,45.955974],[14.245072,45.955692],[14.239069,45.957105],[14.218122,45.95214],[14.210323,45.951401],[14.20456,45.95354],[14.194575,45.955132],[14.182974,45.954729],[14.15938,45.962967],[14.150216,45.958214],[14.146606,45.958016],[14.124748,45.966324],[14.121111,45.965633],[14.111898,45.959326],[14.104095,45.959437],[14.089974,45.95666],[14.076178,45.958453],[14.066928,45.960919],[14.059286,45.967134],[14.054215,45.966508],[14.053251,45.9729],[14.04735,45.976492],[14.046854,45.978274],[14.044046,45.977303],[14.041402,45.97865],[14.03859,45.97836],[14.036404,45.979824],[14.034564,45.985924],[14.03196,45.986519],[14.033242,45.989279],[14.036643,45.991464],[14.033698,45.994024],[14.033846,45.999445],[14.0284121958407,46.0019635090916],[14.02804,46.002136],[14.029511,46.005099],[14.02785,46.015089],[14.030615,46.019494],[14.028729,46.026168],[14.02448,46.028672],[14.028149,46.032112],[14.022772,46.031715],[14.019826,46.033053],[14.023875,46.037877],[14.019927,46.042277],[14.020736,46.045763],[14.022687,46.047069],[14.022422,46.051654],[14.016383,46.055447],[14.018488,46.057156],[14.017804,46.058892],[14.000989,46.064522],[13.989248,46.071702],[13.984376,46.072703],[13.975918,46.080369],[13.970033,46.082983],[13.966915,46.08673],[13.96188,46.088791],[13.961039,46.093932],[13.954788,46.095751],[13.957434,46.097313],[13.955889,46.099441],[13.947723,46.101855],[13.938175,46.102396],[13.938087,46.106683],[13.934721,46.10936],[13.929019,46.113089],[13.923277,46.114545],[13.922269,46.117589],[13.917549,46.117631],[13.916302,46.12013],[13.917753,46.122687],[13.913923,46.126483],[13.916284,46.132986],[13.909991,46.136375],[13.907112,46.140423],[13.89888,46.144891],[13.89599,46.147585],[13.895396,46.1521],[13.889814,46.155163],[13.885818,46.160211],[13.882983,46.16145],[13.875367,46.163103],[13.870847,46.162599],[13.868606,46.161271],[13.869838,46.15672],[13.861072,46.152247],[13.851818,46.152152],[13.84497,46.155962],[13.839575,46.15557],[13.833713,46.157658],[13.819809,46.158748],[13.816367,46.157989],[13.814185,46.160139],[13.802116,46.160372],[13.796691,46.158992],[13.790524,46.161002],[13.786414,46.159],[13.781433,46.159486],[13.778876,46.158316],[13.773351,46.153553],[13.766947,46.144645],[13.762758,46.145007],[13.758294,46.148343],[13.740767,46.151831],[13.732037,46.142656],[13.725423,46.139101],[13.723855,46.136863],[13.720198,46.135703],[13.711928,46.126447],[13.705434,46.126294],[13.699732,46.123743],[13.696721,46.115897],[13.694299,46.114545],[13.688923,46.113999],[13.687918,46.111671],[13.681431,46.106942],[13.681687,46.105488],[13.674208,46.105707],[13.66904,46.103016],[13.6639634283108,46.1039588216191],[13.657052,46.105242],[13.649381,46.100158],[13.639912,46.098043],[13.638993,46.093753],[13.634738,46.09104],[13.632494,46.087014],[13.634668,46.081283],[13.629686,46.079174],[13.629747,46.068261],[13.624208,46.055693],[13.610688,46.054216],[13.601022,46.049333],[13.594406,46.04994],[13.58881,46.041561],[13.577454,46.038733],[13.562033,46.037181],[13.556196,46.033223],[13.55019,46.031389],[13.531427,46.030507],[13.525573,46.033471],[13.521392,46.039089],[13.514417,46.043129],[13.497519,46.047659],[13.496954,46.055192],[13.488322,46.056055],[13.482222,46.058183],[13.466611,46.069377],[13.476005,46.0768],[13.47535,46.085769],[13.479887,46.094105],[13.487773,46.095033],[13.479867,46.098625],[13.480391,46.100593],[13.47286,46.10408],[13.473487,46.108211],[13.475292,46.109387],[13.476624,46.108893],[13.478821,46.110947],[13.484354,46.110653],[13.486084,46.113],[13.49068,46.114028],[13.492686,46.116553],[13.490985,46.118511],[13.487338,46.11944],[13.480348,46.124167],[13.475291,46.124264],[13.470675,46.122114],[13.471631,46.118444],[13.467674,46.115601],[13.466653,46.112226],[13.463492,46.109865],[13.460878,46.10926],[13.450871,46.114023],[13.447175,46.113],[13.444475,46.110044],[13.445997,46.105509],[13.444459,46.103675],[13.439815,46.102829],[13.430602,46.107457],[13.429452,46.10241],[13.423096,46.101042],[13.416565,46.105588],[13.417487,46.107932],[13.414905,46.108055],[13.410923,46.110931],[13.409074,46.116992],[13.402877,46.121137],[13.385455,46.123054],[13.365399,46.131417],[13.342759,46.153933],[13.330342,46.159822],[13.325798,46.166155],[13.315329,46.175692],[13.304822,46.189893],[13.298985,46.194349],[13.291382,46.196803],[13.284425,46.201045],[13.263989,46.198841],[13.24124,46.194008],[13.2368,46.194163],[13.229827,46.200961],[13.22953,46.206834],[13.226166,46.214088],[13.199976,46.220371],[13.190163,46.225446],[13.184237,46.231651],[13.172316,46.23212],[13.15806,46.236696],[13.156276,46.239531],[13.156171,46.244069],[13.158339,46.247901],[13.157084,46.257647],[13.147916,46.265254],[13.1419,46.274241],[13.144181,46.28232],[13.141823,46.28786],[13.136897,46.292489],[13.133038,46.293998],[13.124494,46.29048],[13.121308,46.292093],[13.120002,46.300047],[13.121842,46.304867],[13.121125977334888,46.31887147265026],[13.120704,46.311225],[13.115661,46.31498],[13.110418,46.314615],[13.09521,46.288452],[13.081717,46.280573],[13.071488,46.280306],[13.059353,46.274339],[13.053807,46.267815],[13.046406,46.262698],[13.046649,46.257315],[13.038107,46.250661],[13.036979,46.244929],[13.029178,46.228358],[13.019994,46.219774],[12.998746,46.209916],[12.983165,46.205626],[12.968258,46.203057],[12.96391,46.198209],[12.957905,46.19816],[12.940095,46.205899],[12.933051,46.207618],[12.922583,46.207164],[12.896191,46.198559],[12.8858127254137,46.1987297636538],[12.878899,46.198843],[12.871957,46.197298],[12.827885,46.203063],[12.81708,46.207702],[12.809292,46.212853],[12.791374,46.216598],[12.788266,46.216243],[12.782361,46.210675],[12.775094,46.198248],[12.767319,46.189731],[12.745472,46.181413],[12.720044,46.178779],[12.709399,46.175802],[12.702847,46.169126],[12.695138,46.164018],[12.688099,46.162582],[12.66875,46.162466],[12.663614,46.161068],[12.653754,46.152996],[12.639221,46.14571],[12.630279,46.137262],[12.619736,46.122286],[12.603089,46.113028],[12.602819,46.109503],[12.593466,46.097811],[12.592327,46.091161],[12.584312,46.074283],[12.569996,46.062634],[12.550138,46.057854],[12.541667,46.047669],[12.539317,46.041507],[12.534445,46.037024],[12.523457,46.033114],[12.511588,46.026904],[12.504822,46.021339],[12.491407,46.018243],[12.480397,45.993091],[12.472251,45.980399],[12.466244,45.977613],[12.439737,45.970043],[12.425066,45.968874],[12.363795,45.976702],[12.311999,45.988311],[12.301265,45.985403],[12.291027,45.974678],[12.264691,45.956606],[12.236814,45.941884],[12.228461,45.939232],[12.202961,45.924685],[12.166233,45.914239],[12.143364,45.910201],[12.134359,45.909645],[12.123791,45.907087],[12.091771,45.895665],[12.084352,45.897122],[12.077944,45.901688],[12.075904,45.905846],[12.073303,45.906756],[12.059642,45.905742],[12.045997,45.900843],[12.007066,45.901858],[11.973393,45.89557],[11.95838,45.895907],[11.953813,45.896937],[11.952015,45.899373],[11.949565,45.899068],[11.943569,45.896456],[11.945397,45.889501],[11.948898,45.886068],[11.954915,45.884694],[11.959962,45.881602],[11.961905,45.87996],[11.960712,45.878899],[11.939837,45.876118],[11.932089,45.874056],[11.915909,45.866267],[11.911087,45.867223],[11.904895,45.866152],[11.902896,45.864372],[11.882747,45.858148],[11.873967,45.852363],[11.866906,45.850056],[11.855897,45.851074],[11.842799,45.847564],[11.821082,45.836733],[11.79741,45.821336],[11.760175,45.807427],[11.750756,45.79773],[11.745337,45.794465],[11.735256,45.795792],[11.732935,45.802647],[11.725253,45.804008],[11.722176,45.803199],[11.714226,45.805988],[11.710563,45.805323],[11.710007,45.800346],[11.712383,45.798264],[11.715631,45.790734],[11.720797,45.785799],[11.717131,45.778002],[11.697507,45.770087],[11.67307,45.754699],[11.661201,45.751533],[11.642414,45.741549],[11.630572,45.742891],[11.610308,45.748869],[11.593216,45.742777],[11.554254,45.745321],[11.529918,45.745158],[11.527501,45.746966],[11.519628,45.749183],[11.516915,45.752037],[11.510874,45.75386],[11.511385,45.759304],[11.504927,45.763828],[11.499247,45.764951],[11.491939,45.763072],[11.487199,45.764009],[11.484897,45.761315],[11.482882,45.761391],[11.464117,45.766262],[11.457822,45.770965],[11.455803,45.769419],[11.444287,45.768204],[11.440729,45.770963],[11.434328,45.769422],[11.431353,45.766068],[11.429378,45.761378],[11.430374,45.755378],[11.427797,45.750556],[11.412393,45.741988],[11.397322,45.73849],[11.373546,45.738264],[11.370644,45.736533],[11.372275,45.731779],[11.369149,45.727978],[11.365928,45.726817],[11.359366,45.729741],[11.345619,45.727057],[11.336068,45.729264],[11.328894,45.728179],[11.321718,45.723637],[11.31458,45.721398],[11.298529,45.722404],[11.297477,45.718036],[11.303343,45.717804],[11.307849,45.714794],[11.325926,45.709435],[11.335716,45.709616],[11.340317,45.704682],[11.337136,45.702048],[11.339709,45.698808],[11.34705,45.70012],[11.35346,45.699443],[11.362455,45.695136],[11.365119,45.692671],[11.365858,45.68616],[11.37324,45.681272],[11.383984,45.667835],[11.38661,45.656416],[11.384928,45.648185],[11.385843,45.64541],[11.399558,45.65217],[11.409609,45.652274],[11.415035,45.649386],[11.42175,45.64342],[11.42101,45.637712],[11.421356239401,45.6364674247699],[11.422271,45.633179],[11.41828,45.632582],[11.417485,45.63113],[11.420474,45.627791],[11.424815,45.62557],[11.431093,45.625965],[11.43525,45.62472],[11.437029,45.624738],[11.441697,45.628443],[11.445253,45.62746],[11.44911,45.615769],[11.458618,45.610061],[11.457945,45.607645],[11.461456,45.605176],[11.460442,45.602413],[11.462013,45.600562],[11.473015,45.597351],[11.475945,45.594971],[11.475625,45.59369],[11.467825,45.590287],[11.470321,45.588563],[11.468975,45.586715],[11.476517,45.585526],[11.481512,45.586722],[11.482594,45.585975],[11.477103,45.578964],[11.470454,45.582135],[11.465872,45.579502],[11.470278,45.576222],[11.468684,45.573804],[11.464217,45.573609],[11.464318,45.572746],[11.467779,45.570793],[11.477108,45.570766],[11.476866,45.56902],[11.472942,45.568161],[11.469696,45.564901],[11.46431,45.568326],[11.46187,45.564649],[11.466339,45.559773],[11.46366,45.5567],[11.464097,45.555354],[11.470002,45.553504],[11.473298,45.55524],[11.475507,45.554234],[11.484588,45.542965],[11.480863,45.540721],[11.470288,45.542296],[11.47506,45.538903],[11.471281,45.536106],[11.466138,45.536166],[11.463658,45.534491],[11.463449,45.532554],[11.453831,45.531281],[11.442331,45.533893],[11.436997,45.538454],[11.434629,45.544586],[11.43069,45.546316],[11.424365,45.55265],[11.422371,45.568394],[11.4144,45.584081],[11.395533,45.585628],[11.389252,45.590532],[11.386168,45.594942],[11.377819,45.599234],[11.366911,45.600132],[11.360188,45.599449],[11.360142,45.59527],[11.375992,45.572299],[11.375473,45.561838],[11.372851,45.55643],[11.365511,45.548542],[11.3591,45.544269],[11.347566,45.540262],[11.339847,45.535403],[11.336568,45.531831],[11.337234,45.526616],[11.33387,45.517341],[11.336204,45.513118],[11.343733,45.505599],[11.351383,45.50061],[11.355953,45.494142],[11.369685,45.481843],[11.372223,45.474313],[11.371508,45.471765],[11.369641,45.469517],[11.363622,45.466736],[11.34859,45.465322],[11.343256,45.463343],[11.3298,45.462775],[11.320336,45.465225],[11.309196,45.473623],[11.303552,45.475896],[11.297974,45.476968],[11.291025,45.476591],[11.284307,45.473454],[11.279507,45.473516],[11.276818,45.474452],[11.265468,45.484667],[11.257355,45.49504],[11.254835,45.495681],[11.249413,45.492815],[11.249582,45.490505],[11.252003,45.489031],[11.247619,45.482525],[11.249981,45.477946],[11.255818,45.473449],[11.257779,45.469178],[11.252025,45.463554],[11.248113,45.452517],[11.246563,45.451901],[11.246151,45.443311],[11.241425,45.439632],[11.226482,45.441813],[11.226085,45.445423],[11.222871,45.447044],[11.222308,45.45078],[11.219714,45.451662],[11.212238,45.461025],[11.201662,45.478092],[11.193467,45.481896],[11.19154,45.485406],[11.18363,45.486805],[11.179352,45.489621],[11.17976,45.495648],[11.175949,45.502387],[11.176143,45.505125],[11.172601,45.508428],[11.172073,45.510976],[11.168671,45.513009],[11.161579,45.513015],[11.157483,45.511097],[11.154645,45.498292],[11.148943,45.49509],[11.143412,45.493731],[11.13858,45.489862],[11.126488,45.4928],[11.125174,45.491685],[11.115536,45.493477],[11.097452,45.492689],[11.086843,45.496227],[11.085882,45.500099],[11.079978,45.50393],[11.079188,45.505896],[11.076075,45.506986],[11.063409,45.506739],[11.05912,45.504006],[11.056501,45.499678],[11.04719,45.500253],[11.041203,45.497234],[11.031804,45.498278],[11.022764,45.507283],[11.02331,45.519336],[11.02269,45.52248],[11.020393,45.523387],[11.015402,45.52219],[11.013521,45.5125],[11.006388,45.513778],[11.0045297626186,45.5127898076371],[10.996534,45.508537],[10.992301,45.509936],[10.984668,45.50956],[10.983177,45.512558],[10.97757,45.512159],[10.952837,45.515899],[10.946123,45.519007],[10.946401,45.523139],[10.941921,45.526899],[10.932738,45.52699],[10.925879,45.529982],[10.914785,45.528164],[10.899329,45.520859],[10.887688,45.520928],[10.875927,45.5238],[10.868872,45.52368],[10.861493,45.520538],[10.853604,45.51379],[10.840031,45.511361],[10.834841,45.511828],[10.825553,45.516351],[10.823866,45.519114],[10.823353,45.531873],[10.826239,45.542274],[10.826675,45.55138],[10.830521,45.556528],[10.824897,45.564909],[10.825541,45.567139],[10.824379,45.568352],[10.819951,45.567042],[10.818961,45.569476],[10.823042,45.580486],[10.823185618946729,45.580778056481215],[10.822774,45.58056],[10.823726,45.581877],[10.821178,45.582905],[10.820606,45.584799],[10.823282,45.592354]],[[9.557293,47.294191],[9.565048,47.285192],[9.557335677924092,47.294323552870644],[9.557293,47.294191]],[[9.590746,47.237795],[9.590829972262497,47.23774445442728],[9.565048,47.285192],[9.590746,47.237795]],[[9.605344,47.229008],[9.606366686983801,47.22888182483184],[9.591224226574608,47.237507140230775],[9.605344,47.229008]],[[9.725839,47.182601],[9.732689457778765,47.179518415075165],[9.724813853180578,47.18338505651682],[9.725839,47.182601]],[[11.915066,47.534381],[11.915487868991342,47.53438905927193],[11.916716,47.535883],[11.915066,47.534381]],[[11.950594,47.536929],[11.953049311955526,47.537142951998035],[11.952211,47.537379],[11.931726,47.535438],[11.950594,47.536929]],[[11.95896,47.537658],[11.959723334285034,47.53799878187935],[11.957857739974443,47.53756195080581],[11.95896,47.537658]],[[12.207672,47.639875],[12.229623226438818,47.64679979939322],[12.229174,47.646758],[12.20742158349907,47.63986461488166],[12.207672,47.639875]],[[12.235920343174003,47.64736409934155],[12.235891,47.647383],[12.23332579334744,47.647144313955955],[12.235920343174003,47.64736409934155]],[[12.267411,47.641622],[12.263679,47.64559],[12.263419865158449,47.645571938561545],[12.267411,47.641622]],[[12.275079,47.639189],[12.303094,47.645493],[12.275024926144212,47.639206157236714],[12.275079,47.639189]],[[12.382679,47.651412],[12.385018,47.653358],[12.382581828971443,47.65144794133331],[12.382679,47.651412]],[[12.385889928813487,47.65618908052001],[12.385517,47.656233],[12.385505439702719,47.656166395080795],[12.385889928813487,47.65618908052001]],[[12.419600849049127,47.66194198738153],[12.417502,47.662477],[12.40397,47.661222],[12.419600849049127,47.66194198738153]],[[12.4218199932707,47.66018489738678],[12.420966,47.661594],[12.420423535587625,47.66173227831297],[12.4218199932707,47.66018489738678]],[[12.448637303145587,47.644909648484315],[12.448506,47.645145],[12.439749,47.645864],[12.448637303145587,47.644909648484315]],[[12.458846066841781,47.635531765354166],[12.458869,47.635783],[12.451623,47.639558],[12.458846066841781,47.635531765354166]],[[12.476304006402527,47.59008207325538],[12.476335,47.5907],[12.469655,47.60203],[12.476304006402527,47.59008207325538]],[[12.472549,47.576426],[12.475883,47.586969],[12.476115395455915,47.586321691830264],[12.476213631480897,47.588280246889006],[12.472549,47.576426]],[[12.467429571449003,47.56953515940608],[12.467853,47.569836],[12.472549,47.576426],[12.467429571449003,47.56953515940608]],[[12.43672400271629,47.53629154174504],[12.436984,47.536535],[12.442918,47.55212],[12.43672400271629,47.53629154174504]],[[12.429611,47.530301],[12.427740037449691,47.52741914116669],[12.428668,47.528749],[12.428668146806375,47.52874813746768],[12.43427977503157,47.53400279703834],[12.429611,47.530301]],[[12.649919,47.458296],[12.6315154304213,47.4688389581763],[12.630761,47.469271],[12.649919,47.458296]],[[12.83550078539513,47.391226188664966],[12.835947,47.391584],[12.835743467468415,47.39203765684751],[12.83550078539513,47.391226188664966]],[[12.803889,47.364156],[12.803392456034619,47.36376656516666],[12.811876,47.367272],[12.803889,47.364156]],[[12.800477,47.36148],[12.800406117958012,47.35788978187329],[12.800919509585245,47.36182705616944],[12.800477,47.36148]],[[12.821672,47.287583],[12.816503,47.285319],[12.822422056837196,47.28761468599895],[12.813755,47.287349],[12.821672,47.287583]],[[12.82808,47.285811],[12.822889,47.287629],[12.822628373767975,47.2876210105819],[12.82808,47.285811]],[[12.845062,47.281862],[12.853302,47.283957],[12.844861190140566,47.28194520567346],[12.845062,47.281862]],[[13.086736,47.299673],[13.097620766394469,47.30128938084242],[13.074245,47.299069],[13.086736,47.299673]],[[13.107827,47.302805],[13.108368417640387,47.30322317665998],[13.105475553223965,47.30245581165888],[13.107827,47.302805]],[[13.116027741249548,47.309139035556555],[13.1116,47.306642],[13.110625204580868,47.30496625918016],[13.116027741249548,47.309139035556555]],[[13.121865962518479,47.310345670585654],[13.117237,47.309821],[13.116835077068188,47.30959433457509],[13.121865962518479,47.310345670585654]],[[13.128544,47.311343],[13.132952,47.316371],[13.128168953055503,47.31128698873164],[13.128544,47.311343]],[[13.163880887911978,47.323411363793824],[13.163232,47.323591],[13.1616746184302,47.3211621623366],[13.160766,47.319745],[13.163880887911978,47.323411363793824]],[[13.174817,47.321161],[13.17941,47.320855],[13.180089698720575,47.32119409313118],[13.172761208135743,47.32162653430615],[13.174817,47.321161]],[[13.181657,47.321976],[13.181657194499769,47.3219759614054],[13.181692814051111,47.322335161731594],[13.18097625289076,47.32163638384092],[13.181657,47.321976]],[[13.19213,47.31544],[13.1896518867081,47.3178981538896],[13.188786,47.318757],[13.19213,47.31544]],[[13.335518,47.134784],[13.3236978327512,47.1376782254365],[13.315952,47.139574],[13.335518,47.134784]],[[13.572949,47.080199],[13.577396,47.080787],[13.572547698755733,47.08042147170009],[13.572949,47.080199]],[[13.594733,47.081094],[13.596310094415347,47.08162081664513],[13.594359065979894,47.081842445098886],[13.594733,47.081094]],[[13.597083,47.081879],[13.596606,47.083381],[13.596639954313767,47.08173100388779],[13.597083,47.081879]],[[13.62244433916569,47.09220996515306],[13.622445,47.092212],[13.639016187249776,47.09365050226803],[13.606627,47.091464],[13.606601109103604,47.09137452410805],[13.62244433916569,47.09220996515306]],[[13.61309,47.063405],[13.61741780912331,47.0465907415877],[13.617418,47.046591],[13.6130901435901,47.06340544212858],[13.61309,47.063405]],[[13.604153,47.024119],[13.611237,47.019079],[13.613872,47.013777],[13.617971970875285,47.01146801640219],[13.617972,47.011469],[13.613872,47.013778],[13.611237,47.01908],[13.604153,47.02412],[13.601645,47.028206],[13.604153,47.024119]],[[13.617858,47.007618],[13.619626255529996,47.004976112286165],[13.619627,47.004977],[13.617858028356382,47.00761895764977],[13.617858,47.007618]],[[13.617756,47.002744],[13.619134691765375,47.00098239384294],[13.619135,47.000984],[13.617756809668096,47.00274496545672],[13.617756,47.002744]],[[13.618433,46.997324],[13.62304755818575,46.98433424368557],[13.623048,46.984335],[13.618433249197041,46.997325298522476],[13.618433,46.997324]],[[13.621122,46.981036],[13.623555699882226,46.97897425424932],[13.623556,46.978976],[13.621122781554325,46.9810373378944],[13.621122,46.981036]],[[13.519737,46.889612],[13.521040617166076,46.886900796200614],[13.521041,46.886901],[13.519738301663184,46.88961237213311],[13.519737,46.889612]],[[13.506777,46.872429],[13.507064929966075,46.86431797286539],[13.507065,46.864318],[13.506777068573724,46.87242906826865],[13.506777,46.872429]],[[13.501273,46.858741],[13.503731490334458,46.856413429272784],[13.503733,46.856414],[13.501274441623037,46.858741635146316],[13.501273,46.858741]],[[13.499977,46.851053],[13.503240056120063,46.84841476314312],[13.503241,46.848416],[13.499977405018916,46.85105467253526],[13.499977,46.851053]],[[13.49923,46.843158],[13.500596173303238,46.8403197174973],[13.500597,46.84032],[13.499230590329493,46.84315877356565],[13.49923,46.843158]],[[13.496863,46.839042],[13.497291832809845,46.83698180321424],[13.497292,46.836982],[13.49686338848141,46.83904213275369],[13.496863,46.839042]],[[13.49044,46.833112],[13.493007683964166,46.8319211465727],[13.493008,46.831923],[13.490443646983465,46.83311230858361],[13.49044,46.833112]],[[13.492262,46.827546],[13.49613,46.822792],[13.496394904520102,46.81741893662056],[13.496395,46.817419],[13.49613,46.822794],[13.492262281941498,46.82754765347728],[13.492262,46.827546]],[[13.490351,46.813406],[13.492129,46.810139],[13.494216,46.810071],[13.496406984701792,46.80819501309878],[13.496407,46.808197],[13.494216,46.810072],[13.492129,46.81014],[13.490351399825489,46.813406265337534],[13.490351,46.813406]],[[13.496366,46.80287],[13.499975,46.801639],[13.501125512424014,46.79946392177702],[13.501126,46.799465],[13.499975,46.80164],[13.496366015358692,46.80287199475702],[13.496366,46.80287]],[[13.497914,46.792361],[13.500122932271038,46.789529086830434],[13.500123,46.78953],[13.49791428627772,46.792361632983926],[13.497914,46.792361]],[[13.501411,46.77979],[13.50906,46.779457],[13.52128,46.774461],[13.50906,46.779459],[13.501411,46.779792],[13.501394676317299,46.77980186717411],[13.501411,46.77979]],[[13.531677,46.774391],[13.540984,46.771217],[13.551431,46.770617],[13.555635,46.765723],[13.562242,46.761653],[13.56799,46.751597],[13.562242,46.761654],[13.555635,46.765724],[13.551431,46.770619],[13.540984,46.771219],[13.531677,46.774392],[13.52128,46.774461],[13.531677,46.774391]],[[13.593552,46.742699],[13.608063,46.742458],[13.613962,46.736645],[13.620778,46.73431],[13.63614,46.722885],[13.650808,46.720106],[13.66317,46.713913],[13.681001,46.700817],[13.685711,46.694731],[13.681001,46.700818],[13.66317,46.713915],[13.650808,46.720107],[13.63614,46.722887],[13.620778,46.734312],[13.613962,46.736646],[13.608063,46.742459],[13.593552,46.742701],[13.56799,46.751597],[13.593552,46.742699]],[[13.695516,46.696384],[13.699411,46.694748],[13.701711554029233,46.68820026930141],[13.701712,46.688201],[13.699411,46.694749],[13.695516,46.696385],[13.689018,46.694366],[13.695516,46.696384]],[[13.697519,46.68133],[13.700511,46.677799],[13.709271,46.676537],[13.717633,46.67209],[13.729597,46.66863],[13.745465,46.667085],[13.748448,46.662439],[13.763574,46.661955],[13.765271,46.653594],[13.774841,46.649861],[13.77704,46.64964],[13.782544,46.652343],[13.789078,46.650671],[13.79546,46.65062],[13.80147,46.643467],[13.811061,46.638724],[13.80147,46.643468],[13.79546,46.650622],[13.789078,46.650673],[13.782544,46.652345],[13.77704,46.649641],[13.774841,46.649862],[13.765271,46.653595],[13.763574,46.661956],[13.748448,46.662441],[13.745466,46.667087],[13.729597,46.668631],[13.717633,46.672091],[13.709271,46.676539],[13.700511,46.6778],[13.697519354817082,46.681330581263666],[13.697519,46.68133]],[[13.826339,46.634437],[13.830427,46.632249],[13.834128,46.627305],[13.833966218617741,46.62126799999885],[13.834129,46.627307],[13.830427,46.632251],[13.826339,46.634439],[13.811061,46.638724],[13.826339,46.634437]],[[13.833957,46.620924],[13.836263,46.616863],[13.839482,46.615588],[13.846724,46.616244],[13.839482,46.615589],[13.836264,46.616865],[13.833957051182201,46.62092590990424],[13.833957,46.620924]],[[13.855361,46.608447],[13.85619757657606,46.60839012333949],[13.854512845850405,46.609212666076694],[13.855361,46.608447]],[[13.859803,46.608145],[13.860309018769199,46.60853879103503],[13.858409784754807,46.6082397210725],[13.859803,46.608145]],[[13.868203,46.614682],[13.875223390953316,46.61602902358482],[13.874308,46.616195],[13.868204,46.614684],[13.86818496248037,46.61466796294455],[13.868203,46.614682]],[[13.882367,46.610604],[13.886943,46.607181],[13.879037,46.605155],[13.8750734003588,46.6028334426431],[13.860574,46.594338],[13.852217,46.591413],[13.848821,46.589028],[13.846504,46.583848],[13.838481,46.581688],[13.838095,46.579021],[13.844182,46.572891],[13.842116875047923,46.571073128103414],[13.842641,46.571105],[13.844599,46.569364],[13.867615,46.567924],[13.92503,46.558172],[13.987268,46.556246],[14.005331,46.553662],[14.024216,46.55566],[14.042002,46.554183],[14.054276,46.551477],[14.060054,46.54673],[14.059991,46.544864],[14.064414,46.541896],[14.070424,46.534275],[14.082541,46.531923],[14.093026,46.52474],[14.103202,46.520455],[14.125042,46.518211],[14.17627,46.526051],[14.188844,46.526239],[14.200313,46.52887],[14.220005,46.530516],[14.243854,46.53034],[14.25243,46.531276],[14.262892,46.530358],[14.270072,46.528856],[14.276088,46.525806],[14.288015,46.524523],[14.303355,46.52748],[14.325869,46.534456],[14.344805,46.538472],[14.3663574463613,46.5411306262656],[14.373502,46.542011],[14.384168,46.540147],[14.392657,46.545485],[14.397433,46.546777],[14.401854,46.545686],[14.405328,46.546583],[14.421702,46.556708],[14.425344,46.555393],[14.437344,46.555603],[14.455499,46.560805],[14.458186,46.561303],[14.459051,46.560238],[14.461065,46.561576],[14.47508,46.55868],[14.485022,46.560147],[14.493923,46.559359],[14.510617,46.553454],[14.517163,46.549467],[14.52491,46.547875],[14.553673,46.548188],[14.581157,46.546612],[14.605208,46.548011],[14.613594,46.555636],[14.622172,46.55991],[14.62977,46.566654],[14.637983,46.569729],[14.644351,46.570463],[14.659231,46.569937],[14.674091,46.566554],[14.690989,46.568973],[14.712943,46.56892],[14.729074,46.565773],[14.7393132307989,46.5654362678884],[14.755744,46.564894],[14.780903,46.562288],[14.809778,46.562011],[14.813917,46.564328],[14.817728958774945,46.56392619130839],[14.816984,46.564103],[14.812694,46.570266],[14.806559,46.575364],[14.802293,46.585752],[14.79897,46.588351],[14.80048,46.599844],[14.808574,46.612694],[14.810139,46.622984],[14.815468,46.628469],[14.818027,46.628886],[14.822177,46.632031],[14.82428,46.636328],[14.82303,46.64269],[14.825799,46.645036],[14.82466,46.646096],[14.825081389851741,46.64614526126503],[14.818083,46.647536],[14.812671,46.646755],[14.799317,46.641272],[14.785996,46.632728],[14.77657,46.632807],[14.7751975414931,46.6334442009805],[14.771773,46.635034],[14.772221,46.643018],[14.768793,46.645457],[14.768295,46.649107],[14.772237,46.655502],[14.771736,46.667118],[14.775646,46.673407],[14.776357,46.678166],[14.768014,46.682932],[14.763161,46.689985],[14.755456,46.691038],[14.747479,46.696075],[14.743212,46.700938],[14.743818,46.703242],[14.741015,46.705151],[14.733005,46.706912],[14.729304,46.702772],[14.70989,46.702032],[14.704153,46.698531],[14.701868,46.692428],[14.699051,46.691313],[14.665741,46.696282],[14.631894,46.691716],[14.610459,46.699897],[14.595634,46.702507],[14.584945,46.702458],[14.578891,46.700301],[14.569513,46.700546],[14.561024,46.717074],[14.548598,46.72422],[14.537333,46.724701],[14.530379,46.727634],[14.531094,46.732159],[14.528944,46.736723],[14.532129,46.737816],[14.535326,46.740974],[14.532967,46.739711],[14.531541,46.740618],[14.533054,46.74442],[14.532048,46.747305],[14.528153,46.748278],[14.514022,46.745856],[14.504677,46.753463],[14.497327,46.753502],[14.493714,46.761197],[14.488716,46.761846],[14.481499,46.758985],[14.478591,46.760977],[14.473798,46.759801],[14.467424,46.763039],[14.46935,46.765506],[14.474274,46.766136],[14.476322,46.768562],[14.47052,46.771896],[14.475732,46.77828],[14.474553,46.78204],[14.469742,46.783136],[14.473928,46.785565],[14.474154,46.78705],[14.471754,46.7893],[14.466721,46.790071],[14.465598,46.793501],[14.470214,46.797867],[14.470343,46.799511],[14.467088,46.801028],[14.470708,46.803494],[14.46329,46.804381],[14.462569,46.809368],[14.454397,46.806595],[14.450012,46.807057],[14.451067,46.809336],[14.44331,46.814112],[14.444285,46.821902],[14.447737,46.823921],[14.444282,46.828474],[14.447927,46.829487],[14.453162,46.827613],[14.455672,46.829168],[14.457019,46.837566],[14.454684,46.839492],[14.452554,46.838001],[14.449455,46.83789],[14.44232,46.839891],[14.432706,46.834728],[14.428517,46.834051],[14.424719,46.837892],[14.425638,46.84099],[14.429344,46.841221],[14.430938,46.842438],[14.431653,46.848824],[14.43457,46.853353],[14.433859,46.855387],[14.427263,46.850969],[14.407679,46.849779],[14.404901,46.845779],[14.402439,46.833831],[14.398657,46.828919],[14.390847,46.824137],[14.383075,46.822011],[14.373072,46.813802],[14.360182,46.80953],[14.352106,46.801047],[14.351101,46.795992],[14.33984,46.792692],[14.337156,46.790706],[14.328851,46.789337],[14.325091,46.785891],[14.328882,46.780204],[14.345905,46.774221],[14.34874,46.774154],[14.349454,46.772214],[14.353517,46.76995],[14.35174,46.762735],[14.358104,46.758049],[14.365419,46.76139],[14.374881,46.763343],[14.379887,46.762746],[14.38476,46.760281],[14.388341,46.754818],[14.38772,46.751268],[14.383475,46.746558],[14.386287,46.740591],[14.383642,46.734978],[14.379586,46.733488],[14.376683,46.729724],[14.369423,46.727067],[14.364059,46.722369],[14.361324,46.716338],[14.360685,46.709979],[14.348168,46.699106],[14.345509,46.693663],[14.338448,46.688525],[14.319249,46.682825],[14.304377,46.671193],[14.297154,46.669139],[14.283603,46.666659],[14.26937,46.668238],[14.260445,46.666498],[14.25986,46.662265],[14.26261,46.656881],[14.280124,46.653616],[14.285013,46.650101],[14.288889,46.642873],[14.294271,46.638112],[14.293221,46.63307],[14.294264,46.630194],[14.292332,46.627619],[14.279607,46.625443],[14.231856,46.627159],[14.225674,46.625888],[14.223364,46.622993],[14.215132,46.619922],[14.210058,46.619185],[14.208031,46.61995],[14.204361,46.618711],[14.204587,46.619903],[14.201906,46.620275],[14.198796,46.617681],[14.190818,46.616084],[14.18916,46.617132],[14.19031,46.618985],[14.189198,46.619816],[14.177479,46.618739],[14.173067,46.619713],[14.171502,46.621484],[14.177725,46.623651],[14.177474,46.625112],[14.173127,46.626946],[14.160938,46.627434],[14.15801,46.628552],[14.156812,46.630132],[14.158757,46.629926],[14.159143,46.63104],[14.156341,46.633591],[14.15215,46.634349],[14.148105,46.633421],[14.144745,46.630139],[14.14606,46.628686],[14.143769,46.6285],[14.142349,46.633876],[14.138628,46.633795],[14.136306,46.636352],[14.130005,46.636718],[14.11084,46.632037],[14.107103,46.632418],[14.100678,46.62953],[14.101088,46.628545],[14.093977,46.628021],[14.089555,46.625912],[14.072706,46.622985],[14.063717,46.622806],[14.054654,46.624523],[14.026667,46.623129],[14.01328,46.625373],[14.010249,46.621537],[13.995616,46.619862],[13.990096,46.620758],[13.980674,46.625411],[13.977496,46.631057],[13.97252,46.633382],[13.961231,46.632489],[13.954201,46.628556],[13.9392,46.625804],[13.9197238132086,46.6243313498941],[13.910398,46.623625],[13.899033,46.628659],[13.894444,46.639812],[13.889002,46.644583],[13.880357,46.633558],[13.877085,46.633378],[13.876033,46.631769],[13.876324,46.625173],[13.880728,46.621101],[13.881926,46.617002],[13.879484149376994,46.61560027490989],[13.882367,46.610604]],[[13.759401,46.565005],[13.758305964783858,46.565271067782206],[13.759577078549086,46.564686986440705],[13.759401,46.565005]],[[13.756767,46.565645],[13.750941739610354,46.56257770804423],[13.757428700514856,46.56548422235023],[13.756767,46.565645]],[[13.747434,46.566483],[13.741857,46.566063],[13.74743406302966,46.56648292945006],[13.747434,46.566483]],[[13.68866,46.567873],[13.688660413247009,46.567872400254686],[13.694099,46.57314],[13.68866,46.567873]],[[13.689075,46.556767],[13.689075208437991,46.55676658396393],[13.691545,46.563686],[13.689075,46.556767]],[[13.645665,46.536387],[13.637558,46.527245],[13.641632,46.529867],[13.645665,46.536386],[13.65014349998409,46.536126500000925],[13.645665,46.536387]],[[13.61877,46.521435],[13.618638046110974,46.5213279331157],[13.623077923767356,46.521747395472104],[13.61877,46.521435]],[[13.61572800446892,46.514885448526975],[13.615729,46.514886],[13.615769,46.519],[13.61572800446892,46.514885448526975]],[[13.608927,46.511988],[13.60867649149122,46.51157782672738],[13.611294,46.512515],[13.614339563407126,46.50947038625406],[13.611373,46.512473],[13.615724514727903,46.514883515389904],[13.608927,46.511988]],[[13.60635526069322,46.50878817176081],[13.606745,46.50851],[13.606781228941495,46.50858604096511],[13.60635526069322,46.50878817176081]],[[13.604695,46.509576],[13.60454426559185,46.50939933835384],[13.60484234346914,46.50950608245854],[13.604695,46.509576]],[[13.594782,46.505403],[13.601858,46.50643],[13.601891358532114,46.506475595581584],[13.594782,46.505403]],[[13.587422,46.504083],[13.593155,46.503962],[13.5931682308553,46.50397371829286],[13.587422,46.504083]],[[13.576295109762658,46.5021481480295],[13.576446,46.502112],[13.587422,46.504083],[13.576295109762658,46.5021481480295]],[[13.569285,46.506397],[13.573595,46.502795],[13.576160077266726,46.502180497098145],[13.569285,46.506397]],[[13.478293,46.506911],[13.473383254192223,46.50669345261842],[13.474129,46.506508],[13.477779,46.506471],[13.481704,46.508478],[13.478293,46.506911]],[[13.45899,46.51005],[13.460788,46.50792],[13.46088494350174,46.50793941153745],[13.45899,46.51005]],[[13.35146,46.510615],[13.370336,46.50396],[13.370769429444442,46.503921537078],[13.35146,46.510615]],[[13.335628,46.511637],[13.333875947562175,46.51128328820232],[13.346516,46.510105],[13.335628,46.511637]],[[13.318231160990646,46.50812485215154],[13.325344,46.509087],[13.328106225734661,46.510118472220995],[13.318231160990646,46.50812485215154]],[[13.309623,46.506387],[13.309035043869006,46.5056813364842],[13.31038734985757,46.50654131020004],[13.309623,46.506387]],[[13.293984,46.471627],[13.295005,46.462576],[13.294341956082407,46.47229679266316],[13.293984,46.471627]],[[13.12852,46.387178],[13.128129858684424,46.38655933817696],[13.139178,46.390601],[13.12852,46.387178]],[[13.121831,46.376571],[13.121764567964158,46.37526373788825],[13.124831737564122,46.381329382918615],[13.121831,46.376571]],[[13.121467,46.325051],[13.12142093883597,46.3242163451456],[13.125926,46.330052],[13.121467,46.325051]],[[9.535937698521339,46.139070871953194],[9.523021,46.138751],[9.533975,46.13878],[9.535937698521339,46.139070871953194]],[[9.581925263192955,46.14007611024754],[9.581490183294433,46.140300493823055],[9.581756,46.140036],[9.581925263192955,46.14007611024754]],[[9.619438510033284,46.145424127918766],[9.611079183958568,46.14316475708814],[9.611411,46.143117],[9.619438510033284,46.145424127918766]],[[9.622742,46.146317],[9.622283849802539,46.14619317049713],[9.62375535578473,46.14627770661243],[9.622742,46.146317]],[[9.632528,46.153422],[9.626899089245667,46.14645831003338],[9.627677,46.146503],[9.632528,46.153422]],[[9.662147775978895,46.16009180009423],[9.660203,46.160087],[9.632528,46.153422],[9.662147775978895,46.16009180009423]],[[9.708801,46.159512],[9.728605,46.160247],[9.69899702400329,46.1601827513733],[9.671172336528032,46.160114074506026],[9.69882267812701,46.1596731282643],[9.708801,46.159512]],[[10.064039962539487,46.1508248200769],[10.05169,46.15148],[10.063077,46.150571],[10.064039962539487,46.1508248200769]],[[10.080069,46.157265],[10.080123371104042,46.157318439741914],[10.067961551378831,46.151858482280744],[10.07101,46.152662],[10.080069,46.157265]],[[10.094179,46.163953],[10.094158725252576,46.163945053882834],[10.09756,46.163243],[10.094179,46.163953]],[[10.228210182761941,46.23760329805758],[10.22119743404202,46.23535802811582],[10.225214,46.23605],[10.228210182761941,46.23760329805758]],[[10.23014827753548,46.23918832998679],[10.228888016201378,46.23795470431297],[10.229203,46.238118],[10.23014827753548,46.23918832998679]],[[10.301947,46.317748],[10.301856744728399,46.31765270081295],[10.303094567045513,46.3185380034127],[10.301947,46.317748]],[[10.307679,46.321694],[10.307283274254011,46.3214215761002],[10.313152,46.322297],[10.307679,46.321694]],[[10.339147528270638,46.32810840928105],[10.337108637103132,46.327199081535824],[10.337333,46.327193],[10.339147528270638,46.32810840928105]],[[10.347988341399686,46.33420671484105],[10.347164985027344,46.33215312682237],[10.347692,46.332419],[10.347988341399686,46.33420671484105]],[[10.355009,46.363345],[10.358148,46.353825],[10.3576482107928,46.3553409950032],[10.355009,46.363345]],[[10.354953,46.504915],[10.353728,46.50209],[10.355040479077958,46.504924193950956],[10.354953,46.504915]],[[10.578372,46.646378],[10.611727,46.633362],[10.638563,46.623329],[10.578372,46.646378]],[[10.708129,46.613893],[10.706163986845235,46.61440389689954],[10.711179,46.610823],[10.708129,46.613893]],[[10.714251,46.610347],[10.725482,46.610359],[10.711179,46.610823],[10.714251,46.610347]],[[10.785449247480555,46.61613345773122],[10.776082,46.616587],[10.785189,46.616106],[10.785449247480555,46.61613345773122]],[[10.874865,46.623774],[10.872240233591798,46.62298767880501],[10.879033,46.623465],[10.874865,46.623774]],[[10.890180013858913,46.62593549973375],[10.888389,46.626141],[10.879033,46.623465],[10.890180013858913,46.62593549973375]],[[10.90025,46.627623],[10.900047432866602,46.627578187228345],[10.900392513093747,46.62760508229933],[10.90025,46.627623]],[[10.915903,46.625655],[10.905578656722984,46.62695304558674],[10.909657,46.62585],[10.915903,46.625655]],[[11.004180632861456,46.64553594081624],[10.991967,46.648451],[11.003594,46.645494],[11.004180632861456,46.64553594081624]],[[11.013274587071114,46.64653562770378],[11.007931763795021,46.645804124723924],[11.012308,46.646117],[11.013274587071114,46.64653562770378]],[[11.092883,46.681264],[11.084827,46.676806],[11.093012096502875,46.68126362048065],[11.092883,46.681264]],[[11.132551,46.673538],[11.131231021715726,46.67420506840048],[11.134941839721055,46.67139010989097],[11.132551,46.673538]],[[11.30634,46.481712],[11.28901,46.487973],[11.306559314369721,46.48111483720831],[11.30634,46.481712]],[[11.350029,46.493379],[11.345948,46.489752],[11.351184507069188,46.49370650506588],[11.350029,46.493379]],[[11.352968,46.494212],[11.351740361613754,46.493864050773816],[11.364072,46.49204],[11.352968,46.494212]],[[11.478938560196733,46.51566716103798],[11.4774451917517,46.51245929074356],[11.477737,46.512485],[11.478938560196733,46.51566716103798]],[[11.479904,46.517741],[11.479835196435353,46.51759320465056],[11.489163,46.524949],[11.479904,46.517741]],[[11.540382,46.619994],[11.538702,46.614045],[11.540533684348631,46.620099707005025],[11.540382,46.619994]],[[11.646477,46.695928],[11.645959542223748,46.69477356218062],[11.659662,46.70994],[11.646477,46.695928]],[[11.661912,46.715804],[11.660574,46.712553],[11.660385724411034,46.71322273782397],[11.659662,46.70994],[11.661912,46.715804]],[[11.665415180294705,46.717435006829206],[11.664777,46.717438],[11.661912,46.715804],[11.665415180294705,46.717435006829206]],[[11.671813,46.717405],[11.668041126054947,46.717422690710656],[11.670325,46.716782],[11.671813,46.717405]],[[11.670938,46.784295],[11.671629652466715,46.783898998159],[11.66986846920024,46.78639246694375],[11.670938,46.784295]],[[11.667621,46.7908],[11.667770389876246,46.79050703010401],[11.670511425654023,46.795893926806166],[11.667621,46.7908]],[[11.671408,46.797474],[11.671324289195244,46.79732647269318],[11.681059,46.805629],[11.671408,46.797474]],[[11.699957,46.815886],[11.698523002550326,46.81548845715795],[11.70447072939974,46.81591909376069],[11.699957,46.815886]],[[11.706913,46.815937],[11.706333867982742,46.81593275391994],[11.711754,46.81335],[11.706913,46.815937]],[[11.817934,46.807574],[11.811246,46.805459],[11.818421182944206,46.80746685142181],[11.817934,46.807574]],[[11.827022179103551,46.80606391057251],[11.826332940789086,46.80578429875514],[11.826441,46.805756],[11.827022179103551,46.80606391057251]],[[11.843611,46.802525],[11.830535,46.807489],[11.830352823896394,46.80741509437063],[11.843753186010092,46.80236139336662],[11.843611,46.802525]],[[11.860565510208867,46.78903473431421],[11.856187,46.794547],[11.858844,46.79008],[11.860565510208867,46.78903473431421]],[[11.864575640043514,46.7874542719339],[11.861298668822824,46.78858957544296],[11.861769,46.788304],[11.864575640043514,46.7874542719339]],[[11.871826234738835,46.78605273263686],[11.870441510779816,46.785678342381324],[11.870839,46.785558],[11.871826234738835,46.78605273263686]],[[11.873164,46.789155],[11.872724944138781,46.786503102598246],[11.873052,46.786667],[11.873164,46.789155]],[[11.875389,46.79049],[11.875215708026698,46.790386024816016],[11.878809,46.790336],[11.875389,46.79049]],[[11.885497,46.788621],[11.883033,46.788286],[11.885786048452882,46.788249224267325],[11.885497,46.788621]],[[11.889165108037743,46.78492704178369],[11.888730602613201,46.785062612646904],[11.888802,46.784971],[11.889165108037743,46.78492704178369]],[[11.900568409426256,46.78464180364962],[11.892972154905888,46.78446615694406],[11.897624,46.783903],[11.900568409426256,46.78464180364962]],[[11.982207,46.789606],[11.972775,46.788664],[11.984139967208334,46.78916796359645],[11.982207,46.789606]],[[12.000754,46.785403],[12.000350229794943,46.78549449976664],[12.002389,46.78325],[12.000754,46.785403]],[[12.011999,46.780628],[12.011909585789292,46.780652395843966],[12.013341,46.779418],[12.011999,46.780628]],[[12.041284,46.768681],[12.040912074226812,46.768799891049774],[12.042059,46.765854],[12.041284,46.768681]],[[12.04649765152148,46.76105850415376],[12.045851,46.764848],[12.046317,46.76104],[12.04649765152148,46.76105850415376]],[[12.255664976739485,46.72658139648217],[12.229406,46.724653],[12.254064,46.726056],[12.255664976739485,46.72658139648217]],[[12.279035500199527,46.73404265751911],[12.284596,46.735319],[12.282294,46.7352],[12.277462,46.733928],[12.27123,46.730186],[12.27905,46.734182],[12.279035500199527,46.73404265751911]],[[12.301048,46.729312],[12.301569653896124,46.72927247007012],[12.284596,46.735319],[12.301048,46.729312]],[[12.319218567442153,46.32091580061816],[12.325985,46.32639],[12.31932,46.322046],[12.319218567442153,46.32091580061816]],[[12.319562093285363,46.318138035970854],[12.319094888329946,46.319537721832326],[12.319025,46.318759],[12.319562093285363,46.318138035970854]],[[12.308727596066491,46.263682364866696],[12.308601717659664,46.26398882049199],[12.308344436341523,46.263171137538556],[12.308727596066491,46.263682364866696]],[[12.340836,46.269399],[12.340056679509985,46.26910928039191],[12.341374575388382,46.269332607352695],[12.340836,46.269399]],[[12.359692625990826,46.26622524293848],[12.358602760712566,46.26607259806471],[12.358818,46.265968],[12.359692625990826,46.26622524293848]],[[12.36924530029399,46.269767999212405],[12.363604991407062,46.26737593864914],[12.368559,46.268833],[12.36924530029399,46.269767999212405]],[[12.429976,46.287372],[12.429643237929666,46.287335727634705],[12.430551105105518,46.286860757597],[12.429976,46.287372]],[[12.543285,46.193646],[12.533346469657124,46.19648803577403],[12.533584,46.196285],[12.543285,46.193646]],[[12.547098,46.189328],[12.55267,46.187927],[12.552602,46.185794],[12.554936,46.186627],[12.560832,46.185142],[12.572815857166207,46.1877077969969],[12.572631,46.187755],[12.570683,46.190554],[12.568163,46.191287],[12.559935,46.188988],[12.556912,46.190286],[12.549767,46.18975],[12.546105,46.190485],[12.543285,46.193646],[12.547098,46.189328]],[[12.586621,46.189624],[12.577286352974161,46.1867402591009],[12.577584,46.186638],[12.586621,46.189624]],[[12.661932,46.173445],[12.658313,46.173689],[12.662553211112824,46.17310836291753],[12.661932,46.173445]],[[12.665261,46.171641],[12.664450634433177,46.172080140727715],[12.665443305993767,46.171161591145655],[12.665261,46.171641]],[[10.104269,45.830003],[10.111080289598343,45.83554241404406],[10.109736,45.834989],[10.104269,45.830003]],[[10.117912272360606,45.83835498896402],[10.127295,45.840701],[10.122581,45.840277],[10.117912272360606,45.83835498896402]],[[10.233924218893899,45.9243310780032],[10.232543,45.923613],[10.229594,45.915401],[10.231506,45.920621],[10.231506637594155,45.9206209784729],[10.233924218893899,45.9243310780032]],[[10.533021253927513,45.82269019689829],[10.536229,45.813066],[10.533226,45.822483],[10.533021253927513,45.82269019689829]],[[10.530812,45.809417],[10.535102,45.80951],[10.535616965257642,45.809882607901024],[10.530812,45.809417]],[[10.536778473017032,45.81072302764162],[10.54852019227747,45.819218857803115],[10.538404,45.812725],[10.536778473017032,45.81072302764162]],[[10.549952029003466,45.820254876581394],[10.55006,45.820333],[10.55030220204569,45.82193992196265],[10.549952029003466,45.820254876581394]],[[10.598528818377734,45.87869669715507],[10.5986,45.878726],[10.600043,45.885015],[10.598528818377734,45.87869669715507]],[[11.112088,46.080281],[11.102525973715588,46.085088375896994],[11.104136156758486,46.08385590256256],[11.104506,46.084048],[11.113080322011637,46.07923130432157],[11.112088,46.080281]],[[11.115240049038816,46.07694670708353],[11.115905207077738,46.07567333337392],[11.115772,46.076384],[11.115240049038816,46.07694670708353]],[[11.116143482732381,46.07440212047415],[11.11184,46.062426],[11.116354,46.073279],[11.116143482732381,46.07440212047415]],[[11.117418,46.043184],[11.110707,46.050858],[11.122056110875208,46.037428838967664],[11.121749,46.03892],[11.117418,46.043184]],[[11.120352185267217,46.05001627799559],[11.12662,46.058402],[11.121564,46.052838],[11.120352185267217,46.05001627799559]],[[11.137997372869364,46.06868816352327],[11.148835,46.070972],[11.138018,46.068764],[11.137997372869364,46.06868816352327]],[[11.162044593210577,46.0802694137333],[11.181459,46.082597],[11.162427,46.080453],[11.162044593210577,46.0802694137333]],[[11.225761,46.064827],[11.2225485884395,46.0675195521447],[11.221016,46.068804],[11.2224513075028,46.0672745752656],[11.228223261123999,46.06112263757872],[11.225761,46.064827]],[[11.23262581887773,46.0544991851181],[11.238519,46.038605],[11.234963,46.050983],[11.23262581887773,46.0544991851181]],[[11.24301565430431,46.03711664989313],[11.242622,46.037805],[11.238519,46.038605],[11.24301565430431,46.03711664989313]],[[11.243093046919133,46.036981319949824],[11.245039869371173,46.0261885127006],[11.243525,46.036226],[11.243093046919133,46.036981319949824]],[[11.245380228829724,46.024301625672074],[11.245389,46.024253],[11.256084,46.017768],[11.245380228829724,46.024301625672074]],[[11.265512912786535,46.00811777688726],[11.266437,46.007172],[11.271026320280933,46.00598772140028],[11.265512912786535,46.00811777688726]],[[11.299138,46.003635],[11.310394,46.002304],[11.311132609718735,46.00236514047116],[11.299138,46.003635]],[[11.312448611820397,46.00247407620069],[11.315794,46.002751],[11.319266432005344,46.00385589061676],[11.312448611820397,46.00247407620069]],[[11.321317744263222,46.004508596173636],[11.321891,46.004691],[11.339251,46.013572],[11.321317744263222,46.004508596173636]],[[11.357679,46.014304],[11.36591,46.015965],[11.36641833271893,46.01618735419032],[11.357679,46.014304]],[[11.526363,46.045563],[11.539313,46.041365],[11.5464222425897,46.04010273401308],[11.526363,46.045563]],[[11.550326679611905,46.03903991897532],[11.556173689629155,46.03508432775388],[11.551524,46.038714],[11.550326679611905,46.03903991897532]],[[11.560100442450713,46.03242781973629],[11.562109,46.031069],[11.570068,46.029416],[11.560100442450713,46.03242781973629]],[[12.310512,46.25631],[12.307942992316894,46.26189528145205],[12.307728,46.261212],[12.310512,46.25631]],[[10.837258,45.58234],[10.838438887672247,45.582913138044525],[10.836217048304244,45.582344243394],[10.837258,45.58234]],[[10.843604,45.58542],[10.843766601646575,45.59530815648538],[10.842847,45.593056],[10.843604,45.58542]],[[10.844915921510198,45.59812290588724],[10.848533,45.603547],[10.845497,45.599546],[10.844915921510198,45.59812290588724]],[[10.942622962385252,45.727949430367055],[10.953703,45.734259],[10.94315,45.728724],[10.942622962385252,45.727949430367055]],[[11.007413,45.769155],[11.008844742210115,45.77071842798269],[10.998006,45.764097],[11.007413,45.769155]],[[11.010566,45.772598],[11.018245,45.787487],[11.009942751342283,45.771917427488575],[11.010566,45.772598]],[[11.123098,46.03237],[11.122898808880587,46.03333716221806],[11.122884676438815,46.02801477731201],[11.123098,46.03237]],[[10.315623378624856,45.967108557616505],[10.315834,45.967148],[10.31816,45.972265],[10.315623378624856,45.967108557616505]],[[10.098847,46.156252],[10.100978,46.160097],[10.100713866345417,46.160340114241464],[10.098847,46.156252]],[[11.279808,46.331076],[11.279836709868093,46.33140504160546],[11.260869,46.314467],[11.279808,46.331076]],[[11.287693,46.354238],[11.288840247384474,46.35774810841872],[11.286868868813416,46.35298735440438],[11.287693,46.354238]],[[11.29068,46.363377],[11.292625,46.377314],[11.289452893640123,46.35962255573388],[11.29068,46.363377]],[[11.316084,46.438518],[11.302387149562326,46.454001692507426],[11.302464,46.453634],[11.316084,46.438518]],[[11.30180970556529,46.45676448524611],[11.301542803739276,46.45976991501646],[11.301327,46.459074],[11.30180970556529,46.45676448524611]],[[11.099922223050235,46.08708135009872],[11.094733610801985,46.093539696422944],[11.098027,46.088532],[11.099922223050235,46.08708135009872]],[[11.091955865018875,46.09776334166666],[11.08960490603439,46.103646544647475],[11.091232,46.098864],[11.091955865018875,46.09776334166666]],[[11.208965,46.245943],[11.221715,46.255968],[11.207884635653992,46.24555680641025],[11.208965,46.245943]],[[11.231621,46.266867],[11.23227857459148,46.26864950553509],[11.230648714518761,46.26579725040783],[11.231621,46.266867]],[[12.932536,46.763616],[12.946636735380707,46.7493953237949],[12.940554,46.7567],[12.932536,46.763616]],[[12.95061893222148,46.74537925439648],[12.950876,46.74512],[12.953600234414044,46.74565754648367],[12.95061893222148,46.74537925439648]],[[12.987982335810166,46.74117348908563],[12.9884,46.74086],[13.002786,46.739979],[12.987982335810166,46.74117348908563]],[[13.057995133388664,46.7329444426335],[13.058349,46.732845],[13.071858,46.734233],[13.057995133388664,46.7329444426335]],[[13.086968,46.732332],[13.090568615810371,46.732619038312286],[13.071858,46.734233],[13.086968,46.732332]],[[13.091514536586898,46.73269444638622],[13.094946,46.732968],[13.097849042681306,46.73407342386211],[13.091514536586898,46.73269444638622]],[[13.10302108401538,46.73604283958695],[13.122752,46.743556],[13.108231,46.738747],[13.10302108401538,46.73604283958695]],[[13.289669,46.753894],[13.295611,46.752348],[13.301161308821937,46.752308041444806],[13.289669,46.753894]],[[13.302863719439872,46.752295785213526],[13.304084,46.752287],[13.306279282264585,46.753304958494525],[13.302863719439872,46.752295785213526]],[[13.329269,46.758263],[13.336962,46.761082],[13.337267932586423,46.761478130115776],[13.329269,46.758263]],[[13.341650921833399,46.76715334784312],[13.34342,46.769444],[13.343610125605117,46.769988782983894],[13.341650921833399,46.76715334784312]],[[13.345604,46.775702],[13.359365,46.794873],[13.359864803882546,46.796218483179175],[13.345604,46.775702]],[[13.36039850648265,46.79765522246071],[13.360982,46.799226],[13.358961,46.80535],[13.36039850648265,46.79765522246071]],[[9.7355268453532,47.17824164081491],[9.737155,47.177509],[9.739392607475896,47.177292350234495],[9.7355268453532,47.17824164081491]],[[9.77759,47.173596],[9.777280479201726,47.17362396844133],[9.77759,47.173594],[9.807061,47.158922],[9.77759,47.173596]],[[9.836886,47.134817],[9.85055,47.140054],[9.836886,47.134819],[9.831122,47.138013],[9.816165,47.152425],[9.809161,47.155032],[9.816164,47.152424],[9.831122,47.13801],[9.836886,47.134817]],[[9.865088,47.143043],[9.871189,47.142146],[9.890853,47.143849],[9.906442,47.141921],[9.912697,47.142869],[9.919918,47.141774],[9.928721,47.137948],[9.94733,47.134927],[9.928721,47.13795],[9.919918,47.141776],[9.912697,47.142871],[9.906442,47.141923],[9.890853,47.14385],[9.871189,47.142148],[9.865088,47.143045],[9.85055,47.140054],[9.865088,47.143043]],[[9.959775,47.130273],[9.962077,47.128331],[9.970096,47.128841],[9.978483074832768,47.1274620462227],[9.978244,47.127601],[9.970096,47.128843],[9.962077,47.128333],[9.959775,47.130275],[9.94733,47.134927],[9.959775,47.130273]],[[9.984419,47.124012],[9.984198849702699,47.124139954561464],[9.984419,47.12401],[9.984600229481483,47.12396427207854],[9.984419,47.124012]],[[9.99069238490009,47.12242709610581],[9.990883,47.122379],[9.99529074550933,47.123019947999566],[9.99069238490009,47.12242709610581]],[[10.0359648116065,47.1272522641255],[10.040193,47.127015],[10.035965120122,47.1272531333628],[10.030655,47.127552],[10.023349,47.125489],[10.011626,47.125126],[10.007979432509485,47.12465585974216],[10.023349,47.125487],[10.030655,47.12755],[10.0359648116065,47.1272522641255]],[[10.060551,47.128525],[10.068811,47.130587],[10.080144,47.130962],[10.086565,47.129841],[10.080144,47.130964],[10.06881,47.13059],[10.060551,47.128527],[10.040193,47.127015],[10.060551,47.128525]],[[10.093049,47.130697],[10.102383,47.129192],[10.114126,47.131388],[10.121446,47.130617],[10.121447020207693,47.13061716057543],[10.114126,47.131391],[10.102383,47.129194],[10.093049,47.130698],[10.086565,47.129841],[10.093049,47.130697]],[[10.121471130629246,47.13062095543147],[10.124394,47.131081],[10.125275440097045,47.13205668212],[10.121471130629246,47.13062095543147]],[[10.131036714806296,47.13423095735445],[10.13234383123675,47.134517507055456],[10.131845,47.134536],[10.131036714806296,47.13423095735445]],[[10.156123,47.137512],[10.138103,47.134304],[10.137065705761684,47.134342455139546],[10.138124,47.134256],[10.15627641997644,47.13750923928153],[10.156123,47.137512]],[[10.221061,47.11279],[10.21621823552947,47.122455873345025],[10.220887,47.112493],[10.221700390027724,47.112089119997165],[10.221061,47.11279]],[[10.22469,47.108812],[10.224598863757526,47.10891190079156],[10.224652,47.10879],[10.226381668896622,47.108879562143514],[10.22469,47.108812]],[[10.245909,47.119757],[10.254895,47.12115],[10.257098806378519,47.12373932864317],[10.256822,47.123655],[10.254895,47.121152],[10.245909,47.119759],[10.239583,47.117188],[10.22860831536058,47.108994857753295],[10.228669,47.108998],[10.239583,47.117187],[10.245909,47.119757]],[[10.275898,47.134816],[10.274117,47.13188],[10.264631,47.126034],[10.26445385291093,47.12598003240813],[10.264631,47.126032],[10.274117,47.131879],[10.275898,47.134816]],[[10.282494,47.135413],[10.282691,47.138467],[10.285498,47.138165],[10.297859,47.141277],[10.302874,47.14088],[10.305465,47.142062],[10.310615,47.141459],[10.31475,47.142986],[10.323598,47.142671],[10.332606,47.145657],[10.347168,47.145607],[10.360862,47.147981],[10.363969,47.150692],[10.380785,47.15021],[10.38385,47.151291],[10.388062,47.149457],[10.395348,47.150027],[10.395633528643165,47.149981236887044],[10.395348,47.150029],[10.388062,47.149459],[10.38385,47.151293],[10.380785,47.150212],[10.363969,47.150693],[10.360862,47.147983],[10.347168,47.145609],[10.332606,47.145659],[10.323598,47.142672],[10.31475,47.142987],[10.310615,47.141461],[10.305465,47.142064],[10.302874,47.140882],[10.297859,47.141279],[10.285498,47.138167],[10.282691,47.138469],[10.282494,47.135415],[10.275898,47.134816],[10.282494,47.135413]],[[10.412878,47.145009],[10.410056,47.144848],[10.405953,47.148255],[10.405784381007278,47.14828320651514],[10.410056,47.144847],[10.41371056553902,47.14435704078346],[10.412878,47.145009]],[[10.418202,47.139775],[10.414284,47.143908],[10.413952479506731,47.144167604596795],[10.418202,47.139774],[10.4182282441627,47.139494000000816],[10.418202,47.139775]],[[10.42891302585544,47.13101078641757],[10.428805,47.131028],[10.418482956182489,47.13677646749074],[10.418483,47.136776],[10.428805,47.131026],[10.42891302585544,47.13101078641757]],[[10.450080700338866,47.12802968379793],[10.455905179545208,47.12720940615082],[10.451256,47.128331],[10.450080700338866,47.12802968379793]],[[10.45662055586394,47.12703682480154],[10.461564622810114,47.12513072846156],[10.460794,47.12603],[10.45662055586394,47.12703682480154]],[[10.488673966935217,47.11733097038792],[10.478984,47.118417],[10.474299,47.121001],[10.468606620349782,47.12241581260734],[10.478984,47.118415],[10.488093,47.117136],[10.488673966935217,47.11733097038792]],[[10.491973334405154,47.11843822609647],[10.494574,47.119311],[10.49499548721974,47.12014308207313],[10.491973334405154,47.11843822609647]],[[10.499024,47.128097],[10.499021023123772,47.128090123178055],[10.499024,47.128096],[10.506733,47.130389],[10.499024,47.128097]],[[10.51159,47.134376],[10.5158,47.133192],[10.5159999398309,47.133285792372504],[10.515799,47.133193],[10.51159,47.134377],[10.506733,47.130389],[10.51159,47.134376]],[[10.529143,47.136199],[10.52787605054877,47.13606884580722],[10.529143,47.136196],[10.529419501004213,47.13630078519494],[10.529143,47.136199]],[[10.541677,47.140813],[10.541384881845099,47.14070546583958],[10.553773,47.140612],[10.554978546361149,47.14097224794293],[10.541677,47.140813]],[[10.571431416401152,47.14671265461662],[10.557748005843084,47.141799832939725],[10.564756,47.143894],[10.564756350081522,47.143891147977165],[10.571431416401152,47.14671265461662]],[[10.580586647516233,47.150582510606064],[10.580602,47.150589],[10.580601290530137,47.150591561475586],[10.580586647516233,47.150582510606064]],[[10.579960068061757,47.15290663612584],[10.579891,47.153156],[10.572412503625266,47.15421363496861],[10.579960068061757,47.15290663612584]],[[10.572059338167731,47.15564415117564],[10.572260112978404,47.15573390622241],[10.572059,47.155646],[10.572059338167731,47.15564415117564]],[[10.602253,47.170494],[10.60263151087938,47.170744041973826],[10.594605,47.168655],[10.590679045272203,47.16396796767622],[10.591084,47.164149],[10.594606,47.168653],[10.602253,47.170494]],[[10.613311,47.175953],[10.613268566357172,47.17594215403384],[10.613311,47.175951],[10.613355874092793,47.17599374632426],[10.613311,47.175953]],[[10.649683,47.197017],[10.644369,47.188779],[10.640617,47.186191],[10.640165096221656,47.18610341745133],[10.640617,47.18619],[10.644369,47.188778],[10.649683,47.197017]],[[10.658376,47.19938],[10.664712,47.20257],[10.66902,47.203668],[10.677868,47.202633],[10.684601,47.203324],[10.689752,47.206563],[10.69891,47.209721],[10.706805,47.215191],[10.750493,47.21655],[10.761489,47.220086],[10.783699272676653,47.21256854536666],[10.761489,47.220088],[10.750493,47.216551],[10.706804,47.215193],[10.69887,47.209778],[10.689752,47.206564],[10.684601,47.203326],[10.677868,47.202635],[10.66902,47.20367],[10.664712,47.202573],[10.658376,47.199381],[10.649683,47.197017],[10.658376,47.19938]],[[10.808278,47.211874],[10.816553,47.216661],[10.817463,47.220011],[10.82078,47.223162],[10.821581,47.227435],[10.827517,47.225943],[10.835552,47.228283],[10.827517,47.225945],[10.821581,47.227437],[10.82078,47.223164],[10.817463,47.220013],[10.816553,47.216663],[10.808253,47.211955],[10.803489,47.212267],[10.795442,47.210775],[10.787948023281238,47.211264023280364],[10.795442,47.210774],[10.803489,47.212265],[10.808278,47.211874]],[[10.836154,47.230436],[10.841119,47.234778],[10.836153,47.230437],[10.835552,47.228283],[10.836154,47.230436]],[[10.845927,47.235213],[10.857248,47.241421],[10.857247837286712,47.241423910759934],[10.845927,47.235215],[10.841119,47.234778],[10.845927,47.235213]],[[10.856969,47.246415],[10.856969163465973,47.24641207577535],[10.86151,47.248517],[10.861509038818832,47.24851855465202],[10.856969,47.246415]],[[10.880545,47.260175],[10.8889604392139,47.2602373252838],[10.889052,47.260238],[10.895639,47.263834],[10.903478,47.264184],[10.910225,47.266752],[10.916687,47.267583],[10.923135,47.272346],[10.93444,47.271897],[10.94251,47.274445],[10.948041,47.273122],[10.954581,47.273713],[10.960042,47.279402],[10.966287,47.280263],[10.978337,47.285048],[10.966287,47.280265],[10.960042,47.279404],[10.954581,47.273716],[10.948041,47.273124],[10.94251,47.274447],[10.93444,47.271898],[10.923135,47.272347],[10.916687,47.267585],[10.910225,47.266754],[10.903478,47.264187],[10.895639,47.263836],[10.889052,47.260239],[10.880545,47.260176],[10.874436,47.258584],[10.864621,47.251807],[10.860237,47.250578],[10.860238053864757,47.25057629543791],[10.864621,47.251805],[10.874436,47.258582],[10.880545,47.260175]],[[11.015456,47.29136],[11.025957,47.294458],[11.015456,47.291362],[10.978337,47.285048],[11.015456,47.29136]],[[11.045572,47.297683],[11.060122,47.298333],[11.071501,47.301276],[11.060122,47.298335],[11.045572,47.297685],[11.025957,47.294458],[11.045572,47.297683]],[[11.080811,47.301933],[11.097048,47.307809],[11.110218,47.310897],[11.115225,47.310267],[11.110218,47.310898],[11.097048,47.307811],[11.080811,47.301935],[11.071501,47.301276],[11.080811,47.301933]],[[11.167273,47.283268],[11.182633,47.285344],[11.189276,47.283148],[11.192741,47.280318],[11.206717,47.280158],[11.215917,47.276618],[11.227597,47.274621],[11.234313,47.270684],[11.238451,47.264402],[11.243678,47.262459],[11.250614,47.262804],[11.262277,47.26697],[11.269467,47.265619],[11.282198,47.266175],[11.291226,47.263636],[11.319832,47.265302],[11.323215,47.264384],[11.327562,47.258857],[11.329228042606562,47.25797972048836],[11.323215,47.264387],[11.319832,47.265304],[11.291226,47.263638],[11.282198,47.266177],[11.269467,47.265621],[11.262276,47.266971],[11.250614,47.262805],[11.243678,47.262461],[11.238451,47.264404],[11.234313,47.270686],[11.227597,47.274623],[11.215917,47.276619],[11.206717,47.280159],[11.192741,47.280321],[11.189276,47.28315],[11.182633,47.285346],[11.167273,47.283269],[11.163243,47.283946],[11.123959,47.299976],[11.119026,47.308134],[11.123959,47.299974],[11.163243,47.283945],[11.167273,47.283268]],[[11.332970963200642,47.25600882998534],[11.338761,47.25296],[11.339876668201008,47.25288627835428],[11.332970963200642,47.25600882998534]],[[11.35698634943986,47.255114289748654],[11.356935,47.255124],[11.341328742258819,47.252790327524856],[11.344088,47.252608],[11.356935,47.255123],[11.35698634943986,47.255114289748654]],[[11.36876091002619,47.253117006381],[11.369321,47.253022],[11.370500360447323,47.253325686923695],[11.36876091002619,47.253117006381]],[[11.391536,47.268872],[11.399893690753778,47.278203743001185],[11.399266,47.277966],[11.391536,47.268874],[11.383528,47.264454],[11.372204406783087,47.253764481179275],[11.372987,47.253966],[11.383528,47.264452],[11.391536,47.268872]],[[11.403081115668579,47.27941100622872],[11.406042291678315,47.28016942332573],[11.405386,47.280284],[11.403081115668579,47.27941100622872]],[[11.403496,47.196106],[11.411196,47.192262],[11.4069926854633,47.1943605149256],[11.403496,47.196106]],[[11.440007,47.16435],[11.447716923947494,47.157228371629785],[11.447728,47.157295],[11.440007,47.16435]],[[11.485122165876446,47.0687630037803],[11.485102,47.066681],[11.48658813481163,47.06573997036164],[11.485122165876446,47.0687630037803]],[[11.487404426588858,47.064056662303265],[11.487217176808576,47.063487473368454],[11.487461,47.06394],[11.487404426588858,47.064056662303265]],[[11.484653409515333,47.05569431082088],[11.484601,47.055535],[11.484606820002412,47.05548087040701],[11.484653409515333,47.05569431082088]],[[11.484639760093637,47.055174507349975],[11.485238541930057,47.04960546892045],[11.485871,47.051394],[11.484639760093637,47.055174507349975]],[[11.508403936565132,47.00694761676022],[11.493661,46.984475],[11.508523,47.006685],[11.508403936565132,47.00694761676022]],[[11.431276,46.905956],[11.431069,46.900616],[11.431133270153785,46.90057262393822],[11.431276,46.905956]],[[11.653857,46.727794],[11.65930040677268,46.71708345220236],[11.658372,46.720386],[11.653857,46.727794]],[[10.531585,46.713487],[10.529679,46.71682],[10.531495353755544,46.71337602983684],[10.531585,46.713487]],[[10.527360110042139,46.78616422182609],[10.527065610231285,46.789462408217666],[10.52672,46.78839],[10.527360110042139,46.78616422182609]],[[10.526449,46.796368],[10.525651138737867,46.79765635315588],[10.526598070016185,46.794698522870796],[10.526449,46.796368]],[[10.516601,46.814996],[10.508285,46.825529],[10.516619416858934,46.81477823961179],[10.516601,46.814996]],[[10.506473,46.844437],[10.506400334254002,46.84452997583882],[10.505066,46.840773],[10.506473,46.844437]],[[10.504312271361625,46.84724642929887],[10.504325079932924,46.84934354174516],[10.504306,46.847254],[10.504312271361625,46.84724642929887]],[[10.504338465030374,46.85080941272039],[10.507943,46.855179],[10.504339,46.850868],[10.504338465030374,46.85080941272039]],[[10.510056,46.862643],[10.510023469687132,46.86378126788453],[10.506779,46.857248],[10.510056,46.862643]],[[10.509945,46.866527],[10.505343,46.875218],[10.509997907234851,46.864675723421975],[10.509945,46.866527]],[[10.506967,46.878652],[10.506950320791839,46.87869621832244],[10.505343,46.875218],[10.506967,46.878652]],[[10.504975,46.883933],[10.50453559051794,46.88425826195168],[10.50684410165412,46.878977816347685],[10.504975,46.883933]],[[10.48831,46.926139],[10.486077570852615,46.93114643039748],[10.485898,46.930384],[10.48831,46.926139]],[[10.486241229118251,46.93184129838247],[10.488589819421998,46.9339473371644],[10.4865,46.93294],[10.486241229118251,46.93184129838247]],[[10.618878,47.023972],[10.619057771938085,47.024340651265106],[10.604324,47.018341],[10.618878,47.023972]],[[10.662035295827279,47.10266807498242],[10.661736,47.105006],[10.658708,47.109551],[10.657925142556678,47.1100277632356],[10.662035295827279,47.10266807498242]],[[12.759559164177332,47.28819831593044],[12.758837,47.288328],[12.751754309169318,47.28430205773041],[12.759559164177332,47.28819831593044]],[[12.748469,47.282662],[12.74920529638186,47.283029566189576],[12.737001,47.279366],[12.748469,47.282662]],[[12.423652410773782,47.52156118230788],[12.412985,47.517544],[12.423205,47.52092],[12.423652410773782,47.52156118230788]],[[12.39284,47.522342],[12.392797481793846,47.52233254866381],[12.412985,47.517544],[12.39284,47.522342]],[[12.390208615842232,47.52175707183481],[12.389592174382734,47.52162004358267],[12.389683,47.521593],[12.390208615842232,47.52175707183481]],[[12.386081,47.522829],[12.385750416432757,47.52276393780373],[12.388877908531992,47.521832718246095],[12.386081,47.522829]],[[12.149223,47.575538],[12.148907995707688,47.575013361495245],[12.150587629735156,47.57562462379186],[12.149223,47.575538]],[[12.124798,47.552732],[12.11484646396326,47.54086470154361],[12.115867,47.541408],[12.124798,47.552732]],[[12.0542351604948,47.493293541427164],[12.051802647636173,47.49125808038599],[12.05309,47.491681],[12.0542351604948,47.493293541427164]],[[11.9194135275034,47.458849688538],[11.917212,47.45847],[11.935125,47.461558],[11.9194135275034,47.458849688538]],[[11.481692,47.272694],[11.451065983180294,47.26724645197906],[11.451545,47.267086],[11.481692,47.272694]],[[11.421831,47.277413],[11.419499229890597,47.27782008494887],[11.43784281519196,47.27167569827258],[11.421831,47.277413]],[[12.58928,47.587451],[12.607933381468126,47.58740953338126],[12.607454,47.587506],[12.58928,47.587451]],[[12.476512,47.585217],[12.484642,47.581363],[12.476291839881345,47.585830228184236],[12.476512,47.585217]],[[12.873176128596095,47.73376406509663],[12.901642,47.747789],[12.875296,47.735179],[12.873176128596095,47.73376406509663]],[[12.867283017653756,47.72968323967918],[12.868089518479035,47.730368943024025],[12.867339,47.729868],[12.867283017653756,47.72968323967918]],[[12.873327,47.717621],[12.865649261078108,47.724291300803685],[12.865531,47.723901],[12.873327,47.717621]],[[12.833673598190556,47.68208447253673],[12.844492,47.691436],[12.837909,47.686778],[12.833673598190556,47.68208447253673]],[[12.831202,47.679948],[12.831569121396534,47.68026534316053],[12.830842110563223,47.67997847748635],[12.831202,47.679948]],[[12.816531,47.683534],[12.825841,47.680402],[12.816246042862023,47.683772686997465],[12.816531,47.683534]],[[12.73133,47.648893],[12.736084573166771,47.65481893484916],[12.735889,47.654797],[12.73133,47.648893]],[[12.699028,47.584896],[12.699081017365193,47.5851313574623],[12.696165597801501,47.58519218974621],[12.699028,47.584896]],[[12.682404334604167,47.579561797634064],[12.68266,47.579578],[12.691007904672759,47.585299808648344],[12.690184,47.585317],[12.682404334604167,47.579561797634064]],[[12.668676,47.578691],[12.680849018225098,47.57946319744925],[12.667857389703876,47.57889685184799],[12.668676,47.578691]],[[12.660166,47.579622],[12.66184036059798,47.579948463218514],[12.654869,47.581551],[12.660166,47.579622]],[[14.834282700105248,46.64748579844445],[14.830872269195668,46.64682222593553],[14.833659,46.647148],[14.834282700105248,46.64748579844445]],[[14.840271974522674,46.65368889784985],[14.837282680403966,46.64911059964257],[14.83831,46.649667],[14.840271974522674,46.65368889784985]],[[14.841593,46.665719],[14.84159299842751,46.66571898566161],[14.84159304253645,46.66571902920657],[14.841593,46.665719]],[[14.854576,46.668057],[14.869818,46.660538],[14.86982797663349,46.66052536648923],[14.869819,46.660539],[14.854577,46.668059],[14.845234,46.668219],[14.84522667773872,46.668213972355616],[14.845233,46.668217],[14.854576,46.668057]],[[14.879242335403351,46.65082197890364],[14.875788011943943,46.652978114166395],[14.876547,46.652017],[14.879242335403351,46.65082197890364]],[[14.886382400617295,46.647884858125515],[14.885391870862598,46.64809548163822],[14.886029,46.647813],[14.886382400617295,46.647884858125515]],[[14.897357,46.652256],[14.903996,46.651834],[14.904039135906768,46.65184178445384],[14.903997,46.651836],[14.897358,46.652258],[14.88848167622987,46.648311710833404],[14.891429,46.648911],[14.897357,46.652256]],[[14.919855,46.654013],[14.918904907737424,46.6538825705098],[14.920115846971983,46.65386553267244],[14.919855,46.654013]],[[14.936116,46.64482],[14.930034870188935,46.64825790826844],[14.942830568113205,46.63961726437901],[14.936116,46.64482]],[[14.968837033698565,46.626258150118225],[14.967071,46.627851],[14.944450549576052,46.63852332772852],[14.947241,46.636639],[14.968837033698565,46.626258150118225]],[[14.970273,46.624963],[14.969276212777258,46.62586203856942],[14.972877688380871,46.61927495908795],[14.970273,46.624963]],[[14.973859,46.617132],[14.973638982422791,46.61761246783243],[14.974788,46.608455],[14.973859,46.617132]],[[15.013709558369332,46.58468849757409],[15.012336,46.590694],[15.012893,46.585045],[15.013709558369332,46.58468849757409]],[[15.018736,46.58668],[15.014067622453014,46.58453216984633],[15.014888,46.584174],[15.018736,46.58668]],[[15.033063,46.592715],[15.027867,46.588337],[15.03429325046753,46.593273937984264],[15.033063,46.592715]],[[15.04019,46.595953],[15.03721946951696,46.59460340301612],[15.055398,46.599579],[15.04019,46.595953]],[[15.523332,46.556356],[15.511983,46.54791],[15.525703991127852,46.557001371455605],[15.523332,46.556356]],[[15.528529,46.55777],[15.52691515364203,46.55733090460839],[15.569762,46.564504],[15.528529,46.55777]],[[14.635918,46.233439],[14.633282,46.233831],[14.625371,46.233016],[14.633282,46.23383],[14.635917480262911,46.23343707748736],[14.635918,46.233439]],[[14.63541324267985,46.23157089719461],[14.635413,46.23157],[14.641652,46.228928],[14.63541324267985,46.23157089719461]],[[14.639179765982744,46.226686694433205],[14.639179,46.226686],[14.643814,46.224838],[14.639179765982744,46.226686694433205]],[[14.64454299696536,46.22754198874394],[14.644570676236143,46.227541676236044],[14.644543,46.227542],[14.64454299696536,46.22754198874394]],[[14.687117,46.22402],[14.68996299998989,46.22328550000261],[14.687117,46.224021],[14.681034,46.222659],[14.679529,46.223825],[14.669953,46.224078],[14.679528,46.223824],[14.681033,46.222658],[14.687117,46.22402]],[[14.699226,46.218781],[14.69922570044392,46.21878108084405],[14.699076,46.217822],[14.699076148836776,46.21782195255536],[14.699226,46.218781]],[[14.711441,46.217017],[14.715596,46.215185],[14.715596841678204,46.215185069789584],[14.711441,46.217017]],[[14.725208,46.215983],[14.716332898450847,46.21524610154653],[14.725208,46.215982],[14.72521185889703,46.21598086003108],[14.725208,46.215983]],[[14.737094,46.217299],[14.73456671547642,46.21472927972882],[14.752421305246655,46.21758668774424],[14.740397,46.21836],[14.737094,46.217299]],[[14.782359,46.222505],[14.779363639845895,46.221898477812154],[14.782135,46.222342],[14.785017205829574,46.22143111531867],[14.782359,46.222505]],[[14.804946391743036,46.2151327482924],[14.806341,46.214692],[14.81300045847712,46.214975381211794],[14.804946391743036,46.2151327482924]],[[14.834855,46.216573],[14.826770225963651,46.214920271856286],[14.83974,46.213782],[14.840803154461543,46.21379712981107],[14.834855,46.216573]],[[14.842116258210199,46.21381581666453],[14.855806277334715,46.214010640098316],[14.85061,46.21456],[14.842116258210199,46.21381581666453]],[[14.866437756378843,46.214538146183834],[14.89077603384756,46.21662333968902],[14.884698,46.216851],[14.866437756378843,46.214538146183834]],[[14.910806323187554,46.21833944426103],[14.911233,46.218376],[14.912348,46.221028],[14.910806323187554,46.21833944426103]],[[14.934830422641676,46.22728136324612],[14.944087,46.22636],[14.94410354048012,46.22639912844813],[14.934830422641676,46.22728136324612]],[[14.946119,46.232951],[14.947980594443509,46.22843298426949],[14.947981,46.228433],[14.946119275777752,46.23295133069835],[14.946119,46.232951]],[[14.946120801519795,46.232953160288915],[14.94867,46.234595],[14.950252710993412,46.23790793139359],[14.946120801519795,46.232953160288915]],[[14.950814,46.238581],[14.950502738774624,46.23820775171483],[14.960029,46.241346],[14.96015512428647,46.24156471552852],[14.950814,46.238581]],[[14.9603605350628,46.24192092389858],[14.961183667224892,46.24334833959237],[14.959839,46.242916],[14.9603605350628,46.24192092389858]],[[13.976084,46.215466],[13.967778,46.211472],[13.971361,46.213083],[13.977290456814957,46.215297113684166],[13.976084,46.215466]],[[14.00181568180655,46.21367730964454],[14.003962180156242,46.21204055946246],[14.002864,46.213415],[14.00181568180655,46.21367730964454]],[[14.012124,46.205817],[14.013732,46.195526],[14.013919284245622,46.19541585835753],[14.012124,46.205817]],[[14.030897578943842,46.19371008945554],[14.033116,46.193626],[14.034368862082502,46.19458971032758],[14.030897578943842,46.19371008945554]],[[14.03587805747242,46.19575059403849],[14.036357,46.196119],[14.036562043342348,46.19703769788374],[14.03587805747242,46.19575059403849]],[[14.039317392160772,46.20222262964197],[14.039356440006895,46.202258575963505],[14.039333,46.202252],[14.039317392160772,46.20222262964197]],[[14.052292592866902,46.20993442118422],[14.054213817881944,46.210266355085125],[14.052411,46.210039],[14.052292592866902,46.20993442118422]],[[14.061966040857003,46.21124399532933],[14.063370871809466,46.211289291582986],[14.0631,46.211387],[14.061966040857003,46.21124399532933]],[[14.074374702215618,46.209961312837635],[14.07803,46.208973],[14.074551,46.209966],[14.074374702215618,46.209961312837635]],[[14.114384,46.205024],[14.119793,46.205779],[14.119879340759612,46.205826126931925],[14.114384,46.205024]],[[14.120154267900299,46.205976188996495],[14.121757,46.206851],[14.121904,46.208969],[14.120154267900299,46.205976188996495]],[[14.125873650967998,46.20825851194543],[14.1261,46.208218],[14.12663,46.210366],[14.125873650967998,46.20825851194543]],[[14.157456,46.222511],[14.151854180722664,46.215297938811155],[14.152224,46.215319],[14.157623749670737,46.22247639940099],[14.157456,46.222511]],[[14.169925263185823,46.24236969242339],[14.174240529995215,46.245582371135676],[14.169852,46.242761],[14.169925263185823,46.24236969242339]],[[14.178422619311913,46.24827102225525],[14.179580007924008,46.24831531221658],[14.178897,46.248576],[14.178422619311913,46.24827102225525]],[[14.203740775932559,46.2518086648991],[14.20015,46.248369],[14.2005775445321,46.2487485436821],[14.203533,46.251372],[14.203740775932559,46.2518086648991]],[[14.204279573995201,46.25294101068507],[14.205639,46.255798],[14.2058409217065,46.2573738108337],[14.204279573995201,46.25294101068507]],[[14.206454464671333,46.26216194217275],[14.207507,46.270376],[14.207331577572857,46.27210584012374],[14.206454464671333,46.26216194217275]],[[13.82236650000029,46.487625985327604],[13.828187,46.487732],[13.837497000006593,46.48348230508969],[13.828188,46.487733],[13.82236650000029,46.487625985327604]],[[13.739704,46.49315],[13.739703985828713,46.4931499560477],[13.749886,46.492696],[13.751404416200705,46.49200441620879],[13.749887,46.492696],[13.739704,46.49315]],[[13.696121,46.496723],[13.734589,46.492262],[13.739375795357684,46.49232420464264],[13.734589,46.492263],[13.696121,46.496723]],[[13.667097,46.496099],[13.672225,46.493907],[13.67813,46.493867],[13.672226,46.493907],[13.667097,46.496099]],[[14.097219,46.419943],[14.089284,46.420205],[14.08353349997957,46.42334050001114],[14.089284,46.420204],[14.097219,46.419942],[14.100796,46.416563],[14.097219,46.419943]],[[14.055285,46.433633],[14.05733,46.431129],[14.05893750000571,46.43125400000044],[14.05733,46.43113],[14.055286,46.433633],[14.049761,46.435523],[14.045346,46.434835],[14.041179,46.435969],[14.037358666675715,46.437812666662296],[14.041179,46.435968],[14.045345,46.434834],[14.04976,46.435521],[14.055285,46.433633]],[[14.006688,46.4476],[14.00157,46.450551],[13.995943821110401,46.4505906421809],[14.001569,46.45055],[14.006688,46.447599],[14.01436466668485,46.445566666661854],[14.006688,46.4476]],[[13.967144,46.460152],[13.955432,46.462635],[13.950077,46.461576],[13.955432,46.462634],[13.967144,46.460151],[13.971293666656837,46.45854733333714],[13.967144,46.460152]],[[13.929793,46.464575],[13.93666776236503,46.46468168594243],[13.929023490028733,46.46494078394415],[13.929793,46.464575]],[[13.921498,46.468519],[13.909388,46.469458],[13.906030333317428,46.47072366667266],[13.909388,46.469457],[13.921498,46.468518],[13.921512588878667,46.46851106522622],[13.921498,46.468519]],[[13.880635,46.478533],[13.877877,46.476921],[13.869021,46.479568],[13.866542,46.478285],[13.863107003009064,46.47798800902489],[13.866541,46.478284],[13.86902,46.479566],[13.877877,46.47692],[13.880635,46.478533]],[[15.197565,46.4428],[15.185839,46.447427],[15.197434695326756,46.44267103009592],[15.197565,46.4428]],[[14.974012,46.547265],[14.974007097536319,46.5472652038277],[14.976701,46.540402],[14.974012,46.547265]],[[13.195133675109075,47.334631397930764],[13.195593,47.33474],[13.196601562325302,47.33567906077117],[13.195133675109075,47.334631397930764]],[[13.197757745820397,47.33675556991421],[13.198147,47.337118],[13.197725901529465,47.337385923570615],[13.197757745820397,47.33675556991421]],[[13.193527747806058,47.34044100616794],[13.19591,47.345117],[13.193264,47.340592],[13.193527747806058,47.34044100616794]],[[13.229279926607298,47.330102156417524],[13.229341,47.33008],[13.236032,47.330286],[13.229279926607298,47.330102156417524]],[[13.265211,47.336084],[13.282750313551018,47.33605097791497],[13.28231,47.336208],[13.265211,47.336084]],[[13.286634,47.334666],[13.291471360916388,47.33507800261902],[13.291456,47.335102],[13.286634,47.334666]],[[13.291710138169982,47.33470497612896],[13.292044,47.333747],[13.2923392550696,47.333722146879666],[13.291710138169982,47.33470497612896]],[[13.293127043603985,47.333655834713475],[13.29442,47.333547],[13.29527864031401,47.33375949409789],[13.293127043603985,47.333655834713475]],[[13.297270101355059,47.33425233575755],[13.301952,47.335411],[13.302177367600123,47.335685047001746],[13.297270101355059,47.33425233575755]],[[13.304951061729026,47.3390578590625],[13.312077,47.347723],[13.307895,47.343998],[13.304951061729026,47.3390578590625]],[[13.739895,47.410635],[13.752375952132581,47.41101502778999],[13.74833,47.411506],[13.739895,47.410635]],[[13.755660422735584,47.41111503539288],[13.756546,47.411142],[13.758168455986548,47.41262707517873],[13.755660422735584,47.41111503539288]],[[13.76116599491712,47.41443422750452],[13.771171,47.418274],[13.762267,47.415098],[13.76116599491712,47.41443422750452]],[[13.787882705301044,47.41733497778523],[13.788227,47.417212],[13.795096,47.419669],[13.787882705301044,47.41733497778523]],[[14.152423,47.545345],[14.180187,47.544935],[14.180562252507238,47.545083010459685],[14.152423,47.545345]],[[14.187803606812151,47.547939210374935],[14.206452416202257,47.555294841042446],[14.205507,47.555374],[14.187803606812151,47.547939210374935]],[[14.286012,47.561618],[14.286021685945752,47.56161252309156],[14.286012,47.56162],[14.283164,47.561824],[14.267168,47.554302],[14.247608,47.551851],[14.24442371890848,47.55553716778161],[14.244423,47.555536],[14.247607,47.551849],[14.267168,47.554301],[14.283164,47.561823],[14.286012,47.561618]],[[14.292270181008089,47.558079317740486],[14.292582,47.557903],[14.292890310420708,47.55804755845721],[14.292270181008089,47.558079317740486]],[[14.31785635070975,47.57222154957564],[14.317456,47.572225],[14.31334,47.570557],[14.309593,47.565881],[14.309316953010006,47.56574956899699],[14.309593,47.565879],[14.31334,47.570556],[14.31785635070975,47.57222154957564]],[[14.329953,47.574324],[14.32577222200119,47.57235748254321],[14.326577,47.572315],[14.330902841506088,47.57431317061909],[14.329953,47.574324]],[[14.335391,47.574262],[14.332156075904976,47.574298882179825],[14.336626233901976,47.57334737592705],[14.336628,47.573349],[14.335391,47.574262]],[[14.336605422539378,47.573328238160826],[14.334764215346945,47.57179819747991],[14.334999,47.571851],[14.336605422539378,47.573328238160826]],[[14.313623,47.532638],[14.327421,47.530279],[14.333842,47.526789],[14.344114,47.525648],[14.352173,47.52521],[14.354434,47.526712],[14.365801,47.527445],[14.368808,47.525478],[14.423699,47.51426],[14.430868,47.511146],[14.437346,47.51136],[14.455735,47.509035],[14.464958,47.505447],[14.467431,47.501154],[14.472154,47.4973],[14.489668,47.497442],[14.505492,47.489305],[14.525852,47.486029],[14.531391,47.483632],[14.540489,47.483847],[14.555355,47.481883],[14.56248,47.482467],[14.576489,47.47613],[14.584699,47.475241],[14.59167,47.472357],[14.595082,47.47198],[14.601031,47.473545],[14.608003,47.471682],[14.609837,47.469586],[14.636331,47.468017],[14.609837,47.469588],[14.608003,47.471684],[14.601031,47.473546],[14.595082,47.471981],[14.591671,47.472357],[14.584699,47.475242],[14.576489,47.476132],[14.56248,47.482469],[14.555356,47.481885],[14.54049,47.483848],[14.531391,47.483634],[14.525853,47.486031],[14.505493,47.489306],[14.489668,47.497443],[14.472154,47.497302],[14.467432,47.501156],[14.464958,47.505448],[14.455735,47.509036],[14.437346,47.511362],[14.430868,47.511148],[14.423699,47.514262],[14.368809,47.525479],[14.365802,47.527446],[14.354435,47.526714],[14.352173,47.525212],[14.344114,47.52565],[14.333842,47.52679],[14.327421,47.53028],[14.313623,47.532639],[14.308473,47.535891],[14.305958005615683,47.54819569200355],[14.305874,47.548119],[14.308472,47.53589],[14.313623,47.532638]],[[14.664288,47.45331],[14.667298,47.44997],[14.676137,47.449497],[14.686039,47.442398],[14.689578,47.437416],[14.698835,47.435763],[14.710249,47.428749],[14.720035,47.425366],[14.734131,47.424329],[14.737993,47.422872],[14.746184,47.424346],[14.751419,47.423982],[14.754125,47.420572],[14.764163,47.418413],[14.766268,47.416969],[14.774992,47.415805],[14.779804,47.409922],[14.789226,47.40723],[14.790912,47.403143],[14.795327,47.402748],[14.797428,47.401162],[14.802563,47.401971],[14.816822,47.397235],[14.826709,47.395743],[14.832421,47.396278],[14.836569,47.394856],[14.854943,47.397218],[14.856278,47.395726],[14.85996,47.395033],[14.861918000002673,47.39557704944724],[14.859961,47.395034],[14.856279,47.395727],[14.854944,47.397219],[14.83657,47.394858],[14.832422,47.39628],[14.82671,47.395744],[14.816823,47.397235],[14.802564,47.401973],[14.797429,47.401164],[14.795328,47.40275],[14.790913,47.403145],[14.789227,47.407232],[14.779805,47.409924],[14.774993,47.415805],[14.766268,47.416971],[14.764164,47.418415],[14.754126,47.420574],[14.75142,47.423984],[14.746185,47.424348],[14.737994,47.422873],[14.734132,47.42433],[14.720035,47.425368],[14.71025,47.428751],[14.698836,47.435765],[14.689579,47.437417],[14.68604,47.442399],[14.676138,47.449498],[14.667298,47.449972],[14.664289,47.453312],[14.655091,47.456707],[14.647889,47.461666],[14.638366,47.46567],[14.647888,47.461665],[14.655091,47.456705],[14.664288,47.45331]],[[14.878887,47.392035],[14.880268,47.389557],[14.89085,47.386538],[14.901533,47.387357],[14.90573399999586,47.388855978559015],[14.901534,47.387358],[14.890851,47.38654],[14.880269,47.389559],[14.878888,47.392037],[14.870734,47.39376],[14.869127,47.392618],[14.862671,47.395786],[14.862670361150592,47.39578582272518],[14.869126,47.392617],[14.870733,47.393759],[14.878887,47.392035]],[[14.920693,47.392224],[14.920352,47.390923],[14.923277,47.390165],[14.936447,47.389957],[14.940502,47.387424],[14.947551,47.379319],[14.953907,47.378457],[14.947552,47.37932],[14.940504,47.387426],[14.936448,47.389959],[14.923278,47.390167],[14.920353,47.390925],[14.920694,47.392226],[14.91925,47.39265],[14.91129,47.389361],[14.908064,47.389687],[14.908063778693712,47.38968692106856],[14.911289,47.38936],[14.919248,47.392648],[14.920693,47.392224]],[[14.958633,47.376373],[14.96257,47.376775],[14.974413,47.37293],[14.983807,47.37203],[14.983991,47.37094],[14.989663,47.369267],[14.993974,47.366169],[15.005047,47.362792],[15.008165,47.357104],[15.010025,47.348494],[15.013371,47.344258],[15.014105,47.339306],[15.020966,47.336118],[15.021416790884794,47.333816337685406],[15.021417233242838,47.33381620912106],[15.020967,47.33612],[15.014106,47.339308],[15.013372,47.34426],[15.010027,47.348496],[15.008166,47.357105],[15.005048,47.362793],[14.993975,47.36617],[14.989664,47.369268],[14.983992,47.370942],[14.983808,47.372032],[14.974414,47.372932],[14.962571,47.376776],[14.958634,47.376374],[14.953907,47.378457],[14.958633,47.376373]],[[15.026759,47.332266],[15.026552346418985,47.33232376995041],[15.026758,47.332264],[15.03281036934738,47.335729630632905],[15.026759,47.332266]],[[15.04455161919502,47.33688632051829],[15.040282,47.34048],[15.03109,47.340859],[15.031091018612797,47.34085691698916],[15.040281,47.340479],[15.044551,47.336886],[15.04455161919502,47.33688632051829]],[[15.049423999978515,47.33940844537774],[15.053963,47.341758],[15.05396314830243,47.341758559039285],[15.049423999978515,47.33940844537774]],[[15.066574,47.355345],[15.072395,47.359849],[15.078011,47.357079],[15.078022257048133,47.357081128036626],[15.078013,47.357081],[15.072396,47.359851],[15.066575,47.355347],[15.0619,47.35795],[15.058326,47.357766],[15.052177,47.353869],[15.052177106018737,47.3538687008863],[15.058324,47.357764],[15.061899,47.357948],[15.066574,47.355345]],[[15.090686163556969,47.357256285803004],[15.083990732041867,47.35716367955798],[15.085688,47.356665],[15.090592,47.356978],[15.090686163556969,47.357256285803004]],[[15.090851123303421,47.357743798774926],[15.091331,47.359162],[15.08853083361727,47.364113221442786],[15.090851123303421,47.357743798774926]],[[15.088528042440418,47.364120883496895],[15.088749999995947,47.36430899862294],[15.088528,47.364121],[15.088528042440418,47.364120883496895]],[[15.090672528317738,47.36542152832129],[15.096324,47.365975],[15.096324873523269,47.36597588951931],[15.090672528317738,47.36542152832129]],[[15.096326625383828,47.36597767346012],[15.09758,47.367254],[15.097188800262407,47.368284761059314],[15.096326625383828,47.36597767346012]],[[15.096521,47.383146],[15.099694,47.379654],[15.102331,47.379474],[15.104677,47.380945],[15.104676639413656,47.38094614629876],[15.102332,47.379475],[15.099695,47.379655],[15.096522,47.383147],[15.09791,47.387932],[15.09349,47.388155],[15.093390000011008,47.38805657218806],[15.093489,47.388154],[15.097909,47.387931],[15.096521,47.383146]],[[15.103298049230672,47.38533384349641],[15.103530352543201,47.38574200000146],[15.103298,47.385334],[15.103298049230672,47.38533384349641]],[[15.104978,47.388284],[15.104976828735087,47.38828194331459],[15.128631,47.386664],[15.12863109726468,47.386665061787795],[15.104978,47.388284]],[[15.126398,47.393636],[15.126399743875831,47.39363460919877],[15.137892,47.392435],[15.13789235294409,47.392435172069774],[15.126398,47.393636]],[[15.148075,47.397401],[15.141884720463157,47.394381559062964],[15.148074,47.397399],[15.148336204973937,47.397859999998964],[15.148075,47.397401]],[[15.186021,47.402314],[15.1881391765296,47.4031036570789],[15.193071,47.404942],[15.201393,47.411465],[15.206736,47.413246],[15.210642,47.412077],[15.213612,47.40752],[15.227986,47.405105],[15.231267,47.401347],[15.234823,47.399993],[15.241197,47.403467],[15.247832,47.402425],[15.254318,47.40565],[15.275539,47.409633],[15.27553862337528,47.4096337417369],[15.25432,47.405653],[15.247834,47.402427],[15.241198,47.403469],[15.234824,47.399995],[15.231268,47.401348],[15.227987,47.405105],[15.213614,47.407522],[15.210643,47.412079],[15.206738,47.413248],[15.201394,47.411467],[15.193073,47.404944],[15.1881397342054,47.4031046806015],[15.186022,47.402315],[15.175565,47.403376],[15.155386,47.39815],[15.149974,47.400738],[15.14997267748773,47.40073567602767],[15.155384,47.398148],[15.175564,47.403375],[15.186021,47.402314]],[[15.27650989934045,47.41435989933348],[15.277923,47.414924],[15.277923184595709,47.414924275043674],[15.27650989934045,47.41435989933348]],[[15.279788879436905,47.41770412057678],[15.280268,47.418418],[15.28026791734602,47.418418385718574],[15.279788879436905,47.41770412057678]],[[15.270676068186951,47.431144068183144],[15.273383,47.431842],[15.273384292811597,47.43184281753824],[15.270676068186951,47.431144068183144]],[[15.288919204046945,47.43416415569695],[15.281744,47.43713],[15.27559800000554,47.433242704633244],[15.281742,47.437128],[15.28892,47.434161],[15.288919204046945,47.43416415569695]],[[15.28728,47.440673],[15.287280410836331,47.44067137116656],[15.294871,47.44184],[15.294872462561061,47.44184191725719],[15.28728,47.440673]],[[15.297591,47.445405],[15.297589439777672,47.44540295471959],[15.308865,47.444242],[15.308866305057307,47.44424307161435],[15.297591,47.445405]],[[15.318196000012279,47.44853921479591],[15.327737,47.450226],[15.327736951622523,47.45022663772176],[15.318196000012279,47.44853921479591]],[[15.349556,47.466333],[15.355033,47.465994],[15.360094,47.463326],[15.360095514851668,47.4633262558508],[15.355035,47.465995],[15.349557,47.466334],[15.339294,47.463448],[15.333102,47.458777],[15.323432,47.459025],[15.323431512382916,47.45902398680491],[15.3331,47.458775],[15.339292,47.463446],[15.349556,47.466333]],[[15.362949832178005,47.46380833563934],[15.378419,47.466421],[15.378419113065172,47.4664228500962],[15.362949832178005,47.46380833563934]],[[15.378589,47.469172],[15.378588955501192,47.469171276170286],[15.38897,47.475946],[15.388970182564162,47.475946813931884],[15.378589,47.469172]],[[15.397116265965087,47.47985217736015],[15.391894,47.481114],[15.390004,47.480549],[15.390003662903482,47.48054749711136],[15.391892,47.481112],[15.397115,47.479851],[15.397116265965087,47.47985217736015]],[[15.407147,47.48918],[15.407146035378748,47.489179102892614],[15.413082,47.489769],[15.413083339156454,47.48976993432749],[15.407147,47.48918]],[[15.414991000004372,47.49110090649279],[15.417905,47.493134],[15.417905631728981,47.493135045075626],[15.414991000004372,47.49110090649279]],[[15.439236,47.501333],[15.43986,47.498743],[15.442592,47.49805],[15.448464,47.50218541205032],[15.442593,47.498052],[15.439862,47.498744],[15.439238,47.501335],[15.436788,47.502259],[15.430433,47.499631],[15.421306,47.498759],[15.42130483952135,47.498757080208456],[15.430431,47.499629],[15.436786,47.502257],[15.439236,47.501333]],[[15.470382,47.514376],[15.470382724187415,47.51437841395804],[15.465292,47.51204],[15.460839,47.5127],[15.454897587274486,47.51152558728415],[15.460837,47.512699],[15.46529,47.512038],[15.470382,47.514376]],[[15.478937,47.525556],[15.490402,47.526465],[15.490402831815926,47.526465907482674],[15.478939,47.525558],[15.473799,47.526298],[15.470639,47.524824],[15.464346,47.524445],[15.464346539306979,47.524443152527894],[15.470637,47.524821],[15.473797,47.526295],[15.478937,47.525556]],[[15.492145356305343,47.528219643695024],[15.494665,47.528286],[15.4946644360544,47.528286958208454],[15.492145356305343,47.528219643695024]],[[15.492520241117779,47.53193459012225],[15.494252999994856,47.53239085331741],[15.49252,47.531935],[15.492520241117779,47.53193459012225]],[[15.509912,47.53648],[15.514957,47.537533],[15.514957183544162,47.5375346208666],[15.509914,47.536482],[15.50599,47.536976],[15.500923,47.535322],[15.497453,47.535783],[15.4974528891055,47.53578274848221],[15.500921,47.535321],[15.505987,47.536975],[15.509912,47.53648]],[[15.534226414198045,47.548176107630454],[15.526531,47.54959],[15.515237,47.53999],[15.515236962412597,47.53998966806809],[15.526529,47.549588],[15.534225,47.548174],[15.534226414198045,47.548176107630454]],[[15.536607,47.551722],[15.53660610280076,47.551720663248524],[15.543004,47.549767],[15.54300522511172,47.54976723674115],[15.536607,47.551722]],[[15.550097,47.5451],[15.553834,47.544718],[15.553835607174031,47.54471904016582],[15.5501,47.545101],[15.550652,47.547511],[15.546882,47.550517],[15.54450400000399,47.550056860681885],[15.54688,47.550516],[15.55065,47.547509],[15.550097,47.5451]],[[15.563454228676305,47.550944228693844],[15.565359,47.552177],[15.565359004657212,47.552177061317266],[15.563454228676305,47.550944228693844]],[[15.577893,47.557618],[15.56565,47.555984],[15.565649867485341,47.5559822492421],[15.577891,47.557616],[15.579256999987797,47.558686344008215],[15.577893,47.557618]],[[15.597289,47.560889],[15.600171,47.55878],[15.607468,47.559502],[15.607467697826289,47.559503772180726],[15.600174,47.558782],[15.597291,47.56089],[15.592456,47.559199],[15.58934,47.562532],[15.584195,47.562554],[15.584194989140594,47.56255399149444],[15.589338,47.562532],[15.592454,47.559198],[15.597289,47.560889]],[[15.629998,47.572415],[15.629998531696527,47.5724158510902],[15.621668,47.571571],[15.614339,47.567148],[15.60961,47.566168],[15.609608538674962,47.56616631886265],[15.614336,47.567146],[15.621665,47.571569],[15.629998,47.572415]],[[15.637986203845102,47.57766040770453],[15.642619,47.579761],[15.642620710041765,47.57976241493194],[15.637986203845102,47.57766040770453]],[[15.64691,47.583311],[15.646907651122758,47.58330905647937],[15.654389,47.583958],[15.654388047971816,47.583959657195095],[15.64691,47.583311]],[[15.663693090167873,47.594324315375566],[15.661541,47.592426],[15.654202,47.589471],[15.654201261162747,47.58946991031824],[15.661539,47.592424],[15.663693,47.594324],[15.663693090167873,47.594324315375566]],[[15.700534,47.604404],[15.711189,47.605897],[15.716367,47.601648],[15.727746,47.599497],[15.727746717219533,47.5994982424871],[15.716369,47.601649],[15.711191,47.605899],[15.700537,47.604407],[15.696582,47.606405],[15.69015,47.607585],[15.67552830240715,47.60658160481635],[15.690147,47.607583],[15.696579,47.606403],[15.700534,47.604404]],[[15.759898,47.613966],[15.771312,47.615045],[15.771313907468974,47.615045991251996],[15.759901,47.613967],[15.753914,47.615896],[15.744619,47.613194],[15.742263999980922,47.61175744318004],[15.744616,47.613192],[15.753911,47.615894],[15.759898,47.613966]],[[15.804283,47.62263],[15.80428507314446,47.62263084417709],[15.8022659128899,47.6222913830422],[15.777111,47.618059],[15.77178875433765,47.615292754324535],[15.777108,47.618057],[15.8022677564968,47.6222911232509],[15.804283,47.62263]],[[15.842897,47.635341],[15.846603000002993,47.637284536069785],[15.8429,47.635343],[15.837663,47.633685],[15.830271,47.633213],[15.810044000075187,47.62497585883377],[15.830268,47.633211],[15.83766,47.633683],[15.842897,47.635341]],[[15.902479,47.657943],[15.902479544957233,47.65794319071575],[15.890068,47.65957],[15.883082,47.658059],[15.873634,47.659767],[15.87363277262332,47.659764679546925],[15.883079,47.658057],[15.890065,47.659568],[15.902479,47.657943]],[[15.923960923656868,47.663429142689594],[15.915944,47.660119],[15.908134,47.659922],[15.908131154588757,47.65992100387956],[15.915941,47.660117],[15.92396,47.663428],[15.923960923656868,47.663429142689594]],[[15.926199,47.666195],[15.92619787113261,47.66619360406157],[15.932046,47.667424],[15.932047035667791,47.66742558665078],[15.926199,47.666195]],[[15.933029453872416,47.67577103388906],[15.947008915675507,47.676814831346825],[15.933033,47.675773],[15.933029453872416,47.67577103388906]],[[15.971343,47.67701],[15.976994682064324,47.679140519721116],[15.957188,47.67378],[15.953586,47.674144],[15.948849,47.676952],[15.948846335120507,47.67695180134719],[15.953583,47.674144],[15.957185,47.673779],[15.971343,47.67701]],[[15.990261,47.688245],[15.978566546371843,47.679733066836825],[15.980349,47.680405],[15.991153808170385,47.68844643503306],[15.990261,47.688245]],[[16.012411545857283,47.69324259756343],[16.01253,47.693268],[16.012532115419546,47.6932698004213],[16.012411545857283,47.69324259756343]],[[16.039451,47.712427],[16.031451,47.70937],[16.031450935920933,47.709369945466065],[16.041659558982918,47.71265746814704],[16.039450719003543,47.712427179219624],[16.039451,47.712427]],[[16.041986939101808,47.71276289564295],[16.042776,47.713017],[16.043338400687386,47.71676733508023],[16.041986939101808,47.71276289564295]],[[14.420686280398465,47.16630573213887],[14.417596,47.164636],[14.417782190408023,47.16444774996357],[14.420686280398465,47.16630573213887]],[[14.42076,47.161438],[14.42075181025594,47.161445280338576],[14.420759872192901,47.16143712922089],[14.42076,47.161438]],[[14.403644826097862,47.15293793708974],[14.403645,47.152938],[14.403278178688632,47.15702400959367],[14.403278,47.157024],[14.403644826097862,47.15293793708974]],[[14.226991616315152,47.12272300000515],[14.226947,47.122677],[14.227345,47.119258],[14.222658134668684,47.11258619170247],[14.222659,47.112586],[14.227346,47.119259],[14.226948,47.122678],[14.226991616315152,47.12272300000515]],[[14.217959640233605,47.11362685816489],[14.217959,47.113627],[14.215316000012235,47.11258462351318],[14.217959640233605,47.11362685816489]],[[14.201101,47.106056],[14.201330091203793,47.10656799999386],[14.20110087303861,47.10605595027812],[14.201101,47.106056]],[[14.10568199786227,47.101142000885524],[14.105682,47.101142],[14.105677004266868,47.10348200139928],[14.105677,47.103482],[14.10568199786227,47.101142000885524]],[[13.929806,47.079707],[13.930164866935383,47.080105000006505],[13.929805888616459,47.07970698524743],[13.929806,47.079707]],[[13.921915672398974,47.07564291845725],[13.921916,47.075643],[13.9230256810242,47.07880809020055],[13.923025,47.078808],[13.921915672398974,47.07564291845725]],[[13.900227,47.066758],[13.904282829017054,47.067529457004945],[13.899918391744805,47.06677117714567],[13.900227,47.066758]],[[13.813834897674736,47.07984310232641],[13.814083,47.080489],[13.814082741966187,47.08048932720713],[13.813834897674736,47.07984310232641]],[[13.812147,47.082944],[13.819965,47.091159],[13.81996468407702,47.09116066795355],[13.812147,47.082944]],[[13.820942588772128,47.096234557630105],[13.819332,47.094502],[13.81933215740224,47.09450116922451],[13.820943,47.096233],[13.820942588772128,47.096234557630105]],[[13.661157661341996,47.093258225313356],[13.660801,47.09331],[13.645034,47.092266],[13.661157661341996,47.093258225313356]],[[14.94182,46.643529],[14.941820416386314,46.64352805552851],[14.942592,46.645484],[14.949416,46.650085],[14.955136,46.651019],[14.956768,46.649527],[14.955136,46.65102],[14.949416,46.650086],[14.942592,46.645486],[14.94182,46.643529]],[[14.953361,46.654707],[14.953361501122782,46.65470689321624],[14.952270097605634,46.65666099999897],[14.953361,46.654707]],[[14.91428,46.679164],[14.914280432340483,46.679163844233834],[14.91287018716707,46.68126118718763],[14.91428,46.679164]],[[14.907920850982485,46.69402626078065],[14.907083,46.68987],[14.907083310107419,46.689869538695284],[14.907921,46.694026],[14.907920850982485,46.69402626078065]],[[14.87105219668604,46.70918599999678],[14.869904,46.712319],[14.869903207237524,46.71231943483791],[14.87105219668604,46.70918599999678]],[[14.859871505843762,46.72449519845347],[14.859395,46.722758],[14.85939519839935,46.722757722889035],[14.859872,46.724495],[14.859871505843762,46.72449519845347]],[[14.852801880351338,46.73176212326411],[14.852512,46.729638],[14.852513083285343,46.729636612680416],[14.852802,46.731762],[14.852801880351338,46.73176212326411]],[[14.830976,46.747558],[14.831656230769658,46.74718688520294],[14.830196369217598,46.74870912421842],[14.830976,46.747558]],[[14.83113783802053,46.75942226517808],[14.829125,46.750291],[14.8295022282946,46.74973402272872],[14.831138,46.759422],[14.83113783802053,46.75942226517808]],[[14.827235,46.765811],[14.828753919540866,46.76332499999307],[14.827236,46.76581],[14.834617,46.774187],[14.836564,46.788982],[14.840802,46.798745],[14.842362,46.814145],[14.842361919198218,46.814145202341386],[14.840802,46.798746],[14.836564,46.788983],[14.834616,46.774188],[14.827235,46.765811]],[[14.840797732346394,46.82893980460062],[14.839724,46.820752],[14.839724112339809,46.82075171868204],[14.840952,46.828607],[14.840797732346394,46.82893980460062]],[[14.838748,46.832866],[14.839773256205246,46.831149926846194],[14.83888466619496,46.833066899306594],[14.838748,46.832866]],[[14.845620013779646,46.84296786025608],[14.845647,46.843007],[14.845647065796433,46.843007626720755],[14.845620013779646,46.84296786025608]],[[14.846323,46.849447],[14.846243822488535,46.84869182249065],[14.846323,46.849446],[14.854469,46.854912],[14.85578,46.857842],[14.862168,46.860256],[14.862189083247973,46.860277965676254],[14.862167,46.860258],[14.85578,46.857844],[14.854469,46.854914],[14.846323,46.849447]],[[14.865882434128805,46.8636171596233],[14.869654,46.864393],[14.87179558314058,46.866220484279964],[14.871394,46.866121],[14.869654,46.864394],[14.866474,46.864152],[14.865882434128805,46.8636171596233]],[[14.8723343978098,46.86635396495677],[14.874571,46.866209],[14.874814431924023,46.86696834435472],[14.8723343978098,46.86635396495677]],[[14.876111863172378,46.87101545977735],[14.876599,46.872535],[14.876475599674832,46.87267612321373],[14.876111863172378,46.87101545977735]],[[14.866567,46.888832],[14.870362,46.891964],[14.87036193971349,46.89196495024576],[14.866567,46.888833],[14.866127,46.884512],[14.866127091281365,46.88451189642449],[14.866567,46.888832]],[[14.841725216244576,46.90304355587774],[14.844303,46.90967],[14.84184,46.914529],[14.84186993382404,46.91456846464066],[14.841839,46.91453],[14.844302,46.909671],[14.841725,46.903044],[14.841725216244576,46.90304355587774]],[[14.8432552,46.9154239],[14.843432,46.91556],[14.843938,46.917139],[14.843937553628493,46.91713944495968],[14.842299215768623,46.91510225495765],[14.843141,46.915443],[14.843255,46.915425],[14.8432552,46.9154239]],[[14.843254,46.915423],[14.841888,46.914575],[14.843606,46.912952],[14.8432552,46.9154239],[14.843254,46.915423]],[[14.84204,46.919031],[14.842041000668598,46.91903000302196],[14.842045538325637,46.91905051251151],[14.84204,46.919031]],[[14.842510734853093,46.9211531269749],[14.842545,46.921308],[14.837097520180865,46.92091456538239],[14.842510734853093,46.9211531269749]],[[14.830351,46.930652],[14.833871,46.92374],[14.835370526089813,46.92241152608715],[14.833872,46.92374],[14.830351,46.930652]],[[14.820542301879216,46.946067889217574],[14.819374,46.944209],[14.819374708019618,46.94420812556965],[14.820544,46.946067],[14.820542301879216,46.946067889217574]],[[14.765829195312538,46.99063699999983],[14.765642,46.991519],[14.765641393589696,46.9915191512117],[14.765829195312538,46.99063699999983]],[[14.729002,47.016183],[14.729002665543154,47.01618252243184],[14.726045807760785,47.029642000016466],[14.729002,47.016183]],[[14.693142,47.07119],[14.693142150125093,47.07118925776811],[14.693150381093691,47.07120339052395],[14.693142,47.07119]],[[14.695426511577288,47.075111557100925],[14.695439,47.075133],[14.695358403183633,47.075268925563286],[14.695426511577288,47.075111557100925]],[[14.693656499562888,47.07813916558922],[14.691857,47.081174],[14.688346932740659,47.08395121201004],[14.693656499562888,47.07813916558922]],[[14.683604,47.089143],[14.684408223452648,47.08826266753673],[14.684069167200212,47.090688843147824],[14.683604,47.089143]],[[14.685117,47.094171],[14.684885773334173,47.093402587788646],[14.686139734601978,47.09467068843931],[14.685117,47.094171]],[[14.723474,47.121079],[14.721473,47.120748],[14.719007,47.11839],[14.707195,47.113008],[14.703085,47.104249],[14.699382,47.103432],[14.694925,47.098963],[14.69488710662407,47.09894448602595],[14.694925,47.098961],[14.699382,47.103431],[14.703085,47.104248],[14.707195,47.113007],[14.719007,47.118389],[14.721473,47.120746],[14.723474,47.121077],[14.725525,47.119619],[14.73121,47.12364],[14.732401,47.122283],[14.737303,47.122803],[14.737302937194483,47.12280399335046],[14.732401,47.122285],[14.73121,47.123641],[14.725525,47.119621],[14.723474,47.121079]],[[14.74108096857014,47.1305283753701],[14.736972,47.12804],[14.736972121777816,47.128038073748165],[14.741082,47.130527],[14.74108096857014,47.1305283753701]],[[14.742767859014629,47.13978681292138],[14.738443,47.134048],[14.738443751702436,47.13404699763514],[14.742768,47.139786],[14.742767859014629,47.13978681292138]],[[14.743125,47.147033],[14.743124613164994,47.14703366685384],[14.74172,47.145824],[14.742586244823912,47.14083399999814],[14.741721,47.145823],[14.743125,47.147033]],[[14.741801774506035,47.155447171468474],[14.740666,47.151274],[14.740666370407807,47.151273361313905],[14.741802,47.155447],[14.741801774506035,47.155447171468474]],[[14.740957056303609,47.15868833467542],[14.739185,47.157439],[14.739186364429084,47.15743796194944],[14.740958,47.158687],[14.740957056303609,47.15868833467542]],[[14.740106,47.16388],[14.740248820622325,47.16389746243847],[14.740106,47.163881],[14.739546,47.160686],[14.73954628084173,47.16068560280387],[14.740106,47.16388]],[[14.750894065759155,47.165199038745655],[14.750951,47.165206],[14.752276,47.167995],[14.750894065759155,47.165199038745655]],[[14.749152,47.16849],[14.74915361841965,47.168489743560265],[14.753762,47.170607],[14.749152,47.16849]],[[14.754882,47.176468],[14.755919,47.174599],[14.753407,47.172789],[14.75592,47.174599],[14.754882,47.176468]],[[14.757664,47.179823],[14.768871302514823,47.182926212216664],[14.767458824338089,47.183044040960375],[14.767925,47.182833],[14.757664,47.179824],[14.754882,47.176468],[14.757664,47.179823]],[[14.755188786699964,47.18652288702366],[14.754743,47.186531],[14.754574836887498,47.1864010800647],[14.755188786699964,47.18652288702366]],[[14.739986035348108,47.18161443030791],[14.739463,47.181538],[14.739484191023283,47.18110415847817],[14.739986035348108,47.18161443030791]],[[14.73979493080443,47.17474241663339],[14.739796,47.174743],[14.74067,47.177336],[14.739587708103558,47.178984864518426],[14.73979493080443,47.17474241663339]],[[14.73232,47.170664],[14.732605634043328,47.17081984554076],[14.727178669809222,47.17234476234517],[14.73232,47.170664]],[[14.72565580469123,47.18297001980442],[14.722273,47.180196],[14.72227304439545,47.18019585613268],[14.725656,47.182969],[14.72565580469123,47.18297001980442]],[[14.712008551581256,47.186358680121046],[14.712008,47.186359],[14.71015900000751,47.18503930478931],[14.712008551581256,47.186358680121046]],[[14.709417104961869,47.18450978864948],[14.709416,47.184509],[14.711109,47.181103],[14.709417104961869,47.18450978864948]],[[14.709952,47.178552],[14.707380000010772,47.17763069191532],[14.709953,47.178552],[14.711109,47.181103],[14.709952,47.178552]],[[14.670345,47.176403],[14.671743,47.180714],[14.670344,47.176403],[14.672112,47.174094],[14.676259,47.173144],[14.676748,47.171876],[14.676732623397767,47.17187223029156],[14.676749,47.171876],[14.67626,47.173145],[14.672113,47.174094],[14.670345,47.176403]],[[14.668534,47.169985],[14.66900788955864,47.17009408401161],[14.663909635323487,47.17279805560102],[14.668534,47.169985]],[[14.585975870610866,47.19982114725937],[14.585175,47.194543],[14.585175130854168,47.19454286239595],[14.585976,47.199821],[14.585975870610866,47.19982114725937]],[[14.535097845770913,47.20826559365178],[14.529216,47.20981],[14.5289742485149,47.20959610402256],[14.535097845770913,47.20826559365178]],[[14.521969,47.202796],[14.524971227062224,47.2060543256299],[14.521465860482362,47.20295286045974],[14.521969,47.202796]],[[14.449052133706308,47.203801039986935],[14.449052,47.203801],[14.448945597979291,47.20356000000326],[14.449052133706308,47.203801039986935]],[[14.437707297128528,47.19829403891029],[14.437391,47.19819],[14.437244069094993,47.197010149467836],[14.437707297128528,47.19829403891029]],[[14.424035,47.168448],[14.423903973676396,47.168712875086655],[14.423833765088153,47.16831926943189],[14.424035,47.168448]],[[14.98526,47.332724],[14.984269286238506,47.332159818158495],[14.991446,47.332722],[14.98526,47.332724]],[[14.981467,47.330564],[14.977716,47.322896],[14.982962817410227,47.331415823254964],[14.981467,47.330564]],[[14.919719,47.278144],[14.91839583367466,47.276657077495294],[14.921157808909083,47.278453533886236],[14.919719,47.278144]],[[14.913263,47.270889],[14.912945026820783,47.26897842986671],[14.91537815268837,47.27326592576736],[14.913263,47.270889]],[[14.912448,47.265992],[14.917453011945648,47.26412605928027],[14.917381,47.264555],[14.912448,47.265992]],[[14.917528430533897,47.26367682681983],[14.916276,47.261933],[14.917634,47.263048],[14.917528430533897,47.26367682681983]],[[14.771613584037564,47.18498874045066],[14.770043874824761,47.18325088808869],[14.771023,47.183522],[14.771613584037564,47.18498874045066]],[[13.51717665425074,47.46060282666029],[13.517004,47.460951],[13.515368245729462,47.461184851384296],[13.51717665425074,47.46060282666029]],[[13.514748,47.455049],[13.517908,47.459128],[13.517510804060867,47.459928982518846],[13.514748,47.455049]],[[13.522358,47.431671],[13.527978,47.431499],[13.522297581224795,47.431770719457845],[13.522358,47.431671]],[[13.768745672769242,47.425272695771234],[13.768123,47.425252],[13.765407,47.42356],[13.768745672769242,47.425272695771234]],[[13.77528127394032,47.424475818590096],[13.772275,47.42539],[13.769504652505628,47.425297921976345],[13.77528127394032,47.424475818590096]],[[13.782315538598176,47.42184223612569],[13.782101,47.422402],[13.78019460577315,47.42298171768266],[13.782315538598176,47.42184223612569]],[[13.08309,47.719958],[13.082418,47.735185],[13.081000678538185,47.741401689216275],[13.08309,47.719958]],[[13.504196,47.459451],[13.507017369960451,47.46202201263914],[13.496515,47.455841],[13.504196,47.459451]],[[13.508284241675684,47.46219759772654],[13.507505,47.462309],[13.507370366473483,47.46222976345318],[13.508284241675684,47.46219759772654]],[[14.536879941024264,47.71369057255755],[14.532402,47.713738],[14.53222485729292,47.713567653763285],[14.536879941024264,47.71369057255755]],[[14.586923,47.718411],[14.591179,47.721481],[14.58686131637842,47.71841646226455],[14.586923,47.718411]],[[14.604262,47.728016],[14.608386634189415,47.728291054143426],[14.604237426233794,47.7280717598783],[14.604262,47.728016]],[[14.610248486000698,47.72841521304617],[14.611265,47.728483],[14.615579188977044,47.73072226514471],[14.613962,47.730669],[14.610248486000698,47.72841521304617]],[[14.621567912349748,47.72984225694431],[14.618334,47.730813],[14.616793118679793,47.730762248190736],[14.621567912349748,47.72984225694431]],[[14.624512,47.729275],[14.627262781165548,47.72983946665536],[14.623377893885708,47.729493515766286],[14.624512,47.729275]],[[14.642797044126171,47.72756156598698],[14.645801009444833,47.72563605429079],[14.645858361253076,47.72565030196685],[14.64344,47.727509],[14.642797044126171,47.72756156598698]],[[14.639651,47.724653],[14.638131050933012,47.723730637745675],[14.643411300533488,47.72504238864179],[14.639651,47.724653]],[[14.637696257717602,47.72346678887136],[14.637311,47.723233],[14.635766,47.716235],[14.635936306116541,47.7157628671187],[14.637696257717602,47.72346678887136]],[[14.636934,47.712997],[14.63755065575091,47.71299238679509],[14.636392555857427,47.714498024087035],[14.636934,47.712997]],[[14.651956,47.7116],[14.657341,47.716331],[14.651620097310468,47.71166923740299],[14.651956,47.7116]],[[14.673928626091117,47.71475387079567],[14.673599,47.718891],[14.672836846840003,47.71896076081105],[14.673928626091117,47.71475387079567]],[[14.674478,47.712637],[14.674931180885139,47.712521008399754],[14.67441899845739,47.71286434724097],[14.674478,47.712637]],[[14.686781,47.701661],[14.68876,47.705167],[14.688758949370138,47.705166910258704],[14.686781,47.701661]],[[14.680554,47.700045],[14.680626,47.696667],[14.680555,47.700045],[14.686781,47.701661],[14.680554,47.700045]],[[14.706479,47.67616],[14.70663,47.679689],[14.70662995803343,47.67968901892719],[14.706479,47.67616]],[[14.712196,47.673472],[14.712379,47.669942],[14.712197,47.673472],[14.706479,47.67616],[14.712196,47.673472]],[[14.736032,47.673107],[14.731495,47.672767],[14.736032,47.673106],[14.748794,47.671152],[14.748794189610363,47.67115212413318],[14.736032,47.673107]],[[14.765544,47.673536],[14.765544010611384,47.67353602917987],[14.765440093976443,47.67353909397588],[14.765544,47.673536]],[[14.776061,47.686502],[14.776061674574159,47.68650294351394],[14.772323,47.685854],[14.776061,47.686502]],[[14.812359414936275,47.7099128803751],[14.817503,47.70843],[14.817503789255818,47.708430060756925],[14.81236,47.709913],[14.812359414936275,47.7099128803751]],[[14.821557,47.708743],[14.817816000000597,47.70845409474468],[14.821556,47.708742],[14.830847049334247,47.71224235803012],[14.830598,47.712293],[14.821557,47.708743]],[[14.868014,47.700313],[14.868014945415789,47.700313049105176],[14.864837,47.703172],[14.857264,47.704804],[14.847299,47.708897],[14.847235872769039,47.70890983636168],[14.847298,47.708897],[14.857263,47.704804],[14.864836,47.703172],[14.868014,47.700313]],[[14.868189000000326,47.70032208955226],[14.871364,47.700487],[14.874203,47.698692],[14.871365,47.700488],[14.868189000000326,47.70032208955226]],[[14.874286,47.693277],[14.88532,47.687927],[14.874287,47.693277],[14.874203,47.698692],[14.874286,47.693277]],[[14.893573362982382,47.690064834995916],[14.896303,47.688824],[14.896303678990718,47.688824145923995],[14.893574,47.690065],[14.893573362982382,47.690064834995916]],[[14.901655,47.689974],[14.901654383565221,47.68997386752009],[14.91849,47.684159],[14.92499712494184,47.68537787505383],[14.91849,47.68416],[14.901655,47.689974]],[[14.928032,47.68043],[14.926216,47.685606],[14.926215061650803,47.68560582437834],[14.928032,47.68043]],[[14.985469259778977,47.667013631163314],[14.985114,47.66746],[14.98225,47.667137],[14.985469259778977,47.667013631163314]],[[14.98998,47.660768],[14.990434658574488,47.66077481828556],[14.988337114356751,47.66341029358497],[14.98998,47.660768]],[[15.042172,47.659297],[15.045559,47.658038],[15.069237,47.66074],[15.04556,47.658039],[15.042172,47.659297]],[[15.105282,47.648935],[15.09577,47.650547],[15.088903,47.654662],[15.086068,47.654917],[15.076643,47.659439],[15.086067,47.654917],[15.088902,47.654662],[15.095769,47.650546],[15.105282,47.648935]],[[15.123035,47.645755],[15.120798,47.647833],[15.12079738194187,47.64783264536407],[15.123035,47.645755]],[[15.135412,47.64643],[15.135412225315182,47.64643005593153],[15.134781587408062,47.646475587409185],[15.135412,47.64643]],[[15.149733,47.649985],[15.150630210872082,47.65100105429272],[15.14177954034494,47.648010658189115],[15.149733,47.649985]],[[15.152096,47.652661],[15.152909,47.658399],[15.151692532106829,47.65220408925852],[15.152096,47.652661]],[[15.1898,47.681584],[15.189799912697948,47.68158406209512],[15.18713,47.679281],[15.1898,47.681584]],[[15.189543,47.690226],[15.189542718240045,47.69022634581967],[15.185641,47.688235],[15.189543,47.690226]],[[15.198711001139191,47.700331867358514],[15.204801,47.699525],[15.204801220959679,47.69952510321549],[15.198711,47.700332],[15.198711001139191,47.700331867358514]],[[15.208740548435172,47.7013647890634],[15.212016,47.700105],[15.212016549884234,47.70010517312145],[15.208741,47.701365],[15.208740548435172,47.7013647890634]],[[15.233618,47.708327],[15.230171,47.709071],[15.230170768717091,47.70907083408021],[15.233617,47.708327],[15.233808,47.705762],[15.233808971169639,47.70576238717214],[15.233618,47.708327]],[[15.247568735866059,47.713487733892144],[15.251727,47.711984],[15.251727450903049,47.7119841985674],[15.247569,47.713488],[15.247568735866059,47.713487733892144]],[[15.295958,47.732706],[15.296847594163419,47.7334025415587],[15.29556306189867,47.73269281241172],[15.295958,47.732706]],[[15.297792,47.734142],[15.297846,47.737466],[15.297589139560651,47.73398316270943],[15.297792,47.734142]],[[15.301425164597378,47.75095280843245],[15.301425,47.750952],[15.302959760583464,47.74916676057395],[15.301425164597378,47.75095280843245]],[[15.318595,47.757074],[15.315849,47.760122],[15.315543278870134,47.760147278870676],[15.315848,47.760122],[15.318594,47.757073],[15.320487000009658,47.75809287567561],[15.318595,47.757074]],[[15.32767,47.758323],[15.322697,47.759283],[15.322696736122301,47.75928285789717],[15.327669,47.758323],[15.330182,47.7558],[15.330182421742878,47.75580058055819],[15.32767,47.758323]],[[15.363763,47.762899],[15.349742,47.764334],[15.344652,47.767181],[15.349741,47.764334],[15.363763,47.762898],[15.367608,47.760854],[15.363763,47.762899]],[[15.377400578980893,47.761773786801264],[15.381278,47.760346],[15.38127841143202,47.760346216729005],[15.377401,47.761774],[15.377400578980893,47.761773786801264]],[[15.412005,47.761672],[15.412005761043647,47.761672086901925],[15.407018,47.763486],[15.412005,47.761672]],[[15.415508,47.762072],[15.42537,47.766111],[15.429701790949338,47.76629520905034],[15.42537,47.766112],[15.415508,47.762072]],[[15.445828,47.767457],[15.445877107879205,47.76752374835197],[15.439196,47.767037],[15.445828,47.767457]],[[15.441058,47.785691],[15.450128633027504,47.773302501204086],[15.450129,47.773303],[15.441058,47.785692],[15.440002,47.790822],[15.441058,47.785691]],[[15.441692327621396,47.79615134862067],[15.441692,47.796151],[15.44254,47.794466],[15.441692327621396,47.79615134862067]],[[15.449522,47.807312],[15.444261,47.80606],[15.444331202593714,47.80578120948924],[15.449522,47.807312]],[[15.545188,47.815929],[15.545289380084698,47.81605269204737],[15.541988,47.816077],[15.545188,47.815929]],[[15.554718659998727,47.84629908340919],[15.549384,47.842982],[15.549366362173949,47.84272155379619],[15.554718659998727,47.84629908340919]],[[15.56198741252144,47.85418775820948],[15.561923,47.854186],[15.561892855102244,47.854135968073095],[15.56198741252144,47.85418775820948]],[[15.619253,47.844103],[15.610461,47.844696],[15.619252,47.844103],[15.62608,47.840653],[15.627994669058738,47.84052859240913],[15.619253,47.844103]],[[15.634006,47.840138],[15.634006008489916,47.84013800388371],[15.634005935849652,47.84013800416824],[15.634006,47.840138]],[[15.636787572065943,47.84141042794394],[15.642866,47.844191],[15.650709,47.845182],[15.642866,47.844192],[15.636787572065943,47.84141042794394]],[[15.683735,47.856889],[15.680828,47.860815],[15.683734,47.856889],[15.696645999787778,47.85470623380014],[15.696627,47.854853],[15.683735,47.856889]],[[15.695252,47.843728],[15.692652,47.842735],[15.69347,47.839124],[15.692653,47.842735],[15.695252,47.843728]],[[15.691378,47.838478],[15.688641,47.834188],[15.691384,47.831104],[15.688642,47.834188],[15.691378,47.838478]],[[15.689777,47.830116],[15.69301,47.827342],[15.689778,47.830116],[15.691384,47.831104],[15.689777,47.830116]],[[15.692354,47.821978],[15.695791,47.820648],[15.695815,47.818601],[15.695792,47.820648],[15.692355,47.821978],[15.69301,47.827342],[15.692354,47.821978]],[[15.706738,47.803961],[15.713171,47.795974],[15.70670678821222,47.80406566983377],[15.706738,47.803961]],[[15.723395,47.789216],[15.723395911491162,47.789216084696086],[15.71938,47.793059],[15.723395,47.789216]],[[15.729813,47.787508],[15.727916,47.789636],[15.727915076534314,47.789635914191244],[15.729813,47.787508]],[[15.761178,47.807783],[15.76117800262563,47.807783000642225],[15.753414,47.807788],[15.761178,47.807783]],[[15.814496,47.807008],[15.805049,47.810703],[15.814496,47.807007],[15.83104,47.803949],[15.831040954450557,47.803949008421625],[15.814496,47.807008]],[[15.841944,47.800566],[15.839541,47.804024],[15.839540006096716,47.80402399123027],[15.841944,47.800566]],[[15.857814,47.792191],[15.857274,47.794539],[15.857273093338799,47.79453959472672],[15.857814,47.792191]],[[15.865977,47.7893],[15.865977709691185,47.78930010280288],[15.857814,47.792191],[15.865977,47.7893]],[[15.906453,47.791393],[15.906341474393969,47.79138205849383],[15.914414,47.787683],[15.922051,47.779805],[15.914415,47.787683],[15.906453,47.791393]],[[15.984566,47.750747],[15.981288,47.752218],[15.983436,47.75704],[15.981287,47.752218],[15.984565,47.750747],[15.985329318182249,47.749111318180894],[15.984566,47.750747]],[[15.985686,47.748347],[15.985685650169456,47.748347749636885],[15.979183,47.743694],[15.976161,47.739724],[15.979184,47.743694],[15.985686,47.748347]],[[15.975665,47.735862],[15.975665114255387,47.73586188985596],[15.976161,47.739724],[15.975665,47.735862]],[[14.246721979450509,47.56422962588797],[14.246722,47.564231],[14.244781336632343,47.565421180263066],[14.244781,47.56542],[14.246721979450509,47.56422962588797]],[[14.245519496053278,47.568011235505466],[14.24552,47.568013],[14.243791534470857,47.568819750539056],[14.243791,47.568819],[14.245519496053278,47.568011235505466]],[[14.281508207898812,47.60311530468883],[14.281508,47.603115],[14.282657513929955,47.59927148607687],[14.281508207898812,47.60311530468883]],[[14.336307789947728,47.64875377314759],[14.336308,47.648754],[14.335787177494037,47.653150501691414],[14.335787,47.65315],[14.336307789947728,47.64875377314759]],[[14.343424,47.694789],[14.346589,47.690335],[14.349055791480161,47.67543325965591],[14.349056,47.675434],[14.346589,47.690338],[14.34342425818536,47.69479063674584],[14.343424,47.694789]],[[14.344080770175673,47.698954543046696],[14.344081,47.698956],[14.342524530451238,47.7026347462681],[14.342524,47.702633],[14.344080770175673,47.698954543046696]],[[14.333375562095066,47.716207041837954],[14.333375,47.716206],[14.335061,47.713332],[14.340556,47.710945],[14.343742568978502,47.70664658141243],[14.343743,47.706648],[14.340556,47.710947],[14.335061,47.713334],[14.333375562095066,47.716207041837954]],[[14.37708785089151,47.718728982393095],[14.376706,47.716123],[14.376706267044543,47.71612282317321],[14.377088,47.718729],[14.37708785089151,47.718728982393095]],[[14.648534,47.726315],[14.647180076407716,47.7304237334402],[14.648235382148945,47.72624081558385],[14.648534,47.726315]],[[14.647179,47.730428],[14.647179185175565,47.73042726601918],[14.652264,47.737732],[14.652058362810601,47.738057636269076],[14.647179,47.730428]],[[14.650636314664697,47.74022376369361],[14.639045249243823,47.74471297738895],[14.638906,47.744276],[14.650636314664697,47.74022376369361]],[[14.644247,47.755054],[14.644246789058926,47.75505489142065],[14.641024,47.753396],[14.644247,47.755054]],[[14.651844622239713,47.77106202032694],[14.647769,47.768164],[14.643136,47.759749],[14.647769,47.768163],[14.651846,47.77106],[14.651844622239713,47.77106202032694]],[[14.6533,47.778436],[14.653299576462171,47.778436751608616],[14.6528514801496,47.7780437872874],[14.649243,47.774879],[14.64924385351231,47.7748777487503],[14.6528526912836,47.7780436296962],[14.6533,47.778436]],[[14.645175,47.805008],[14.64517471706546,47.80500839362369],[14.639664,47.793198],[14.645175,47.805008]],[[14.642146000010761,47.809221999985034],[14.639117019463697,47.81343597292175],[14.639117,47.813435],[14.642146000010761,47.809221999985034]],[[14.643823,47.835584],[14.637422115665316,47.842503874956414],[14.637422,47.842503],[14.643823,47.835584]],[[14.63759517612589,47.8438129999989],[14.638731884897267,47.85240512996393],[14.638731,47.852405],[14.63759517612589,47.8438129999989]],[[14.638744344174379,47.85240695984485],[14.654026502563868,47.853595253244706],[14.648025,47.85377],[14.638744344174379,47.85240695984485]],[[14.657367,47.853855],[14.662685855814392,47.85765865546699],[14.65706867504365,47.853831803173506],[14.657367,47.853855]],[[14.670278,47.863088],[14.670284594959291,47.863234604716176],[14.669147123209104,47.86227927988457],[14.670278,47.863088]],[[14.670440003742716,47.86666761683935],[14.676354,47.870302],[14.67044,47.866668],[14.670440003742716,47.86666761683935]],[[14.6766926209088,47.87384221464256],[14.676571,47.87373],[14.676354,47.870302],[14.6766926209088,47.87384221464256]],[[14.681174,47.877976],[14.681173964669433,47.87797696740193],[14.681143741665462,47.87794908187122],[14.681174,47.877976]],[[14.684485,47.882709],[14.694615,47.892098],[14.681080565412037,47.880634172934506],[14.684485,47.882709]],[[14.704935,47.892954],[14.705756,47.891749],[14.708733,47.891282],[14.708733928365225,47.891283011233526],[14.705756,47.89175],[14.704935,47.892955],[14.694615,47.892098],[14.704935,47.892954]],[[14.709868,47.890936],[14.709506,47.892125],[14.7087972636546,47.89135199999634],[14.709506,47.892124],[14.709868,47.890935],[14.71254,47.890849],[14.723755,47.895502],[14.73227,47.894251],[14.738353,47.898747],[14.7446135,47.900679000000004],[14.738353,47.898748],[14.73227,47.894254],[14.723755,47.895504],[14.71254,47.89085],[14.709868,47.890936]],[[14.767024,47.909424],[14.767527017333467,47.90986725289781],[14.756005,47.906717],[14.767024,47.909424]],[[14.768450984696349,47.91068144196015],[14.768943,47.911115],[14.769727,47.918904],[14.769726745702629,47.91890436092602],[14.768450984696349,47.91068144196015]],[[14.764065,47.932022],[14.764065297031285,47.93202162409041],[14.765801,47.941512],[14.765800791896428,47.94151286214337],[14.764065,47.932022]],[[14.773292295983097,47.96358929598313],[14.771914,47.958017],[14.76347,47.951171],[14.76347040375558,47.95116932729831],[14.771914,47.958014],[14.773292295983097,47.96358929598313]],[[14.740773,47.987882],[14.736399165961824,47.991054002545795],[14.736384,47.990887],[14.740773,47.987882]],[[14.737241,48.000322],[14.737240835230153,48.000322185609065],[14.737240517359911,48.0003186853273],[14.737241,48.000322]],[[14.742153666666667,48.014676333333334],[14.739851,48.013945],[14.733003,48.005098],[14.733003826948316,48.0050970684636],[14.739851,48.013944],[14.742153666666667,48.014676333333334]],[[14.746574,48.019086],[14.746758876906162,48.016140960851594],[14.746759,48.016141],[14.74697076484365,48.019221953193366],[14.746574,48.019086]],[[14.75122594382472,48.02068326891754],[14.75336698654648,48.0230607515383],[14.752807,48.022976],[14.75122594382472,48.02068326891754]],[[14.775461,48.025877],[14.77601813743743,48.02648890511511],[14.758142437667955,48.02378349538129],[14.775461,48.025877]],[[14.78188,48.032927],[14.781879747568585,48.032927496798415],[14.781872153296565,48.03291838195059],[14.78188,48.032927]],[[14.780222074287865,48.03619288637098],[14.780813739446325,48.03668105611105],[14.780221,48.036195],[14.780222074287865,48.03619288637098]]]}}]}
