{"type":"FeatureCollection","features":[{"type":"Feature","properties":{"id":"SZ.1","parentId":"western-alps","level":"section","name":"Alpi Liguri i.s.a. = Alpes ligures a.s.l.","names":{"en":"Ligurian Alps, broader sense","de":"Ligurische Alpen im weiteren Sinne","fr":"Alpes ligures au sens large","it":"Alpi Liguri in senso ampio"},"provenance":{"source":"https://www.homoalpinus.com/alpes/subdivisions/soiusa/","creator":"Capleymar","kind":"supplied","names":{"version":"soiusa-area-names-v1","source":"https://www.homoalpinus.com/alpes/subdivisions/soiusa/tab_de/index.html","method":"SOIUSA multilingual nomenclature; display casing, accents and spelling normalized; broad-sense scope retained"}},"sourceFeatures":[{"index":0,"fields":{"Number":"1","Code":"SZ.1","Name":"Alpi Liguri i.s.a. = Alpes ligures a.s.l.","Perimeter":"359.96 km","Enclosed_Area":"3463.1 sq km","Island_Area":"","Capleymar-Homoalpinus":"https://www.homoalpinus.com/alpes/subdivisions/soiusa/","Created_By":"Capleymar"}}],"geometryRef":"sections.geojson#SZ.1"},"geometry":{"type":"Polygon","coordinates":[[[7.562691,44.185516],[7.556949,44.17994],[7.557471,44.171904],[7.555752,44.168991],[7.55087,44.165598],[7.553445,44.162643],[7.553808,44.159636],[7.559931,44.154182],[7.5631759352882,44.1490528759926],[7.569474,44.139095],[7.568192,44.132219],[7.566543,44.130393],[7.567941,44.128606],[7.567997,44.123485],[7.564511,44.110806],[7.569219,44.109452],[7.575291,44.102648],[7.581837,44.102537],[7.588505,44.099664],[7.589105,44.096842],[7.596601,44.089347],[7.593958,44.084483],[7.598269,44.078959],[7.598632,44.073001],[7.596459,44.072814],[7.593678,44.070494],[7.58903,44.070271],[7.590187,44.067444],[7.587334,44.057445],[7.589392,44.055357],[7.589707,44.051239],[7.586631,44.047168],[7.586356,44.043405],[7.580285,44.036269],[7.580216,44.03338],[7.582157,44.030847],[7.580413,44.029832],[7.577421,44.030096],[7.577784,44.028271],[7.570785,44.023774],[7.569033,44.021077],[7.565035,44.020198],[7.56391,44.01638],[7.556078,44.009117],[7.553745,44.001262],[7.550134,43.99685],[7.55069,43.993391],[7.549023,43.994032],[7.546356,43.992869],[7.548613,43.988468],[7.547127,43.986412],[7.550289,43.984801],[7.546998,43.983799],[7.542113,43.978128],[7.538967,43.971001],[7.525689,43.965493],[7.521137,43.957645],[7.519213,43.949708],[7.51997,43.946903],[7.517638,43.943449],[7.518703,43.941537],[7.513451,43.937191],[7.514697,43.935305],[7.518591,43.937048],[7.517228,43.933029],[7.520229,43.931718],[7.518645,43.930427],[7.522617,43.928995],[7.520424,43.926504],[7.519896,43.922713],[7.516154,43.91921],[7.516108,43.917827],[7.518035,43.916917],[7.516818,43.910614],[7.518321,43.908344],[7.523482,43.910196],[7.526694,43.907124],[7.52202,43.902745],[7.52786,43.90264],[7.528327,43.90008],[7.524374,43.899758],[7.525179,43.898057],[7.528373,43.89701],[7.528864,43.895662],[7.531333,43.895662],[7.532831,43.893746],[7.53147,43.890762],[7.534521,43.890299],[7.537874,43.885417],[7.539653,43.885133],[7.540515,43.882404],[7.534923,43.88141],[7.536825,43.877858],[7.539545,43.878377],[7.541279,43.880363],[7.541073,43.876868],[7.537915,43.876218],[7.540026,43.871862],[7.541056,43.871268],[7.542927,43.873471],[7.544412,43.873365],[7.545039,43.871979],[7.548275,43.871385],[7.550111,43.868965],[7.553364,43.867784],[7.556755,43.870921],[7.559578,43.868768],[7.565175,43.867853],[7.564471,43.864796],[7.566531,43.86677],[7.570204,43.864573],[7.572633,43.864716],[7.573054,43.861869],[7.576633,43.861021],[7.577903,43.85841],[7.575474,43.856076],[7.571612,43.8556],[7.572807,43.851607],[7.575262,43.850022],[7.577785,43.850381],[7.589295,43.844054],[7.590093,43.841987],[7.583441,43.839492],[7.580463,43.835778],[7.580772,43.830893],[7.583896,43.827109],[7.584102,43.822409],[7.590505,43.816451],[7.591063,43.807842],[7.597466,43.800972],[7.597706,43.798995],[7.602642,43.794951],[7.60593,43.788192],[7.618613,43.785096],[7.627454,43.784842],[7.627708,43.783487],[7.629434,43.78456],[7.648369,43.781818],[7.662376,43.777408],[7.67087,43.776766],[7.672836,43.775673],[7.67816,43.780379],[7.675313,43.779548],[7.677918,43.782366],[7.682603,43.785029],[7.687333,43.786032],[7.694359,43.791283],[7.693932,43.793346],[7.696014,43.796236],[7.700786,43.798842],[7.714986,43.800856],[7.718059,43.800153],[7.718095,43.799219],[7.722737,43.799204],[7.73468,43.795378],[7.738808,43.795366],[7.744225,43.800743],[7.748892,43.802213],[7.753379,43.807167],[7.761153,43.807438],[7.762333,43.809069],[7.763865,43.808531],[7.763219,43.809372],[7.766337,43.80993],[7.768988,43.813073],[7.770376,43.812193],[7.770309,43.813092],[7.775315,43.813645],[7.775992,43.812695],[7.776238,43.813713],[7.78514014329617,43.8148171526525],[7.787236,43.815077],[7.78514014329617,43.814941468887],[7.778889,43.814537],[7.780364,43.815208],[7.778605,43.815148],[7.779255,43.816115],[7.783769,43.816184],[7.781919,43.817465],[7.784313,43.819209],[7.78514014329617,43.8186032961648],[7.786913,43.817305],[7.786807,43.81953],[7.787527,43.817813],[7.78737,43.819645],[7.788586,43.819774],[7.78879,43.817971],[7.788642,43.819777],[7.789862,43.818092],[7.789715,43.819864],[7.790822,43.818301],[7.790694,43.819914],[7.791644,43.818408],[7.79153,43.819926],[7.792363,43.818508],[7.792271,43.819894],[7.792899,43.818574],[7.792822,43.819847],[7.793475,43.818652],[7.794324,43.819578],[7.794503,43.818225],[7.786941,43.816867],[7.788347,43.815853],[7.794952,43.818079],[7.79549,43.819443],[7.805648,43.823272],[7.816048,43.821758],[7.831197,43.816013],[7.839722,43.820379],[7.842409,43.826404],[7.85282,43.830726],[7.859757,43.830616],[7.858176,43.832042],[7.859387,43.833308],[7.860541,43.830866],[7.871915,43.835983],[7.879716,43.835492],[7.883161,43.837204],[7.885371,43.836609],[7.889534,43.837889],[7.888572,43.836928],[7.890709,43.838116],[7.900612,43.835936],[7.90088,43.836951],[7.903685,43.835806],[7.906459,43.83681],[7.906679,43.835677],[7.910974,43.836064],[7.917326,43.838095],[7.907854,43.836337],[7.91029,43.838197],[7.908725,43.836628],[7.9116,43.83714],[7.911479,43.838964],[7.912954,43.837597],[7.91223,43.839297],[7.913681,43.83791],[7.912819,43.839551],[7.914238,43.838152],[7.913376,43.839793],[7.914795,43.83839],[7.913877,43.840042],[7.915538,43.838323],[7.914795,43.840184],[7.916615,43.840882],[7.914733,43.840962],[7.91746,43.84347],[7.940481,43.845136],[7.956093,43.849959],[7.961941,43.850281],[7.962742,43.851612],[7.963791,43.850901],[7.967244,43.852584],[7.965619,43.852322],[7.96743,43.854258],[7.967199,43.856799],[7.970611,43.860685],[7.993908,43.865331],[7.999144,43.868253],[7.999956,43.867326],[8.002164,43.86785],[8.00281,43.869704],[8.006871,43.86899],[8.009065,43.871304],[8.013673,43.871488],[8.019178,43.873851],[8.020901,43.876259],[8.029406,43.874811],[8.02693,43.876099],[8.019472,43.876864],[8.018714,43.878377],[8.02203,43.879844],[8.023486,43.87757],[8.022479,43.879683],[8.023421,43.878607],[8.023403,43.880193],[8.026833,43.882096],[8.027357,43.879257],[8.027659,43.882763],[8.029922,43.885019],[8.030745,43.884216],[8.034082,43.884682],[8.03502,43.883597],[8.036776,43.886446],[8.04116,43.885056],[8.040612,43.887384],[8.044652,43.887583],[8.044113,43.885139],[8.040647,43.88323],[8.046137,43.885949],[8.045568,43.887103],[8.054324,43.886767],[8.068204,43.889208],[8.072712,43.891072],[8.07982,43.896806],[8.082701,43.897472],[8.079281,43.898189],[8.077203,43.901315],[8.077752,43.903165],[8.082595,43.907972],[8.084693,43.907494],[8.083819,43.908804],[8.085665,43.90858],[8.08595,43.910275],[8.086502,43.908102],[8.086052,43.910405],[8.091859,43.915882],[8.093961,43.916916],[8.094995,43.91608],[8.095294,43.917178],[8.101732,43.919518],[8.104163,43.919921],[8.104236,43.919062],[8.107426,43.919661],[8.105315,43.920518],[8.107093,43.920039],[8.110869,43.923081],[8.114118,43.923282],[8.116982,43.925175],[8.127988,43.926556],[8.134518,43.932895],[8.133411,43.932754],[8.133383,43.935274],[8.135643,43.941193],[8.140283,43.946499],[8.149463,43.950613],[8.15187,43.949977],[8.153896,43.951255],[8.154974,43.949524],[8.159444,43.949793],[8.155313,43.949835],[8.154414,43.951299],[8.156127,43.95038],[8.155782,43.951661],[8.156589,43.950427],[8.155836,43.952027],[8.157265,43.952317],[8.156229,43.951603],[8.157625,43.950544],[8.157418,43.952186],[8.15863,43.952342],[8.159227,43.950711],[8.159626,43.952447],[8.169614,43.952296],[8.173574,43.954503],[8.173276,43.959042],[8.16864,43.962571],[8.164697,43.96822],[8.161418,43.970045],[8.159408,43.975523],[8.160932,43.979896],[8.159396,43.980375],[8.159765,43.983933],[8.164633,43.995011],[8.170849,44.003178],[8.17265,44.004988],[8.17397,44.004291],[8.172839,44.005165],[8.181725,44.013124],[8.186615,44.015507],[8.193912,44.015994],[8.194856,44.019166],[8.192985,44.016007],[8.192118,44.019496],[8.19356,44.018926],[8.193517,44.019774],[8.192287,44.020901],[8.19811,44.025258],[8.202228,44.030771],[8.221962,44.040846],[8.217965,44.044347],[8.204527,44.050849],[8.198407,44.052279],[8.185669,44.052786],[8.180502,44.054769],[8.175321,44.059044],[8.174824,44.065536],[8.184771,44.071655],[8.197788,44.07083],[8.202954,44.07163],[8.215326,44.077822],[8.226182,44.085009],[8.231386,44.089685],[8.234381,44.096314],[8.235967,44.09622],[8.235464,44.094853],[8.236356,44.096405],[8.23482,44.096749],[8.237236,44.099536],[8.236603,44.100858],[8.23777693397784,44.1022669578509],[8.244808,44.110704],[8.246666,44.111252],[8.249515,44.11691],[8.260737,44.126258],[8.264316,44.127856],[8.264273,44.130617],[8.267055,44.130644],[8.270902,44.133279],[8.271417,44.135637],[8.268643,44.132039],[8.265906,44.131934],[8.267287,44.13361],[8.269037,44.133226],[8.266832,44.134094],[8.265201,44.131379],[8.263045,44.13214],[8.266626,44.135895],[8.26836,44.136189],[8.269347,44.134981],[8.268229,44.134429],[8.269731,44.134718],[8.268313,44.137685],[8.269787,44.138594],[8.271405,44.137255],[8.269606,44.13963],[8.289655,44.151096],[8.301812,44.155604],[8.336368,44.162088],[8.338649,44.165858],[8.344405,44.168024],[8.369878,44.17354],[8.372109,44.175478],[8.369715,44.173799],[8.368172,44.174223],[8.369827,44.176074],[8.370804,44.175402],[8.370144,44.176791],[8.371459,44.177851],[8.383681,44.180583],[8.40708,44.180895],[8.408086,44.183222],[8.406627,44.184116],[8.409406,44.187101],[8.422275,44.192511],[8.425357,44.197056],[8.418146,44.199552],[8.416642,44.20179],[8.418992,44.210959],[8.415628,44.216691],[8.416234,44.221996],[8.420941,44.227648],[8.425933,44.231409],[8.428251,44.231783],[8.428977,44.233401],[8.437994,44.237318],[8.442791,44.237311],[8.444223,44.24027],[8.446018,44.24087],[8.44395,44.244069],[8.445446,44.24704],[8.456432,44.258384],[8.456293,44.259946],[8.453876,44.267554],[8.455456,44.261986],[8.454409,44.259876],[8.452479,44.263799],[8.449475,44.262727],[8.448218,44.264609],[8.449471,44.266166],[8.444942,44.263549],[8.442501,44.265013],[8.441947,44.266354],[8.447432,44.267555],[8.441985,44.266594],[8.441138,44.269521],[8.445494,44.270094],[8.440671,44.270087],[8.448082,44.272771],[8.440559,44.270118],[8.441541,44.276579],[8.442635,44.277605],[8.446514,44.275652],[8.443359,44.278306],[8.448102,44.285157],[8.456456,44.29188],[8.464529,44.296254],[8.477711,44.300074],[8.47373,44.31246],[8.470455,44.317464],[8.468318,44.319865],[8.462275,44.320811],[8.457107,44.325072],[8.444663,44.327242],[8.433998,44.3241],[8.430641,44.325333],[8.427583,44.323079],[8.420429,44.325412],[8.417512,44.32375],[8.417035,44.325508],[8.414423,44.325692],[8.411219,44.328746],[8.408125,44.328392],[8.402744,44.33163],[8.399099,44.330514],[8.382973,44.331616],[8.37886,44.334686],[8.369705,44.336863],[8.353139,44.33344],[8.349148,44.334258],[8.347101,44.333476],[8.341907,44.336022],[8.323266,44.339486],[8.323279,44.340644],[8.326327,44.341942],[8.320537,44.346124],[8.318621,44.345454],[8.313733,44.346958],[8.299605,44.347507],[8.2933,44.354015],[8.291735,44.363274],[8.289342,44.362029],[8.282839,44.362116],[8.281085,44.363277],[8.273522,44.363232],[8.258392,44.367083],[8.252682,44.364591],[8.246407,44.364034],[8.240577,44.36164],[8.234868,44.361224],[8.221832,44.357412],[8.205588,44.362818],[8.198508,44.370643],[8.197306,44.367685],[8.192782,44.364716],[8.192326,44.360219],[8.187302,44.360302],[8.185143,44.35891],[8.178492,44.359445],[8.172531,44.357629],[8.17033,44.358919],[8.155821,44.360347],[8.151039,44.36501],[8.151278,44.369771],[8.14695,44.375105],[8.136703,44.374658],[8.124768,44.382175],[8.117206,44.384636],[8.103836,44.380187],[8.099484,44.375514],[8.086154,44.375208],[8.086225,44.372691],[8.076597,44.37294],[8.072975,44.371284],[8.071001,44.373557],[8.066336,44.370839],[8.063532,44.372187],[8.063235,44.37799],[8.057637,44.377806],[8.056391,44.380019],[8.055402,44.376759],[8.053286,44.37759],[8.053785,44.375874],[8.049765,44.376067],[8.050648,44.378314],[8.045357,44.378667],[8.04614,44.381799],[8.043408,44.381648],[8.042571,44.38332],[8.038561,44.383904],[8.03665,44.386911],[8.032525,44.388883],[8.022956,44.390172],[8.023463,44.394983],[8.021822,44.396674],[8.017609,44.398317],[8.00596,44.399298],[8.005307,44.400957],[8.008903,44.404375],[8.005493,44.407394],[7.999666,44.405553],[7.992397,44.408549],[7.988534,44.412064],[7.980099,44.411281],[7.971142,44.412909],[7.972354,44.417439],[7.970318,44.419045],[7.960867,44.418522],[7.96519,44.424499],[7.96304,44.428337],[7.956347,44.426924],[7.952358,44.421379],[7.949231,44.420828],[7.94343,44.425725],[7.943687,44.430829],[7.939489,44.43057],[7.933387,44.424562],[7.930881,44.417629],[7.926001,44.416137],[7.920535,44.419305],[7.924671,44.426637],[7.924396,44.429597],[7.920163,44.429097],[7.912723,44.42377],[7.906231,44.42635],[7.90175,44.425617],[7.898287,44.429678],[7.90756,44.430872],[7.907967,44.432662],[7.900687,44.434553],[7.894709,44.440486],[7.886632,44.442276],[7.885976,44.44348],[7.882538,44.440363],[7.878596,44.438894],[7.87496,44.435097],[7.874517,44.432747],[7.869173,44.431009],[7.867744,44.425533],[7.869028,44.422085],[7.867111,44.421768],[7.865104,44.42344],[7.862943,44.421639],[7.868725,44.41591],[7.860526,44.415531],[7.859286,44.413143],[7.861252,44.411167],[7.853214,44.406713],[7.85013,44.407906],[7.848466,44.40484],[7.84196,44.407403],[7.840847,44.404117],[7.835955,44.40306],[7.837707,44.400886],[7.834956,44.401416],[7.831242,44.399213],[7.82763,44.39948],[7.826718,44.39772],[7.828158,44.3966],[7.825064,44.395425],[7.824833,44.393203],[7.820192,44.393048],[7.818501,44.386653],[7.821655,44.385361],[7.817868,44.384564],[7.816438,44.381244],[7.817597,44.378509],[7.813013,44.378728],[7.812307,44.377892],[7.814172,44.374938],[7.809893,44.370152],[7.80774,44.361623],[7.804383,44.359445],[7.802749,44.355784],[7.797815,44.354661],[7.79768,44.352458],[7.790281,44.35011],[7.786416,44.345781],[7.78514014329617,44.3449618951832],[7.780334,44.341876],[7.778451,44.342381],[7.778196,44.348221],[7.772606,44.365912],[7.773221,44.371745],[7.769478,44.379613],[7.770807,44.3866],[7.774204,44.391481],[7.774189,44.404092],[7.771482,44.405441],[7.764756,44.405328],[7.760616,44.404121],[7.753818,44.399603],[7.745427,44.396848],[7.740134,44.392672],[7.728553,44.390016],[7.709737,44.381989],[7.710114,44.380126],[7.706678,44.376947],[7.701415,44.366733],[7.698912,44.364795],[7.695912,44.364913],[7.694862,44.360668],[7.692339,44.359396],[7.690653,44.354918],[7.68295,44.351056],[7.681375,44.348469],[7.68243,44.340786],[7.679918,44.331531],[7.681023,44.328581],[7.678614,44.322697],[7.675403,44.321194],[7.672702,44.320889],[7.664986,44.323026],[7.656173,44.322823],[7.651831,44.326948],[7.644914,44.325915],[7.642361,44.324225],[7.636369,44.324252],[7.632086,44.326939],[7.624746,44.337995],[7.621308,44.33942],[7.616953,44.339269],[7.606972,44.33514],[7.593153,44.332333],[7.57901,44.319606],[7.569762,44.316326],[7.563839,44.316835],[7.559073,44.319022],[7.543803,44.335374],[7.533628,44.336385],[7.526493,44.334819],[7.520545,44.330556],[7.503312,44.326386],[7.49613,44.320389],[7.493443,44.319935],[7.489053,44.315454],[7.49192,44.311407],[7.498019,44.308412],[7.505356,44.307523],[7.516071,44.299507],[7.519766,44.276307],[7.521947,44.274092],[7.517923,44.263062],[7.518937,44.260874],[7.521835,44.260194],[7.525415,44.255269],[7.528113,44.254529],[7.531242,44.250307],[7.530662,44.247448],[7.532448,44.243317],[7.543613,44.237021],[7.547367,44.23315],[7.549652,44.233331],[7.554488,44.231167],[7.557676,44.227798],[7.561982,44.228436],[7.563498,44.223437],[7.567756,44.221308],[7.571387,44.215225],[7.571955,44.210026],[7.574105,44.208171],[7.574882,44.2047],[7.574025,44.203189],[7.576768,44.197667],[7.562691,44.185516]]]}},{"type":"Feature","properties":{"id":"SZ.2","parentId":"western-alps","level":"section","name":"Alpes Maritimes a.s.l. = Alpi Marittime i.s.a.","names":{"en":"Maritime Alps and Nice Prealps","de":"Seealpen und Nizzaer Voralpen","fr":"Alpes maritimes et Préalpes de Nice","it":"Alpi Marittime e Prealpi di Nizza"},"provenance":{"source":"https://www.homoalpinus.com/alpes/subdivisions/soiusa/","creator":"Capleymar","kind":"supplied","names":{"version":"soiusa-area-names-v1","source":"https://www.homoalpinus.com/alpes/subdivisions/soiusa/tab_de/index.html","method":"SOIUSA multilingual nomenclature; display casing, accents and spelling normalized; broad-sense scope retained"}},"sourceFeatures":[{"index":1,"fields":{"Number":"2","Code":"SZ.2","Name":"Alpes Maritimes a.s.l. = Alpi Marittime i.s.a.","Perimeter":"409.97 km","Enclosed_Area":"4298.5 sq km","Island_Area":"","Capleymar-Homoalpinus":"https://www.homoalpinus.com/alpes/subdivisions/soiusa/","Created_By":"Capleymar"}}],"geometryRef":"sections.geojson#SZ.2"},"geometry":{"type":"Polygon","coordinates":[[[7.562692,44.185516],[7.576768,44.197668],[7.574025,44.20319],[7.574882,44.204702],[7.574105,44.208173],[7.571955,44.210027],[7.571387,44.215226],[7.567756,44.221308],[7.563498,44.223437],[7.561982,44.228436],[7.557676,44.227798],[7.554488,44.231169],[7.549652,44.233333],[7.547367,44.233152],[7.543613,44.237023],[7.532448,44.243319],[7.530662,44.24745],[7.531242,44.250309],[7.528113,44.254531],[7.525415,44.25527],[7.522484,44.259635],[7.518599,44.261331],[7.517923,44.263062],[7.521948,44.274093],[7.519766,44.276308],[7.516071,44.299507],[7.505356,44.307525],[7.498019,44.308414],[7.492721,44.310756],[7.489053,44.315456],[7.493398,44.319897],[7.500674,44.323511],[7.503288,44.32678],[7.494555,44.327203],[7.475663,44.332399],[7.46995,44.3356],[7.466134,44.34064],[7.459925,44.339289],[7.456478,44.340452],[7.444172,44.338579],[7.439792,44.34086],[7.435553,44.341447],[7.431455,44.339801],[7.432596,44.341947],[7.427686,44.34495],[7.421864,44.341674],[7.422888,44.339262],[7.426458,44.338632],[7.426907,44.337462],[7.423074,44.336919],[7.420684,44.338577],[7.417311,44.336739],[7.416892,44.332369],[7.413753,44.328573],[7.406961,44.327905],[7.402822,44.324636],[7.400558,44.320556],[7.394706,44.316887],[7.39237,44.31675],[7.391333,44.314782],[7.386757,44.315163],[7.38136,44.312193],[7.381157,44.310346],[7.377521,44.310299],[7.36853,44.307098],[7.358033,44.308348],[7.351381,44.306528],[7.328841,44.30835],[7.323816,44.304561],[7.315819,44.306833],[7.307703,44.30504],[7.302198,44.306527],[7.29525,44.306115],[7.283546,44.30769],[7.268248,44.313778],[7.265552,44.313407],[7.260081,44.315271],[7.257462,44.313927],[7.249302,44.314971],[7.243624,44.313488],[7.240323,44.311217],[7.224564,44.30991],[7.218999,44.310788],[7.207361,44.309244],[7.200928,44.310891],[7.192722,44.311093],[7.187672,44.305525],[7.18185,44.303485],[7.171272,44.302451],[7.162497,44.305669],[7.144396,44.301161],[7.141017,44.29899],[7.123185,44.299718],[7.111364,44.304233],[7.101076,44.314923],[7.08809,44.324166],[7.084103,44.329303],[7.070308,44.33669],[7.058363,44.340422],[7.044403,44.342027],[7.040618,44.343646],[7.03636,44.342577],[7.031978,44.343368],[7.029802,44.345437],[7.019091,44.348094],[7.017866,44.352312],[7.014203,44.352771],[7.008203,44.359146],[7.001201,44.359214],[6.9976,44.358068],[6.995744,44.358988],[6.987204,44.36731],[6.978755,44.372354],[6.972584,44.373429],[6.968643,44.379733],[6.963634,44.383198],[6.963253,44.386667],[6.959676,44.389779],[6.94882,44.393582],[6.943636,44.393742],[6.926528,44.398082],[6.919613,44.407084],[6.916295,44.408428],[6.913864,44.411507],[6.904318,44.416256],[6.892477,44.426816],[6.882426,44.429153],[6.878564,44.428268],[6.874755,44.429812],[6.847822,44.448265],[6.83441,44.453885],[6.828782,44.458438],[6.821611,44.461503],[6.815243,44.467884],[6.806783,44.469917],[6.797472,44.474854],[6.785577,44.476304],[6.76825,44.475072],[6.764167,44.471991],[6.760454,44.471262],[6.759987,44.468772],[6.749652,44.459569],[6.748727,44.456845],[6.741822,44.450333],[6.743369,44.445531],[6.742645,44.441116],[6.744881,44.439687],[6.744481,44.434714],[6.73694,44.429304],[6.738878,44.424548],[6.738454,44.41968],[6.736501,44.41754],[6.731494,44.415537],[6.729014,44.411226],[6.729517,44.408822],[6.72725,44.408497],[6.725983,44.406556],[6.719061,44.40427],[6.715584,44.404429],[6.708775,44.401316],[6.702873,44.400918],[6.698892,44.398757],[6.695843,44.398932],[6.690834,44.392896],[6.686465,44.390742],[6.682211,44.389455],[6.669824,44.389798],[6.658336,44.383847],[6.64078,44.38617],[6.618348,44.385304],[6.626188,44.375357],[6.626729,44.362196],[6.624647,44.359015],[6.624577,44.354882],[6.620824,44.35005],[6.619829,44.340894],[6.616753,44.338431],[6.613426,44.332033],[6.61312,44.327822],[6.615406,44.322988],[6.61204,44.322355],[6.611392,44.320763],[6.607575,44.31898],[6.606195,44.300431],[6.599941,44.296908],[6.583119,44.299287],[6.56962,44.295616],[6.570749,44.287997],[6.573083,44.285512],[6.571635,44.281916],[6.576801,44.274571],[6.579622,44.265347],[6.584253,44.260055],[6.594733,44.254482],[6.601832,44.247617],[6.606986,44.245534],[6.617644,44.244854],[6.620211,44.243382],[6.63559,44.215717],[6.636554,44.209152],[6.634873,44.200102],[6.636269,44.198249],[6.632211,44.193566],[6.633588,44.189225],[6.631297,44.184393],[6.62484,44.18203],[6.623218,44.178501],[6.619266,44.178109],[6.61674,44.171379],[6.6113,44.165608],[6.61141,44.162936],[6.608347,44.159844],[6.605152,44.158709],[6.603529,44.154585],[6.598764,44.151158],[6.598276,44.147188],[6.592941,44.138175],[6.589929,44.136062],[6.58911,44.133711],[6.58141,44.130162],[6.579588,44.115027],[6.58087,44.108163],[6.57718,44.105334],[6.574694,44.105228],[6.573588,44.102794],[6.564285,44.095277],[6.564889,44.090476],[6.56204,44.083961],[6.566512,44.080587],[6.56923,44.075691],[6.572086,44.07413],[6.572898,44.071765],[6.571392,44.069733],[6.573581,44.068122],[6.57294,44.066374],[6.575817,44.060315],[6.571932,44.056167],[6.572403,44.053018],[6.565526,44.044261],[6.563753,44.044143],[6.563075,44.037528],[6.560153,44.031951],[6.554994,44.028162],[6.555317,44.022927],[6.561581,44.014032],[6.560224,44.007197],[6.559004,44.00589],[6.549693,44.00352],[6.548719,44.000884],[6.546213,43.999754],[6.544818,43.996629],[6.540682,43.9933],[6.54019,43.989328],[6.536038,43.986027],[6.535693,43.983539],[6.531803,43.980402],[6.528526,43.974248],[6.526108,43.972205],[6.521724,43.971445],[6.514291,43.963724],[6.514306,43.959299],[6.512021,43.955466],[6.5135,43.955349],[6.513045,43.953499],[6.515314,43.950813],[6.517653,43.949673],[6.519032,43.950878],[6.518495,43.948723],[6.525393,43.944077],[6.52584,43.93956],[6.528353,43.939674],[6.531584,43.935677],[6.536376,43.938499],[6.537055,43.937859],[6.531279,43.935204],[6.530836,43.932877],[6.53374,43.920845],[6.536439,43.918297],[6.534873,43.917091],[6.539749,43.911098],[6.543053,43.912807],[6.549328,43.911896],[6.55647,43.912918],[6.559299,43.914846],[6.569681,43.912797],[6.582155,43.913993],[6.595273,43.910506],[6.605332,43.911592],[6.607667,43.915681],[6.628292,43.928487],[6.635321,43.930864],[6.639912,43.931341],[6.643613,43.929796],[6.645039,43.931493],[6.650682,43.932519],[6.665204,43.928907],[6.677868,43.935868],[6.687453,43.937493],[6.689651,43.944419],[6.68392,43.955555],[6.694351,43.957538],[6.696264,43.956185],[6.710466,43.958978],[6.735374,43.958309],[6.737613,43.961177],[6.744847,43.964549],[6.750369,43.96645],[6.757125,43.966485],[6.768036,43.970275],[6.777052,43.970507],[6.779149,43.966577],[6.801541,43.957797],[6.804571,43.953912],[6.809876,43.951195],[6.810269,43.949348],[6.823794,43.952702],[6.839554,43.952377],[6.85222,43.955253],[6.869017,43.953679],[6.871396,43.954508],[6.874199,43.952782],[6.88216,43.951335],[6.895895,43.954904],[6.906306,43.951701],[6.914207,43.954869],[6.920518,43.951943],[6.928044,43.953771],[6.937568,43.953125],[6.94297,43.950685],[6.954731,43.951128],[6.96321,43.947335],[6.976604,43.947346],[6.983467,43.949915],[6.986759,43.949043],[6.989542,43.945249],[6.99814,43.946175],[7.004523,43.943709],[7.009644,43.946059],[7.01415,43.946201],[7.018538,43.944302],[7.023502,43.945109],[7.025171,43.943679],[7.029143,43.944565],[7.056247,43.941342],[7.059734,43.937385],[7.062032,43.937258],[7.066205,43.933354],[7.06917,43.935398],[7.073992,43.933707],[7.082489,43.936594],[7.086883,43.934985],[7.090341,43.930043],[7.095475,43.927777],[7.108405,43.929847],[7.112965,43.93202],[7.116457,43.931238],[7.116819,43.933004],[7.119642,43.933117],[7.123916,43.936394],[7.127416,43.936088],[7.134553,43.931583],[7.140385,43.934521],[7.147039,43.930653],[7.149737,43.925772],[7.154467,43.924097],[7.155877,43.922171],[7.160859,43.921277],[7.163169,43.91931],[7.169063,43.919423],[7.176142,43.91434],[7.185888,43.911054],[7.188256,43.907993],[7.192891,43.910313],[7.195328,43.907303],[7.195851,43.90401],[7.191564,43.903318],[7.188018,43.900774],[7.190766,43.896536],[7.188012,43.894011],[7.187745,43.888751],[7.190178,43.884342],[7.188445,43.879102],[7.19247,43.876211],[7.191837,43.873223],[7.195201,43.87224],[7.198145,43.868308],[7.197059,43.861723],[7.194405,43.858097],[7.1944,43.856027],[7.197552,43.853158],[7.19531,43.849827],[7.195522,43.842851],[7.188856,43.829661],[7.188302,43.822708],[7.185043,43.815825],[7.18936,43.809641],[7.193687,43.807683],[7.195517,43.80338],[7.203797,43.799007],[7.209178,43.791746],[7.214642,43.787347],[7.215843,43.779795],[7.214816,43.775403],[7.209972,43.769485],[7.197707,43.759577],[7.184851,43.746552],[7.182306,43.739168],[7.183784,43.732487],[7.182561,43.728472],[7.184993,43.725031],[7.183791,43.718511],[7.186544,43.710906],[7.186099,43.695609],[7.190112,43.686548],[7.1895,43.683415],[7.197,43.671186],[7.198872,43.663656],[7.21938,43.67198],[7.222565,43.675146],[7.228595,43.686913],[7.233116,43.691938],[7.237212,43.694026],[7.237,43.695089],[7.23925,43.695384],[7.229848,43.70802],[7.22988,43.709836],[7.242286,43.698316],[7.244716,43.697179],[7.246894,43.698609],[7.243669,43.703679],[7.245424,43.706263],[7.248252,43.707531],[7.244444,43.713848],[7.247496,43.713601],[7.250663,43.715472],[7.245244,43.724457],[7.245283,43.728024],[7.250068,43.728835],[7.253647,43.733458],[7.258315,43.729222],[7.261329,43.728296],[7.265544,43.729134],[7.270907,43.732414],[7.277826,43.732117],[7.283523,43.730294],[7.293255,43.724361],[7.296015,43.717598],[7.294262,43.707615],[7.296909,43.704471],[7.303164,43.705],[7.308049,43.701337],[7.312514,43.702641],[7.313949,43.706928],[7.319021,43.705746],[7.320744,43.704251],[7.319743,43.70261],[7.321184,43.700211],[7.324581,43.700713],[7.32666,43.696618],[7.32449,43.695443],[7.325034,43.693721],[7.320092,43.690544],[7.325037,43.681971],[7.324464,43.677132],[7.326568,43.674384],[7.331281,43.674678],[7.333671,43.675656],[7.33544,43.678573],[7.334945,43.686454],[7.337574,43.686284],[7.338131,43.683986],[7.339721,43.686304],[7.342162,43.682833],[7.349825,43.686835],[7.344929,43.68731],[7.342468,43.685979],[7.337443,43.689071],[7.33565,43.691817],[7.336832,43.689391],[7.335466,43.688165],[7.333186,43.692377],[7.334102,43.694277],[7.332482,43.695674],[7.33416,43.696436],[7.331418,43.697397],[7.329432,43.702144],[7.331268,43.703434],[7.334081,43.703072],[7.336901,43.706876],[7.335057,43.707777],[7.336415,43.710561],[7.338511,43.710075],[7.338041,43.707238],[7.339062,43.710171],[7.337853,43.711966],[7.351155,43.715317],[7.350959,43.717855],[7.356355,43.72128],[7.360358,43.722559],[7.363976,43.722177],[7.367667,43.719103],[7.368372,43.720207],[7.3747,43.717756],[7.381449,43.72244],[7.389019,43.723296],[7.390902,43.721731],[7.38888,43.719255],[7.393673,43.720404],[7.399369,43.719157],[7.401518,43.721088],[7.405913,43.718642],[7.405644,43.719893],[7.409908,43.721503],[7.412558,43.724859],[7.415974,43.724022],[7.414463,43.725025],[7.415616,43.725902],[7.417782,43.724728],[7.415208,43.723419],[7.416517,43.723263],[7.423864,43.727816],[7.422384,43.727538],[7.417921,43.730544],[7.421534,43.730012],[7.422424,43.728519],[7.427588,43.731237],[7.432037,43.736352],[7.428882,43.73408],[7.42765,43.734838],[7.425655,43.733232],[7.425018,43.734216],[7.424014,43.7329],[7.422134,43.736286],[7.426709,43.737054],[7.427312,43.73583],[7.427004,43.737259],[7.429154,43.737661],[7.430087,43.736457],[7.430623,43.741178],[7.434021,43.746356],[7.435907,43.74634],[7.436664,43.74766],[7.439376,43.746391],[7.43909,43.749409],[7.442747,43.751068],[7.444957,43.749824],[7.452158,43.758059],[7.461391,43.760552],[7.467837,43.75715],[7.474703,43.751161],[7.4867,43.749117],[7.488003,43.74988],[7.48754,43.752398],[7.48204,43.757113],[7.484925,43.759979],[7.485518,43.762995],[7.486795,43.763606],[7.487362,43.762636],[7.48826,43.765644],[7.495317,43.770602],[7.503448,43.774099],[7.506949,43.773476],[7.511772,43.776003],[7.512269,43.777066],[7.508276,43.778041],[7.509214,43.779777],[7.510706,43.779008],[7.511605,43.779801],[7.509853,43.780044],[7.510922,43.781323],[7.521945,43.782653],[7.515173,43.782097],[7.515327,43.783178],[7.517068,43.782606],[7.517864,43.78374],[7.518564,43.782787],[7.518471,43.783801],[7.519148,43.782882],[7.519108,43.78406],[7.519573,43.782855],[7.519436,43.784216],[7.52003,43.783343],[7.520073,43.784384],[7.524449,43.785087],[7.538865,43.783071],[7.542043,43.784614],[7.548566,43.781664],[7.552653,43.781938],[7.555732,43.78019],[7.557526,43.781073],[7.556959,43.783512],[7.559522,43.785117],[7.559045,43.788099],[7.566421,43.790052],[7.569061,43.792129],[7.574518,43.792931],[7.591381,43.791647],[7.596845,43.789566],[7.596855,43.788614],[7.600122,43.789725],[7.600935,43.788327],[7.597629,43.786973],[7.600702,43.787473],[7.602155,43.78922],[7.606271,43.788538],[7.602642,43.794951],[7.597706,43.798997],[7.597466,43.800973],[7.591569,43.806989],[7.590505,43.816453],[7.584102,43.822411],[7.583896,43.827111],[7.580772,43.830895],[7.580265,43.835105],[7.58224,43.83825],[7.590205,43.842638],[7.585759,43.846316],[7.572807,43.851609],[7.571612,43.855601],[7.575474,43.856078],[7.577903,43.858412],[7.576633,43.861023],[7.573054,43.861871],[7.572633,43.864717],[7.570204,43.864575],[7.566531,43.866771],[7.564471,43.864796],[7.565175,43.867853],[7.559578,43.868768],[7.556755,43.870922],[7.553364,43.867786],[7.550111,43.868967],[7.548274,43.871387],[7.545039,43.871981],[7.544412,43.873367],[7.542927,43.873473],[7.541056,43.87127],[7.540026,43.871864],[7.537915,43.87622],[7.541073,43.87687],[7.541279,43.880365],[7.539545,43.87838],[7.536825,43.87786],[7.534923,43.881412],[7.540515,43.882406],[7.539652,43.885135],[7.537873,43.885419],[7.534521,43.890301],[7.53147,43.890763],[7.532831,43.893748],[7.531333,43.895664],[7.528864,43.895663],[7.528373,43.897011],[7.525179,43.898058],[7.524374,43.899759],[7.528327,43.900081],[7.52786,43.902641],[7.52202,43.902746],[7.526694,43.907125],[7.523482,43.910197],[7.518321,43.908344],[7.516818,43.910614],[7.518035,43.916917],[7.516108,43.917827],[7.516154,43.919211],[7.519896,43.922713],[7.520424,43.926505],[7.522617,43.928996],[7.518645,43.930427],[7.520229,43.931718],[7.517228,43.933029],[7.518591,43.937048],[7.514697,43.935306],[7.513451,43.937191],[7.518703,43.941537],[7.517638,43.943449],[7.51997,43.946904],[7.519213,43.949708],[7.521136,43.957645],[7.525389,43.965137],[7.531332,43.968642],[7.538967,43.971003],[7.542113,43.97813],[7.546998,43.983801],[7.550289,43.984802],[7.547127,43.986414],[7.548613,43.98847],[7.546356,43.992871],[7.549023,43.994034],[7.55069,43.993392],[7.550134,43.996852],[7.553745,44.001263],[7.556078,44.009118],[7.56391,44.01638],[7.565518,44.020682],[7.569033,44.021078],[7.570785,44.023775],[7.577784,44.028273],[7.577421,44.030098],[7.580413,44.029834],[7.582157,44.030849],[7.580216,44.033382],[7.580285,44.036271],[7.586356,44.043407],[7.586631,44.04717],[7.589707,44.051241],[7.589392,44.055359],[7.587334,44.057447],[7.590187,44.067446],[7.58903,44.070273],[7.593678,44.070496],[7.596459,44.072816],[7.598632,44.073002],[7.598269,44.07896],[7.593957,44.084484],[7.596601,44.089349],[7.589105,44.096844],[7.588505,44.099666],[7.581837,44.102539],[7.575291,44.10265],[7.569219,44.109454],[7.564511,44.110807],[7.567997,44.123486],[7.56794,44.128607],[7.566543,44.130394],[7.568192,44.13222],[7.569474,44.139095],[7.559931,44.154182],[7.553808,44.159636],[7.553445,44.162643],[7.55087,44.165598],[7.555752,44.168991],[7.557471,44.171904],[7.556949,44.17994],[7.562692,44.185516]]]}},{"type":"Feature","properties":{"id":"SZ.3","parentId":"western-alps","level":"section","name":"Alpes et Préalpes de Provence","names":{"en":"Provence Alps and Prealps","de":"Provenzalische Alpen und Voralpen","fr":"Alpes et Préalpes de Provence","it":"Alpi e Prealpi di Provenza"},"provenance":{"source":"https://www.homoalpinus.com/alpes/subdivisions/soiusa/","creator":"Capleymar","kind":"supplied","names":{"version":"soiusa-area-names-v1","source":"https://www.homoalpinus.com/alpes/subdivisions/soiusa/tab_de/index.html","method":"SOIUSA multilingual nomenclature; display casing, accents and spelling normalized; broad-sense scope retained"}},"sourceFeatures":[{"index":2,"fields":{"Number":"3","Code":"SZ.3","Name":"Alpes et Préalpes de Provence","Perimeter":"857.55 km","Enclosed_Area":"8703.6 sq km","Island_Area":"","Capleymar-Homoalpinus":"https://www.homoalpinus.com/alpes/subdivisions/soiusa/","Created_By":"Capleymar"}}],"geometryRef":"sections.geojson#SZ.3"},"geometry":{"type":"Polygon","coordinates":[[[5.05986884626412,44.2354561274978],[5.056762,44.234903],[5.051077,44.236903],[5.045978,44.241852],[5.04101,44.242399],[5.037203,44.241942],[5.0321,44.239151],[5.022398,44.230143],[5.018006,44.21958],[5.018983,44.212929],[5.014075,44.209693],[5.016633,44.198404],[5.016164,44.192635],[5.007991,44.185238],[5.001336,44.170743],[4.99003,44.162287],[4.984009,44.150139],[4.985062,44.145391],[4.989491,44.137914],[5.004736,44.124376],[5.011269,44.122724],[5.025175,44.122306],[5.044812,44.126232],[5.05986884626412,44.117720319917],[5.061003,44.117079],[5.072554,44.116169],[5.083768,44.117576],[5.088045,44.11706],[5.097011,44.114367],[5.105182,44.10828],[5.114,44.104979],[5.135679,44.10176],[5.154063,44.10403],[5.168921,44.110755],[5.179717,44.123654],[5.193683,44.130332],[5.198077,44.135591],[5.205008,44.13139],[5.219249,44.127292],[5.225822,44.122742],[5.236963,44.109632],[5.236316,44.104354],[5.243087,44.094897],[5.24159,44.088481],[5.239436,44.084606],[5.236782,44.083078],[5.236574,44.081131],[5.240305,44.069669],[5.236726,44.062457],[5.238948,44.055794],[5.237489,44.04728],[5.244444,44.038488],[5.2474,44.030222],[5.243091,44.027383],[5.243689,44.025486],[5.241506,44.024556],[5.241226,44.022411],[5.234558,44.019542],[5.232144,44.019996],[5.23067,44.017853],[5.225263,44.018358],[5.224056,44.016409],[5.219648,44.014352],[5.212455,44.01486],[5.206363,44.011953],[5.20349,44.008834],[5.183096,44.005319],[5.178725,44.002599],[5.175635,44.002714],[5.174606,43.998917],[5.166208,43.997876],[5.161065,43.999871],[5.159177,43.997866],[5.154313,43.997646],[5.14494,44.000285],[5.141501,43.998524],[5.139754,43.992966],[5.133868,43.986535],[5.131406,43.985501],[5.117484,43.98473],[5.111246,43.978493],[5.107847,43.978284],[5.102876,43.973897],[5.097989,43.973071],[5.093047,43.968484],[5.09366,43.961962],[5.09103,43.957506],[5.090105,43.950533],[5.090493,43.940513],[5.089357,43.936076],[5.086162,43.933214],[5.085778,43.929162],[5.09659,43.927302],[5.102377,43.924675],[5.103858,43.924792],[5.10426,43.926597],[5.106259,43.926614],[5.109775,43.922899],[5.111017,43.915746],[5.113493,43.915904],[5.116465,43.919097],[5.122696,43.921355],[5.125003,43.921464],[5.126473,43.919781],[5.12934,43.922215],[5.132437,43.918014],[5.130051,43.916795],[5.130695,43.916126],[5.142453,43.915847],[5.147702,43.913628],[5.155493,43.906889],[5.162334,43.904698],[5.184549,43.905492],[5.199904,43.91065],[5.20669,43.910466],[5.217465,43.912712],[5.238746,43.918252],[5.243364,43.921708],[5.260193,43.92679],[5.270231,43.932749],[5.283904,43.929794],[5.296242,43.930541],[5.357736,43.941837],[5.369186,43.942599],[5.388221,43.940097],[5.404716,43.935881],[5.416077,43.935759],[5.421921,43.934109],[5.427675,43.936304],[5.435281,43.935733],[5.445247,43.928554],[5.453645,43.924853],[5.457319,43.92513],[5.460823,43.927269],[5.479795,43.920736],[5.475359,43.915825],[5.469165,43.914441],[5.452022,43.914109],[5.45003,43.915028],[5.445188,43.912231],[5.439094,43.905998],[5.436736,43.906283],[5.438308,43.901838],[5.434572,43.899315],[5.434974,43.896852],[5.429316,43.892532],[5.430786,43.890862],[5.427965,43.889452],[5.42805,43.886985],[5.423346,43.88424],[5.421447,43.880434],[5.417361,43.878398],[5.415221,43.879222],[5.411167,43.877791],[5.4055,43.878774],[5.405015,43.876424],[5.401383,43.874684],[5.397527,43.864654],[5.392019,43.857661],[5.38156,43.858995],[5.359546,43.856928],[5.354067,43.85301],[5.345968,43.852013],[5.341381,43.849634],[5.32203,43.829997],[5.315264,43.828668],[5.299786,43.821753],[5.287537,43.82321],[5.281617,43.819682],[5.274179,43.817677],[5.266367,43.819366],[5.242505,43.819482],[5.227216,43.816466],[5.217801,43.816827],[5.212897,43.817572],[5.210275,43.819189],[5.209418,43.822638],[5.203367,43.822506],[5.202383,43.823811],[5.186544,43.826001],[5.181331,43.828426],[5.178284,43.827756],[5.163072,43.831525],[5.156658,43.831617],[5.130845,43.844335],[5.118746,43.847878],[5.115777,43.847295],[5.114759,43.844277],[5.10944,43.841612],[5.103715,43.842446],[5.093045,43.840516],[5.083395,43.835258],[5.081897,43.820186],[5.07981,43.818638],[5.079983,43.816992],[5.085779,43.81139],[5.08456,43.804518],[5.082358,43.802391],[5.084835,43.79948],[5.088447,43.789553],[5.091236,43.784804],[5.100318,43.780578],[5.106949,43.779671],[5.114296,43.772533],[5.131486,43.763055],[5.138266,43.760256],[5.150421,43.75767],[5.195502,43.754223],[5.209791,43.751969],[5.244781,43.757422],[5.277897,43.753265],[5.281285,43.750891],[5.293262,43.751923],[5.305398,43.747861],[5.311424,43.747288],[5.341051,43.754879],[5.368353,43.765626],[5.389368,43.77155],[5.40075,43.771545],[5.416101,43.776061],[5.430469,43.776718],[5.443869,43.781216],[5.456981,43.781718],[5.462238,43.779341],[5.467679,43.778862],[5.476726,43.779428],[5.488113,43.782607],[5.518254,43.782105],[5.528309,43.782908],[5.55874,43.780775],[5.586243,43.783841],[5.594031,43.791401],[5.598426,43.792054],[5.605209,43.790702],[5.611142,43.7936],[5.614428,43.793705],[5.618358,43.791226],[5.628687,43.791691],[5.634511,43.789744],[5.637,43.786919],[5.636989,43.784221],[5.61813,43.780504],[5.615979,43.779154],[5.610438,43.769415],[5.593979,43.766255],[5.589049,43.76396],[5.586277,43.764799],[5.573452,43.753377],[5.568015,43.741636],[5.56734,43.731823],[5.562711,43.726255],[5.562522,43.722536],[5.566505,43.717541],[5.571235,43.715222],[5.577884,43.709363],[5.580109,43.704497],[5.570078,43.701105],[5.555108,43.687683],[5.549229,43.685758],[5.545935,43.679593],[5.545096,43.673873],[5.54752,43.672373],[5.553539,43.672548],[5.558046,43.671051],[5.563649,43.666244],[5.571797,43.663506],[5.584111,43.662266],[5.590971,43.659955],[5.603034,43.65969],[5.614629,43.665502],[5.640571,43.671539],[5.644494,43.673796],[5.657725,43.687416],[5.669972,43.692196],[5.678069,43.692719],[5.684643,43.69661],[5.69393,43.692548],[5.706804,43.690179],[5.710095,43.690544],[5.714514,43.694271],[5.722214,43.69782],[5.72344,43.70548],[5.734514,43.716757],[5.735988,43.720644],[5.736061,43.730214],[5.76181,43.768036],[5.768871,43.775486],[5.7728,43.78641],[5.771652,43.788184],[5.775469,43.793678],[5.78414,43.799931],[5.791521,43.810874],[5.800151,43.817582],[5.800566,43.821088],[5.802838,43.824043],[5.819538,43.826922],[5.826554,43.832896],[5.827357,43.837619],[5.835605,43.847581],[5.829263,43.85398],[5.843368,43.864479],[5.84819,43.872245],[5.848258,43.876782],[5.855288,43.877998],[5.85926,43.882511],[5.870473,43.888317],[5.880836,43.89684],[5.888847,43.914826],[5.8943,43.92064],[5.895771,43.925314],[5.894774,43.931265],[5.891781,43.936751],[5.891798,43.94081],[5.897277,43.949788],[5.902418,43.964673],[5.908513,43.973907],[5.911501,43.982751],[5.921924,44.000134],[5.951485,44.025784],[5.971393,44.04523],[5.988003,44.052282],[5.995101,44.053365],[6.001711,44.052211],[6.005557,44.054492],[6.011672,44.050704],[6.018235,44.050792],[6.015613,44.046142],[6.002843,44.037817],[5.973787,44.025985],[5.971186,44.023981],[5.966107,44.01657],[5.96166,44.004444],[5.950379,43.984626],[5.944616,43.969432],[5.939551,43.945365],[5.940297,43.935298],[5.944342,43.919329],[5.95274,43.914148],[5.978375,43.912876],[6.004654,43.916805],[6.027302,43.924914],[6.044593,43.928328],[6.062075,43.930478],[6.075053,43.933468],[6.086773,43.932277],[6.089591,43.92915],[6.094443,43.918522],[6.115698,43.905846],[6.123413,43.89541],[6.140695,43.876475],[6.13756,43.861207],[6.144786,43.845723],[6.137426,43.836888],[6.135368,43.828444],[6.13174,43.825092],[6.131099,43.81917],[6.133075,43.809242],[6.143807,43.784887],[6.164032,43.76501],[6.163813,43.76368],[6.168855,43.765156],[6.168569,43.766254],[6.170322,43.765823],[6.1703,43.767498],[6.173265,43.768135],[6.173435,43.769749],[6.181113,43.776489],[6.181944,43.7798],[6.185167,43.780872],[6.188364,43.784809],[6.189523,43.784206],[6.191113,43.787575],[6.196696,43.791649],[6.209192,43.798767],[6.214211,43.804096],[6.21735,43.805027],[6.219383,43.803749],[6.219402,43.805595],[6.220667,43.80407],[6.223125,43.804317],[6.22641,43.808971],[6.229143,43.806633],[6.228265,43.801449],[6.233873,43.80125],[6.238517,43.803085],[6.245608,43.803844],[6.252453,43.801434],[6.2453,43.800915],[6.236154,43.796734],[6.231334,43.796585],[6.231329,43.795212],[6.226231,43.797878],[6.220357,43.789368],[6.21873,43.789429],[6.21561,43.785568],[6.209533,43.78196],[6.208642,43.78072],[6.210442,43.778645],[6.208035,43.778961],[6.203478,43.772579],[6.213724,43.767818],[6.21112,43.766113],[6.209891,43.761261],[6.213803,43.759209],[6.212381,43.756752],[6.207332,43.758259],[6.207543,43.755325],[6.203985,43.754269],[6.189816,43.761826],[6.185426,43.762913],[6.181129,43.758881],[6.176248,43.749714],[6.176283,43.744175],[6.172023,43.74136],[6.17184,43.737286],[6.172727,43.734772],[6.176994,43.731514],[6.185658,43.734814],[6.183856,43.731571],[6.185985,43.726082],[6.185293,43.724419],[6.182363,43.729034],[6.179942,43.729221],[6.178301,43.727192],[6.173157,43.731911],[6.17049,43.731464],[6.169105,43.734413],[6.166854,43.732716],[6.166751,43.735561],[6.164922,43.735069],[6.161953,43.737152],[6.159241,43.736176],[6.155094,43.738247],[6.152119,43.735569],[6.154483,43.734798],[6.153215,43.732662],[6.154574,43.730637],[6.151502,43.73151],[6.151782,43.729782],[6.149743,43.731377],[6.14763,43.731365],[6.146927,43.729942],[6.149074,43.726362],[6.14414,43.723287],[6.139541,43.717521],[6.140385,43.711503],[6.144009,43.703736],[6.152272,43.695032],[6.153964,43.689501],[6.153016,43.67989],[6.155011,43.672165],[6.160933,43.6597],[6.164428,43.655521],[6.171502,43.65118],[6.2267,43.630501],[6.23749377182391,43.6209218225489],[6.261721,43.599406],[6.276677,43.596122],[6.283141,43.596777],[6.295041,43.59289],[6.315126,43.582037],[6.320326,43.580879],[6.337219,43.572047],[6.344239,43.56995],[6.351604,43.569316],[6.377293,43.559577],[6.390126,43.557328],[6.399362,43.557189],[6.40764,43.560041],[6.40773576934623,43.5600492703218],[6.413478,43.560545],[6.418097,43.563811],[6.42128,43.563889],[6.427302,43.558392],[6.440878,43.551044],[6.451692,43.546847],[6.467837,43.545065],[6.475686,43.551962],[6.483406,43.556667],[6.492385,43.574985],[6.502114,43.577804],[6.50876,43.578397],[6.516471,43.583937],[6.541303,43.593482],[6.553631,43.599856],[6.55650830826017,43.6030596091339],[6.556991,43.603597],[6.558909,43.613129],[6.562064,43.61527],[6.573268,43.618493],[6.581162,43.622356],[6.59208,43.624849],[6.599404,43.62793],[6.624302,43.629454],[6.633966,43.62756],[6.64334,43.636208],[6.650756,43.634179],[6.659381,43.628318],[6.681828,43.625435],[6.686756,43.626241],[6.689256,43.629041],[6.702543,43.635598],[6.704646,43.645594],[6.709783,43.651781],[6.720188,43.657423],[6.735961,43.662917],[6.738403,43.665958],[6.741392,43.665479],[6.743985,43.663069],[6.755564,43.663316],[6.760502,43.665656],[6.761886,43.669067],[6.759796,43.673859],[6.762109,43.674754],[6.762344,43.67749],[6.761153,43.68067],[6.766983,43.685708],[6.764697,43.687353],[6.765117,43.688882],[6.776322,43.694673],[6.781203,43.694617],[6.782448,43.693635],[6.784411,43.694872],[6.786955,43.694388],[6.7888,43.697355],[6.788223,43.698918],[6.790974,43.701034],[6.794602,43.699447],[6.796592,43.700478],[6.800872,43.696516],[6.807372,43.694065],[6.831816,43.691441],[6.837182,43.690066],[6.84383,43.686351],[6.851833,43.672011],[6.851059,43.655233],[6.853452,43.651808],[6.884303,43.651654],[6.894057,43.64886],[6.907663,43.656029],[6.920201,43.658608],[6.925227,43.663769],[6.929614,43.663905],[6.935397,43.666369],[6.952882,43.670412],[6.962247,43.677651],[6.971124,43.679866],[6.992034,43.692086],[6.999459,43.698264],[7.018216,43.696968],[7.033112,43.700814],[7.043506,43.699503],[7.055663,43.706851],[7.086638,43.716221],[7.094649,43.72168],[7.113556,43.726992],[7.11985,43.727534],[7.132637,43.733515],[7.137328,43.739817],[7.142443,43.741779],[7.160691,43.740601],[7.174715,43.74161],[7.179861,43.740916],[7.182306,43.739168],[7.184851,43.746554],[7.197707,43.75958],[7.209972,43.769486],[7.214816,43.775404],[7.215843,43.779796],[7.214642,43.787348],[7.209178,43.791748],[7.203797,43.79901],[7.195517,43.803383],[7.193687,43.807685],[7.189361,43.809644],[7.185044,43.815828],[7.188302,43.822711],[7.188856,43.829663],[7.195522,43.842854],[7.19531,43.84983],[7.197552,43.853161],[7.1944,43.85603],[7.194405,43.8581],[7.197059,43.861726],[7.198145,43.868311],[7.195201,43.872243],[7.191837,43.873226],[7.19247,43.876214],[7.188445,43.879105],[7.190178,43.884345],[7.187746,43.888753],[7.188012,43.894014],[7.190766,43.896539],[7.188018,43.900777],[7.191565,43.903321],[7.195851,43.904013],[7.195263,43.907542],[7.192891,43.910316],[7.188256,43.907995],[7.185888,43.911056],[7.176142,43.914341],[7.169063,43.919425],[7.163169,43.919312],[7.160859,43.92128],[7.155877,43.922173],[7.154467,43.924099],[7.149737,43.925775],[7.147039,43.930656],[7.140098,43.934609],[7.134554,43.931584],[7.127416,43.936089],[7.123916,43.936396],[7.119642,43.933119],[7.116819,43.933006],[7.116457,43.931241],[7.112965,43.932022],[7.108405,43.929849],[7.095475,43.927779],[7.090341,43.930044],[7.086883,43.934986],[7.08173,43.93674],[7.073992,43.93371],[7.06917,43.935401],[7.066205,43.933356],[7.062033,43.937261],[7.059734,43.937388],[7.056247,43.941344],[7.029143,43.944567],[7.025171,43.943682],[7.023502,43.945112],[7.018538,43.944305],[7.01415,43.946204],[7.009644,43.946061],[7.004523,43.943711],[6.99814,43.946177],[6.989542,43.945251],[6.986759,43.949045],[6.983467,43.949918],[6.976604,43.947349],[6.96321,43.947337],[6.954731,43.95113],[6.942971,43.950688],[6.937568,43.953128],[6.928044,43.953774],[6.920518,43.951944],[6.914207,43.95487],[6.906306,43.951703],[6.895895,43.954907],[6.88216,43.951337],[6.874199,43.952783],[6.871396,43.954509],[6.869017,43.95368],[6.852219,43.955255],[6.839554,43.952379],[6.823794,43.952704],[6.810269,43.949351],[6.809876,43.951197],[6.804571,43.953915],[6.801541,43.9578],[6.779149,43.966579],[6.777053,43.970509],[6.768036,43.970278],[6.757125,43.966487],[6.750369,43.966452],[6.744847,43.96455],[6.737613,43.961179],[6.735374,43.958311],[6.710466,43.95898],[6.696264,43.956186],[6.694351,43.95754],[6.68392,43.955558],[6.689652,43.944421],[6.687453,43.937496],[6.677868,43.935871],[6.665204,43.928909],[6.650682,43.932521],[6.645039,43.931496],[6.643614,43.929798],[6.639912,43.931344],[6.635321,43.930867],[6.628292,43.928489],[6.607667,43.915683],[6.605332,43.911594],[6.595273,43.910509],[6.582155,43.913995],[6.569681,43.912798],[6.559299,43.914848],[6.557113,43.913064],[6.55294,43.912979],[6.542953,43.909412],[6.540935,43.907135],[6.54008,43.902943],[6.541373,43.902065],[6.539712,43.901932],[6.536797,43.895496],[6.539484,43.895317],[6.534241,43.89159],[6.537566,43.890003],[6.537984,43.888073],[6.536371,43.887417],[6.540042,43.883343],[6.539079,43.882397],[6.541787,43.880836],[6.539982,43.879791],[6.541742,43.878368],[6.537402,43.878544],[6.530087,43.875355],[6.51878,43.874088],[6.521643,43.875607],[6.52355,43.87466],[6.525829,43.876259],[6.523718,43.876984],[6.526388,43.878643],[6.524943,43.881138],[6.525793,43.882393],[6.521513,43.883232],[6.525284,43.883663],[6.53091,43.881615],[6.529643,43.885899],[6.533622,43.886154],[6.532936,43.888836],[6.529671,43.890694],[6.52665,43.889591],[6.529843,43.893147],[6.529917,43.895554],[6.527593,43.896149],[6.531976,43.898956],[6.531612,43.901531],[6.529979,43.902496],[6.531439,43.902767],[6.533936,43.907791],[6.529791,43.91172],[6.531655,43.914387],[6.528966,43.920734],[6.5307,43.925735],[6.528955,43.93129],[6.529462,43.936081],[6.527515,43.938236],[6.524596,43.938629],[6.517224,43.942806],[6.509777,43.955437],[6.512021,43.955463],[6.514306,43.959302],[6.514291,43.963727],[6.521724,43.971447],[6.526108,43.972206],[6.528526,43.974249],[6.531803,43.980403],[6.535693,43.983541],[6.536038,43.986028],[6.54019,43.989331],[6.540682,43.993302],[6.544818,43.996631],[6.546213,43.999757],[6.548719,44.000886],[6.549693,44.003523],[6.559004,44.005893],[6.560224,44.007199],[6.561581,44.014034],[6.555317,44.022929],[6.554994,44.028165],[6.560153,44.031953],[6.563075,44.03753],[6.563753,44.044145],[6.565526,44.044263],[6.572403,44.053019],[6.571932,44.056168],[6.575817,44.060316],[6.57294,44.066375],[6.573581,44.068124],[6.571392,44.069734],[6.572898,44.071766],[6.572086,44.074131],[6.56923,44.075693],[6.566512,44.080588],[6.56204,44.083963],[6.564889,44.090477],[6.564285,44.095279],[6.573589,44.102795],[6.574694,44.105229],[6.577181,44.105336],[6.58087,44.108165],[6.579588,44.115029],[6.58141,44.130165],[6.58911,44.133714],[6.589929,44.136065],[6.592941,44.138178],[6.598276,44.147191],[6.598764,44.151161],[6.603529,44.154588],[6.605152,44.158711],[6.608347,44.159845],[6.61141,44.162937],[6.6113,44.16561],[6.61674,44.17138],[6.619266,44.17811],[6.623218,44.178503],[6.62484,44.182033],[6.631297,44.184396],[6.633588,44.189228],[6.632211,44.193569],[6.63627,44.198251],[6.634873,44.200105],[6.636554,44.209155],[6.63559,44.21572],[6.620211,44.243384],[6.617645,44.244856],[6.606986,44.245536],[6.601832,44.24762],[6.594733,44.254485],[6.584253,44.260058],[6.579622,44.26535],[6.576801,44.274573],[6.571635,44.281917],[6.573083,44.285513],[6.570749,44.287998],[6.56962,44.295617],[6.583119,44.29929],[6.599941,44.29691],[6.606195,44.300433],[6.607576,44.318982],[6.611392,44.320764],[6.61204,44.322356],[6.615406,44.322989],[6.61312,44.327823],[6.613426,44.332034],[6.616753,44.338432],[6.619829,44.340896],[6.620824,44.350052],[6.624577,44.354885],[6.624647,44.359017],[6.626729,44.362199],[6.626188,44.375359],[6.618348,44.385304],[6.614116,44.384919],[6.609691,44.382602],[6.603831,44.383045],[6.593953,44.387143],[6.590174,44.387343],[6.588509,44.389631],[6.579473,44.388562],[6.571592,44.39169],[6.562767,44.39119],[6.550646,44.39331],[6.548375,44.395016],[6.54246,44.395854],[6.539619,44.397565],[6.531038,44.39679],[6.52555,44.399147],[6.519492,44.39913],[6.515527,44.400474],[6.503548,44.399042],[6.496366,44.399608],[6.493579,44.397779],[6.483517,44.396005],[6.480869,44.397862],[6.476621,44.397885],[6.474967,44.400526],[6.472091,44.39914],[6.468732,44.402902],[6.464978,44.403701],[6.455916,44.409169],[6.453672,44.413395],[6.449566,44.41289],[6.448162,44.419446],[6.445469,44.421197],[6.444904,44.423332],[6.437419,44.429074],[6.435215,44.429405],[6.435796,44.430452],[6.431513,44.433613],[6.419183,44.438856],[6.41353,44.446325],[6.40773576934624,44.4482282247993],[6.4021,44.450079],[6.397277,44.44959],[6.392131,44.453175],[6.386564,44.452644],[6.383792,44.455472],[6.371523,44.458183],[6.368956,44.460041],[6.368165,44.458464],[6.36529,44.458967],[6.364634,44.457733],[6.364369,44.459237],[6.362403,44.457789],[6.359383,44.460028],[6.351389,44.459411],[6.351177,44.45565],[6.348016,44.459995],[6.344485,44.461402],[6.341282,44.460169],[6.334261,44.461434],[6.333275,44.459466],[6.331389,44.46168],[6.323203,44.46181],[6.316945,44.46412],[6.315869,44.462301],[6.314428,44.465102],[6.311868,44.464981],[6.312142,44.463465],[6.309543,44.463054],[6.309956,44.465658],[6.307786,44.465501],[6.30574,44.467312],[6.304216,44.466608],[6.297351,44.471749],[6.29575,44.471358],[6.297067,44.467109],[6.293694,44.472366],[6.290163,44.472926],[6.283271,44.470056],[6.283277,44.471563],[6.279283,44.472494],[6.266589,44.466443],[6.235007,44.463976],[6.226832,44.462496],[6.22048,44.459643],[6.208132,44.460528],[6.20205,44.459498],[6.18005,44.461142],[6.174568,44.462677],[6.154857,44.462084],[6.147733,44.463348],[6.144087,44.465908],[6.130628,44.467793],[6.128895,44.469866],[6.122796,44.470565],[6.118469,44.472463],[6.115008,44.475821],[6.107011,44.475128],[6.102544,44.472095],[6.097413,44.475632],[6.08685,44.477602],[6.081218,44.475803],[6.079416,44.472802],[6.076794,44.471454],[6.076229,44.466652],[6.074552,44.465246],[6.068232,44.464991],[6.062975,44.467058],[6.060053,44.466785],[6.060666,44.460381],[6.056307,44.454207],[6.055052,44.447782],[6.039687,44.441305],[6.036928,44.438682],[6.030178,44.435863],[6.026802,44.435685],[6.025672,44.433712],[6.027924,44.431472],[6.027859,44.429483],[6.01802,44.418008],[6.001356,44.416491],[5.99564,44.412261],[5.980695,44.408724],[5.977739,44.409035],[5.969303,44.40407],[5.966811,44.400584],[5.960294,44.398],[5.951566,44.391778],[5.946968,44.386302],[5.945464,44.379689],[5.94053,44.373957],[5.939246,44.368415],[5.942703,44.365891],[5.940455,44.360982],[5.937531,44.358415],[5.933377,44.35806],[5.929706,44.350686],[5.922046,44.347065],[5.919091,44.341925],[5.919239,44.338989],[5.912673,44.337233],[5.907652,44.339368],[5.903954,44.339144],[5.90259,44.33682],[5.905299,44.328456],[5.894217,44.322098],[5.896081,44.318617],[5.901973,44.316031],[5.90626,44.312237],[5.911247,44.310459],[5.914053,44.310814],[5.915488,44.312897],[5.92223,44.316048],[5.925613,44.314725],[5.924437,44.312623],[5.925823,44.306327],[5.92251,44.301329],[5.926306,44.297954],[5.927185,44.294043],[5.923839,44.291184],[5.91656,44.291273],[5.91384,44.289462],[5.913281,44.287534],[5.91667,44.280006],[5.912828,44.277081],[5.911414,44.273477],[5.915332,44.268892],[5.926534,44.265711],[5.925521,44.262035],[5.921514,44.25891],[5.919523,44.255079],[5.923362,44.244321],[5.920924,44.240903],[5.921836,44.237616],[5.927746,44.234742],[5.932183,44.230606],[5.925796,44.222309],[5.927549,44.21939],[5.926067,44.21739],[5.928339,44.215333],[5.935218,44.215039],[5.936694,44.212552],[5.940814,44.210835],[5.943138,44.20669],[5.94316,44.201869],[5.924828,44.202259],[5.91886,44.201131],[5.912191,44.205741],[5.904053,44.207435],[5.883855,44.208274],[5.881725,44.213043],[5.875206,44.217086],[5.872268,44.23005],[5.869191,44.232817],[5.864585,44.232899],[5.861952,44.234597],[5.8604,44.246011],[5.847427,44.250224],[5.845155,44.252622],[5.841369,44.253135],[5.836465,44.257704],[5.831642,44.258847],[5.824979,44.263032],[5.817873,44.26381],[5.818481,44.267853],[5.81703,44.269326],[5.811313,44.269588],[5.799824,44.275887],[5.793997,44.276603],[5.791812,44.278398],[5.789151,44.276642],[5.787684,44.277764],[5.789708,44.278253],[5.789177,44.279389],[5.782153,44.278672],[5.78483,44.275533],[5.784384,44.274233],[5.782308,44.275205],[5.775254,44.270436],[5.776375,44.267758],[5.773122,44.265378],[5.770498,44.266954],[5.768816,44.264395],[5.765891,44.26607],[5.763664,44.264119],[5.762137,44.268342],[5.759056,44.266385],[5.7556,44.266297],[5.753658,44.264114],[5.751826,44.264489],[5.749718,44.261348],[5.744121,44.260415],[5.741747,44.258371],[5.738854,44.25964],[5.733933,44.257996],[5.72861,44.259695],[5.723574,44.259227],[5.722704,44.255861],[5.719061,44.253418],[5.718824,44.251293],[5.712542,44.25016],[5.71062,44.245318],[5.708234,44.243825],[5.7057,44.244252],[5.702336,44.248415],[5.699277,44.246201],[5.694952,44.247769],[5.676957,44.243944],[5.667832,44.247739],[5.666963,44.245752],[5.664197,44.246874],[5.6639,44.244252],[5.659113,44.243098],[5.65716,44.244581],[5.654865,44.241973],[5.65078,44.243331],[5.64652,44.242065],[5.643556,44.239619],[5.637933,44.240461],[5.633176,44.236961],[5.631397,44.23061],[5.625175,44.224219],[5.617955,44.223157],[5.617467,44.221239],[5.614513,44.221748],[5.612207,44.219621],[5.597012,44.221181],[5.594071,44.219721],[5.590967,44.220382],[5.588252,44.21911],[5.586262,44.219789],[5.577508,44.217777],[5.574758,44.219193],[5.569467,44.216636],[5.568891,44.21752],[5.55789,44.217918],[5.553913,44.221126],[5.548768,44.221906],[5.542046,44.215162],[5.539503,44.214493],[5.537342,44.210798],[5.537125,44.20405],[5.539836,44.198473],[5.538307,44.19497],[5.538248,44.187333],[5.532805,44.18318],[5.527851,44.181554],[5.513337,44.183166],[5.507335,44.180738],[5.502104,44.181299],[5.496348,44.179143],[5.480727,44.187506],[5.474587,44.187795],[5.456207,44.183657],[5.448995,44.180221],[5.444573,44.174862],[5.434063,44.175151],[5.426559,44.166652],[5.423546,44.166011],[5.404069,44.172862],[5.397908,44.177643],[5.388757,44.181893],[5.371037,44.180885],[5.367069,44.182895],[5.361241,44.181993],[5.357922,44.184188],[5.351314,44.183228],[5.347675,44.185822],[5.344691,44.185695],[5.342287,44.188184],[5.336744,44.187107],[5.334268,44.190344],[5.331881,44.18996],[5.328874,44.193107],[5.323014,44.194403],[5.318085,44.193459],[5.30681,44.198699],[5.303644,44.198357],[5.301558,44.199987],[5.29806,44.200194],[5.272803,44.212685],[5.257153,44.211844],[5.254901,44.213573],[5.243016,44.214775],[5.242087,44.213184],[5.23937,44.214746],[5.239072,44.213326],[5.236418,44.212744],[5.231839,44.213742],[5.230322,44.21177],[5.226137,44.215038],[5.221699,44.213059],[5.215613,44.215104],[5.204292,44.214756],[5.201635,44.216935],[5.198872,44.216569],[5.189824,44.219804],[5.18497,44.218613],[5.18288,44.22015],[5.181215,44.219051],[5.175933,44.220357],[5.167848,44.22546],[5.166749,44.225827],[5.166023,44.224674],[5.161735,44.227423],[5.159302,44.232824],[5.156223,44.233165],[5.154456,44.234883],[5.152214,44.232862],[5.149394,44.23565],[5.151847,44.238534],[5.149936,44.238769],[5.140071,44.235053],[5.139076,44.23065],[5.153766,44.221348],[5.148103,44.219309],[5.145104,44.21107],[5.136776,44.205403],[5.135615,44.197974],[5.139948,44.194784],[5.146428,44.192637],[5.16752,44.190773],[5.169598,44.189191],[5.169279,44.18585],[5.160461,44.180131],[5.146486,44.177238],[5.137874,44.178401],[5.127032,44.182365],[5.124399,44.182679],[5.118437,44.180931],[5.114677,44.182511],[5.113481,44.184883],[5.115535,44.191685],[5.113245,44.198208],[5.10649,44.204885],[5.101098,44.206178],[5.101567,44.208484],[5.096617,44.209149],[5.09298,44.211366],[5.088584,44.221143],[5.089946,44.223373],[5.087297,44.226847],[5.087885,44.230089],[5.08014,44.236209],[5.070207,44.237296],[5.05986884626412,44.2354561274978]]]}},{"type":"Feature","properties":{"id":"SZ.4","parentId":"western-alps","level":"section","name":"Alpi Cozie - Alpes Cottiennes","names":{"en":"Cottian Alps","de":"Cottische Alpen","fr":"Alpes cottiennes","it":"Alpi Cozie"},"provenance":{"source":"https://www.homoalpinus.com/alpes/subdivisions/soiusa/","creator":"Capleymar","kind":"supplied","names":{"version":"soiusa-area-names-v1","source":"https://www.homoalpinus.com/alpes/subdivisions/soiusa/tab_de/index.html","method":"SOIUSA multilingual nomenclature; display casing, accents and spelling normalized; broad-sense scope retained"}},"sourceFeatures":[{"index":3,"fields":{"Number":"4","Code":"SZ.4","Name":"Alpi Cozie - Alpes Cottiennes","Perimeter":"479.86 km","Enclosed_Area":"6396.4 sq km","Island_Area":"","Capleymar-Homoalpinus":"https://www.homoalpinus.com/alpes/subdivisions/soiusa/","Created_By":"Capleymar"}}],"geometryRef":"sections.geojson#SZ.4"},"geometry":{"type":"Polygon","coordinates":[[[6.56944349618426,44.8112768057825],[6.567945,44.811025],[6.56307,44.807747],[6.560853,44.803247],[6.562039,44.79857],[6.559838,44.796771],[6.560975,44.792469],[6.558055,44.784475],[6.560342,44.779336],[6.559227,44.77511],[6.561962,44.767529],[6.570236,44.759679],[6.573916,44.751173],[6.581543,44.741255],[6.579649,44.734372],[6.584065,44.72645],[6.58532,44.720889],[6.588735,44.718303],[6.588782,44.715557],[6.592916,44.71326],[6.593293,44.709273],[6.601123,44.704951],[6.607696,44.696969],[6.604741,44.690836],[6.607636,44.685994],[6.607505,44.678487],[6.605133,44.669239],[6.602122,44.668138],[6.600125,44.663876],[6.594842,44.66078],[6.594548,44.656517],[6.591696,44.655335],[6.588785,44.655945],[6.582966,44.649974],[6.581193,44.647703],[6.582031,44.642673],[6.575355,44.639291],[6.576297,44.637526],[6.572071,44.631551],[6.56822,44.632596],[6.567078,44.631614],[6.559941,44.63116],[6.558268,44.629004],[6.552143,44.629837],[6.545566,44.617807],[6.541049,44.615625],[6.540748,44.610961],[6.536719,44.605113],[6.536589,44.600982],[6.532752,44.594364],[6.522179,44.58819],[6.522313,44.585036],[6.516722,44.583235],[6.517615,44.581238],[6.514173,44.5774],[6.514516,44.576243],[6.518798,44.574711],[6.517919,44.568009],[6.513191,44.564139],[6.512397,44.560979],[6.495115,44.553527],[6.487933,44.552748],[6.482886,44.549334],[6.477169,44.5477],[6.477762,44.544335],[6.467487,44.538678],[6.459544,44.538579],[6.448347,44.540688],[6.439455,44.539971],[6.43526,44.538434],[6.429665,44.531315],[6.425035,44.528721],[6.411601,44.529042],[6.411366,44.528138],[6.409883,44.529122],[6.40773576934623,44.528240926636],[6.407502,44.528145],[6.404802,44.529175],[6.400555,44.527138],[6.399218,44.527642],[6.400249,44.525208],[6.398197,44.526272],[6.397008,44.523381],[6.390667,44.520371],[6.38496,44.521256],[6.380518,44.51878],[6.372355,44.520329],[6.367231,44.517876],[6.362142,44.51833],[6.358811,44.516465],[6.357894,44.517113],[6.35704,44.51545],[6.35582,44.515855],[6.348868,44.511662],[6.346976,44.511632],[6.343091,44.508084],[6.343293,44.506673],[6.339166,44.506577],[6.336454,44.503861],[6.335218,44.505711],[6.330587,44.504311],[6.331737,44.502831],[6.329104,44.502804],[6.328049,44.499428],[6.324576,44.499093],[6.326906,44.496365],[6.322906,44.497731],[6.317738,44.494965],[6.317028,44.492631],[6.315082,44.493508],[6.313166,44.48547],[6.307155,44.481309],[6.308574,44.475991],[6.312519,44.473267],[6.314286,44.469815],[6.321448,44.466275],[6.32162,44.467061],[6.322871,44.466111],[6.324675,44.466595],[6.326703,44.468491],[6.326958,44.467248],[6.329837,44.466721],[6.329837,44.467637],[6.330799,44.466157],[6.332797,44.466897],[6.332675,44.465356],[6.33578,44.4656],[6.3377,44.467328],[6.339574,44.466569],[6.340381,44.468804],[6.341403,44.466344],[6.346386,44.466092],[6.346516,44.467297],[6.35038,44.465825],[6.35029,44.466981],[6.352313,44.466752],[6.351691,44.464841],[6.358758,44.464409],[6.362735,44.462613],[6.368195,44.462693],[6.374018,44.459012],[6.376507,44.459321],[6.381159,44.456734],[6.384513,44.456666],[6.386443,44.453347],[6.391343,44.45382],[6.397277,44.449588],[6.4021,44.450077],[6.40773576934624,44.4482252387272],[6.41353,44.446321],[6.419183,44.438853],[6.431513,44.43361],[6.435796,44.430449],[6.435215,44.429402],[6.437419,44.429072],[6.444904,44.42333],[6.445469,44.421194],[6.448162,44.419443],[6.449566,44.412887],[6.453672,44.413392],[6.455916,44.409165],[6.464978,44.403698],[6.468732,44.402898],[6.472091,44.399137],[6.474967,44.400523],[6.47662,44.397882],[6.480869,44.39786],[6.483517,44.396003],[6.493579,44.397777],[6.496366,44.399605],[6.503548,44.399039],[6.515527,44.400471],[6.519492,44.399127],[6.525549,44.399144],[6.531037,44.396788],[6.539619,44.397562],[6.542459,44.395851],[6.548375,44.395013],[6.550646,44.393306],[6.562767,44.391187],[6.571592,44.391689],[6.579472,44.388559],[6.588509,44.389627],[6.590174,44.387339],[6.593953,44.387139],[6.60383,44.383042],[6.609691,44.382599],[6.615415,44.3853],[6.629413,44.386149],[6.642137,44.386071],[6.658336,44.383847],[6.669824,44.389798],[6.682211,44.389455],[6.686465,44.390742],[6.690834,44.392896],[6.695843,44.398932],[6.698892,44.398757],[6.702873,44.400918],[6.708775,44.401316],[6.715584,44.404429],[6.719061,44.40427],[6.725983,44.406556],[6.72725,44.408497],[6.729517,44.408822],[6.729014,44.411226],[6.731494,44.415537],[6.736501,44.41754],[6.738454,44.41968],[6.738878,44.424548],[6.73694,44.429304],[6.744481,44.434714],[6.744881,44.439687],[6.742645,44.441116],[6.743369,44.445531],[6.741822,44.450333],[6.748727,44.456845],[6.749652,44.459569],[6.759987,44.468772],[6.760454,44.471262],[6.764167,44.471991],[6.769502,44.475341],[6.774109,44.474867],[6.785577,44.476304],[6.797472,44.474854],[6.806783,44.469917],[6.815523,44.467746],[6.821611,44.461503],[6.828782,44.458438],[6.83441,44.453885],[6.847822,44.448265],[6.874755,44.429812],[6.878564,44.428268],[6.882426,44.429153],[6.892477,44.426816],[6.904318,44.416256],[6.913864,44.411507],[6.916295,44.408428],[6.919613,44.407084],[6.926528,44.398082],[6.943636,44.393742],[6.94882,44.393582],[6.959676,44.389779],[6.963253,44.386667],[6.963634,44.383198],[6.968643,44.379733],[6.972584,44.373429],[6.978755,44.372354],[6.987204,44.36731],[6.995744,44.358988],[6.9976,44.358068],[7.001201,44.359214],[7.008203,44.359146],[7.014203,44.352771],[7.017866,44.352312],[7.019091,44.348094],[7.029802,44.345437],[7.031978,44.343368],[7.035557,44.342626],[7.040618,44.343646],[7.044403,44.342027],[7.060633,44.339803],[7.070308,44.33669],[7.084103,44.329303],[7.08809,44.324166],[7.101076,44.314923],[7.111364,44.304233],[7.117881,44.301025],[7.123185,44.299718],[7.141017,44.29899],[7.144396,44.301161],[7.162497,44.305669],[7.171272,44.302451],[7.182994,44.303631],[7.187672,44.305525],[7.193147,44.311153],[7.200928,44.310891],[7.207361,44.309244],[7.218999,44.310788],[7.224564,44.30991],[7.240323,44.311217],[7.247763,44.314744],[7.257462,44.313927],[7.260081,44.315271],[7.265552,44.313407],[7.268248,44.313778],[7.283546,44.30769],[7.29525,44.306115],[7.302198,44.306527],[7.307703,44.30504],[7.315819,44.306833],[7.323816,44.304561],[7.328841,44.30835],[7.351381,44.306528],[7.358033,44.308348],[7.36853,44.307098],[7.377521,44.310299],[7.381157,44.310346],[7.38136,44.312193],[7.386757,44.315163],[7.391333,44.314782],[7.39237,44.31675],[7.394706,44.316887],[7.400558,44.320556],[7.402822,44.324636],[7.406961,44.327905],[7.413753,44.328573],[7.416892,44.332369],[7.417311,44.336739],[7.420684,44.338577],[7.423074,44.336919],[7.426907,44.337462],[7.421882,44.340565],[7.423613,44.34343],[7.429315,44.344732],[7.432596,44.341947],[7.431455,44.339801],[7.436424,44.341438],[7.444172,44.338579],[7.456478,44.340452],[7.459925,44.339289],[7.466157,44.34063],[7.466146,44.344697],[7.475745,44.347259],[7.479328,44.351076],[7.480566,44.355767],[7.471545,44.366588],[7.47232,44.370559],[7.476014,44.374014],[7.476027,44.37579],[7.468536,44.379965],[7.464357,44.385444],[7.459773,44.385859],[7.450428,44.38956],[7.443886,44.389969],[7.437342,44.38826],[7.429705,44.391145],[7.425623,44.39116],[7.424515,44.392958],[7.425571,44.397476],[7.423855,44.399762],[7.410649,44.40428],[7.407806,44.407242],[7.404297,44.413391],[7.404866,44.417439],[7.407675,44.417546],[7.41336,44.420434],[7.417471,44.416693],[7.421171,44.416041],[7.422126,44.413273],[7.427375,44.417868],[7.43055,44.418189],[7.43238,44.419746],[7.425669,44.429402],[7.421542,44.433046],[7.418883,44.432629],[7.412245,44.435874],[7.410873,44.44142],[7.40495,44.446854],[7.400592,44.448084],[7.39207,44.446532],[7.387651,44.447218],[7.380989,44.452047],[7.379662,44.457008],[7.367848,44.458663],[7.364528,44.464439],[7.365703,44.467487],[7.370276,44.467257],[7.378706,44.471017],[7.381298,44.474576],[7.384722,44.475565],[7.388531,44.479808],[7.393211,44.482486],[7.399975,44.482848],[7.415749,44.480316],[7.418263,44.489475],[7.423654,44.494196],[7.426129,44.495116],[7.433302,44.494606],[7.44409,44.497118],[7.441367,44.499747],[7.446424,44.505406],[7.461338,44.507549],[7.470246,44.515662],[7.471656,44.519926],[7.470369,44.525645],[7.472065,44.528156],[7.480691,44.534133],[7.48641,44.546222],[7.48625,44.557227],[7.489392,44.563038],[7.482332,44.568433],[7.479474,44.580503],[7.480103,44.58537],[7.485787,44.596308],[7.486328,44.59978],[7.484554,44.604011],[7.4855,44.607144],[7.48961,44.611053],[7.493688,44.619658],[7.494931,44.643838],[7.492061,44.646889],[7.485693,44.649019],[7.480401,44.648848],[7.475442,44.646449],[7.470184,44.640337],[7.462654,44.638126],[7.456221,44.63208],[7.450069,44.630778],[7.448037,44.631468],[7.446172,44.635127],[7.442033,44.636816],[7.408812,44.631578],[7.401763,44.629449],[7.388979,44.629675],[7.382608,44.632146],[7.377929,44.637354],[7.377683,44.640468],[7.384707,44.651427],[7.392201,44.656041],[7.38741,44.664191],[7.37568,44.671489],[7.372987,44.676237],[7.370932,44.683039],[7.371291,44.706106],[7.369825,44.714376],[7.367879,44.715505],[7.358235,44.715083],[7.351827,44.716631],[7.349355,44.723294],[7.344717,44.728206],[7.330267,44.725732],[7.320767,44.727219],[7.317307,44.728998],[7.310491,44.738311],[7.305831,44.76273],[7.30368058884853,44.7666134588181],[7.30037,44.772591],[7.296759,44.783269],[7.288404,44.795446],[7.288517,44.801014],[7.27965,44.804674],[7.274484,44.809767],[7.274002,44.811888],[7.276221,44.814361],[7.281907,44.811931],[7.28968,44.81051],[7.295703,44.812034],[7.306947,44.818168],[7.308663,44.821464],[7.308931,44.828165],[7.30383,44.830755],[7.302573,44.832954],[7.304116,44.840659],[7.298537,44.848576],[7.302514,44.854524],[7.30148,44.858835],[7.297149,44.862458],[7.30317,44.867734],[7.296455,44.878219],[7.299007,44.88518],[7.311983,44.888586],[7.32591,44.889602],[7.337295,44.89596],[7.345402,44.897194],[7.354685,44.896714],[7.359311,44.898427],[7.359067,44.899926],[7.352121,44.902859],[7.350901,44.906797],[7.347737,44.909023],[7.337576,44.911429],[7.331456,44.925145],[7.339742,44.932966],[7.341206,44.936972],[7.344818,44.939268],[7.350664,44.941473],[7.361352,44.940901],[7.369426,44.942274],[7.37469,44.948224],[7.374189,44.952919],[7.381865,44.957434],[7.378909,44.962272],[7.372238,44.967739],[7.374329,44.976382],[7.368681,44.979725],[7.370324,44.983977],[7.373358,44.985136],[7.383149,44.985154],[7.423552,44.981111],[7.43297,44.983842],[7.441627,44.984734],[7.450721,44.982198],[7.455413,44.988357],[7.461912,44.991151],[7.462707,45.000006],[7.459542,45.00471],[7.445013,45.013714],[7.445806,45.02533],[7.442521,45.028002],[7.43267,45.031131],[7.422372,45.036789],[7.397011,45.052927],[7.391958,45.069763],[7.388121,45.071745],[7.381976,45.071135],[7.377871,45.075753],[7.371316,45.079378],[7.365508,45.088171],[7.362743,45.095387],[7.365361,45.102294],[7.370816,45.104571],[7.367712,45.108263],[7.354883,45.112012],[7.329934,45.110776],[7.312457,45.107704],[7.30547,45.107548],[7.291066,45.113717],[7.265865,45.111934],[7.252791,45.112681],[7.243907,45.115385],[7.23202,45.122117],[7.223758,45.121215],[7.219396,45.123344],[7.216458,45.122389],[7.213017,45.123644],[7.203722,45.123891],[7.190582,45.129955],[7.171927,45.132546],[7.167134,45.131742],[7.162811,45.135693],[7.154919,45.13638],[7.147082,45.13878],[7.136394,45.137529],[7.126036,45.132906],[7.121987,45.132506],[7.112105,45.133727],[7.100967,45.133126],[7.088657,45.137407],[7.066938,45.133489],[7.060522,45.134811],[7.057439,45.136473],[7.054977,45.142409],[7.043479,45.146323],[7.039421,45.145903],[7.027623,45.149359],[7.018441,45.156452],[7.017063,45.16279],[7.011888,45.168552],[7.01255,45.171857],[7.010536,45.175673],[7.01338,45.180141],[7.012052,45.183603],[7.013756,45.18965],[7.011001,45.196134],[7.00558,45.202255],[7.000602,45.204379],[6.994733,45.203714],[6.983715,45.2054],[6.966813,45.205308],[6.961664,45.207015],[6.957104,45.214091],[6.958194,45.225403],[6.946172,45.224529],[6.940498,45.228715],[6.930775,45.22964],[6.93008,45.232544],[6.926004,45.234814],[6.92316,45.233422],[6.925245,45.231847],[6.921135,45.233062],[6.927847,45.230871],[6.928868,45.229311],[6.926115,45.228618],[6.930942,45.225873],[6.923352,45.228758],[6.921918,45.231429],[6.916661,45.234175],[6.906685,45.235831],[6.904332,45.234307],[6.905115,45.236635],[6.908636,45.23767],[6.906209,45.24146],[6.908637,45.250738],[6.897945,45.265025],[6.89781,45.273139],[6.893556,45.283171],[6.887266,45.285381],[6.869765,45.283796],[6.853706,45.28599],[6.833398,45.284172],[6.826306,45.281288],[6.823694,45.277952],[6.82005,45.276949],[6.81841,45.275017],[6.814132,45.275852],[6.814193,45.273386],[6.816738,45.272623],[6.814064,45.270544],[6.816656,45.267845],[6.813574,45.266285],[6.811817,45.263087],[6.803661,45.261629],[6.800836,45.258806],[6.797034,45.253548],[6.798844,45.250091],[6.797259,45.245444],[6.792737,45.243313],[6.794449,45.239567],[6.791168,45.23833],[6.790608,45.236353],[6.786561,45.235619],[6.786332,45.233869],[6.782751,45.231702],[6.772728,45.230238],[6.767903,45.226021],[6.761368,45.223475],[6.76101,45.220218],[6.756012,45.219271],[6.751845,45.215963],[6.747624,45.215793],[6.745231,45.213097],[6.738641,45.210287],[6.733185,45.210163],[6.729429,45.213729],[6.722255,45.213095],[6.714922,45.216067],[6.70166,45.209671],[6.694387,45.210578],[6.688835,45.206925],[6.678474,45.207247],[6.671169,45.203361],[6.659443,45.194409],[6.652814,45.192448],[6.640995,45.191004],[6.631508,45.194168],[6.625754,45.198508],[6.618187,45.196378],[6.612395,45.199356],[6.604962,45.199921],[6.601809,45.199066],[6.59908,45.200753],[6.594192,45.200882],[6.592409,45.202449],[6.585256,45.203271],[6.579694,45.2059],[6.56811,45.207597],[6.554661,45.206411],[6.52709,45.207198],[6.519598,45.208177],[6.516017,45.210178],[6.508789,45.21147],[6.497055,45.212305],[6.4963371296055,45.2122128986906],[6.479217,45.210015],[6.4727,45.216112],[6.453159,45.221359],[6.449647,45.224478],[6.444695,45.223272],[6.444323,45.220539],[6.441075,45.217614],[6.440754,45.21517],[6.434516,45.206851],[6.434532,45.204086],[6.436326,45.202717],[6.435403,45.195692],[6.433585,45.194027],[6.433861,45.191057],[6.42805,45.174579],[6.431191,45.170644],[6.422056,45.161411],[6.422534,45.154464],[6.420401,45.147598],[6.420128,45.137871],[6.417041,45.128984],[6.418465,45.126271],[6.416513,45.12178],[6.417082,45.119286],[6.423251,45.112594],[6.423581,45.104416],[6.411495,45.100759],[6.403828,45.094936],[6.403436,45.093073],[6.404593,45.08701],[6.403302,45.082383],[6.406766,45.080303],[6.405909,45.078634],[6.408198,45.075492],[6.40594,45.067981],[6.40802,45.066409],[6.408735,45.058362],[6.413706,45.052916],[6.412599,45.049856],[6.415178,45.046705],[6.414078,45.045215],[6.417459,45.041153],[6.416161,45.038818],[6.42481,45.03762],[6.438556,45.031688],[6.445264,45.025075],[6.45310378618494,45.0217398923794],[6.453952,45.021379],[6.462934,45.011678],[6.468562,45.010172],[6.470069,45.007278],[6.4692,45.004479],[6.471276,45.001612],[6.476735,44.998272],[6.480143,44.988126],[6.484328,44.984508],[6.492875,44.981013],[6.497098,44.97695],[6.502641,44.974624],[6.532144,44.96616],[6.538924,44.958756],[6.546367,44.955705],[6.554792,44.948879],[6.567531,44.943504],[6.571045,44.9384],[6.583627,44.935949],[6.585332,44.933162],[6.594777,44.927175],[6.614435,44.918757],[6.621541,44.909546],[6.625486,44.90675],[6.625786,44.901479],[6.63028,44.89754],[6.631045,44.894464],[6.618804,44.878466],[6.618763,44.875704],[6.613705,44.872166],[6.603745,44.868486],[6.603068,44.863617],[6.59535,44.86156],[6.59144,44.855714],[6.583283,44.852613],[6.581821,44.845727],[6.57909,44.844353],[6.580522,44.839226],[6.577445,44.830661],[6.574968,44.828921],[6.5743,44.824683],[6.575851,44.82184],[6.573522,44.821071],[6.575081,44.819402],[6.571809,44.81649],[6.572681,44.813767],[6.570998,44.811538],[6.56944349618426,44.8112768057825]]]}},{"type":"Feature","properties":{"id":"SZ.5","parentId":"western-alps","level":"section","name":"Alpes du Dauphiné","names":{"en":"Dauphiné Alps","de":"Dauphiné-Alpen","fr":"Alpes du Dauphiné","it":"Alpi del Delfinato"},"provenance":{"source":"https://www.homoalpinus.com/alpes/subdivisions/soiusa/","creator":"Capleymar","kind":"supplied","names":{"version":"soiusa-area-names-v1","source":"https://www.homoalpinus.com/alpes/subdivisions/soiusa/tab_de/index.html","method":"SOIUSA multilingual nomenclature; display casing, accents and spelling normalized; broad-sense scope retained"}},"sourceFeatures":[{"index":4,"fields":{"Number":"5","Code":"SZ.5","Name":"Alpes du Dauphiné","Perimeter":"394.66 km","Enclosed_Area":"5116.5 sq km","Island_Area":"","Capleymar-Homoalpinus":"https://www.homoalpinus.com/alpes/subdivisions/soiusa/","Created_By":"Capleymar"}}],"geometryRef":"sections.geojson#SZ.5"},"geometry":{"type":"Polygon","coordinates":[[[6.449647,45.224478],[6.448909,45.228817],[6.442928,45.235015],[6.434189,45.23628],[6.431396,45.238155],[6.430545,45.242539],[6.427564,45.243366],[6.421213,45.242659],[6.403644,45.249854],[6.397861,45.249078],[6.391485,45.251402],[6.385728,45.25872],[6.384859,45.264186],[6.379449,45.269715],[6.372841,45.273506],[6.363027,45.276665],[6.356359,45.280845],[6.353229,45.287307],[6.354418,45.296743],[6.349988,45.302906],[6.338981,45.312351],[6.320705,45.320434],[6.317442,45.329264],[6.303799,45.35167],[6.286271,45.360226],[6.287316,45.36942],[6.274963,45.387561],[6.274632,45.408969],[6.271878,45.422769],[6.272581,45.424648],[6.27845,45.428405],[6.279096,45.433335],[6.28405,45.437555],[6.287995,45.447154],[6.288222,45.452262],[6.290742,45.454019],[6.292003,45.457359],[6.289253,45.476687],[6.306277,45.507038],[6.308379,45.50752],[6.311977,45.512945],[6.314588,45.51996],[6.313014,45.53975],[6.308517,45.544415],[6.301717,45.547286],[6.297399,45.551984],[6.294305,45.552131],[6.287709,45.556828],[6.279068,45.560356],[6.260267,45.558422],[6.250005,45.554232],[6.202065,45.563277],[6.149809,45.548252],[6.088694,45.511617],[6.085826,45.508866],[6.076622,45.504073],[6.059103,45.497877],[6.022064,45.475712],[6.005742,45.449168],[6.004212,45.433221],[6.000332,45.426024],[6.000995,45.40901],[5.982218,45.380599],[5.98191,45.369205],[5.97511,45.362374],[5.966724,45.338381],[5.955714,45.323127],[5.93347,45.307987],[5.927147,45.293209],[5.917047,45.286446],[5.918952,45.280057],[5.910611,45.268512],[5.901867,45.266797],[5.889783,45.257712],[5.879495,45.235185],[5.87485,45.234235],[5.860246,45.237614],[5.856827,45.236804],[5.855095,45.230729],[5.840601,45.219088],[5.832387,45.214157],[5.820051,45.202861],[5.81141,45.206417],[5.803028,45.206363],[5.796816,45.204735],[5.799196,45.199236],[5.792266,45.194966],[5.805477,45.190885],[5.806016,45.188225],[5.80333,45.186869],[5.796951,45.189155],[5.789661,45.189399],[5.781667,45.191545],[5.779152,45.198059],[5.77533,45.200887],[5.771635,45.200253],[5.765162,45.196192],[5.754877,45.196997],[5.751085,45.190129],[5.748644,45.188792],[5.743996,45.189351],[5.742117,45.190827],[5.743016,45.197947],[5.741502,45.200402],[5.738228,45.20204],[5.734922,45.201258],[5.732877,45.19706],[5.729312,45.194429],[5.718939,45.192887],[5.715854,45.194384],[5.71525,45.200449],[5.710877,45.204529],[5.694454,45.2101],[5.684044,45.211894],[5.675301,45.215559],[5.684812,45.207608],[5.697143,45.199879],[5.701532,45.191723],[5.700648,45.163672],[5.697581,45.155081],[5.690335,45.150949],[5.687668,45.144768],[5.68878,45.127877],[5.696691,45.120206],[5.698148,45.11635],[5.696392,45.114341],[5.696141,45.10983],[5.703497,45.104765],[5.704122,45.100755],[5.714913,45.096405],[5.725045,45.089557],[5.720469,45.082963],[5.720321,45.080629],[5.717388,45.079133],[5.718777,45.074639],[5.713618,45.066713],[5.716556,45.06347],[5.712139,45.055744],[5.706358,45.051522],[5.699669,45.052097],[5.696113,45.048643],[5.692659,45.036798],[5.694367,45.032771],[5.691659,45.030563],[5.693409,45.027324],[5.696188,45.026139],[5.694167,45.022543],[5.694741,45.020181],[5.689274,45.016057],[5.689102,45.013759],[5.685186,45.012217],[5.69405,45.000421],[5.690884,44.997644],[5.688079,44.988907],[5.678956,44.973554],[5.684004,44.973553],[5.685908,44.972427],[5.684323,44.969338],[5.685733,44.965669],[5.683435,44.962544],[5.695094,44.958846],[5.694576,44.953532],[5.689887,44.951048],[5.690306,44.947993],[5.685885,44.94405],[5.68523,44.94158],[5.687057,44.939779],[5.687157,44.936102],[5.684749,44.92987],[5.680107,44.92469],[5.681081,44.919396],[5.679266,44.916138],[5.680476,44.914072],[5.679451,44.91256],[5.681724,44.910159],[5.679007,44.905387],[5.681789,44.900454],[5.681322,44.896923],[5.684038,44.894819],[5.682919,44.891877],[5.680993,44.891754],[5.680503,44.887808],[5.688979,44.880627],[5.690376,44.877408],[5.69501,44.876839],[5.696599,44.875502],[5.700481,44.869601],[5.702698,44.868806],[5.705726,44.870011],[5.722634,44.86502],[5.728294,44.866546],[5.732633,44.865192],[5.736205,44.868607],[5.746257,44.866581],[5.760807,44.869754],[5.762846,44.872324],[5.774483,44.872914],[5.775759,44.875073],[5.781392,44.875177],[5.785497,44.880472],[5.795172,44.881064],[5.801071,44.877325],[5.806349,44.876057],[5.812568,44.871689],[5.812998,44.869599],[5.816401,44.868901],[5.817703,44.865917],[5.824151,44.863348],[5.82632,44.860814],[5.830746,44.861719],[5.83337,44.858345],[5.838527,44.856991],[5.839373,44.851334],[5.84105296211924,44.8508746747637],[5.849634,44.848528],[5.850998,44.84254],[5.857566,44.840045],[5.855454,44.834524],[5.863,44.83271],[5.866542,44.828575],[5.869881,44.829354],[5.872572,44.827116],[5.876153,44.827259],[5.880057,44.825595],[5.883648,44.821937],[5.888296,44.822702],[5.897365,44.815262],[5.903735,44.817366],[5.907673,44.816909],[5.908435,44.817943],[5.912727,44.81786],[5.915464,44.819044],[5.917679,44.816027],[5.924366,44.816892],[5.938775,44.81457],[5.945236,44.811145],[5.954663,44.799593],[5.960189,44.799465],[5.960931,44.796166],[5.969466,44.794632],[5.978469,44.790094],[5.977946,44.785674],[5.980529,44.780804],[5.986356,44.774042],[5.987379,44.770372],[5.990825,44.768176],[5.994531,44.757795],[5.996791,44.75628],[5.996749,44.75265],[5.99979,44.751281],[6.004661,44.744079],[6.00368,44.737388],[6.004946,44.732536],[6.009615,44.7301],[6.019107,44.720516],[6.026168,44.717551],[6.026896,44.716003],[6.032035,44.714878],[6.038058,44.709748],[6.045678,44.707506],[6.049105,44.702729],[6.054808,44.70145],[6.058658,44.698626],[6.060255,44.695079],[6.065703,44.692343],[6.064743,44.688203],[6.068539,44.685758],[6.06846,44.682731],[6.072062,44.677401],[6.079361,44.669211],[6.084782,44.667517],[6.088731,44.664485],[6.088184,44.662068],[6.090013,44.658603],[6.086335,44.646876],[6.080749,44.608613],[6.080787,44.59379],[6.0843,44.560569],[6.075648,44.553423],[6.069562,44.544209],[6.069394,44.539363],[6.071503,44.538133],[6.068624,44.537118],[6.067897,44.534383],[6.063449,44.53189],[6.064531,44.5274],[6.061699,44.518394],[6.065383,44.515577],[6.063558,44.511963],[6.064146,44.509591],[6.0781,44.510929],[6.079586,44.509921],[6.079151,44.505895],[6.080653,44.504793],[6.081554,44.498319],[6.079405,44.490237],[6.079709,44.480294],[6.08237,44.479475],[6.08318,44.476783],[6.088045,44.477633],[6.097412,44.475632],[6.101805,44.472202],[6.108688,44.475628],[6.114476,44.475928],[6.122796,44.470565],[6.128895,44.469866],[6.132454,44.467251],[6.144087,44.465908],[6.149371,44.462905],[6.155442,44.462049],[6.175134,44.462641],[6.18005,44.461142],[6.202438,44.459476],[6.208132,44.460528],[6.22048,44.459643],[6.226832,44.462496],[6.235006,44.463976],[6.266589,44.466442],[6.274296,44.470251],[6.269027,44.473927],[6.273817,44.474707],[6.276188,44.476348],[6.273018,44.479442],[6.272882,44.480923],[6.273786,44.47954],[6.275055,44.480446],[6.27309,44.482587],[6.274952,44.482309],[6.275675,44.483883],[6.278725,44.483119],[6.283171,44.48712],[6.283505,44.48466],[6.2891,44.484128],[6.289593,44.486965],[6.291604,44.48621],[6.295635,44.487668],[6.295464,44.490095],[6.29695,44.491332],[6.294939,44.494165],[6.297848,44.492771],[6.298176,44.494318],[6.302198,44.492545],[6.301424,44.494121],[6.303797,44.494862],[6.306277,44.498461],[6.305475,44.502893],[6.307221,44.504973],[6.305876,44.507972],[6.301722,44.510277],[6.297522,44.516358],[6.294722,44.516398],[6.29729,44.51739],[6.292937,44.522482],[6.29505,44.521109],[6.295361,44.52464],[6.296382,44.519045],[6.302227,44.513703],[6.305351,44.511947],[6.306074,44.513031],[6.307338,44.510591],[6.310761,44.511],[6.312048,44.507277],[6.314438,44.508124],[6.314225,44.509961],[6.317974,44.512435],[6.317464,44.513827],[6.320044,44.51302],[6.32038,44.511176],[6.320536,44.514683],[6.321878,44.513056],[6.323986,44.513827],[6.32199,44.514798],[6.324402,44.518632],[6.323189,44.51963],[6.320504,44.519085],[6.318713,44.520587],[6.321579,44.519652],[6.323227,44.520787],[6.327075,44.51935],[6.326006,44.522116],[6.327818,44.524086],[6.325731,44.528845],[6.327382,44.526879],[6.330081,44.526208],[6.329041,44.529683],[6.33228,44.525696],[6.333318,44.527934],[6.334307,44.525784],[6.338596,44.524463],[6.337546,44.521268],[6.341419,44.519765],[6.341817,44.52324],[6.345031,44.521308],[6.347636,44.521724],[6.350464,44.52332],[6.353175,44.522948],[6.354449,44.525035],[6.356072,44.52449],[6.357955,44.526598],[6.361462,44.526647],[6.359779,44.528244],[6.360629,44.528747],[6.36341,44.528117],[6.363143,44.529269],[6.366445,44.528119],[6.368092,44.534944],[6.371367,44.528989],[6.37594,44.532655],[6.378307,44.532821],[6.377945,44.534793],[6.379902,44.535644],[6.38955,44.535411],[6.392543,44.534186],[6.391816,44.535663],[6.393789,44.53528],[6.394159,44.537],[6.397859,44.535334],[6.40773576934623,44.5383420400732],[6.40878,44.53866],[6.41772,44.537078],[6.417285,44.538645],[6.420084,44.537673],[6.421072,44.539096],[6.427357,44.538588],[6.437574,44.543049],[6.443531,44.543323],[6.454329,44.54612],[6.458394,44.545491],[6.464407,44.547271],[6.464879,44.546231],[6.467046,44.547106],[6.468066,44.545349],[6.468894,44.54646],[6.473346,44.546405],[6.474598,44.547695],[6.482886,44.549334],[6.488739,44.553049],[6.495115,44.553527],[6.512397,44.560979],[6.513191,44.564139],[6.517644,44.567531],[6.518798,44.574711],[6.514516,44.576243],[6.514173,44.5774],[6.517615,44.581238],[6.516722,44.583235],[6.522313,44.585036],[6.522179,44.58819],[6.532752,44.594364],[6.536589,44.600982],[6.536719,44.605113],[6.540748,44.610961],[6.541049,44.615625],[6.545566,44.617807],[6.552143,44.629837],[6.558268,44.629004],[6.559941,44.63116],[6.567078,44.631614],[6.56822,44.632596],[6.572071,44.631551],[6.576297,44.637526],[6.575355,44.639291],[6.582031,44.642673],[6.581193,44.647703],[6.582966,44.649974],[6.588785,44.655945],[6.591696,44.655335],[6.594548,44.656517],[6.594842,44.66078],[6.598427,44.66245],[6.602122,44.668138],[6.605458,44.669678],[6.60793,44.681841],[6.607636,44.685994],[6.604741,44.690836],[6.607696,44.696969],[6.601123,44.704951],[6.593293,44.709273],[6.592916,44.71326],[6.588782,44.715557],[6.588735,44.718303],[6.58532,44.720889],[6.584065,44.72645],[6.579649,44.734372],[6.581543,44.741255],[6.573916,44.751173],[6.570236,44.759679],[6.561962,44.767529],[6.559227,44.77511],[6.560342,44.779336],[6.558055,44.784475],[6.560975,44.792469],[6.559838,44.796771],[6.562039,44.79857],[6.560853,44.803247],[6.56307,44.807747],[6.567945,44.811025],[6.56944349618426,44.8112768057825],[6.570998,44.811538],[6.572681,44.813767],[6.571809,44.81649],[6.575081,44.819402],[6.573522,44.821071],[6.575851,44.82184],[6.5743,44.824683],[6.574968,44.828921],[6.577445,44.830661],[6.580522,44.839226],[6.57909,44.844353],[6.581821,44.845727],[6.583283,44.852613],[6.59144,44.855714],[6.59535,44.86156],[6.603068,44.863617],[6.603745,44.868486],[6.613705,44.872166],[6.618763,44.875704],[6.618804,44.878466],[6.631045,44.894464],[6.63028,44.89754],[6.625786,44.901479],[6.625486,44.90675],[6.621541,44.909546],[6.614435,44.918757],[6.594777,44.927175],[6.585332,44.933162],[6.583627,44.935949],[6.571045,44.9384],[6.567531,44.943504],[6.554792,44.948879],[6.546367,44.955705],[6.538924,44.958756],[6.532144,44.96616],[6.502641,44.974624],[6.497098,44.97695],[6.492875,44.981013],[6.484328,44.984508],[6.480143,44.988126],[6.476735,44.998272],[6.471276,45.001612],[6.4692,45.004479],[6.470069,45.007278],[6.468562,45.010172],[6.462934,45.011678],[6.453952,45.021379],[6.45310378618494,45.0217398923794],[6.445264,45.025075],[6.438556,45.031688],[6.42481,45.03762],[6.416161,45.038818],[6.417459,45.041153],[6.414078,45.045215],[6.415178,45.046705],[6.412599,45.049856],[6.413706,45.052916],[6.408735,45.058362],[6.40802,45.066409],[6.40594,45.067981],[6.408198,45.075492],[6.405909,45.078634],[6.406766,45.080303],[6.403302,45.082383],[6.404593,45.08701],[6.403705,45.094776],[6.411495,45.100759],[6.423581,45.104416],[6.423251,45.112594],[6.417082,45.119286],[6.416513,45.12178],[6.418465,45.126271],[6.417041,45.128984],[6.420128,45.137871],[6.420401,45.147598],[6.422534,45.154464],[6.422145,45.1619],[6.431191,45.170644],[6.42805,45.174579],[6.433861,45.191057],[6.433585,45.194027],[6.435403,45.195692],[6.436326,45.202717],[6.434532,45.204086],[6.434936,45.208475],[6.444323,45.220539],[6.444695,45.223272],[6.449647,45.224478]]]}},{"type":"Feature","properties":{"id":"SZ.6","parentId":"western-alps","level":"section","name":"Préalpes du Dauphiné","names":{"en":"Dauphiné Prealps","de":"Dauphiné-Voralpen","fr":"Préalpes du Dauphiné","it":"Prealpi del Delfinato"},"provenance":{"source":"https://www.homoalpinus.com/alpes/subdivisions/soiusa/","creator":"Capleymar","kind":"supplied","names":{"version":"soiusa-area-names-v1","source":"https://www.homoalpinus.com/alpes/subdivisions/soiusa/tab_de/index.html","method":"SOIUSA multilingual nomenclature; display casing, accents and spelling normalized; broad-sense scope retained"}},"sourceFeatures":[{"index":5,"fields":{"Number":"6","Code":"SZ.6","Name":"Préalpes du Dauphiné","Perimeter":"469.64 km","Enclosed_Area":"6919.9 sq km","Island_Area":"","Capleymar-Homoalpinus":"https://www.homoalpinus.com/alpes/subdivisions/soiusa/","Created_By":"Capleymar"}}],"geometryRef":"sections.geojson#SZ.6"},"geometry":{"type":"Polygon","coordinates":[[[5.05986884626411,44.8803309810369],[5.056518,44.874508],[5.051233,44.868748],[5.046616,44.859165],[5.040336,44.837834],[5.041566,44.83285],[5.039717,44.822727],[5.041125,44.819431],[5.03745,44.810613],[5.039232,44.786014],[5.03442,44.781222],[5.021349,44.744147],[5.014145,44.734787],[5.030342,44.723212],[5.038061,44.722034],[5.04028,44.719141],[5.045501,44.717279],[5.05986884626412,44.7140862347038],[5.061062,44.713821],[5.074067,44.716193],[5.078161,44.713192],[5.094036,44.712224],[5.109359,44.708121],[5.127473,44.699936],[5.14166,44.698287],[5.15573,44.698881],[5.165956,44.697109],[5.168523,44.695639],[5.164744,44.692354],[5.162319,44.691865],[5.13599,44.691654],[5.122858,44.694419],[5.102862,44.695274],[5.092497,44.694362],[5.087904,44.696331],[5.076427,44.698236],[5.068739,44.697726],[5.05986884626411,44.6951827920264],[5.058541,44.694802],[5.05179,44.689794],[5.03156,44.683617],[5.022466,44.679323],[5.018925,44.671688],[5.01937,44.665356],[5.02089,44.662665],[5.028829,44.658446],[5.035561,44.650301],[5.040382,44.647224],[5.04959,44.64476],[5.055525,44.646713],[5.05986884626412,44.6467502447103],[5.061478,44.646764],[5.060278,44.640488],[5.093625,44.627627],[5.103804,44.617378],[5.120608,44.605222],[5.132123,44.59139],[5.132918,44.587188],[5.113098,44.585733],[5.106758,44.587407],[5.087853,44.597882],[5.080202,44.600536],[5.073177,44.600967],[5.065159,44.600074],[5.060613,44.595175],[5.05986884626411,44.5950863096987],[5.055546,44.594571],[5.053769,44.591034],[5.055007,44.586376],[5.047325,44.582407],[5.038971,44.583536],[5.03477,44.58145],[5.02805,44.581866],[5.00189,44.574901],[4.992812,44.573634],[4.988552,44.57451],[4.9743,44.571956],[4.970463,44.566424],[4.964794,44.54942],[4.958623,44.541753],[4.950825,44.541257],[4.937413,44.537901],[4.933236,44.534449],[4.928347,44.532691],[4.9258,44.529827],[4.919429,44.527853],[4.898728,44.516443],[4.888785,44.512847],[4.886718,44.511441],[4.886046,44.508446],[4.885943,44.499574],[4.889763,44.492883],[4.892999,44.490085],[4.907224,44.486638],[4.909096,44.487048],[4.915466,44.484342],[4.921001,44.475475],[4.930295,44.469485],[4.943486,44.468417],[4.957199,44.463801],[4.97893,44.453566],[4.994221,44.451858],[5.00361,44.447707],[5.007547,44.443022],[5.013397,44.439336],[5.04741,44.425829],[5.05986884626411,44.4164760363989],[5.060062,44.416331],[5.068453,44.412184],[5.088573,44.393955],[5.11161,44.378447],[5.11254,44.375974],[5.13005,44.370063],[5.134843,44.367391],[5.135584,44.365552],[5.14154,44.364193],[5.142759,44.359972],[5.138553,44.356906],[5.122281,44.350028],[5.119828,44.34527],[5.107932,44.333393],[5.105759,44.32534],[5.106227,44.319764],[5.12677,44.302224],[5.129149,44.28912],[5.132208,44.285626],[5.136666,44.283452],[5.138608,44.279867],[5.138646,44.276302],[5.141243,44.271066],[5.139459,44.262889],[5.136839,44.258996],[5.135552,44.25015],[5.132667,44.247112],[5.134438,44.240577],[5.139687,44.234708],[5.145411,44.2367],[5.147072,44.238419],[5.151847,44.238533],[5.149394,44.235649],[5.152213,44.232861],[5.154456,44.234883],[5.156223,44.233164],[5.159301,44.232824],[5.161735,44.227422],[5.166023,44.224672],[5.166749,44.225826],[5.167848,44.225458],[5.175933,44.220355],[5.181215,44.219049],[5.18288,44.220148],[5.18497,44.218611],[5.189824,44.219802],[5.198872,44.216569],[5.201635,44.216934],[5.204292,44.214755],[5.215613,44.215102],[5.221699,44.213057],[5.226137,44.215036],[5.230322,44.211768],[5.231839,44.213741],[5.236418,44.212743],[5.239072,44.213326],[5.23937,44.214746],[5.242087,44.213184],[5.243016,44.214774],[5.254901,44.213571],[5.257153,44.211842],[5.272803,44.212683],[5.29806,44.200192],[5.301558,44.199985],[5.303644,44.198355],[5.306809,44.198697],[5.318085,44.193457],[5.323014,44.194403],[5.328874,44.193107],[5.33188,44.189959],[5.334267,44.190343],[5.336743,44.187105],[5.342287,44.188182],[5.344691,44.185693],[5.347675,44.185819],[5.351314,44.183225],[5.357922,44.184186],[5.361241,44.181991],[5.367068,44.182895],[5.371037,44.180884],[5.388757,44.181891],[5.397907,44.177641],[5.404069,44.172861],[5.423545,44.166009],[5.426559,44.16665],[5.434063,44.175149],[5.444573,44.17486],[5.448995,44.18022],[5.456207,44.183657],[5.474587,44.187793],[5.480727,44.187504],[5.496347,44.179143],[5.502104,44.181298],[5.507335,44.180737],[5.513337,44.183164],[5.527851,44.181552],[5.532805,44.183179],[5.538248,44.187333],[5.538306,44.194969],[5.539836,44.198472],[5.537125,44.204049],[5.537342,44.210797],[5.539503,44.214493],[5.542046,44.215162],[5.548768,44.221905],[5.553913,44.221124],[5.55789,44.217916],[5.568891,44.217518],[5.569467,44.216634],[5.574758,44.219191],[5.577508,44.217776],[5.586262,44.219788],[5.588252,44.219109],[5.590967,44.220381],[5.594071,44.21972],[5.597012,44.22118],[5.612207,44.219619],[5.614513,44.221746],[5.617467,44.221237],[5.617955,44.223155],[5.625174,44.224218],[5.631397,44.230609],[5.633176,44.23696],[5.637933,44.240459],[5.643556,44.239617],[5.646519,44.242063],[5.65078,44.243329],[5.654865,44.241971],[5.65716,44.244579],[5.659112,44.243096],[5.663899,44.24425],[5.664197,44.246873],[5.666963,44.245752],[5.667832,44.247738],[5.676957,44.243943],[5.694952,44.247767],[5.699277,44.246199],[5.702336,44.248413],[5.7057,44.24425],[5.708234,44.243824],[5.71062,44.245318],[5.712542,44.250159],[5.718824,44.251292],[5.719061,44.253417],[5.722704,44.255859],[5.723574,44.259226],[5.72861,44.259693],[5.733933,44.257994],[5.738854,44.259637],[5.741747,44.258369],[5.744122,44.260413],[5.749718,44.261347],[5.751826,44.264488],[5.753658,44.264113],[5.7556,44.266297],[5.759056,44.266385],[5.762137,44.268341],[5.763664,44.264118],[5.765891,44.266069],[5.768816,44.264393],[5.770498,44.266952],[5.773122,44.265376],[5.776375,44.267756],[5.775254,44.270433],[5.782308,44.275203],[5.784383,44.274231],[5.78483,44.275531],[5.782153,44.27867],[5.789177,44.279388],[5.789708,44.278252],[5.787684,44.277762],[5.789151,44.27664],[5.791812,44.278397],[5.793996,44.276602],[5.799823,44.275887],[5.811313,44.269587],[5.81703,44.269324],[5.818481,44.267851],[5.817873,44.263808],[5.824979,44.26303],[5.831642,44.258845],[5.836465,44.257703],[5.840133,44.253849],[5.845155,44.252621],[5.847427,44.250223],[5.8604,44.246009],[5.861952,44.234594],[5.864585,44.232897],[5.869191,44.232815],[5.872268,44.230048],[5.875206,44.217084],[5.881725,44.213042],[5.883854,44.208274],[5.904053,44.207433],[5.912191,44.205739],[5.918859,44.20113],[5.924828,44.202258],[5.937006,44.200955],[5.942687,44.20177],[5.943138,44.206686],[5.940814,44.210831],[5.936694,44.212549],[5.935218,44.215036],[5.928339,44.215331],[5.926067,44.217388],[5.927549,44.219389],[5.925796,44.222307],[5.932182,44.230604],[5.927745,44.23474],[5.921836,44.237614],[5.920924,44.2409],[5.923362,44.244319],[5.919522,44.255076],[5.921514,44.258907],[5.925521,44.262033],[5.926534,44.265709],[5.915332,44.268888],[5.911414,44.273474],[5.912828,44.277078],[5.91667,44.280003],[5.913281,44.28753],[5.91384,44.289458],[5.91656,44.29127],[5.923839,44.291181],[5.927185,44.294041],[5.926306,44.297952],[5.92251,44.301326],[5.925823,44.306325],[5.924437,44.312621],[5.925613,44.314723],[5.92223,44.316046],[5.915488,44.312893],[5.914053,44.310811],[5.911247,44.310456],[5.90626,44.312233],[5.901973,44.316028],[5.896081,44.318614],[5.894217,44.322095],[5.905299,44.328452],[5.90259,44.336817],[5.903954,44.339141],[5.907652,44.339365],[5.912673,44.33723],[5.919239,44.338986],[5.919091,44.341922],[5.922046,44.347063],[5.929706,44.350684],[5.933377,44.358058],[5.937531,44.358412],[5.940455,44.360979],[5.942703,44.365888],[5.939246,44.368412],[5.94053,44.373954],[5.945464,44.379686],[5.946968,44.386299],[5.951566,44.391774],[5.960293,44.397997],[5.966811,44.400582],[5.969302,44.404068],[5.977739,44.409033],[5.980695,44.408721],[5.995639,44.412257],[6.001356,44.416488],[6.01802,44.418005],[6.027859,44.429479],[6.027924,44.431468],[6.025672,44.433709],[6.026802,44.435682],[6.030178,44.435859],[6.036928,44.438679],[6.039687,44.441301],[6.055052,44.44778],[6.056307,44.454205],[6.060666,44.460379],[6.060053,44.466783],[6.062975,44.467055],[6.068231,44.464988],[6.074551,44.465242],[6.076228,44.466649],[6.076794,44.47145],[6.08318,44.47678],[6.08237,44.479475],[6.079709,44.480294],[6.078861,44.484841],[6.081554,44.498319],[6.080653,44.504793],[6.079151,44.505895],[6.079586,44.509921],[6.0781,44.510929],[6.064146,44.509591],[6.063558,44.511963],[6.065383,44.515577],[6.061699,44.518394],[6.064531,44.5274],[6.063449,44.53189],[6.067897,44.534383],[6.068624,44.537118],[6.071503,44.538133],[6.069394,44.539363],[6.069562,44.544209],[6.075648,44.553423],[6.0843,44.560569],[6.080787,44.59379],[6.080749,44.608613],[6.086335,44.646876],[6.090013,44.658603],[6.088184,44.662068],[6.088731,44.664485],[6.084782,44.667517],[6.079361,44.669211],[6.072062,44.677401],[6.06846,44.682731],[6.068539,44.685758],[6.064743,44.688203],[6.065703,44.692343],[6.060255,44.695079],[6.058658,44.698626],[6.054808,44.70145],[6.049105,44.702729],[6.045678,44.707506],[6.038058,44.709748],[6.032035,44.714878],[6.026896,44.716003],[6.026168,44.717551],[6.019107,44.720516],[6.009615,44.7301],[6.004946,44.732536],[6.00368,44.737388],[6.004661,44.744079],[5.99979,44.751281],[5.996749,44.75265],[5.996791,44.75628],[5.994531,44.757795],[5.990825,44.768176],[5.987379,44.770372],[5.986356,44.774042],[5.980529,44.780804],[5.977946,44.785674],[5.978531,44.790002],[5.975381,44.791166],[5.974587,44.792812],[5.967912,44.794685],[5.959887,44.795757],[5.959066,44.799034],[5.954426,44.798256],[5.950977,44.799091],[5.946488,44.804916],[5.923504,44.812336],[5.925377,44.808342],[5.923901,44.804195],[5.925371,44.80024],[5.922641,44.798229],[5.925976,44.795876],[5.921922,44.792698],[5.923259,44.791626],[5.922828,44.789692],[5.920392,44.783783],[5.918346,44.781235],[5.919881,44.783585],[5.918548,44.785721],[5.922727,44.791656],[5.92039,44.793114],[5.922698,44.793419],[5.924415,44.796185],[5.919372,44.798012],[5.92311,44.800426],[5.922564,44.801434],[5.918034,44.800426],[5.920375,44.806461],[5.914937,44.814754],[5.908307,44.817517],[5.896536,44.815431],[5.888296,44.822702],[5.883219,44.822076],[5.879911,44.825662],[5.87609,44.827276],[5.872572,44.827116],[5.869881,44.829354],[5.86668,44.828515],[5.863,44.83271],[5.855694,44.834335],[5.857566,44.840045],[5.850998,44.84254],[5.849772,44.848422],[5.84100478139313,44.8508771391702],[5.839373,44.851334],[5.838527,44.856991],[5.83337,44.858345],[5.830746,44.861719],[5.82632,44.860814],[5.824151,44.863348],[5.817703,44.865917],[5.816401,44.868901],[5.812998,44.869599],[5.812568,44.871689],[5.806349,44.876057],[5.801071,44.877325],[5.795172,44.881064],[5.785497,44.880472],[5.781392,44.875177],[5.775759,44.875073],[5.774483,44.872914],[5.762846,44.872324],[5.760807,44.869754],[5.746257,44.866581],[5.736205,44.868607],[5.732633,44.865192],[5.73177987727474,44.8654582379122],[5.728294,44.866546],[5.722997,44.865001],[5.705726,44.870011],[5.702698,44.868806],[5.700481,44.869601],[5.696599,44.875502],[5.69501,44.876839],[5.690376,44.877408],[5.688979,44.880627],[5.681806,44.885881],[5.680346,44.889547],[5.684038,44.894819],[5.681322,44.896923],[5.681789,44.900454],[5.679007,44.905387],[5.681724,44.910159],[5.679451,44.91256],[5.680476,44.914072],[5.679266,44.916138],[5.681081,44.919396],[5.680107,44.92469],[5.684749,44.92987],[5.687157,44.936102],[5.687057,44.939779],[5.68523,44.94158],[5.685885,44.94405],[5.690306,44.947993],[5.689887,44.951048],[5.694576,44.953532],[5.695094,44.958846],[5.683435,44.962544],[5.685733,44.965669],[5.684323,44.969338],[5.685908,44.972427],[5.684004,44.973553],[5.678956,44.973554],[5.688079,44.988907],[5.690884,44.997644],[5.69405,45.000421],[5.685186,45.012217],[5.689102,45.013759],[5.689274,45.016057],[5.694741,45.020181],[5.694167,45.022543],[5.696188,45.026139],[5.693409,45.027324],[5.691659,45.030563],[5.694367,45.032771],[5.692659,45.036798],[5.696113,45.048643],[5.699669,45.052097],[5.706358,45.051522],[5.712139,45.055744],[5.716556,45.06347],[5.713618,45.066713],[5.718777,45.074639],[5.717388,45.079133],[5.720321,45.080629],[5.720469,45.082963],[5.725045,45.089557],[5.714913,45.096405],[5.704122,45.100755],[5.703497,45.104765],[5.696141,45.10983],[5.696392,45.114341],[5.698148,45.11635],[5.696691,45.120206],[5.68878,45.127877],[5.687668,45.144768],[5.690335,45.150949],[5.697581,45.155081],[5.700648,45.163672],[5.700885,45.194242],[5.697143,45.199879],[5.684812,45.207608],[5.671947,45.217985],[5.650414,45.247196],[5.634601,45.257842],[5.623445,45.268101],[5.619103,45.277326],[5.615721,45.294863],[5.611819,45.299804],[5.604425,45.302241],[5.592046,45.302083],[5.579484,45.295565],[5.565342,45.298074],[5.556591,45.293637],[5.534314,45.291018],[5.528025,45.286459],[5.519712,45.26299],[5.509535,45.252841],[5.501579,45.241283],[5.486496,45.231632],[5.486949,45.222998],[5.47048,45.210302],[5.46424,45.206605],[5.45781,45.204661],[5.449077,45.197894],[5.445322,45.193259],[5.425188,45.182168],[5.415888,45.172767],[5.404808,45.168237],[5.388456,45.158858],[5.376186,45.146218],[5.357286,45.130101],[5.343035,45.123442],[5.324688,45.109238],[5.311843,45.093861],[5.309456,45.088718],[5.309406,45.081194],[5.312187,45.07722],[5.312986,45.069816],[5.30136,45.066018],[5.298327,45.062771],[5.294111,45.062421],[5.291525,45.063785],[5.289009,45.060121],[5.283673,45.059693],[5.279652,45.061174],[5.276233,45.060107],[5.274725,45.056557],[5.269129,45.054671],[5.26739,45.055115],[5.265966,45.059758],[5.258635,45.05929],[5.251437,45.061365],[5.245792,45.060823],[5.244483,45.06134],[5.243413,45.066173],[5.235943,45.066398],[5.220938,45.053158],[5.20274,45.041475],[5.198139,45.034666],[5.194619,45.024431],[5.188181,45.015242],[5.181724,45.009554],[5.179993,45.001072],[5.174328,44.995064],[5.164453,44.988068],[5.159911,44.977244],[5.150519,44.974299],[5.146457,44.969548],[5.121093,44.949633],[5.11805,44.94599],[5.115285,44.938478],[5.106709,44.929948],[5.102702,44.922864],[5.097438,44.918725],[5.092176,44.917851],[5.086239,44.915112],[5.083109,44.9107],[5.076881,44.905877],[5.072943,44.900807],[5.072393,44.895494],[5.069427,44.889356],[5.0674011282984,44.8878100815623],[5.061645,44.883417],[5.05986884626411,44.8803309810369]]]}},{"type":"Feature","properties":{"id":"SZ.7","parentId":"western-alps","level":"section","name":"Alpi Graie - Alpes Grées","names":{"en":"Graian Alps","de":"Grajische Alpen","fr":"Alpes grées","it":"Alpi Graie"},"provenance":{"source":"https://www.homoalpinus.com/alpes/subdivisions/soiusa/","creator":"Capleymar","kind":"supplied","names":{"version":"soiusa-area-names-v1","source":"https://www.homoalpinus.com/alpes/subdivisions/soiusa/tab_de/index.html","method":"SOIUSA multilingual nomenclature; display casing, accents and spelling normalized; broad-sense scope retained"}},"sourceFeatures":[{"index":6,"fields":{"Number":"7","Code":"SZ.7","Name":"Alpi Graie - Alpes Grées","Perimeter":"492.95 km","Enclosed_Area":"7554 sq km","Island_Area":"","Capleymar-Homoalpinus":"https://www.homoalpinus.com/alpes/subdivisions/soiusa/","Created_By":"Capleymar"}}],"geometryRef":"sections.geojson#SZ.7"},"geometry":{"type":"Polygon","coordinates":[[[6.497055,45.212305],[6.508789,45.211469],[6.516017,45.210176],[6.519598,45.208175],[6.52709,45.207197],[6.554661,45.206411],[6.56811,45.207595],[6.579694,45.2059],[6.585256,45.203271],[6.592409,45.20245],[6.594192,45.200882],[6.59908,45.200753],[6.601809,45.199066],[6.604962,45.199921],[6.612395,45.199356],[6.618187,45.196377],[6.625754,45.198506],[6.631508,45.194167],[6.640995,45.191004],[6.659443,45.194409],[6.677818,45.207065],[6.688835,45.206925],[6.694387,45.210578],[6.70166,45.209672],[6.713826,45.215919],[6.717538,45.215547],[6.722255,45.213094],[6.729429,45.213726],[6.733185,45.210161],[6.738641,45.210286],[6.745231,45.213097],[6.747624,45.215793],[6.751845,45.215963],[6.756012,45.219271],[6.76101,45.220218],[6.761368,45.223476],[6.767903,45.226021],[6.772728,45.230238],[6.782751,45.2317],[6.786332,45.233868],[6.786561,45.235618],[6.790608,45.236352],[6.791168,45.238329],[6.794449,45.239566],[6.792737,45.243312],[6.797259,45.245444],[6.798844,45.250091],[6.797034,45.253548],[6.800836,45.258806],[6.803661,45.261629],[6.811817,45.263088],[6.813573,45.266285],[6.816656,45.267845],[6.814064,45.270545],[6.816738,45.272623],[6.814193,45.273387],[6.814132,45.275853],[6.81841,45.275017],[6.82005,45.276949],[6.823694,45.277952],[6.826306,45.281288],[6.833399,45.28417],[6.846487,45.28591],[6.860036,45.285526],[6.869765,45.283797],[6.88961,45.28516],[6.893556,45.28317],[6.89781,45.273138],[6.897945,45.265025],[6.908682,45.250147],[6.910877,45.249332],[6.911853,45.250898],[6.91344,45.249192],[6.918859,45.247775],[6.918611,45.248915],[6.92346,45.249011],[6.930343,45.24479],[6.945813,45.240099],[6.954415,45.233494],[6.956633,45.229288],[6.958921,45.228685],[6.960655,45.225603],[6.958194,45.225403],[6.956693,45.216272],[6.957421,45.212885],[6.961664,45.207015],[6.966813,45.205309],[6.983715,45.205399],[6.994733,45.203712],[7.000602,45.204378],[7.00558,45.202255],[7.011,45.196134],[7.014013,45.188647],[7.012052,45.183604],[7.01338,45.180141],[7.010524,45.176001],[7.01255,45.171857],[7.011888,45.168553],[7.017063,45.162791],[7.018441,45.156452],[7.027623,45.149359],[7.039421,45.145902],[7.043479,45.146321],[7.054977,45.142409],[7.057653,45.136256],[7.065562,45.133548],[7.088657,45.137406],[7.100967,45.133124],[7.112105,45.133727],[7.121987,45.132507],[7.126036,45.132906],[7.136394,45.137529],[7.147082,45.138779],[7.154919,45.136379],[7.162811,45.135693],[7.167134,45.131743],[7.171926,45.132547],[7.190581,45.129954],[7.203722,45.123889],[7.213017,45.123643],[7.216458,45.122388],[7.219396,45.123344],[7.223758,45.121216],[7.23202,45.122117],[7.243907,45.115385],[7.254707,45.112434],[7.265865,45.111933],[7.291066,45.113717],[7.30547,45.107546],[7.312457,45.107702],[7.329934,45.110777],[7.354883,45.112011],[7.367712,45.108261],[7.371364,45.103982],[7.372719,45.103959],[7.386062,45.112639],[7.390986,45.113449],[7.403197,45.110721],[7.420874,45.109171],[7.427132,45.106766],[7.43575,45.101168],[7.45173,45.095956],[7.466698,45.096991],[7.475575,45.104081],[7.481298,45.105971],[7.484997,45.111709],[7.482332,45.11772],[7.488783,45.126023],[7.487537,45.130879],[7.48865,45.134567],[7.496372,45.144098],[7.504066,45.148518],[7.514122,45.151873],[7.522205,45.152862],[7.531044,45.156553],[7.532886,45.15848],[7.518643,45.203938],[7.513214,45.215242],[7.51258,45.236439],[7.509882,45.249146],[7.502509,45.263502],[7.496541,45.268135],[7.496756,45.27585],[7.504652,45.277946],[7.509378,45.277924],[7.522645,45.274434],[7.530706,45.268805],[7.533725,45.269676],[7.538878,45.274552],[7.561447,45.289289],[7.575736,45.30172],[7.577035,45.303937],[7.5737,45.307816],[7.574352,45.309492],[7.576412,45.310489],[7.590565,45.310508],[7.593345,45.312754],[7.600862,45.315019],[7.605025,45.317497],[7.608296,45.322897],[7.615535,45.326935],[7.616793,45.332326],[7.618936,45.334717],[7.626699,45.338079],[7.634264,45.338931],[7.63715,45.340887],[7.640401,45.347449],[7.642125,45.356484],[7.652452,45.364723],[7.652926,45.368047],[7.657225,45.371316],[7.654295,45.375815],[7.654936,45.378657],[7.64961,45.383487],[7.64434,45.385622],[7.644744,45.393105],[7.647365,45.394063],[7.661128,45.393074],[7.675596,45.386823],[7.688416,45.395257],[7.697362,45.395464],[7.701209,45.39475],[7.706143,45.391544],[7.706591,45.38588],[7.710771,45.383815],[7.71699,45.386679],[7.723195,45.386271],[7.725841,45.403985],[7.736604,45.403121],[7.74936,45.406048],[7.753892,45.408372],[7.752562,45.411632],[7.754241,45.414607],[7.758507,45.41481],[7.765712,45.418745],[7.774178,45.417045],[7.786443,45.423291],[7.791694,45.422636],[7.796582,45.423757],[7.797816,45.427496],[7.803625,45.433544],[7.806351,45.441863],[7.812482,45.4495],[7.811963,45.473053],[7.816978,45.487342],[7.8246,45.500154],[7.82447,45.503077],[7.830709,45.51125],[7.833814,45.531644],[7.832951,45.536383],[7.835963,45.540899],[7.823602,45.551063],[7.823418,45.552449],[7.826489,45.554226],[7.826369,45.556624],[7.81884,45.562363],[7.811565,45.56575],[7.80757,45.569998],[7.809376,45.577558],[7.798342,45.581549],[7.796426,45.586882],[7.793174,45.589397],[7.785818,45.589716],[7.784539,45.594043],[7.768542,45.602139],[7.758213,45.601627],[7.744668,45.604391],[7.741571,45.608191],[7.744527,45.610938],[7.743741,45.61333],[7.741046,45.616954],[7.737352,45.618751],[7.735324,45.629258],[7.727289,45.630868],[7.718319,45.634612],[7.714607,45.637446],[7.715171,45.641624],[7.712492,45.64432],[7.702272,45.648564],[7.696825,45.648839],[7.692225,45.656366],[7.680055,45.662307],[7.678708,45.667968],[7.674751,45.670597],[7.675575,45.674352],[7.672885,45.68499],[7.66846,45.688651],[7.670507,45.69544],[7.665229,45.698714],[7.666465,45.700969],[7.671335,45.702074],[7.673176,45.703833],[7.671683,45.70859],[7.667402,45.713279],[7.669823,45.719513],[7.665458,45.722036],[7.665931,45.724347],[7.662719,45.727869],[7.660392,45.734895],[7.643036,45.742361],[7.635463,45.742945],[7.629939,45.745664],[7.622123,45.741644],[7.611624,45.740237],[7.604798,45.744104],[7.59526,45.745073],[7.592276,45.742365],[7.587119,45.745074],[7.571371,45.745137],[7.562723,45.741702],[7.557003,45.740943],[7.540127,45.743778],[7.533788,45.743493],[7.52737,45.740141],[7.52457,45.740448],[7.522191,45.737792],[7.511481,45.744069],[7.494492,45.745807],[7.488183,45.74374],[7.482108,45.745192],[7.484511,45.74182],[7.484427,45.739242],[7.474713,45.740064],[7.466004,45.735266],[7.456025,45.735978],[7.453292,45.739182],[7.450723,45.739807],[7.44558,45.738962],[7.440638,45.740103],[7.434334,45.737447],[7.40596,45.739598],[7.395352,45.739056],[7.378967,45.733786],[7.373027,45.734961],[7.366176,45.733775],[7.356227,45.736961],[7.343382,45.736919],[7.340638,45.730951],[7.33682,45.729139],[7.320986,45.729639],[7.308536,45.727036],[7.299224,45.726545],[7.290107,45.728291],[7.28546,45.727501],[7.271884,45.720167],[7.26423,45.718569],[7.262187,45.715099],[7.257754,45.711966],[7.247599,45.710219],[7.2461,45.706468],[7.241014,45.704812],[7.237075,45.705767],[7.232562,45.704657],[7.225881,45.705069],[7.22155,45.702346],[7.213703,45.70543],[7.209573,45.703593],[7.191877,45.701932],[7.178342,45.707545],[7.170173,45.705441],[7.163432,45.705942],[7.16162,45.704223],[7.15631,45.703391],[7.138676,45.70774],[7.126154,45.70775],[7.110443,45.716469],[7.104384,45.718231],[7.10029,45.721968],[7.094452,45.723727],[7.089975,45.727721],[7.084534,45.730058],[7.076462,45.731445],[7.071126,45.734788],[7.067677,45.740531],[7.064853,45.740239],[7.058995,45.745231],[7.050245,45.74818],[7.047794,45.751107],[7.03905,45.753389],[7.03224,45.757387],[7.024605,45.759372],[7.013831,45.759898],[7.006107,45.763073],[6.989746,45.763544],[6.985458,45.765223],[6.981545,45.769681],[6.975725,45.772409],[6.975306,45.775519],[6.967548,45.780212],[6.966829,45.801931],[6.961387,45.808726],[6.966904,45.819246],[6.971838,45.823998],[6.999102,45.834794],[7.012227,45.842258],[7.015944,45.845999],[7.016277,45.848263],[7.034464,45.859496],[7.038133,45.865324],[7.04657,45.868789],[7.059491,45.878897],[7.064246,45.885711],[7.06852,45.899111],[7.081654,45.912105],[7.081793,45.915109],[7.085099,45.918682],[7.086188,45.922501],[7.098043,45.931687],[7.096485,45.942387],[7.102578,45.950037],[7.106436,45.958674],[7.108823,45.959743],[7.111538,45.970744],[7.116649,45.976242],[7.124867,45.980769],[7.123654,45.982135],[7.12508795186903,45.9872328079272],[7.127441,45.995596],[7.126814,46.001796],[7.12475,46.005502],[7.129089,46.010265],[7.13027,46.017188],[7.132329,46.0185],[7.1355,46.018195],[7.144654,46.022578],[7.144336,46.027023],[7.14919,46.044429],[7.147775,46.047377],[7.150578,46.053408],[7.149044,46.054528],[7.150558,46.058124],[7.148366,46.062519],[7.152035,46.064546],[7.152075,46.0672],[7.154016,46.068573],[7.154253,46.07491],[7.159114,46.078296],[7.155903,46.079832],[7.139313,46.080077],[7.124201,46.078097],[7.111035,46.080893],[7.095982,46.082147],[7.085936,46.081038],[7.075567,46.078359],[7.071193,46.075836],[7.065767,46.075444],[7.060422,46.073426],[7.053603,46.07459],[7.054745,46.081706],[7.058977,46.089763],[7.05853,46.092943],[7.065653,46.101493],[7.072452,46.106865],[7.065799,46.125784],[7.051776,46.13778],[7.049995,46.133918],[7.038169,46.127238],[7.033591,46.119124],[7.030132,46.118883],[7.012863,46.104939],[7.002268,46.099162],[6.994193,46.085473],[6.983078,46.079779],[6.975502,46.078454],[6.971301,46.07344],[6.96708,46.071901],[6.962992,46.061149],[6.948745,46.051345],[6.944398,46.050708],[6.936437,46.036017],[6.92696,46.026794],[6.92092,46.023628],[6.919142,46.020941],[6.919758,46.014613],[6.923903,46.009815],[6.92366,45.999689],[6.92370463786599,45.9996322653886],[6.929593,45.992147],[6.928709,45.981939],[6.91499,45.972596],[6.911122,45.963345],[6.903159,45.958778],[6.901839,45.955779],[6.884428,45.941493],[6.880092,45.939271],[6.872617,45.930168],[6.868685,45.920473],[6.865804,45.918227],[6.859302,45.915782],[6.851042,45.914496],[6.843555,45.909597],[6.833747,45.905967],[6.826814,45.900644],[6.81142,45.900485],[6.794052,45.892275],[6.789868,45.893958],[6.776933,45.905384],[6.774873,45.90852],[6.775192,45.911544],[6.766421,45.927113],[6.75605,45.928614],[6.741339,45.935001],[6.73885,45.935389],[6.733477,45.933167],[6.733872,45.928469],[6.729495,45.920098],[6.72623,45.917048],[6.722511,45.914221],[6.710378,45.910332],[6.69721,45.912419],[6.690444,45.915618],[6.667205,45.921699],[6.662087,45.915949],[6.65795660139619,45.9129621382671],[6.653326,45.909613],[6.651634,45.90377],[6.65375,45.900216],[6.65044,45.892881],[6.645302,45.88555],[6.630254,45.871322],[6.621468,45.858988],[6.610773,45.854],[6.607141,45.853966],[6.605982,45.850062],[6.603293,45.850561],[6.600095,45.847367],[6.594029,45.845415],[6.58969,45.841958],[6.585795,45.841492],[6.573398,45.835241],[6.555838,45.831774],[6.545393,45.825815],[6.543581,45.826024],[6.532606,45.821433],[6.528528,45.82153],[6.524674,45.818904],[6.522148,45.819492],[6.519629,45.817617],[6.515722,45.818187],[6.51493,45.815973],[6.50887,45.813498],[6.505633,45.806503],[6.50122,45.805036],[6.492227,45.797742],[6.488246,45.796028],[6.485141,45.78492],[6.486402,45.776198],[6.484535,45.77199],[6.481243,45.770104],[6.482498,45.767998],[6.481296,45.765014],[6.477147,45.763637],[6.470673,45.756814],[6.465399,45.754402],[6.457353,45.754192],[6.440121,45.750627],[6.434472,45.750991],[6.432625,45.744762],[6.424621,45.73948],[6.419887,45.730365],[6.409547,45.717841],[6.406537,45.711237],[6.406698,45.701847],[6.395467,45.68043],[6.390635,45.661769],[6.384636,45.657501],[6.366853,45.654531],[6.346613,45.649972],[6.335901,45.646089],[6.33296,45.643107],[6.330437,45.633064],[6.326968,45.628958],[6.287897,45.609813],[6.281252,45.605211],[6.272635,45.587036],[6.263822,45.580285],[6.202065,45.563272],[6.250005,45.554231],[6.260267,45.558421],[6.279068,45.560356],[6.287709,45.556828],[6.294305,45.552131],[6.297399,45.551984],[6.301717,45.547284],[6.308517,45.544412],[6.313014,45.539749],[6.314588,45.519959],[6.311977,45.512943],[6.308379,45.507517],[6.306277,45.507036],[6.289253,45.476687],[6.292004,45.457359],[6.290742,45.454019],[6.288222,45.452263],[6.287995,45.447155],[6.28405,45.437556],[6.279096,45.433335],[6.27845,45.428406],[6.27843738153646,45.4283967266699],[6.272054,45.423705],[6.274632,45.40897],[6.274963,45.387561],[6.287316,45.36942],[6.286423,45.360044],[6.303799,45.351668],[6.317442,45.329263],[6.320705,45.320433],[6.338981,45.312351],[6.349988,45.302905],[6.354418,45.296742],[6.353229,45.287306],[6.356359,45.280844],[6.363027,45.276663],[6.372841,45.273506],[6.379449,45.269715],[6.384859,45.264186],[6.385728,45.25872],[6.391485,45.251402],[6.397861,45.249078],[6.403644,45.249854],[6.421213,45.242658],[6.427564,45.243366],[6.430545,45.242539],[6.431396,45.238155],[6.434189,45.23628],[6.442928,45.235016],[6.448909,45.228817],[6.450644,45.222702],[6.4727,45.21611],[6.479217,45.210015],[6.4963371296055,45.2122128986906],[6.497055,45.212305]]]}},{"type":"Feature","properties":{"id":"SZ.8","parentId":"western-alps","level":"section","name":"Préalpes de Savoie","names":{"en":"Savoy Prealps","de":"Savoyer Voralpen","fr":"Préalpes de Savoie","it":"Prealpi di Savoia"},"provenance":{"source":"https://www.homoalpinus.com/alpes/subdivisions/soiusa/","creator":"Capleymar","kind":"supplied","names":{"version":"soiusa-area-names-v1","source":"https://www.homoalpinus.com/alpes/subdivisions/soiusa/tab_de/index.html","method":"SOIUSA multilingual nomenclature; display casing, accents and spelling normalized; broad-sense scope retained"}},"sourceFeatures":[{"index":7,"fields":{"Number":"8","Code":"SZ.8","Name":"Préalpes de Savoie","Perimeter":"556.82 km","Enclosed_Area":"4912.4 sq km","Island_Area":"","Capleymar-Homoalpinus":"https://www.homoalpinus.com/alpes/subdivisions/soiusa/","Created_By":"Capleymar"}}],"geometryRef":"sections.geojson#SZ.8"},"geometry":{"type":"Polygon","coordinates":[[[6.662087,45.915949],[6.667204,45.9217],[6.690444,45.915618],[6.69721,45.912419],[6.710378,45.910332],[6.72251,45.914222],[6.72623,45.917049],[6.729494,45.920099],[6.733872,45.92847],[6.733477,45.933168],[6.73885,45.93539],[6.741339,45.935002],[6.75605,45.928615],[6.766421,45.927113],[6.775192,45.911544],[6.774873,45.90852],[6.776933,45.905385],[6.789868,45.89396],[6.794052,45.892276],[6.81142,45.900484],[6.826814,45.900645],[6.833746,45.90597],[6.843555,45.909599],[6.851042,45.914497],[6.859302,45.915781],[6.865803,45.918225],[6.868685,45.920472],[6.872617,45.930167],[6.880092,45.939272],[6.884428,45.941495],[6.901839,45.955779],[6.903159,45.958778],[6.911122,45.963343],[6.91499,45.972595],[6.928709,45.98194],[6.929593,45.992148],[6.92370464408143,45.9996322650114],[6.92366,45.999689],[6.923903,46.009815],[6.919758,46.014612],[6.919142,46.020941],[6.92092,46.023627],[6.92696,46.026795],[6.936437,46.03602],[6.944398,46.05071],[6.948744,46.051346],[6.962992,46.061148],[6.96708,46.071901],[6.971301,46.07344],[6.975501,46.078455],[6.983078,46.07978],[6.994193,46.085475],[7.002268,46.099161],[7.012863,46.104938],[7.030132,46.118884],[7.033591,46.119125],[7.038169,46.12724],[7.049995,46.133918],[7.051776,46.137781],[7.044998,46.142934],[7.036418,46.146943],[7.033064,46.150672],[7.033141,46.161182],[7.027444,46.175516],[7.028953,46.17922],[7.034468,46.183545],[7.033761,46.186504],[7.020997,46.201251],[7.011413,46.206308],[7.007708,46.221176],[7.002624,46.225075],[7.002585,46.232268],[6.995888,46.236648],[6.989919,46.243718],[6.98712,46.252515],[6.979145,46.257241],[6.965297,46.268453],[6.959361,46.284742],[6.936851,46.297924],[6.932049,46.315508],[6.932398,46.323992],[6.930505,46.329551],[6.921922,46.33761],[6.918054,46.33947],[6.900645,46.338672],[6.894647,46.341366],[6.88833,46.349271],[6.881975,46.354131],[6.881832,46.357442],[6.886944,46.363759],[6.885581,46.374744],[6.880015,46.379542],[6.87332,46.382662],[6.858527,46.395012],[6.857396,46.394201],[6.859542,46.389056],[6.857557,46.387013],[6.845967,46.38864],[6.830336,46.386008],[6.815932,46.390475],[6.810366,46.39098],[6.805389,46.394345],[6.792375,46.393191],[6.774751,46.397898],[6.77215958767792,46.3975556157453],[6.771996,46.397534],[6.760071,46.400326],[6.756621,46.403033],[6.733388,46.405355],[6.723988,46.408001],[6.697461,46.40702],[6.686695,46.399575],[6.679729,46.396959],[6.677281,46.390745],[6.671332,46.386669],[6.658096,46.38047],[6.645295,46.372668],[6.626134,46.364352],[6.624787,46.360462],[6.615212,46.351889],[6.588345,46.346219],[6.580624,46.346743],[6.573764,46.349161],[6.56721,46.349768],[6.560607,46.345372],[6.560697,46.344048],[6.557233,46.342769],[6.527613,46.339342],[6.511204,46.333353],[6.501575,46.322861],[6.49169,46.316249],[6.481295,46.313591],[6.470184,46.313115],[6.466626,46.310934],[6.464137,46.312415],[6.45997,46.311861],[6.452899,46.305301],[6.443777,46.303338],[6.440499,46.301328],[6.405801,46.276921],[6.371665,46.264341],[6.360122,46.26643],[6.351187,46.26624],[6.340241,46.260563],[6.33446,46.25962],[6.330037,46.255419],[6.325942,46.244616],[6.31528,46.231631],[6.30862,46.219241],[6.295649,46.210582],[6.292536,46.205548],[6.292626,46.192473],[6.295014,46.185507],[6.300193,46.178961],[6.300208,46.174566],[6.308041,46.169028],[6.313366,46.168351],[6.314786,46.167037],[6.317806,46.168352],[6.322126,46.165462],[6.325664,46.164741],[6.329945,46.165482],[6.332157,46.164615],[6.334915,46.165773],[6.349566,46.163624],[6.357287,46.159034],[6.366606,46.158473],[6.375206,46.149751],[6.384737,46.146484],[6.390518,46.146013],[6.399628,46.148138],[6.425919,46.146393],[6.429534,46.133709],[6.42822,46.129535],[6.42433,46.126682],[6.40992,46.121886],[6.399151,46.119957],[6.391299,46.12008],[6.372742,46.116118],[6.36549,46.115468],[6.362555,46.116272],[6.349108,46.110202],[6.347993,46.107938],[6.35244,46.100907],[6.352688,46.097957],[6.355967,46.097292],[6.362057,46.090557],[6.369867,46.087238],[6.378806,46.085242],[6.396156,46.085051],[6.398476,46.083486],[6.399813,46.079217],[6.399123,46.07681],[6.383159,46.060036],[6.369821,46.055418],[6.364225,46.04561],[6.359029,46.04435],[6.345819,46.046356],[6.338506,46.0457],[6.317154,46.046923],[6.297007,46.038257],[6.29531326064223,46.0360161824063],[6.292974,46.032921],[6.289199,46.019687],[6.282636,46.015206],[6.269795,46.009508],[6.249804,45.996043],[6.245752,45.991897],[6.228041,45.984377],[6.21429,45.973248],[6.212616,45.968794],[6.206163,45.965178],[6.196748,45.962196],[6.182155,45.963535],[6.17061,45.959915],[6.167801,45.957869],[6.165273,45.95307],[6.165694,45.950073],[6.16177,45.944174],[6.164334,45.938679],[6.163047,45.91883],[6.155149,45.907482],[6.146657,45.904179],[6.150415,45.904645],[6.149884,45.903827],[6.155847,45.905849],[6.158661,45.90509],[6.166447,45.89197],[6.171314,45.889235],[6.174333,45.879176],[6.18622,45.864351],[6.184795,45.860354],[6.188554,45.855783],[6.187418,45.852859],[6.189276,45.848577],[6.188892,45.843535],[6.193215,45.841562],[6.200889,45.840328],[6.206511,45.842048],[6.210362,45.841718],[6.211196,45.837987],[6.216913,45.836153],[6.21721,45.833544],[6.219829,45.831516],[6.218121,45.82795],[6.219762,45.824051],[6.226815,45.822927],[6.230639,45.813888],[6.231947,45.805968],[6.228941,45.801355],[6.230207,45.797988],[6.225462,45.796783],[6.219695,45.793024],[6.215245,45.792926],[6.213988,45.794156],[6.210853,45.812776],[6.206985,45.820088],[6.208974,45.823639],[6.206259,45.832003],[6.206238,45.830192],[6.201586,45.828046],[6.193889,45.828152],[6.189992,45.830754],[6.187849,45.830366],[6.179476,45.836361],[6.17507,45.84122],[6.174181,45.844498],[6.168479,45.843863],[6.164294,45.845355],[6.159658,45.844791],[6.15893,45.846105],[6.157104,45.845619],[6.153562,45.847867],[6.152983,45.852372],[6.146865,45.854143],[6.146672,45.8567],[6.144171,45.858115],[6.145184,45.85997],[6.14329,45.860423],[6.14451,45.867301],[6.143113,45.868667],[6.144209,45.871411],[6.142252,45.883892],[6.143626,45.889739],[6.135022,45.894228],[6.134025,45.895608],[6.135428,45.895852],[6.133354,45.897603],[6.13026,45.898115],[6.125405,45.895749],[6.107093,45.883651],[6.099432,45.875403],[6.085307,45.86612],[6.075927,45.85227],[6.067986,45.825233],[6.057474,45.802769],[6.049001,45.778966],[6.045911,45.776008],[6.038892,45.773673],[6.03234,45.768926],[6.016137,45.761629],[5.991023,45.728389],[5.96961,45.713289],[5.957169,45.694131],[5.941531,45.643429],[5.940594,45.619604],[5.938983,45.613698],[5.920737,45.589512],[5.919421,45.585281],[5.92129,45.58292],[5.926282,45.582464],[5.950739,45.583679],[5.956799,45.582844],[5.960785,45.580717],[5.961373,45.57908],[5.959469,45.574621],[5.955238,45.570448],[5.950329,45.568286],[5.937489,45.565126],[5.920623,45.563065],[5.901391,45.556861],[5.896519,45.558198],[5.891798,45.562597],[5.893134,45.565097],[5.892054,45.569348],[5.887864,45.576304],[5.879672,45.585137],[5.875437,45.588219],[5.863251,45.593368],[5.860584,45.596868],[5.858702,45.603841],[5.860291,45.611829],[5.858537,45.626532],[5.861097,45.636804],[5.859493,45.642587],[5.864629,45.654873],[5.863977,45.656387],[5.859937,45.65597],[5.858683,45.657261],[5.858886,45.664669],[5.856821,45.672862],[5.858732,45.686742],[5.862141,45.694592],[5.860952,45.706681],[5.853465,45.729336],[5.840448,45.748611],[5.839309,45.751236],[5.840567,45.752467],[5.837027,45.755458],[5.834219,45.762517],[5.832495,45.775285],[5.829102,45.782769],[5.826152,45.786857],[5.82441,45.786937],[5.822818,45.785209],[5.818576,45.785654],[5.813334,45.771947],[5.806521,45.766342],[5.805834,45.763112],[5.80165,45.762949],[5.800689,45.761026],[5.799064,45.761291],[5.794899,45.758974],[5.793504,45.748144],[5.802401,45.73119],[5.814622,45.716048],[5.821798,45.711524],[5.825442,45.699027],[5.82209,45.69535],[5.80703,45.68638],[5.785933,45.670666],[5.782549,45.657867],[5.783227,45.650907],[5.780594,45.643546],[5.781481,45.629809],[5.784842,45.619282],[5.783164,45.607212],[5.786872,45.59983],[5.790338,45.59725],[5.798831,45.574298],[5.798354,45.572153],[5.798444,45.572166],[5.803427,45.575707],[5.808218,45.571697],[5.808742,45.567028],[5.811721,45.562372],[5.809561,45.56037],[5.806333,45.561664],[5.805124,45.558354],[5.809071,45.55403],[5.812126,45.543576],[5.813612,45.543531],[5.808341,45.540359],[5.803873,45.542314],[5.79704,45.542227],[5.791616,45.53945],[5.79503,45.537172],[5.794597,45.532188],[5.786117,45.52733],[5.779775,45.525362],[5.776585,45.517512],[5.772547,45.512966],[5.772822,45.502587],[5.765958,45.494251],[5.765363,45.487788],[5.761196,45.483017],[5.757033,45.480605],[5.756924,45.472079],[5.751719,45.465945],[5.748858,45.459181],[5.753349,45.451118],[5.756083,45.44937],[5.753034,45.44437],[5.753052,45.441235],[5.755242,45.434895],[5.760267,45.430048],[5.760907,45.427587],[5.759562,45.426255],[5.756601,45.425694],[5.748275,45.427282],[5.746221,45.432397],[5.744425,45.433377],[5.741018,45.432669],[5.738131,45.442999],[5.738834,45.445223],[5.734852,45.447108],[5.73201,45.452712],[5.735534,45.458137],[5.733687,45.467186],[5.736239,45.472591],[5.732468,45.476161],[5.724441,45.47993],[5.71485,45.491561],[5.715641,45.495093],[5.712776,45.495957],[5.712491,45.497448],[5.691507,45.480415],[5.687751,45.474921],[5.684511,45.473867],[5.68087,45.475477],[5.677658,45.475398],[5.667382,45.472141],[5.660161,45.465923],[5.654187,45.46503],[5.643905,45.459837],[5.632979,45.44715],[5.629262,45.445053],[5.608713,45.439192],[5.579057,45.435617],[5.570082,45.431473],[5.555324,45.420604],[5.546255,45.406231],[5.547415,45.404553],[5.545179,45.402161],[5.537563,45.398081],[5.534241,45.398318],[5.530433,45.396315],[5.528438,45.39471],[5.526902,45.389599],[5.532358,45.384948],[5.542372,45.379895],[5.578464,45.37539],[5.602097,45.362696],[5.602446,45.359561],[5.599878,45.35365],[5.596897,45.351091],[5.596533,45.347935],[5.60393,45.340155],[5.616225,45.336669],[5.621014,45.333658],[5.623772,45.325609],[5.615595,45.314549],[5.604537,45.311688],[5.599813,45.305427],[5.593476,45.30217],[5.60631,45.302006],[5.613763,45.298296],[5.616065,45.2939],[5.620229,45.273562],[5.623445,45.2681],[5.634601,45.25784],[5.650414,45.247194],[5.67411,45.216276],[5.684044,45.211893],[5.694454,45.210099],[5.710877,45.204527],[5.71525,45.200447],[5.715854,45.194382],[5.718939,45.192886],[5.729312,45.194427],[5.732877,45.197058],[5.734922,45.201257],[5.738228,45.202038],[5.741502,45.2004],[5.743015,45.197946],[5.742117,45.190825],[5.743996,45.189349],[5.748643,45.188791],[5.751085,45.190127],[5.754877,45.196995],[5.765162,45.196191],[5.771635,45.200251],[5.775329,45.200885],[5.779152,45.198058],[5.781667,45.191543],[5.804657,45.187136],[5.806168,45.188622],[5.805032,45.191192],[5.792266,45.194964],[5.799196,45.199235],[5.796816,45.204733],[5.803028,45.206362],[5.81141,45.206415],[5.820051,45.202859],[5.832387,45.214155],[5.840601,45.219087],[5.855095,45.230727],[5.856827,45.236802],[5.860246,45.237612],[5.87485,45.234234],[5.879495,45.235183],[5.889783,45.25771],[5.901867,45.266795],[5.910611,45.268511],[5.918952,45.280056],[5.917047,45.286445],[5.927147,45.293207],[5.933469,45.307985],[5.955713,45.323125],[5.960262,45.328644],[5.968161,45.341269],[5.97511,45.362373],[5.98191,45.369204],[5.982218,45.380597],[5.999982,45.406585],[6.000332,45.426023],[6.004212,45.43322],[6.005742,45.449167],[6.022064,45.475711],[6.059102,45.497875],[6.076622,45.504071],[6.085826,45.508864],[6.088694,45.511615],[6.149809,45.54825],[6.263822,45.580284],[6.272635,45.587036],[6.281252,45.605211],[6.287897,45.609813],[6.326968,45.628959],[6.330437,45.633064],[6.33296,45.643107],[6.335901,45.646089],[6.346613,45.649972],[6.385531,45.658089],[6.390635,45.661769],[6.395467,45.680429],[6.406698,45.701847],[6.406537,45.711237],[6.409547,45.717842],[6.419887,45.730366],[6.424621,45.739481],[6.432625,45.744762],[6.434472,45.750991],[6.440121,45.750627],[6.457353,45.754193],[6.465399,45.754405],[6.470673,45.756817],[6.477147,45.763638],[6.481296,45.765015],[6.482498,45.767998],[6.481243,45.770105],[6.484535,45.77199],[6.486402,45.776198],[6.48514,45.78492],[6.488246,45.796027],[6.492227,45.797741],[6.50122,45.805035],[6.505633,45.806503],[6.50887,45.813499],[6.514929,45.815975],[6.515721,45.818189],[6.519629,45.81762],[6.522148,45.819494],[6.524674,45.818906],[6.528527,45.821531],[6.532606,45.821433],[6.543581,45.826022],[6.545393,45.825814],[6.555838,45.831775],[6.573397,45.835243],[6.585795,45.841491],[6.58969,45.841956],[6.594029,45.845414],[6.600095,45.847366],[6.603293,45.850561],[6.605982,45.850062],[6.607141,45.853967],[6.610773,45.854001],[6.621468,45.858991],[6.630254,45.871323],[6.645301,45.88555],[6.65044,45.892881],[6.65375,45.900216],[6.651634,45.90377],[6.653326,45.909614],[6.65795673387921,45.9129627054594],[6.662087,45.915949]]]}},{"type":"Feature","properties":{"id":"SZ.9","parentId":"western-alps","level":"section","name":"Alpi Pennine - Walliser Alpen","names":{"en":"Pennine Alps","de":"Penninische Alpen","fr":"Alpes pennines","it":"Alpi Pennine"},"provenance":{"source":"https://www.homoalpinus.com/alpes/subdivisions/soiusa/","creator":"Capleymar","kind":"supplied","names":{"version":"soiusa-area-names-v1","source":"https://www.homoalpinus.com/alpes/subdivisions/soiusa/tab_de/index.html","method":"SOIUSA multilingual nomenclature; display casing, accents and spelling normalized; broad-sense scope retained"}},"sourceFeatures":[{"index":8,"fields":{"Number":"9","Code":"SZ.9","Name":"Alpi Pennine - Walliser Alpen","Perimeter":"455.29 km","Enclosed_Area":"6728.4 sq km","Island_Area":"","Capleymar-Homoalpinus":"https://www.homoalpinus.com/alpes/subdivisions/soiusa/","Created_By":"Capleymar"}}],"geometryRef":"sections.geojson#SZ.9"},"geometry":{"type":"Polygon","coordinates":[[[8.5193201620926,45.8915112524265],[8.517137,45.893191],[8.508607,45.903884],[8.506149,45.90521],[8.505759,45.908426],[8.507136,45.909382],[8.505453,45.913617],[8.490963,45.923568],[8.480531,45.928426],[8.481424,45.930622],[8.487297,45.935128],[8.488967,45.935963],[8.49295,45.935355],[8.493946,45.936336],[8.489139,45.939082],[8.478101,45.941818],[8.47163,45.94053],[8.468883,45.936217],[8.462071,45.934876],[8.446224,45.935262],[8.432663,45.939201],[8.429416,45.943299],[8.432218,45.948786],[8.434945,45.961922],[8.429593,45.968555],[8.419542,45.976441],[8.414259,45.974949],[8.41176,45.976202],[8.410207,45.981346],[8.411602,45.986477],[8.408795,45.988573],[8.400442,45.99147],[8.383413,45.986723],[8.37226,45.986325],[8.3545,45.991267],[8.348254,45.994574],[8.326574,45.99174],[8.312475,45.992329],[8.303949,45.998308],[8.286814,46.001955],[8.282625,46.00627],[8.281875,46.011631],[8.283654,46.017257],[8.281926,46.021996],[8.283505,46.030517],[8.281627,46.032371],[8.274632,46.034789],[8.274411,46.03617],[8.2668,46.041027],[8.265281,46.044333],[8.275143,46.054054],[8.282332,46.067209],[8.283455,46.070223],[8.280752,46.074831],[8.284658,46.078654],[8.285212,46.084701],[8.302576,46.091396],[8.305856,46.098512],[8.304668,46.104914],[8.306486,46.110723],[8.302872,46.121561],[8.302644,46.130703],[8.304855,46.138744],[8.309187,46.143607],[8.309261,46.145494],[8.303081,46.150856],[8.295635,46.154015],[8.292262,46.15383],[8.286775,46.157414],[8.283119,46.165047],[8.278966,46.184774],[8.26909,46.195687],[8.260675,46.200164],[8.252046,46.201744],[8.243307,46.205923],[8.240304,46.206402],[8.234713,46.205034],[8.221423,46.205862],[8.21217,46.204364],[8.200643,46.207103],[8.19829740085103,46.2061280929568],[8.196731,46.205477],[8.187169,46.204302],[8.182881,46.201672],[8.155163,46.196634],[8.139053,46.195104],[8.132384,46.19875],[8.117509,46.197262],[8.113176,46.194851],[8.105456,46.193338],[8.104386,46.191784],[8.091972,46.185885],[8.087154,46.185325],[8.084167,46.186241],[8.073958,46.183595],[8.070898,46.186232],[8.069374,46.191314],[8.062671,46.192727],[8.057363,46.198806],[8.043784,46.203955],[8.041098,46.209253],[8.041801,46.210885],[8.036908,46.214715],[8.02948,46.2195],[8.019259,46.221994],[8.013888,46.224804],[8.007872,46.231208],[8.007925,46.232286],[8.010217,46.23278],[8.007577,46.238478],[8.009857,46.241342],[8.020219,46.245871],[8.022835,46.245417],[8.03029,46.249327],[8.033654,46.251852],[8.033343,46.253344],[8.037378,46.25796],[8.03269,46.271483],[8.023531,46.289164],[8.016875,46.291635],[8.009684,46.299543],[8.006514,46.299941],[8.006601,46.301491],[8.003756,46.302404],[8.002073,46.306783],[7.996285,46.305431],[7.98838,46.315346],[7.979396,46.318459],[7.941347,46.304852],[7.930449,46.298986],[7.901151,46.295943],[7.896109,46.296591],[7.882552,46.301696],[7.859463,46.302835],[7.847686,46.306431],[7.828288,46.308569],[7.78253,46.306128],[7.758452,46.309105],[7.740562,46.306182],[7.703983,46.310209],[7.696327,46.309909],[7.674384,46.305856],[7.666164,46.306515],[7.649903,46.310299],[7.645625,46.312539],[7.632925,46.311957],[7.622596,46.315339],[7.613931,46.315166],[7.601489,46.312993],[7.597697,46.309257],[7.592022,46.30675],[7.583938,46.304204],[7.572816,46.302749],[7.566103,46.297703],[7.554522,46.295353],[7.554639,46.287825],[7.550834,46.284731],[7.493248,46.274203],[7.459307,46.264896],[7.419193,46.240329],[7.413778,46.24033],[7.403089,46.244589],[7.383222,46.244322],[7.379017,46.242248],[7.371896,46.235569],[7.369533,46.228195],[7.359134,46.219923],[7.330454,46.21011],[7.31111,46.209494],[7.299273,46.202844],[7.281455,46.198798],[7.263967,46.191601],[7.251673,46.184146],[7.234874,46.180784],[7.230373,46.176941],[7.224214,46.178482],[7.206325,46.177248],[7.201557,46.174629],[7.199105,46.166395],[7.194845,46.161644],[7.165973,46.155366],[7.14291,46.144958],[7.129195,46.13728],[7.09751,46.126564],[7.08128,46.122314],[7.069617,46.120381],[7.067286,46.121854],[7.065799,46.125784],[7.072364,46.106369],[7.065653,46.101493],[7.05853,46.092942],[7.058977,46.089762],[7.054746,46.081706],[7.053603,46.07459],[7.060422,46.073425],[7.065767,46.075444],[7.071194,46.075836],[7.075567,46.078358],[7.085936,46.081038],[7.095982,46.082147],[7.111035,46.080893],[7.124202,46.078096],[7.139313,46.080076],[7.155903,46.079834],[7.159114,46.078296],[7.154253,46.074911],[7.154016,46.068574],[7.152075,46.067201],[7.152035,46.064547],[7.148366,46.06252],[7.150558,46.058125],[7.149044,46.054529],[7.150578,46.053409],[7.147774,46.047377],[7.14919,46.04443],[7.144336,46.027023],[7.144654,46.022577],[7.1355,46.018194],[7.132329,46.0185],[7.129511,46.016501],[7.129089,46.010265],[7.12475,46.005501],[7.126814,46.001795],[7.127441,45.995596],[7.12508795186903,45.9872328079272],[7.123654,45.982135],[7.124867,45.980769],[7.116649,45.976242],[7.111538,45.970744],[7.108823,45.959744],[7.106436,45.958675],[7.102578,45.950037],[7.096485,45.942387],[7.098043,45.931688],[7.086188,45.922501],[7.085099,45.918682],[7.081793,45.915109],[7.081654,45.912105],[7.06852,45.89911],[7.064246,45.885711],[7.059491,45.878896],[7.04657,45.86879],[7.038133,45.865324],[7.034464,45.859497],[7.016277,45.848262],[7.015944,45.845999],[7.012227,45.842257],[6.999102,45.834794],[6.994499,45.833781],[6.971118,45.823586],[6.966904,45.819245],[6.961383,45.80874],[6.966829,45.801929],[6.967641,45.780005],[6.97284,45.777768],[6.975306,45.775519],[6.975725,45.772409],[6.981545,45.769682],[6.985908,45.764979],[6.991487,45.763251],[7.006107,45.763071],[7.013831,45.759897],[7.024605,45.759372],[7.03224,45.757388],[7.038648,45.753535],[7.047794,45.751108],[7.050245,45.74818],[7.058995,45.74523],[7.064853,45.740238],[7.067677,45.740531],[7.071126,45.734788],[7.076462,45.731444],[7.084534,45.730058],[7.089975,45.727721],[7.094452,45.723727],[7.10029,45.721969],[7.104384,45.718231],[7.110443,45.716469],[7.125268,45.708096],[7.130728,45.707203],[7.138676,45.707739],[7.15593,45.703427],[7.161621,45.704223],[7.163432,45.705943],[7.170173,45.705441],[7.178343,45.707544],[7.191877,45.70193],[7.209573,45.703595],[7.213703,45.705431],[7.22155,45.702346],[7.225881,45.705068],[7.232562,45.704655],[7.237075,45.705765],[7.241014,45.704811],[7.2461,45.706468],[7.247599,45.710219],[7.257753,45.711968],[7.262187,45.7151],[7.26423,45.71857],[7.271884,45.720166],[7.28546,45.727499],[7.290107,45.72829],[7.299224,45.726546],[7.308536,45.727039],[7.320986,45.729639],[7.33682,45.729138],[7.340637,45.730951],[7.343382,45.736918],[7.356227,45.736963],[7.366176,45.733775],[7.373027,45.73496],[7.378967,45.733785],[7.395352,45.739055],[7.40596,45.739599],[7.434334,45.737447],[7.440638,45.740102],[7.44558,45.738962],[7.450723,45.739807],[7.453292,45.739182],[7.456025,45.735978],[7.466004,45.735266],[7.474713,45.740065],[7.484427,45.739242],[7.484511,45.74182],[7.482108,45.745192],[7.488183,45.743739],[7.494492,45.745806],[7.511481,45.744068],[7.522191,45.737794],[7.52457,45.740449],[7.52737,45.740142],[7.533788,45.743494],[7.540127,45.743778],[7.557003,45.740942],[7.562723,45.741701],[7.571371,45.745139],[7.587119,45.745074],[7.592276,45.742364],[7.59526,45.745072],[7.604798,45.744102],[7.611624,45.740236],[7.622123,45.741646],[7.629939,45.745666],[7.635463,45.742946],[7.643036,45.74236],[7.660392,45.734895],[7.662719,45.727868],[7.665931,45.724347],[7.665458,45.722036],[7.669823,45.719514],[7.667402,45.71328],[7.671683,45.708591],[7.673176,45.703835],[7.671335,45.702076],[7.666466,45.700969],[7.665229,45.698714],[7.670507,45.695442],[7.66846,45.688652],[7.672885,45.684991],[7.675575,45.674354],[7.674751,45.670599],[7.678708,45.66797],[7.679541,45.662897],[7.692225,45.656365],[7.696825,45.648837],[7.702272,45.648562],[7.712492,45.64432],[7.715171,45.641624],[7.714607,45.637446],[7.717876,45.634878],[7.727289,45.630869],[7.735324,45.629259],[7.737352,45.618751],[7.741046,45.616953],[7.743741,45.613328],[7.744527,45.610936],[7.741571,45.60819],[7.744668,45.60439],[7.758213,45.601627],[7.768542,45.602139],[7.784539,45.594044],[7.785818,45.589716],[7.793174,45.589396],[7.796426,45.586882],[7.798342,45.581549],[7.809376,45.577557],[7.80757,45.569998],[7.813299,45.564471],[7.81884,45.562363],[7.826369,45.556624],[7.826489,45.554226],[7.823418,45.552449],[7.823602,45.551063],[7.829159,45.545387],[7.835866,45.541894],[7.833597,45.538934],[7.83328,45.534179],[7.854373,45.535722],[7.86474,45.533415],[7.891461,45.530653],[7.901472,45.527856],[7.93024,45.533118],[7.938439,45.537763],[7.963111,45.545508],[7.990075,45.54834],[8.01251320153238,45.5541684695214],[8.020894,45.556344],[8.042949,45.559967],[8.048084,45.562185],[8.048247,45.568884],[8.052546,45.575491],[8.06053,45.571593],[8.067525,45.575424],[8.08359,45.575574],[8.120895,45.590755],[8.137819,45.600965],[8.146313,45.607747],[8.158358,45.620918],[8.165741,45.624162],[8.189703,45.620897],[8.200476,45.6217],[8.207712,45.619517],[8.213217,45.613823],[8.216825,45.615],[8.225926,45.613431],[8.234407,45.614628],[8.243447,45.618803],[8.253321,45.628108],[8.274437,45.63134],[8.301545,45.625067],[8.323103,45.621691],[8.348286,45.621349],[8.360584,45.61917],[8.366833,45.620097],[8.369487,45.623066],[8.371851,45.634655],[8.367222,45.643048],[8.348069,45.655119],[8.341768,45.656963],[8.339749,45.659776],[8.338955,45.665469],[8.334711,45.668807],[8.331187,45.675391],[8.322062,45.682667],[8.321302,45.684788],[8.33915,45.684369],[8.351564,45.682142],[8.360649,45.685853],[8.364208,45.686243],[8.366501,45.685049],[8.381256,45.689209],[8.40092,45.684185],[8.407969,45.68505],[8.419049,45.689483],[8.435485,45.692195],[8.440444,45.695847],[8.442605,45.703367],[8.440588,45.713043],[8.425619,45.738474],[8.423596,45.751456],[8.417832,45.757652],[8.418682,45.760886],[8.422136,45.763318],[8.420548,45.764086],[8.421499,45.765064],[8.412069,45.769315],[8.410404,45.775417],[8.40582,45.77894],[8.406305,45.783636],[8.395874,45.784322],[8.390508,45.786897],[8.389679,45.786341],[8.384354,45.790523],[8.383343,45.793611],[8.383374,45.795604],[8.385724,45.797584],[8.38498,45.799331],[8.388818,45.80119],[8.389244,45.802734],[8.385862,45.804368],[8.386694,45.813239],[8.381619,45.82549],[8.381272,45.832417],[8.385575,45.841625],[8.390811,45.861137],[8.393742,45.863553],[8.398378,45.862318],[8.401955,45.864463],[8.403512,45.866708],[8.402608,45.869466],[8.40935,45.875356],[8.413453,45.866685],[8.40667,45.855913],[8.40489,45.844679],[8.395073,45.82938],[8.39697,45.829062],[8.400381,45.822554],[8.404469,45.819763],[8.403578,45.816879],[8.405273,45.813727],[8.412262,45.809969],[8.41918,45.804131],[8.420147,45.801854],[8.416138,45.799202],[8.408834,45.804401],[8.404578,45.80574],[8.404095,45.801059],[8.406768,45.795421],[8.409556,45.794399],[8.415338,45.795012],[8.42546,45.782242],[8.426914,45.777393],[8.430483,45.774421],[8.425008,45.772605],[8.425494,45.769834],[8.428297,45.767781],[8.436355,45.769682],[8.442214,45.769309],[8.452288,45.764002],[8.45681,45.763004],[8.460399,45.759368],[8.463293,45.758309],[8.465457,45.758412],[8.470011,45.76128],[8.477285,45.761468],[8.49221,45.759521],[8.496258,45.757542],[8.503731,45.756675],[8.514548,45.757701],[8.521667,45.759585],[8.525753,45.762475],[8.53513,45.772637],[8.542891,45.776158],[8.539902,45.789098],[8.540382,45.794423],[8.537931,45.796475],[8.537959,45.798856],[8.541904,45.801026],[8.540915,45.80633],[8.544448,45.809085],[8.545354,45.814454],[8.547372,45.816381],[8.551376,45.813659],[8.55642,45.814052],[8.56564,45.82022],[8.567201,45.824096],[8.565224,45.830862],[8.57397,45.8404],[8.564299,45.871481],[8.554211,45.880245],[8.534534,45.886875],[8.527172,45.890668],[8.520303,45.890755],[8.5193201620926,45.8915112524265]]]}},{"type":"Feature","properties":{"id":"SZ.10","parentId":"western-alps","level":"section","name":"Alpi Lepontine","names":{"en":"Lepontine Alps","de":"Lepontinische Alpen","fr":"Alpes lépontines","it":"Alpi Lepontine"},"provenance":{"source":"https://www.homoalpinus.com/alpes/subdivisions/soiusa/","creator":"Capleymar","kind":"supplied","names":{"version":"soiusa-area-names-v1","source":"https://www.homoalpinus.com/alpes/subdivisions/soiusa/tab_de/index.html","method":"SOIUSA multilingual nomenclature; display casing, accents and spelling normalized; broad-sense scope retained"}},"sourceFeatures":[{"index":9,"fields":{"Number":"10","Code":"SZ.10","Name":"Alpi Lepontine","Perimeter":"424.46 km","Enclosed_Area":"6142.1 sq km","Island_Area":"","Capleymar-Homoalpinus":"https://www.homoalpinus.com/alpes/subdivisions/soiusa/","Created_By":"Capleymar"}}],"geometryRef":"sections.geojson#SZ.10"},"geometry":{"type":"Polygon","coordinates":[[[8.861944,46.155825],[8.885732,46.157724],[8.917604,46.1658],[8.977497,46.175226],[8.994667,46.175347],[8.998057,46.1703],[9.004804,46.168295],[9.009202,46.169434],[9.014941,46.167735],[9.024646,46.168364],[9.027429,46.166102],[9.036027,46.166971],[9.039522,46.165646],[9.038921,46.16468],[9.045552,46.164814],[9.048593,46.163536],[9.050881,46.165204],[9.05618,46.164162],[9.059137,46.165449],[9.062906,46.165234],[9.065679,46.167028],[9.072244,46.166714],[9.07406,46.167886],[9.077235,46.165584],[9.080814,46.166506],[9.084406,46.165359],[9.088989,46.16637],[9.092675,46.165359],[9.097462,46.16644],[9.104238,46.164903],[9.112494,46.16779],[9.128479,46.167953],[9.13507,46.16485],[9.141553,46.163638],[9.158098,46.166916],[9.164778,46.164076],[9.168673,46.158283],[9.173919,46.156881],[9.191285,46.159355],[9.196469,46.161183],[9.209083,46.161475],[9.211405,46.16395],[9.216609,46.164026],[9.220572,46.165972],[9.226791,46.166666],[9.229783,46.164865],[9.23675,46.168639],[9.238822,46.16661],[9.24806,46.163863],[9.251672,46.161016],[9.257373,46.15892],[9.26734,46.16058],[9.282827,46.157726],[9.284098,46.155189],[9.287379,46.154695],[9.295712,46.149742],[9.29803,46.143015],[9.304249,46.137381],[9.306089,46.140887],[9.304872,46.14424],[9.306015,46.147084],[9.320527,46.148776],[9.324864,46.150578],[9.330855,46.148607],[9.337088,46.15018],[9.33918,46.15233],[9.338465,46.157242],[9.346737,46.163355],[9.358909,46.168901],[9.362738,46.169604],[9.367881,46.167849],[9.375084,46.168694],[9.377292,46.166614],[9.37955,46.168847],[9.382826,46.169693],[9.394089,46.169564],[9.41119,46.175863],[9.418745,46.187398],[9.424315,46.191963],[9.426384,46.198421],[9.424611,46.1997],[9.429726,46.202599],[9.438043,46.211396],[9.444809,46.211473],[9.443445,46.21406],[9.42876,46.219192],[9.418947,46.225103],[9.417087,46.2326],[9.407761,46.239894],[9.386828,46.26688],[9.375373,46.275658],[9.374765,46.27757],[9.378678,46.289773],[9.37765,46.293543],[9.390946,46.307416],[9.391147,46.310656],[9.386958,46.315233],[9.383509,46.322755],[9.374474,46.326381],[9.372292,46.33241],[9.368479,46.336675],[9.368502,46.342198],[9.37006,46.343857],[9.364949,46.351138],[9.362489,46.359657],[9.362909,46.365799],[9.35826,46.369155],[9.357598,46.375045],[9.353839,46.378798],[9.354362,46.381815],[9.349265,46.402025],[9.345008,46.412494],[9.341395,46.415988],[9.341102,46.423058],[9.337229,46.434791],[9.337889,46.437297],[9.335361,46.443506],[9.331981,46.445973],[9.327396,46.453076],[9.32594,46.461655],[9.326795,46.4639],[9.330308,46.463721],[9.337378,46.465706],[9.342836,46.469167],[9.34565,46.477123],[9.33685,46.489231],[9.33065,46.493141],[9.329679,46.508366],[9.332988,46.515218],[9.329736,46.523606],[9.33065,46.52483],[9.326249,46.532123],[9.326103,46.539779],[9.328206,46.543089],[9.322974,46.547937],[9.321247,46.55194],[9.336193,46.555852],[9.342139,46.560304],[9.352542,46.563514],[9.364526,46.564419],[9.390816,46.568771],[9.396463,46.566497],[9.40312,46.566695],[9.416471,46.571015],[9.417655,46.573918],[9.416749,46.578499],[9.421663,46.583441],[9.421117,46.593463],[9.428001,46.59761],[9.426679,46.600372],[9.422627,46.602842],[9.42254,46.605038],[9.425486,46.611375],[9.429807,46.61415],[9.431726,46.620785],[9.439696,46.629003],[9.43923,46.634653],[9.442805,46.639079],[9.441544,46.642064],[9.446047,46.645058],[9.447335,46.650373],[9.450709,46.654513],[9.447179,46.663816],[9.451073,46.669099],[9.450486,46.676121],[9.453862,46.677988],[9.452565,46.681153],[9.441752,46.691293],[9.447235,46.702819],[9.449349,46.712645],[9.444334,46.717654],[9.422268,46.761865],[9.420074,46.772082],[9.411776,46.786459],[9.407588,46.788504],[9.405258,46.792576],[9.405209,46.799061],[9.409707,46.801363],[9.416533,46.812021],[9.410016,46.813678],[9.407392,46.816198],[9.408825,46.820977],[9.4072,46.825195],[9.404091,46.825593],[9.391895,46.822732],[9.380305,46.822787],[9.378157,46.821322],[9.375427,46.823966],[9.3698,46.822795],[9.3641,46.819295],[9.3621,46.816395],[9.359135,46.815615],[9.3536,46.816995],[9.343352,46.810076],[9.341237,46.806972],[9.332463,46.806901],[9.328421,46.803878],[9.3252,46.804495],[9.321614,46.809227],[9.319695,46.80881],[9.321055,46.806266],[9.317158,46.805808],[9.315109,46.80621],[9.3146,46.808295],[9.310213,46.808956],[9.300553,46.805166],[9.299615,46.802985],[9.301199,46.797835],[9.2985,46.794395],[9.2817,46.796895],[9.277595,46.793272],[9.263592,46.787921],[9.259048,46.783333],[9.248772,46.783128],[9.240466,46.785802],[9.2358,46.781395],[9.227079,46.778032],[9.208497,46.776463],[9.185532,46.770378],[9.177997,46.771186],[9.165619,46.775561],[9.156355,46.776131],[9.138289,46.773118],[9.130188,46.774246],[9.11862,46.771041],[9.086735,46.757419],[9.070705,46.755028],[9.063279,46.756929],[9.058841,46.753428],[9.047039,46.751866],[9.031491,46.746712],[9.002069,46.744506],[8.997673,46.740536],[8.974648,46.735722],[8.969162,46.732969],[8.964904,46.728857],[8.960134,46.729153],[8.951693,46.725331],[8.935643,46.723318],[8.925627,46.720143],[8.913105,46.722177],[8.899588,46.720223],[8.896643,46.717282],[8.88613,46.713477],[8.881378,46.712943],[8.877274,46.709158],[8.869635,46.706644],[8.868305,46.704727],[8.864712,46.703547],[8.862533,46.699331],[8.855757,46.697724],[8.852906,46.69391],[8.848699,46.693003],[8.845199,46.694073],[8.841554,46.692695],[8.841808,46.688688],[8.831237,46.679676],[8.825786,46.679734],[8.821526,46.678321],[8.817087,46.679853],[8.811304,46.678497],[8.797568,46.678593],[8.794601,46.677529],[8.790052,46.678594],[8.787837,46.677281],[8.784809,46.678165],[8.778975,46.675617],[8.761671,46.67438],[8.752447,46.671822],[8.750955,46.669993],[8.747502,46.669724],[8.74641,46.667016],[8.741067,46.664315],[8.726578,46.661542],[8.718196,46.655311],[8.712213,46.652647],[8.704008,46.653812],[8.694344,46.6486],[8.686834,46.647943],[8.682298,46.649068],[8.66911,46.661217],[8.655258,46.659454],[8.650604,46.65688],[8.64412,46.656187],[8.637517,46.651374],[8.628696,46.647445],[8.622403,46.641837],[8.618812,46.641415],[8.618485,46.640095],[8.615378,46.639205],[8.607569,46.633438],[8.600999,46.634712],[8.596711,46.633791],[8.586195,46.637811],[8.584783,46.633659],[8.585882,46.630708],[8.578672,46.627262],[8.578923,46.624617],[8.559369,46.616849],[8.555807,46.617002],[8.540148,46.610934],[8.536345,46.611656],[8.530198,46.608473],[8.52212,46.60711],[8.515966,46.603079],[8.507997,46.601281],[8.502774,46.594661],[8.497709,46.591645],[8.494297,46.587469],[8.484522,46.583347],[8.477861,46.583713],[8.464123,46.588623],[8.458656,46.587718],[8.456218,46.588526],[8.45164,46.586035],[8.43588,46.581734],[8.429226,46.575387],[8.418193,46.573288],[8.406305,46.566769],[8.400451,46.570072],[8.395174,46.570958],[8.379286,46.570045],[8.355348,46.559082],[8.361721,46.548882],[8.362224,46.54257],[8.359935,46.538499],[8.358722,46.537323],[8.350637,46.53601],[8.330393,46.515428],[8.321493,46.509317],[8.312261,46.507831],[8.308986,46.504276],[8.283007,46.491904],[8.28044843595834,46.4894788170755],[8.275646,46.484926],[8.269322,46.483204],[8.265269,46.478688],[8.255437,46.476232],[8.250935,46.471674],[8.245632,46.470427],[8.24346,46.463538],[8.237714,46.462123],[8.227041,46.455082],[8.220348,46.454376],[8.216286,46.450373],[8.212528,46.449192],[8.211812,46.447215],[8.209819,46.447117],[8.208447,46.444011],[8.20441,46.443852],[8.204759,46.44169],[8.201064,46.439219],[8.200493,46.437112],[8.194252,46.436231],[8.189571,46.432277],[8.186469,46.432456],[8.181211,46.42953],[8.180016,46.426578],[8.176725,46.425695],[8.173121,46.421923],[8.162924,46.416294],[8.162414,46.414501],[8.154112,46.411016],[8.144648,46.403782],[8.138873,46.401209],[8.134296,46.396474],[8.124429,46.391051],[8.11949,46.384776],[8.112087,46.381993],[8.10116,46.37559],[8.09662,46.375564],[8.094389,46.377942],[8.091829,46.378123],[8.086196,46.37349],[8.07864,46.371412],[8.075966,46.372341],[8.072,46.369223],[8.069417,46.369427],[8.068403,46.367718],[8.054287,46.361705],[8.053278,46.359463],[8.051057,46.359442],[8.045985,46.354119],[8.041637,46.352987],[8.033855,46.346793],[8.027582,46.344459],[8.026284,46.340253],[8.015486,46.334275],[8.010198,46.326292],[7.979396,46.31846],[7.98838,46.315346],[7.996285,46.305431],[8.002073,46.306783],[8.003756,46.302404],[8.006601,46.301491],[8.006514,46.299941],[8.009684,46.299543],[8.016875,46.291635],[8.023531,46.289164],[8.03269,46.271483],[8.037378,46.25796],[8.033343,46.253344],[8.033654,46.251852],[8.03029,46.249327],[8.022835,46.245417],[8.020219,46.245871],[8.009857,46.241342],[8.007577,46.238478],[8.00881680336807,46.2358022459959],[8.010217,46.23278],[8.007925,46.232286],[8.007872,46.231208],[8.013888,46.224804],[8.019259,46.221994],[8.02948,46.2195],[8.036908,46.214715],[8.041801,46.210885],[8.041098,46.209253],[8.043784,46.203955],[8.057363,46.198806],[8.062671,46.192727],[8.069374,46.191314],[8.070898,46.186232],[8.073958,46.183595],[8.084167,46.186241],[8.087154,46.185325],[8.091972,46.185885],[8.104386,46.191784],[8.105456,46.193338],[8.113176,46.194851],[8.117509,46.197262],[8.132384,46.19875],[8.139053,46.195104],[8.155163,46.196634],[8.182881,46.201672],[8.187169,46.204302],[8.196731,46.205477],[8.19829740085102,46.2061280929568],[8.200643,46.207103],[8.21217,46.204364],[8.221423,46.205862],[8.234713,46.205034],[8.240304,46.206402],[8.243307,46.205923],[8.252046,46.201744],[8.260675,46.200164],[8.26909,46.195687],[8.278966,46.184774],[8.283119,46.165047],[8.286775,46.157414],[8.292262,46.15383],[8.295635,46.154015],[8.303081,46.150856],[8.309261,46.145494],[8.309187,46.143607],[8.304855,46.138744],[8.302644,46.130703],[8.302872,46.121561],[8.306486,46.110723],[8.304668,46.104914],[8.305856,46.098512],[8.302576,46.091396],[8.285212,46.084701],[8.284658,46.078654],[8.280752,46.074831],[8.283455,46.070223],[8.282332,46.067209],[8.275143,46.054054],[8.265281,46.044333],[8.2668,46.041027],[8.274411,46.03617],[8.274632,46.034789],[8.281627,46.032371],[8.283505,46.030517],[8.281926,46.021996],[8.283654,46.017257],[8.281875,46.011631],[8.282625,46.00627],[8.286814,46.001955],[8.303949,45.998308],[8.312475,45.992329],[8.326574,45.99174],[8.348254,45.994574],[8.3545,45.991267],[8.37226,45.986325],[8.383413,45.986723],[8.400442,45.99147],[8.408029,45.988932],[8.411602,45.986477],[8.410207,45.981346],[8.41176,45.976202],[8.414259,45.974949],[8.419542,45.976441],[8.429593,45.968555],[8.434945,45.961922],[8.42968,45.941787],[8.434131,45.938577],[8.446224,45.935262],[8.465875,45.935391],[8.468883,45.936217],[8.47163,45.94053],[8.478101,45.941818],[8.489139,45.939082],[8.493946,45.936336],[8.496672,45.938441],[8.505492,45.936808],[8.513458,45.939715],[8.515887,45.938098],[8.540004,45.930784],[8.54897,45.921457],[8.554378,45.92021],[8.556683,45.916983],[8.560797,45.915601],[8.566431,45.926767],[8.574357,45.93141],[8.572809,45.932145],[8.574631,45.933356],[8.573955,45.93475],[8.581127,45.937643],[8.581961,45.93913],[8.589534,45.939916],[8.620693,45.958512],[8.628422,45.971856],[8.640768,45.982678],[8.64431,45.988433],[8.65092,45.99132],[8.659615,46.005426],[8.670055,46.013579],[8.673394,46.018928],[8.676022,46.020648],[8.680028,46.018432],[8.682343,46.018914],[8.686574,46.022811],[8.700088,46.024696],[8.710605,46.030449],[8.711144,46.036052],[8.707389,46.038862],[8.704865,46.047685],[8.70673,46.053665],[8.704256,46.057606],[8.700873,46.059605],[8.700359,46.0681],[8.698854,46.069056],[8.695067,46.067893],[8.698191,46.070205],[8.692998,46.072387],[8.695383,46.076459],[8.693857,46.077443],[8.693221,46.082979],[8.691224,46.085999],[8.690796,46.091749],[8.69419,46.096358],[8.693784,46.098951],[8.697162,46.101294],[8.697779,46.104511],[8.70389,46.111133],[8.706934,46.112043],[8.709779,46.117908],[8.713802,46.12016],[8.713277,46.122602],[8.71506,46.123819],[8.720014,46.134884],[8.728792,46.141776],[8.731534,46.145844],[8.737212,46.148578],[8.75183,46.151198],[8.760206,46.154193],[8.763433,46.15287],[8.766813,46.154726],[8.77052,46.152852],[8.773147,46.149621],[8.779419,46.14713],[8.784791,46.145565],[8.791982,46.145711],[8.792311,46.147863],[8.794453,46.147457],[8.793999,46.148424],[8.796996,46.149582],[8.802847,46.150247],[8.804753,46.152493],[8.804327,46.154043],[8.800728,46.154622],[8.801522,46.155447],[8.803645,46.154591],[8.802681,46.155993],[8.804851,46.158384],[8.802217,46.158537],[8.804787,46.158646],[8.804789,46.163813],[8.801402,46.170745],[8.818847,46.172853],[8.823974,46.175171],[8.826619,46.175165],[8.833583,46.17995],[8.84037,46.178852],[8.841565,46.175478],[8.84676,46.170902],[8.848216,46.171013],[8.847241,46.170385],[8.852517,46.165173],[8.856497,46.166849],[8.859422,46.17088],[8.857733,46.165812],[8.855468,46.165117],[8.857636,46.164595],[8.857246,46.163774],[8.855296,46.162895],[8.853087,46.163609],[8.854982,46.161809],[8.861175,46.163952],[8.853956,46.160095],[8.855976,46.158374],[8.855691,46.157488],[8.854072,46.157794],[8.854886,46.157033],[8.861781,46.156823],[8.861944,46.155825]]]}},{"type":"Feature","properties":{"id":"SZ.11","parentId":"western-alps","level":"section","name":"Prealpi Luganesi","names":{"en":"Lugano Prealps","de":"Lugano-Voralpen","fr":"Préalpes luganoises","it":"Prealpi Luganesi"},"provenance":{"source":"https://www.homoalpinus.com/alpes/subdivisions/soiusa/","creator":"Capleymar","kind":"supplied","names":{"version":"soiusa-area-names-v1","source":"https://www.homoalpinus.com/alpes/subdivisions/soiusa/tab_de/index.html","method":"SOIUSA multilingual nomenclature; display casing, accents and spelling normalized; broad-sense scope retained"}},"sourceFeatures":[{"index":10,"fields":{"Number":"11","Code":"SZ.11","Name":"Prealpi Luganesi","Perimeter":"297.75 km","Enclosed_Area":"1519.2 sq km","Island_Area":"97.472 sq km","Capleymar-Homoalpinus":"https://www.homoalpinus.com/alpes/subdivisions/soiusa/","Created_By":"Capleymar"}}],"geometryRef":"sections.geojson#SZ.11"},"geometry":{"type":"MultiPolygon","coordinates":[[[[9.0793168,45.8132932],[9.078957,45.813137],[9.078426,45.8132013],[9.078725,45.81323],[9.078965,45.813256],[9.0793168,45.8132932]]],[[[9.076493,45.813721],[9.0766655,45.8137958],[9.076877,45.813554],[9.077569,45.813305],[9.078426,45.8132013],[9.078007,45.813161],[9.077572,45.813174],[9.076493,45.813721]]],[[[9.081521,45.814215],[9.08209,45.814483],[9.0829952,45.8151224],[9.082993,45.815118],[9.080516,45.813341],[9.079763,45.813328],[9.079495,45.813312],[9.0793168,45.8132932],[9.079973,45.813578],[9.080882,45.813615],[9.081521,45.814215]]],[[[9.0757642,45.8147549],[9.075873,45.814709],[9.076276,45.814241],[9.076639,45.8138261],[9.076467,45.813752],[9.076024,45.814278],[9.0757642,45.8147549]]],[[[9.080311,45.815406],[9.07868,45.814669],[9.0766655,45.8137958],[9.076639,45.8138261],[9.08017,45.815347],[9.080198,45.815362],[9.080311,45.815406]]],[[[9.075646,45.814972],[9.0757642,45.8147549],[9.07471,45.8152],[9.0742108,45.8152576],[9.074357,45.815255],[9.074587,45.815254],[9.075646,45.814972]]],[[[9.072459,45.815157],[9.073808,45.815304],[9.0742108,45.8152576],[9.074128,45.815259],[9.069834,45.814317],[9.067306,45.816018],[9.067471,45.816237],[9.0674611,45.8163252],[9.067753,45.815745],[9.069604,45.814493],[9.072459,45.815157]]],[[[9.220908,45.821324],[9.216283,45.818969],[9.21039,45.813425],[9.190587,45.804779],[9.178657,45.796998],[9.168721,45.79678],[9.154962,45.798687],[9.140354,45.797491],[9.133967,45.800426],[9.114535,45.80185],[9.099283,45.805981],[9.0908,45.814788],[9.085619,45.817323],[9.082723,45.817352],[9.083197,45.815265],[9.0829952,45.8151224],[9.083026,45.815185],[9.082979,45.815382],[9.082636,45.816198],[9.082128,45.815118],[9.082626,45.817396],[9.076559,45.823361],[9.091008,45.829402],[9.095266,45.834344],[9.099057,45.836222],[9.103043,45.840556],[9.10509966596039,45.8461260889665],[9.105439,45.847045],[9.113575,45.854425],[9.112677,45.858456],[9.119134,45.859392],[9.136052,45.857468],[9.139952,45.857925],[9.14851,45.863106],[9.149545,45.865368],[9.152561,45.865901],[9.155872,45.869649],[9.155089,45.87632],[9.156551,45.880672],[9.152247,45.900332],[9.154055,45.905541],[9.152712,45.908981],[9.154449,45.911309],[9.149588,45.929208],[9.152094,45.935096],[9.16062,45.939124],[9.169151,45.940888],[9.183152,45.946009],[9.201031,45.946723],[9.205919,45.949934],[9.210703,45.950581],[9.22074,45.957988],[9.222286,45.961604],[9.22665,45.962058],[9.234717,45.970421],[9.241447,45.972669],[9.246811,45.977123],[9.251858,45.977504],[9.253933,45.981046],[9.260361,45.985721],[9.260558,45.989235],[9.265548,45.991308],[9.267283,45.986708],[9.26621,45.983867],[9.263572,45.982698],[9.266232,45.974947],[9.269885,45.970452],[9.266264,45.961667],[9.275844,45.95412],[9.27921,45.943998],[9.28228,45.940717],[9.285707,45.925507],[9.293385,45.914929],[9.294673,45.910011],[9.296919,45.908962],[9.301632,45.90264],[9.310754,45.898391],[9.315272,45.891511],[9.324349,45.885176],[9.332019,45.884636],[9.346466,45.879964],[9.356818,45.874813],[9.365572,45.864701],[9.366232,45.85836],[9.366449,45.859099],[9.371736,45.85813],[9.374797,45.856105],[9.375408,45.852703],[9.380426,45.850288],[9.386992,45.84827],[9.387704,45.849642],[9.394605,45.847646],[9.398778,45.843277],[9.401117,45.839084],[9.397964,45.838472],[9.398201,45.836926],[9.394529,45.8353],[9.396917,45.828825],[9.3959167600636,45.8224534697502],[9.395607,45.82048],[9.403639,45.81351],[9.402128,45.808404],[9.404619,45.806993],[9.406762,45.79788],[9.413573,45.789237],[9.414289,45.770866],[9.42299,45.755872],[9.425052,45.74895],[9.422383,45.741875],[9.411766,45.739258],[9.405563,45.738726],[9.396799,45.740714],[9.391813,45.739126],[9.387631,45.741999],[9.383837,45.741598],[9.373621,45.747593],[9.366506,45.745888],[9.362868,45.746719],[9.351832,45.754232],[9.350653,45.758539],[9.354346,45.76897],[9.367896,45.793795],[9.374085,45.801671],[9.378554,45.813211],[9.369694,45.817096],[9.35699634174629,45.8256655422648],[9.355601,45.826607],[9.352214,45.826868],[9.35045229332161,45.8262042836249],[9.346574,45.824743],[9.329579,45.824925],[9.304759,45.816375],[9.287722,45.813961],[9.272144,45.816847],[9.267085,45.819969],[9.26798,45.822677],[9.265986,45.827381],[9.273395,45.83233],[9.2734786039369,45.8325123560374],[9.274527,45.834799],[9.273141,45.835829],[9.26904798169611,45.8328738336021],[9.26366,45.828983],[9.256113,45.82117],[9.24841,45.822555],[9.249088,45.826215],[9.255531,45.832938],[9.25597756708547,45.8339391738652],[9.258365,45.839291],[9.268252,45.845395],[9.272925,45.845994],[9.282397,45.85077],[9.277578,45.855205],[9.271886,45.854692],[9.269001,45.855905],[9.261588,45.849329],[9.245107,45.841337],[9.245021,45.839043],[9.23621,45.83594],[9.2345865901043,45.8356794016213],[9.224502,45.83406],[9.222285,45.828934],[9.223399,45.824991],[9.220908,45.821324]]],[[[8.667695,45.894338],[8.656647,45.896116],[8.627469,45.90409],[8.623953,45.907485],[8.618491,45.90997],[8.616722,45.912737],[8.610749,45.914906],[8.616944,45.922149],[8.631946,45.926818],[8.642523,45.935894],[8.64878,45.939394],[8.65486,45.939578],[8.660634,45.942684],[8.660555,45.950746],[8.662283,45.953943],[8.675088,45.960737],[8.67954,45.961149],[8.682293,45.96428],[8.686887,45.964955],[8.694095,45.968348],[8.705045,45.975203],[8.710151,45.979234],[8.712012,45.983268],[8.711277,45.988932],[8.717931,45.990523],[8.72403,45.997244],[8.733542,45.997442],[8.734629,45.999672],[8.741464,46.002492],[8.74817,46.00947],[8.752203,46.017992],[8.750661,46.020136],[8.750997,46.025254],[8.748559,46.026151],[8.746527,46.033124],[8.741962,46.036524],[8.737371,46.036599],[8.731765,46.039638],[8.732136,46.044422],[8.733948,46.045874],[8.732148,46.046712],[8.731835,46.048786],[8.734039,46.052163],[8.729441,46.061212],[8.731823,46.068492],[8.720502,46.081913],[8.722279,46.085885],[8.735248,46.095162],[8.737634,46.102803],[8.751344,46.103181],[8.758537,46.104761],[8.768967,46.111589],[8.77349,46.116227],[8.78222,46.120974],[8.783319,46.123438],[8.786575,46.123492],[8.790605,46.126545],[8.79797,46.129164],[8.798861,46.131006],[8.80395,46.132945],[8.807551,46.135925],[8.819866,46.139338],[8.835133,46.141078],[8.840937,46.144721],[8.84714,46.145037],[8.853825,46.147118],[8.855836,46.149482],[8.859767,46.148814],[8.865583,46.150057],[8.862364,46.156014],[8.879543,46.15672],[8.898473,46.160346],[8.917604,46.1658],[8.93922826055985,46.169403410963],[8.966293,46.173907],[8.984416,46.175391],[8.994667,46.175347],[8.998057,46.1703],[9.004804,46.168295],[9.009202,46.169434],[9.014941,46.167735],[9.024646,46.168364],[9.027429,46.166102],[9.036027,46.166971],[9.039522,46.165646],[9.038921,46.16468],[9.045552,46.164814],[9.048593,46.163536],[9.050881,46.165204],[9.05618,46.164162],[9.059137,46.165449],[9.062906,46.165234],[9.065679,46.167028],[9.072244,46.166714],[9.07406,46.167886],[9.077235,46.165584],[9.080814,46.166506],[9.084406,46.165359],[9.088989,46.16637],[9.092675,46.165359],[9.097462,46.16644],[9.104238,46.164903],[9.112494,46.16779],[9.128479,46.167953],[9.13507,46.16485],[9.141553,46.163638],[9.158098,46.166916],[9.164778,46.164076],[9.168673,46.158283],[9.173919,46.156881],[9.191285,46.159355],[9.196469,46.161183],[9.209083,46.161475],[9.211405,46.16395],[9.216609,46.164026],[9.220572,46.165972],[9.226791,46.166666],[9.229783,46.164865],[9.23675,46.168639],[9.238822,46.16661],[9.24806,46.163863],[9.251672,46.161016],[9.257373,46.15892],[9.26734,46.16058],[9.277068,46.159157],[9.282827,46.157726],[9.284098,46.155189],[9.287379,46.154695],[9.294494,46.150847],[9.29803,46.143015],[9.304012,46.137256],[9.300201,46.135418],[9.290958,46.134026],[9.290685,46.130472],[9.286226,46.127325],[9.286368,46.123959],[9.279326,46.122026],[9.280774,46.119058],[9.277054,46.114097],[9.278671,46.109932],[9.27762,46.099446],[9.280638,46.093582],[9.280033,46.088823],[9.277774,46.087774],[9.277055,46.081622],[9.279748,46.073781],[9.278199,46.072012],[9.278731,46.070125],[9.272712,46.067984],[9.26971,46.065322],[9.269082,46.06259],[9.260736,46.057437],[9.260738,46.052595],[9.255913,46.049082],[9.251042,46.039826],[9.244339,46.039486],[9.237491,46.034769],[9.237846,46.026801],[9.241762,46.024279],[9.242931,46.02174],[9.237144,46.018725],[9.23731,46.014549],[9.234263,46.005964],[9.23955,45.994631],[9.237683,45.990775],[9.235307,45.988021],[9.222381,45.981447],[9.215883,45.982488],[9.212701,45.9804],[9.207018,45.980466],[9.20014,45.976031],[9.199869,45.974209],[9.197179,45.973656],[9.195928,45.971839],[9.196601,45.970658],[9.201781,45.969355],[9.202434,45.964714],[9.190778,45.967596],[9.185109,45.966498],[9.174873,45.968742],[9.172866,45.966369],[9.169649,45.966023],[9.169159,45.964646],[9.159261,45.958887],[9.145231,45.953672],[9.129092,45.945422],[9.128394,45.931942],[9.131801,45.923371],[9.131596,45.907103],[9.137398,45.899108],[9.145086,45.892425],[9.142192,45.885206],[9.136684,45.877751],[9.124083,45.871061],[9.112189,45.866948],[9.10154,45.859656],[9.097263,45.85925],[9.094572,45.857529],[9.090285,45.852521],[9.08950256096029,45.8473742925048],[9.089297,45.846022],[9.080936,45.846311],[9.078674,45.843482],[9.07875,45.838776],[9.07585,45.835713],[9.076248,45.833552],[9.071976,45.831773],[9.068594,45.82587],[9.066915,45.821166],[9.067427,45.81663],[9.0674611,45.8163252],[9.067258,45.816729],[9.066882,45.817353],[9.060968,45.818578],[9.047767,45.826126],[9.024173,45.835027],[9.012301,45.843242],[8.985931,45.851441],[8.98197958609344,45.8559198816972],[8.980048,45.858109],[8.981265,45.863325],[8.988224,45.868469],[8.989503,45.872376],[8.981543,45.885509],[8.97447,45.891184],[8.97282,45.890806],[8.971457,45.887444],[8.972748,45.877121],[8.967484,45.871139],[8.957413,45.864139],[8.93807393237449,45.859379618887],[8.931119,45.857667],[8.918702,45.856581],[8.903535,45.856939],[8.894692,45.860384],[8.89075101623672,45.8630893256817],[8.89016,45.863495],[8.874303,45.864418],[8.87415451606203,45.8643856039817],[8.865775,45.862557],[8.8539,45.856255],[8.83985284399126,45.8519209019674],[8.839824,45.851912],[8.831062,45.846206],[8.816645,45.842696],[8.787899,45.839535],[8.74,45.840939],[8.729828,45.841755],[8.718454,45.844655],[8.691521,45.8598],[8.675818,45.874934],[8.67333783838221,45.8798753635916],[8.671452,45.883632],[8.669355,45.893346],[8.667695,45.894338]]]]}},{"type":"Feature","properties":{"id":"SZ.12","parentId":"western-alps","level":"section","name":"Berner Alpen i.w.S.","names":{"en":"Bernese Alps, broader sense","de":"Berner Alpen im weiteren Sinne","fr":"Alpes bernoises au sens large","it":"Alpi Bernesi in senso ampio"},"provenance":{"source":"https://www.homoalpinus.com/alpes/subdivisions/soiusa/","creator":"Capleymar","kind":"supplied","names":{"version":"soiusa-area-names-v1","source":"https://www.homoalpinus.com/alpes/subdivisions/soiusa/tab_de/index.html","method":"SOIUSA multilingual nomenclature; display casing, accents and spelling normalized; broad-sense scope retained"}},"sourceFeatures":[{"index":11,"fields":{"Number":"12","Code":"SZ.12","Name":"Berner Alpen i.w.S.","Perimeter":"389.68 km","Enclosed_Area":"3040.7 sq km","Island_Area":"","Capleymar-Homoalpinus":"https://www.homoalpinus.com/alpes/subdivisions/soiusa/","Created_By":"Capleymar"}}],"geometryRef":"sections.geojson#SZ.12"},"geometry":{"type":"Polygon","coordinates":[[[8.28044843595834,46.4894788170755],[8.283007,46.491904],[8.308986,46.504276],[8.312261,46.507831],[8.320999,46.50907],[8.328073,46.51367],[8.3357355674727,46.5215452726728],[8.347284,46.533409],[8.350927,46.536191],[8.358722,46.537323],[8.359935,46.538499],[8.362224,46.54257],[8.361721,46.548882],[8.355348,46.559082],[8.379286,46.570045],[8.395174,46.570958],[8.400451,46.570072],[8.406305,46.566769],[8.418193,46.573288],[8.429226,46.575387],[8.43588,46.581734],[8.45164,46.586035],[8.456218,46.588526],[8.458656,46.587718],[8.464123,46.588623],[8.477861,46.583713],[8.484522,46.583347],[8.494297,46.587469],[8.497709,46.591645],[8.502774,46.594661],[8.507997,46.601281],[8.515966,46.603079],[8.52212,46.60711],[8.530198,46.608473],[8.536345,46.611656],[8.540148,46.610934],[8.555807,46.617002],[8.562273,46.617833],[8.567164,46.620721],[8.578923,46.624617],[8.578672,46.627262],[8.585882,46.630708],[8.58542,46.635752],[8.586816,46.63916],[8.591374,46.643003],[8.58979,46.645849],[8.591614,46.648079],[8.588268,46.650267],[8.586335,46.650134],[8.583327,46.655857],[8.590058,46.666068],[8.595486,46.669681],[8.594017,46.671997],[8.594711,46.681075],[8.592792,46.683954],[8.593615,46.693136],[8.59694,46.697187],[8.599239,46.697964],[8.598334,46.700096],[8.60375,46.70526],[8.604944,46.709565],[8.615655,46.7194],[8.620934,46.727461],[8.639535,46.740458],[8.639037,46.741469],[8.643717,46.745854],[8.642422,46.747744],[8.647957,46.757828],[8.650522,46.759275],[8.655605,46.759754],[8.660179,46.762942],[8.660838,46.764977],[8.668292,46.767054],[8.670071,46.768845],[8.669493,46.771949],[8.666077,46.776],[8.668356,46.782697],[8.665862,46.788604],[8.664464,46.79971],[8.66107,46.804245],[8.66215041694859,46.8083454504804],[8.662203,46.808545],[8.654075,46.815418],[8.646097,46.817602],[8.645265,46.823483],[8.638849,46.828075],[8.635828,46.833566],[8.635984,46.840978],[8.631001,46.847349],[8.635002,46.861284],[8.613708,46.896521],[8.610102,46.897402],[8.602388,46.888647],[8.598628,46.889864],[8.594164,46.895031],[8.595109,46.89782],[8.591896,46.905469],[8.591886,46.912897],[8.596916,46.918776],[8.592784,46.918485],[8.576627,46.912206],[8.563585,46.909997],[8.549021,46.912763],[8.529947,46.90917],[8.521418,46.900939],[8.518509,46.893323],[8.517791,46.884954],[8.515292,46.88226],[8.514958,46.880576],[8.516975,46.878661],[8.509567,46.872356],[8.510307,46.867043],[8.502807,46.860909],[8.503297,46.855874],[8.500203,46.852343],[8.495483,46.85016],[8.479738,46.84659],[8.468912,46.84102],[8.461468,46.841056],[8.453689,46.837826],[8.437453,46.837846],[8.434808,46.833585],[8.427776,46.829222],[8.42504089247986,46.826120015652],[8.420953,46.821483],[8.411578,46.816167],[8.401912,46.817838],[8.3947,46.816414],[8.390634,46.817209],[8.382884,46.821759],[8.382322,46.824402],[8.378992,46.824946],[8.37892583740319,46.8252172749089],[8.378532,46.826832],[8.376829,46.827072],[8.377235,46.821989],[8.368769,46.807604],[8.36842,46.799173],[8.37062857344508,46.7970932549037],[8.371112,46.796638],[8.373192,46.797291],[8.377288,46.795912],[8.383894,46.792298],[8.386643,46.778071],[8.38086,46.777558],[8.367986,46.773946],[8.36395087820945,46.7744370421653],[8.355549,46.775459],[8.345135,46.771678],[8.334807,46.773679],[8.329382,46.771943],[8.318484,46.762196],[8.319025,46.759829],[8.315437,46.755955],[8.307927,46.752674],[8.291612,46.741661],[8.289626,46.741954],[8.283748,46.738306],[8.276941,46.732475],[8.274934,46.728682],[8.267821,46.724563],[8.266902,46.719415],[8.264306,46.717465],[8.264993,46.713942],[8.25568,46.710761],[8.248204,46.710585],[8.244335,46.708133],[8.235196,46.710745],[8.233344,46.709699],[8.232576,46.710526],[8.225076,46.707821],[8.217004,46.712137],[8.211642,46.719718],[8.180664,46.723242],[8.185214,46.717122],[8.185078,46.714938],[8.179057,46.711635],[8.175034,46.704347],[8.175044,46.700877],[8.171314,46.698187],[8.167903,46.692925],[8.1627,46.689966],[8.160597,46.685762],[8.155299,46.680681],[8.152771,46.679478],[8.147175,46.681214],[8.141304,46.677646],[8.137062,46.677308],[8.136454,46.675504],[8.127699,46.670853],[8.126508,46.667515],[8.121649,46.66495],[8.109107,46.662122],[8.107176,46.65837],[8.104274,46.656403],[8.102071,46.655834],[8.089793,46.658131],[8.084563,46.656738],[8.078584,46.653267],[8.073849,46.649065],[8.071201,46.643613],[8.072263,46.641689],[8.069409,46.632865],[8.064053,46.625511],[8.052931,46.62583],[8.046078,46.620899],[8.03681,46.618736],[8.027597,46.619891],[8.017527,46.624711],[8.014584,46.616199],[8.007624,46.613707],[8.002469,46.609793],[7.999582,46.605292],[7.985436,46.598754],[7.982817,46.595909],[7.974361,46.591918],[7.972278,46.589401],[7.961592,46.586175],[7.953998,46.574629],[7.945705,46.572055],[7.944411,46.568598],[7.941296,46.567018],[7.932019,46.564527],[7.926872,46.565976],[7.920489,46.566071],[7.912376,46.570373],[7.911517,46.5722],[7.913667,46.576628],[7.912637,46.577234],[7.905853,46.563001],[7.901449,46.558244],[7.899516,46.544409],[7.896824,46.541339],[7.877305,46.54097],[7.855103,46.53414],[7.852033,46.534145],[7.843567,46.541601],[7.830823,46.544806],[7.828803,46.54168],[7.812975,46.531726],[7.808438,46.532259],[7.798504,46.536844],[7.790877,46.53806],[7.78862,46.539849],[7.780819,46.538629],[7.773897,46.540833],[7.770475,46.53604],[7.768478,46.524925],[7.765705,46.52175],[7.765484,46.513962],[7.760593,46.510059],[7.749654,46.505603],[7.74703,46.505812],[7.744195,46.507987],[7.733754,46.509205],[7.727637,46.502421],[7.717254,46.501468],[7.717262,46.498511],[7.703609,46.492921],[7.67446,46.496329],[7.672731,46.497316],[7.673899,46.494603],[7.66646,46.489378],[7.663188,46.489193],[7.665274,46.485795],[7.663786,46.48501],[7.665069,46.482701],[7.664098,46.477647],[7.662007,46.477461],[7.660072,46.474836],[7.654166,46.472976],[7.646377,46.473878],[7.642402,46.471775],[7.640482,46.477583],[7.632816,46.481256],[7.615295,46.484434],[7.607734,46.487043],[7.598611,46.488282],[7.587927,46.485462],[7.579753,46.491792],[7.576178,46.497906],[7.57231,46.496927],[7.568026,46.490544],[7.562423,46.487973],[7.552923,46.486546],[7.550399,46.48469],[7.543741,46.483411],[7.534286,46.469612],[7.535128,46.460943],[7.534005,46.457267],[7.531172,46.454932],[7.531786,46.452096],[7.526234,46.449745],[7.518234,46.441234],[7.51339,46.440356],[7.501616,46.428698],[7.500158,46.423871],[7.494734,46.421148],[7.489297,46.42101],[7.489748,46.422015],[7.486186,46.42465],[7.472638,46.426214],[7.468187,46.428342],[7.461986,46.432569],[7.455935,46.438446],[7.455048,46.441064],[7.443963,46.435311],[7.44294,46.431739],[7.440309,46.430117],[7.437941,46.42283],[7.435281,46.423231],[7.429275,46.419187],[7.420498,46.417482],[7.402841,46.404853],[7.400573,46.40114],[7.384504,46.398362],[7.375964,46.393092],[7.363758,46.392523],[7.361322,46.390534],[7.357202,46.39106],[7.356065,46.388255],[7.352632,46.387241],[7.342673,46.390455],[7.341097,46.393625],[7.33293,46.392876],[7.328891,46.394007],[7.323359,46.391108],[7.305679,46.386924],[7.301789,46.384082],[7.287986,46.379935],[7.27442,46.381179],[7.275281,46.384441],[7.271908,46.387241],[7.264077,46.384565],[7.260944,46.379299],[7.252525,46.375914],[7.249413,46.372561],[7.24234,46.368636],[7.23863,46.364126],[7.230471,46.36214],[7.226261,46.358949],[7.204847,46.353395],[7.198787,46.349303],[7.189998,46.348219],[7.18462,46.346082],[7.170402,46.347083],[7.162647,46.345784],[7.162054,46.33997],[7.152443,46.335741],[7.143202,46.327524],[7.125557,46.327445],[7.120675,46.326089],[7.121345,46.323798],[7.118171,46.314832],[7.111169,46.309943],[7.094798,46.306029],[7.088881,46.300925],[7.087227,46.301135],[7.082033,46.297765],[7.077661,46.292915],[7.072904,46.290978],[7.071148,46.28631],[7.067053,46.284385],[7.059442,46.282784],[7.053476,46.284129],[7.051752,46.285865],[7.043152,46.286629],[7.033337,46.281164],[7.028766,46.281106],[7.023275,46.275568],[7.015062,46.271406],[7.006906,46.268935],[6.989627,46.267888],[6.980175,46.265544],[6.972994,46.261782],[6.98712,46.252512],[6.989919,46.243715],[6.995889,46.236645],[7.002585,46.232265],[7.002625,46.225072],[7.007709,46.221173],[7.011414,46.206305],[7.020997,46.201248],[7.033761,46.186501],[7.034469,46.183542],[7.028953,46.179217],[7.027444,46.175513],[7.033142,46.161179],[7.03265,46.152548],[7.033992,46.149081],[7.047961,46.141057],[7.06416,46.127415],[7.069091,46.120511],[7.08128,46.122311],[7.09751,46.126562],[7.129196,46.137278],[7.14291,46.144956],[7.165974,46.155364],[7.194845,46.161642],[7.199105,46.166392],[7.201557,46.174627],[7.206325,46.177245],[7.224214,46.178479],[7.230373,46.176939],[7.234874,46.180782],[7.251673,46.184143],[7.263967,46.191599],[7.281455,46.198795],[7.299273,46.202841],[7.31111,46.209491],[7.330454,46.210108],[7.359134,46.219921],[7.369533,46.228193],[7.371896,46.235566],[7.379017,46.242245],[7.383222,46.24432],[7.403089,46.244586],[7.413778,46.240328],[7.419193,46.240326],[7.459307,46.264893],[7.493248,46.2742],[7.550834,46.284729],[7.554639,46.287823],[7.554522,46.295351],[7.566103,46.2977],[7.572816,46.302747],[7.583938,46.304202],[7.592022,46.306748],[7.597697,46.309255],[7.601489,46.312991],[7.613931,46.315163],[7.624842,46.315073],[7.63375,46.311806],[7.645625,46.312536],[7.649903,46.310297],[7.670951,46.305998],[7.679149,46.30622],[7.696327,46.309907],[7.703983,46.310206],[7.740562,46.30618],[7.758452,46.309103],[7.78253,46.306126],[7.828288,46.308566],[7.847686,46.306428],[7.859463,46.302832],[7.882552,46.301694],[7.898552,46.296031],[7.930449,46.298983],[7.941347,46.304849],[7.983505,46.320181],[8.009572,46.325959],[8.012433,46.328351],[8.015486,46.334275],[8.026284,46.340253],[8.027582,46.344459],[8.033855,46.346793],[8.041637,46.352987],[8.045403,46.353701],[8.051057,46.359442],[8.053278,46.359463],[8.054287,46.361705],[8.068403,46.367718],[8.069417,46.369427],[8.072,46.369223],[8.075526,46.372179],[8.07864,46.371412],[8.086196,46.37349],[8.091829,46.378123],[8.094389,46.377942],[8.09662,46.375564],[8.10116,46.37559],[8.112087,46.381993],[8.11949,46.384776],[8.124429,46.391051],[8.134296,46.396474],[8.138873,46.401209],[8.144648,46.403782],[8.154112,46.411016],[8.162414,46.414501],[8.162924,46.416294],[8.173121,46.421923],[8.176725,46.425695],[8.180016,46.426578],[8.181211,46.42953],[8.186469,46.432456],[8.189571,46.432277],[8.194252,46.436231],[8.200493,46.437112],[8.201064,46.439219],[8.204759,46.44169],[8.20441,46.443852],[8.208447,46.444011],[8.209819,46.447117],[8.211812,46.447215],[8.212528,46.449192],[8.216286,46.450373],[8.220348,46.454376],[8.227041,46.455082],[8.237714,46.462123],[8.24346,46.463538],[8.245632,46.470427],[8.250935,46.471674],[8.255437,46.476232],[8.265269,46.478688],[8.269322,46.483204],[8.275646,46.484926],[8.28044843595834,46.4894788170755]]]}},{"type":"Feature","properties":{"id":"SZ.13","parentId":"western-alps","level":"section","name":"Glarner Alpen i.w.S.","names":{"en":"Glarus Alps, broader sense","de":"Glarner Alpen im weiteren Sinne","fr":"Alpes glaronnaises au sens large","it":"Alpi Glaronesi in senso ampio"},"provenance":{"source":"https://www.homoalpinus.com/alpes/subdivisions/soiusa/","creator":"Capleymar","kind":"supplied","names":{"version":"soiusa-area-names-v1","source":"https://www.homoalpinus.com/alpes/subdivisions/soiusa/tab_de/index.html","method":"SOIUSA multilingual nomenclature; display casing, accents and spelling normalized; broad-sense scope retained"}},"sourceFeatures":[{"index":12,"fields":{"Number":"13","Code":"SZ.13","Name":"Glarner Alpen i.w.S.","Perimeter":"242 km","Enclosed_Area":"2083.4 sq km","Island_Area":"","Capleymar-Homoalpinus":"https://www.homoalpinus.com/alpes/subdivisions/soiusa/","Created_By":"Capleymar"}}],"geometryRef":"sections.geojson#SZ.13"},"geometry":{"type":"Polygon","coordinates":[[[9.138289,46.773118],[9.156355,46.776131],[9.165619,46.775561],[9.177997,46.771186],[9.185532,46.770378],[9.208497,46.776463],[9.227079,46.778032],[9.2358,46.781395],[9.240466,46.785802],[9.248772,46.783128],[9.259048,46.783333],[9.263592,46.787921],[9.277595,46.793272],[9.2817,46.796895],[9.2985,46.794395],[9.301199,46.797835],[9.299615,46.802985],[9.300553,46.805166],[9.310213,46.808956],[9.3146,46.808295],[9.315109,46.80621],[9.317158,46.805808],[9.321055,46.806266],[9.319695,46.80881],[9.321614,46.809227],[9.3252,46.804495],[9.329612,46.804117],[9.332463,46.806901],[9.341237,46.806972],[9.343352,46.810076],[9.3536,46.816995],[9.359135,46.815615],[9.3621,46.816395],[9.3641,46.819295],[9.3698,46.822795],[9.375427,46.823966],[9.378157,46.821322],[9.380305,46.822787],[9.391895,46.822732],[9.404091,46.825593],[9.4072,46.825195],[9.407804,46.823492],[9.413132,46.825322],[9.416574,46.830077],[9.432626,46.833817],[9.439069,46.838785],[9.459208,46.838296],[9.471396,46.842428],[9.486879,46.845826],[9.502547,46.860583],[9.52918,46.87233],[9.53357,46.884168],[9.539531,46.892972],[9.540476,46.900785],[9.544737,46.907158],[9.554502,46.914522],[9.558121,46.927472],[9.55803,46.932154],[9.548417,46.938246],[9.542605,46.947475],[9.547596,46.960038],[9.546113,46.963813],[9.549777,46.971674],[9.512386,47.006991],[9.505472,47.019641],[9.478252,47.047677],[9.47367799466493,47.0568504708998],[9.473186,47.057837],[9.472371,47.064702],[9.468684,47.062265],[9.46657730212239,47.0574411661881],[9.462536,47.048185],[9.459306,47.044409],[9.451536,47.041286],[9.442417,47.041048],[9.403793,47.055534],[9.38758255747423,47.0639821368084],[9.379334,47.068279],[9.355517,47.086974],[9.351238,47.093016],[9.340635,47.101044],[9.299262,47.119752],[9.299731,47.117508],[9.297572,47.115513],[9.289643,47.115621],[9.287125,47.113907],[9.280944,47.113054],[9.277447,47.113057],[9.273583,47.114753],[9.2713,47.114283],[9.266258,47.11607],[9.260668,47.115234],[9.259803,47.116304],[9.256326,47.116551],[9.250488,47.113326],[9.250458,47.11407],[9.245252,47.112499],[9.24144615118913,47.1123239586468],[9.225323,47.111581],[9.2208,47.112366],[9.215681,47.115517],[9.21148,47.113168],[9.206686,47.11295],[9.188124,47.116343],[9.184161,47.115282],[9.183271,47.116344],[9.175966,47.117021],[9.17392,47.118465],[9.169604,47.118188],[9.155772,47.122302],[9.143853,47.123311],[9.133652,47.126353],[9.12142,47.125754],[9.121047,47.12705],[9.103893,47.121381],[9.081598,47.117499],[9.079072,47.115645],[9.072582,47.10506],[9.07176,47.097659],[9.069627,47.093745],[9.06648286358384,47.0899948333124],[9.061012,47.083468],[9.060321,47.062654],[9.049583,47.056933],[9.050529,47.053328],[9.048845,47.048527],[9.035207,47.046262],[9.029502,47.049041],[9.022409,47.043695],[9.009766,47.038253],[9.005298,47.032164],[9.001903,47.031548],[8.995362,47.026907],[8.98996,47.02722],[8.985044,47.022826],[8.977636,47.022537],[8.973679,47.020859],[8.968132,47.021468],[8.966115,47.020864],[8.965438,47.018987],[8.955881,47.019387],[8.95304,47.021004],[8.950826,47.020566],[8.949551,47.022116],[8.939382,47.023204],[8.931941,47.020805],[8.927536,47.021118],[8.918893,47.024928],[8.916893,47.024761],[8.912953,47.022479],[8.896667,47.018728],[8.882884,47.012675],[8.876362,47.01132],[8.873123,47.008669],[8.870496,47.00022],[8.863483,46.992684],[8.855279,46.989115],[8.842543,46.987464],[8.837983,46.987936],[8.836943,46.989542],[8.816986,46.988336],[8.812205,46.98904],[8.802579,46.986346],[8.78052,46.976],[8.77921,46.973234],[8.803829,46.966849],[8.810043,46.962738],[8.813444,46.962023],[8.818871,46.957791],[8.823723,46.956618],[8.827652,46.94721],[8.832341,46.944903],[8.833829,46.940398],[8.835856,46.939173],[8.837447,46.931922],[8.84026,46.927862],[8.840165,46.922596],[8.849353,46.91135],[8.848809,46.895884],[8.842816,46.894006],[8.836532,46.886268],[8.830023,46.883224],[8.831095,46.882041],[8.829981,46.873035],[8.826593,46.871915],[8.825912,46.868488],[8.811844,46.866126],[8.808038,46.864503],[8.787585,46.86351],[8.783167,46.864445],[8.777342,46.862831],[8.768737,46.863517],[8.761285,46.862523],[8.759091,46.863848],[8.75407,46.864195],[8.741841,46.869385],[8.732923,46.869615],[8.72455,46.87147],[8.705948,46.878197],[8.695239,46.878876],[8.682474,46.876428],[8.678028,46.878788],[8.672197,46.879196],[8.661911,46.876764],[8.6524,46.870984],[8.637484,46.864433],[8.632711,46.86351],[8.635035,46.860276],[8.631001,46.847349],[8.636349,46.839944],[8.635828,46.833566],[8.639141,46.827711],[8.645724,46.822783],[8.646097,46.817602],[8.654075,46.815418],[8.662203,46.808545],[8.66107,46.804245],[8.664464,46.79971],[8.665862,46.788604],[8.668356,46.782697],[8.666077,46.776],[8.669493,46.771949],[8.670071,46.768845],[8.668292,46.767054],[8.660838,46.764977],[8.660179,46.762942],[8.655605,46.759754],[8.650522,46.759275],[8.647957,46.757828],[8.642422,46.747744],[8.643717,46.745854],[8.639037,46.741469],[8.639535,46.740458],[8.620934,46.727461],[8.615655,46.7194],[8.604944,46.709565],[8.60375,46.70526],[8.598334,46.700096],[8.599239,46.697964],[8.59694,46.697187],[8.593615,46.693136],[8.592792,46.683954],[8.594711,46.681075],[8.594017,46.671997],[8.595486,46.669681],[8.590058,46.666068],[8.583359,46.656107],[8.586335,46.650134],[8.588268,46.650267],[8.591614,46.648079],[8.58979,46.645849],[8.591374,46.643003],[8.586191,46.637805],[8.596711,46.633791],[8.600999,46.634712],[8.607569,46.633438],[8.615378,46.639205],[8.618485,46.640095],[8.618812,46.641415],[8.622403,46.641837],[8.628696,46.647445],[8.637517,46.651374],[8.64412,46.656187],[8.650604,46.65688],[8.655258,46.659454],[8.661882,46.660933],[8.66911,46.661217],[8.684022,46.648305],[8.692472,46.648245],[8.704008,46.653812],[8.712213,46.652647],[8.718196,46.655311],[8.726578,46.661542],[8.741067,46.664315],[8.74641,46.667016],[8.747502,46.669724],[8.750955,46.669993],[8.752447,46.671822],[8.761671,46.67438],[8.778975,46.675617],[8.784809,46.678165],[8.787837,46.677281],[8.790052,46.678594],[8.794601,46.677529],[8.797568,46.678593],[8.811304,46.678497],[8.817087,46.679853],[8.821526,46.678321],[8.825786,46.679734],[8.831237,46.679676],[8.841808,46.688688],[8.841554,46.692695],[8.845199,46.694073],[8.848699,46.693003],[8.852906,46.69391],[8.855757,46.697724],[8.862533,46.699331],[8.864712,46.703547],[8.868305,46.704727],[8.869635,46.706644],[8.877274,46.709158],[8.881378,46.712943],[8.88613,46.713477],[8.896643,46.717282],[8.899588,46.720223],[8.913105,46.722177],[8.925627,46.720143],[8.935643,46.723318],[8.951693,46.725331],[8.960134,46.729153],[8.964904,46.728857],[8.969162,46.732969],[8.974648,46.735722],[8.997673,46.740536],[9.002069,46.744506],[9.031491,46.746712],[9.047039,46.751866],[9.058841,46.753428],[9.063279,46.756929],[9.070705,46.755028],[9.086735,46.757419],[9.11862,46.771041],[9.130188,46.774246],[9.13177209653312,46.7740254757957],[9.138289,46.773118]]]}},{"type":"Feature","properties":{"id":"SZ.14","parentId":"western-alps","level":"section","name":"Préalpes Suisses - Schweizerische Voralpen","names":{"en":"Swiss Prealps","de":"Schweizerische Voralpen","fr":"Préalpes suisses","it":"Prealpi Svizzere"},"provenance":{"source":"https://www.homoalpinus.com/alpes/subdivisions/soiusa/","creator":"Capleymar","kind":"supplied","names":{"version":"soiusa-area-names-v1","source":"https://www.homoalpinus.com/alpes/subdivisions/soiusa/tab_de/index.html","method":"SOIUSA multilingual nomenclature; display casing, accents and spelling normalized; broad-sense scope retained"}},"sourceFeatures":[{"index":13,"fields":{"Number":"14","Code":"SZ.14","Name":"Préalpes Suisses - Schweizerische Voralpen","Perimeter":"827.33 km","Enclosed_Area":"5940.6 sq km","Island_Area":"123.76 sq km","Capleymar-Homoalpinus":"https://www.homoalpinus.com/alpes/subdivisions/soiusa/","Created_By":"Capleymar"}}],"geometryRef":"sections.geojson#SZ.14"},"geometry":{"type":"MultiPolygon","coordinates":[[[[6.946217,46.591171],[6.963289,46.603943],[6.968841,46.606956],[6.982573,46.611002],[6.990664,46.612072],[7.005063,46.611848],[7.019644,46.610149],[7.04166,46.612294],[7.048699,46.609182],[7.056216,46.595955],[7.058396,46.59463],[7.078048,46.594805],[7.087743,46.596837],[7.094372,46.600309],[7.097927,46.608278],[7.104871,46.614512],[7.105653,46.617655],[7.104893,46.631282],[7.101943,46.635663],[7.100595,46.643631],[7.098056,46.645699],[7.098536,46.650492],[7.096174,46.655722],[7.098896,46.65885],[7.096612,46.660697],[7.1034,46.663363],[7.098943,46.671616],[7.104403,46.676999],[7.106372,46.676129],[7.106264,46.674691],[7.107005,46.677029],[7.110445,46.679326],[7.107524,46.684029],[7.110063,46.683664],[7.111616,46.681748],[7.111353,46.683249],[7.114786,46.683102],[7.118099,46.684505],[7.125958,46.694921],[7.14245,46.699416],[7.149551,46.704089],[7.156625,46.714756],[7.161879,46.730359],[7.176278,46.741636],[7.194009,46.744162],[7.198357,46.746902],[7.206587,46.742541],[7.209965,46.737286],[7.222015,46.738663],[7.234815,46.738114],[7.245676,46.736989],[7.24777,46.734926],[7.271949,46.739008],[7.280446,46.742523],[7.290483,46.744819],[7.294384,46.749585],[7.304946,46.756372],[7.314064,46.754039],[7.321472,46.755687],[7.329358,46.755602],[7.350195,46.762773],[7.359128,46.76916],[7.363141,46.769678],[7.37681,46.776661],[7.382346,46.778164],[7.385065,46.784635],[7.404026,46.795698],[7.408289,46.790868],[7.416785,46.786428],[7.427309,46.785356],[7.432991,46.782266],[7.441725,46.782791],[7.453664,46.781528],[7.462085,46.785542],[7.46705,46.785849],[7.474297,46.784254],[7.475243,46.780252],[7.484456,46.774173],[7.508321,46.772161],[7.516289,46.76248],[7.51648,46.759057],[7.520632,46.753707],[7.522124,46.74843],[7.520421,46.742348],[7.5261,46.736502],[7.54706,46.72226],[7.563227,46.715924],[7.57904,46.711944],[7.58526,46.709103],[7.588414,46.705724],[7.593208,46.704035],[7.602068,46.702689],[7.611384,46.704425],[7.629656,46.705211],[7.633107,46.706445],[7.63101,46.709301],[7.637339,46.716298],[7.644279,46.717536],[7.644084,46.71546],[7.641913,46.715044],[7.64408,46.71514],[7.643885,46.711043],[7.65937,46.703421],[7.663404,46.697265],[7.671695,46.694601],[7.686925,46.692819],[7.688972,46.691807],[7.688397,46.689976],[7.689918,46.688355],[7.685967,46.687644],[7.697443,46.685587],[7.703612,46.682689],[7.704918,46.680459],[7.703005,46.675348],[7.703872,46.673504],[7.717345,46.668542],[7.724082,46.667822],[7.728507,46.664437],[7.740613,46.662913],[7.752313,46.656486],[7.760483,46.654356],[7.766793,46.656102],[7.773161,46.65562],[7.780389,46.658242],[7.78817,46.65818],[7.790296,46.659926],[7.804095,46.664536],[7.807423,46.66425],[7.815838,46.659731],[7.82384,46.661679],[7.827534,46.664283],[7.826784,46.665922],[7.831015,46.668391],[7.827519,46.667512],[7.829896,46.669211],[7.82861,46.671076],[7.832122,46.672095],[7.827994,46.671151],[7.822406,46.673144],[7.818828,46.675296],[7.81672,46.678619],[7.815115,46.678687],[7.816517,46.679088],[7.81303,46.678557],[7.81428,46.68059],[7.811484,46.68227],[7.806201,46.682573],[7.800365,46.684911],[7.795524,46.683911],[7.792002,46.685773],[7.776615,46.681725],[7.763546,46.682008],[7.757985,46.680434],[7.75259,46.680729],[7.746457,46.683897],[7.746932,46.685863],[7.742997,46.690605],[7.742938,46.693953],[7.738198,46.694834],[7.735697,46.700241],[7.724703,46.707485],[7.704335,46.712502],[7.701771,46.711616],[7.696872,46.714376],[7.688606,46.716368],[7.682181,46.72414],[7.676743,46.727488],[7.670827,46.727382],[7.667625,46.730818],[7.663278,46.731411],[7.654297,46.736828],[7.655946,46.736843],[7.653851,46.737272],[7.650957,46.741701],[7.64553,46.74198],[7.640858,46.744808],[7.636434,46.749094],[7.635771,46.754463],[7.629301,46.759185],[7.628954,46.761598],[7.636535,46.776995],[7.650304,46.782977],[7.65672,46.783464],[7.667602,46.786563],[7.672582,46.786278],[7.673414,46.788039],[7.684521,46.789481],[7.694144,46.787551],[7.698922,46.789485],[7.704339,46.78995],[7.716488,46.787199],[7.721318,46.784249],[7.725112,46.783817],[7.734256,46.779788],[7.756142,46.784155],[7.757566,46.78589],[7.763423,46.786696],[7.771906,46.786458],[7.777876,46.784034],[7.790791,46.786736],[7.806762,46.788019],[7.816118,46.785753],[7.824634,46.785344],[7.836781,46.788598],[7.852064,46.805386],[7.862475,46.810293],[7.864589,46.817288],[7.858942,46.821955],[7.870923,46.826202],[7.879872,46.838967],[7.888963,46.844576],[7.897369,46.851969],[7.899056,46.859898],[7.903845,46.869315],[7.914245,46.883581],[7.910341,46.889304],[7.909268,46.894757],[7.926021,46.9024],[7.930267,46.905544],[7.938434,46.919478],[7.959917,46.927385],[7.973939,46.929281],[7.991024,46.93469],[7.997323,46.935272],[8.005852,46.940021],[8.007646,46.947606],[8.017204,46.95397],[8.019336,46.961828],[8.031292,46.969432],[8.03837,46.970854],[8.037717,46.972219],[8.041632,46.978073],[8.047131,46.982318],[8.046288,46.984084],[8.050947,46.985839],[8.059733,46.995204],[8.063208,46.996579],[8.064013,46.999689],[8.061822,47.000856],[8.059379,47.000012],[8.058758,47.004238],[8.067968,47.020339],[8.066882,47.030241],[8.068984,47.042194],[8.066066,47.049859],[8.070321,47.057946],[8.093444,47.053505],[8.099249,47.055765],[8.102411,47.054857],[8.103202,47.056494],[8.108203,47.049656],[8.113173,47.051287],[8.119045,47.045222],[8.129324,47.044546],[8.142457,47.04066],[8.161714,47.03732],[8.176934,47.042954],[8.200342,47.042674],[8.225177,47.045374],[8.24009,47.040707],[8.242712,47.034881],[8.251612,47.033324],[8.263242,47.034196],[8.271415,47.030759],[8.285997,47.027753],[8.291513,47.024671],[8.296002,47.018567],[8.302218,47.015204],[8.30661,47.008733],[8.306005,47.005435],[8.311652,47.001168],[8.316991,46.989784],[8.312737,46.986476],[8.312395,46.979403],[8.322311,46.978946],[8.328392,46.980193],[8.331379,46.978442],[8.329846,46.973666],[8.31681,46.96976],[8.311807,46.968751],[8.307978,46.969609],[8.295589,46.966562],[8.293784,46.965539],[8.294104,46.963565],[8.280877,46.957663],[8.278796,46.955674],[8.280042,46.954081],[8.283772,46.95418],[8.284535,46.955149],[8.284833,46.953708],[8.286317,46.953702],[8.288526,46.956455],[8.287887,46.953144],[8.290213,46.953268],[8.289198,46.95561],[8.291148,46.956093],[8.290408,46.953142],[8.295772,46.954508],[8.296596,46.953579],[8.295481,46.95425],[8.292683,46.952904],[8.296917,46.951216],[8.297917,46.953212],[8.30082,46.953137],[8.320627,46.962392],[8.324328,46.963008],[8.335624,46.969349],[8.337209,46.973608],[8.332595,46.976704],[8.332971,46.979331],[8.336478,46.97971],[8.334754,46.979954],[8.336529,46.980906],[8.346483,46.982247],[8.348843,46.985162],[8.351965,46.985855],[8.351646,46.98951],[8.355382,46.993264],[8.362603,46.996282],[8.368278,47.003563],[8.377784,47.00288],[8.392339,47.004131],[8.406258,47.003743],[8.419075,47.001868],[8.431229,47.002532],[8.43143404085823,47.0025024871214],[8.442584,47.000897],[8.447535,47.002103],[8.459783,47.000335],[8.463456,46.99749],[8.459141,46.995294],[8.439511,46.993629],[8.42767571810228,46.9898528663572],[8.41834,46.986873],[8.418265,46.981444],[8.422552,46.978862],[8.42440640163007,46.9788441525384],[8.425771,46.978831],[8.424367,46.977559],[8.426744,46.975365],[8.440834,46.974757],[8.447106,46.97226],[8.453488,46.971316],[8.466131,46.972126],[8.472895,46.968991],[8.479207,46.964008],[8.495286,46.962056],[8.513508,46.964095],[8.523516,46.968192],[8.549768,46.973343],[8.573061,46.983858],[8.588152,46.987983],[8.592645,46.98708],[8.595127,46.985849],[8.596282,46.982783],[8.591274,46.975797],[8.594099,46.968029],[8.593133,46.963021],[8.590734,46.96003],[8.588895,46.959733],[8.590215,46.95789],[8.588285,46.95617],[8.589799,46.955674],[8.587743,46.955378],[8.584596,46.947813],[8.585711,46.946044],[8.578459,46.932174],[8.579918,46.928906],[8.586806,46.923902],[8.597225,46.918847],[8.596553,46.91843],[8.5963149,46.9183147],[8.596391,46.918379],[8.596916,46.918776],[8.592784,46.918485],[8.576627,46.912206],[8.563585,46.909997],[8.549021,46.912763],[8.532614,46.910397],[8.527798,46.907903],[8.521418,46.900939],[8.518509,46.893323],[8.517791,46.884954],[8.515292,46.88226],[8.514958,46.880576],[8.516975,46.878661],[8.509567,46.872356],[8.510307,46.867043],[8.502807,46.860909],[8.503297,46.855874],[8.500203,46.852343],[8.495483,46.85016],[8.479738,46.84659],[8.468912,46.84102],[8.461468,46.841056],[8.453689,46.837826],[8.437453,46.837846],[8.434808,46.833585],[8.427776,46.829222],[8.420953,46.821483],[8.411578,46.816167],[8.401912,46.817838],[8.3947,46.816414],[8.390634,46.817209],[8.382884,46.821759],[8.382322,46.824402],[8.378992,46.824946],[8.37892583740319,46.8252172749089],[8.378532,46.826832],[8.376829,46.827072],[8.377235,46.821989],[8.368769,46.807604],[8.36842,46.799173],[8.37062857344508,46.7970932549037],[8.371112,46.796638],[8.373192,46.797291],[8.377288,46.795912],[8.383894,46.792298],[8.386643,46.778071],[8.38086,46.777558],[8.367986,46.773946],[8.36395087820945,46.7744370421653],[8.355549,46.775459],[8.345135,46.771678],[8.334807,46.773679],[8.329382,46.771943],[8.318484,46.762196],[8.319025,46.759829],[8.315437,46.755955],[8.307927,46.752674],[8.291612,46.741661],[8.289626,46.741954],[8.283748,46.738306],[8.276941,46.732475],[8.274934,46.728682],[8.267821,46.724563],[8.266902,46.719415],[8.264306,46.717465],[8.264993,46.713942],[8.25568,46.710761],[8.248204,46.710585],[8.244335,46.708133],[8.235196,46.710745],[8.233344,46.709699],[8.232576,46.710526],[8.225076,46.707821],[8.217004,46.712137],[8.211642,46.719718],[8.180664,46.723242],[8.185214,46.717122],[8.185078,46.714938],[8.179057,46.711635],[8.175034,46.704347],[8.175044,46.700877],[8.171314,46.698187],[8.167903,46.692925],[8.1627,46.689966],[8.160597,46.685762],[8.155299,46.680681],[8.152771,46.679478],[8.147175,46.681214],[8.141304,46.677646],[8.137062,46.677308],[8.136454,46.675504],[8.127699,46.670853],[8.126508,46.667515],[8.121649,46.66495],[8.109107,46.662122],[8.107176,46.65837],[8.104274,46.656403],[8.102071,46.655834],[8.089793,46.658131],[8.084563,46.656738],[8.078584,46.653267],[8.073849,46.649065],[8.071201,46.643613],[8.072263,46.641689],[8.069409,46.632865],[8.064053,46.625511],[8.052931,46.62583],[8.046078,46.620899],[8.03681,46.618736],[8.027597,46.619891],[8.017527,46.624711],[8.014584,46.616199],[8.007624,46.613707],[8.002469,46.609793],[7.999582,46.605292],[7.985436,46.598754],[7.982817,46.595909],[7.974361,46.591918],[7.972278,46.589401],[7.961592,46.586175],[7.953998,46.574629],[7.945705,46.572055],[7.944411,46.568598],[7.941296,46.567018],[7.932019,46.564527],[7.926872,46.565976],[7.920489,46.566071],[7.912376,46.570373],[7.911517,46.5722],[7.913667,46.576628],[7.912637,46.577234],[7.905853,46.563001],[7.901449,46.558244],[7.899516,46.544409],[7.896824,46.541339],[7.877305,46.54097],[7.855103,46.53414],[7.852033,46.534145],[7.843567,46.541601],[7.830823,46.544806],[7.828803,46.54168],[7.812975,46.531726],[7.808438,46.532259],[7.798504,46.536844],[7.790877,46.53806],[7.78862,46.539849],[7.780819,46.538629],[7.773897,46.540833],[7.770475,46.53604],[7.768478,46.524925],[7.765705,46.52175],[7.765484,46.513962],[7.760593,46.510059],[7.749654,46.505603],[7.74703,46.505812],[7.744195,46.507987],[7.733754,46.509205],[7.727637,46.502421],[7.717254,46.501468],[7.717262,46.498511],[7.703609,46.492921],[7.67446,46.496329],[7.672731,46.497316],[7.673899,46.494603],[7.66646,46.489378],[7.663188,46.489193],[7.665274,46.485795],[7.663786,46.48501],[7.665069,46.482701],[7.664098,46.477647],[7.662007,46.477461],[7.660072,46.474836],[7.654166,46.472976],[7.646377,46.473878],[7.642402,46.471775],[7.640482,46.477583],[7.632816,46.481256],[7.615295,46.484434],[7.607734,46.487043],[7.598611,46.488282],[7.587927,46.485462],[7.579753,46.491792],[7.576178,46.497906],[7.57231,46.496927],[7.568026,46.490544],[7.562423,46.487973],[7.552923,46.486546],[7.550399,46.48469],[7.543741,46.483411],[7.534286,46.469612],[7.535128,46.460943],[7.534005,46.457267],[7.531172,46.454932],[7.531786,46.452096],[7.526234,46.449745],[7.518234,46.441234],[7.51339,46.440356],[7.501616,46.428698],[7.500158,46.423871],[7.494734,46.421148],[7.489297,46.42101],[7.489748,46.422015],[7.486186,46.42465],[7.472638,46.426214],[7.468187,46.428342],[7.461986,46.432569],[7.455935,46.438446],[7.455048,46.441064],[7.443963,46.435311],[7.44294,46.431739],[7.440309,46.430117],[7.437941,46.42283],[7.435281,46.423231],[7.429275,46.419187],[7.420498,46.417482],[7.402841,46.404853],[7.400573,46.40114],[7.384504,46.398362],[7.375964,46.393092],[7.363758,46.392523],[7.361322,46.390534],[7.357202,46.39106],[7.356065,46.388255],[7.352632,46.387241],[7.342673,46.390455],[7.341097,46.393625],[7.33293,46.392876],[7.328891,46.394007],[7.323359,46.391108],[7.305679,46.386924],[7.301789,46.384082],[7.287986,46.379935],[7.27442,46.381179],[7.275281,46.384441],[7.271908,46.387241],[7.264077,46.384565],[7.260944,46.379299],[7.252525,46.375914],[7.249413,46.372561],[7.24234,46.368636],[7.23863,46.364126],[7.230471,46.36214],[7.226261,46.358949],[7.204847,46.353395],[7.198787,46.349303],[7.189998,46.348219],[7.18462,46.346082],[7.170402,46.347083],[7.162647,46.345784],[7.162054,46.33997],[7.152443,46.335741],[7.143202,46.327524],[7.125557,46.327445],[7.120675,46.326089],[7.121345,46.323798],[7.118171,46.314832],[7.111169,46.309943],[7.094798,46.306029],[7.088881,46.300925],[7.087227,46.301135],[7.082033,46.297765],[7.077661,46.292915],[7.072904,46.290978],[7.071148,46.28631],[7.067053,46.284385],[7.059442,46.282784],[7.053476,46.284129],[7.051752,46.285865],[7.043152,46.286629],[7.033337,46.281164],[7.028766,46.281106],[7.023275,46.275568],[7.015062,46.271406],[7.006906,46.268935],[6.986857,46.267396],[6.980175,46.265544],[6.972998,46.26182],[6.965297,46.26845],[6.959361,46.284739],[6.936851,46.297921],[6.931791,46.317008],[6.932398,46.323989],[6.929513,46.330574],[6.921922,46.337607],[6.918054,46.339467],[6.900645,46.338669],[6.895769,46.340561],[6.88833,46.349268],[6.882612,46.352792],[6.881832,46.357439],[6.886944,46.363756],[6.885582,46.374741],[6.880015,46.379539],[6.87332,46.382659],[6.858528,46.395009],[6.863197,46.392836],[6.867208,46.392987],[6.872868,46.39507],[6.883288,46.394825],[6.886824,46.396345],[6.89247,46.394765],[6.901127,46.3966],[6.918187,46.395158],[6.920049,46.396979],[6.922728,46.396839],[6.924983,46.39841],[6.925269,46.402307],[6.930566,46.407089],[6.930389,46.411324],[6.927231,46.414073],[6.927347,46.418362],[6.923581,46.421233],[6.92329,46.424669],[6.9204,46.428342],[6.916232,46.429843],[6.912097,46.428592],[6.908791,46.430381],[6.909495,46.434627],[6.903337,46.439658],[6.900441,46.440512],[6.890343,46.439002],[6.886657,46.440939],[6.883245,46.44008],[6.876239,46.44633],[6.869723,46.448215],[6.865682,46.448545],[6.860041,46.446876],[6.852196,46.456075],[6.841947,46.459757],[6.844081,46.464638],[6.858705,46.47899],[6.865348,46.481458],[6.865631,46.480485],[6.868552,46.483636],[6.874533,46.486903],[6.886902,46.500718],[6.896265,46.506856],[6.895058,46.509327],[6.897079,46.518127],[6.901555,46.526799],[6.901721,46.526948],[6.9028347,46.5284725],[6.903198,46.529811],[6.905709,46.545115],[6.917152,46.564622],[6.946217,46.591171]],[[6.902646,46.527777],[6.902887,46.528544],[6.9028347,46.5284725],[6.902646,46.527777]]],[[[8.602572,46.888693],[8.6024597,46.8886888],[8.602763,46.8888657],[8.602786,46.888861],[8.602572,46.888693]]],[[[8.602356,46.888685],[8.6024597,46.8886888],[8.602388,46.888647],[8.601038,46.889088],[8.6009218,46.8890988],[8.601225,46.88912],[8.60217,46.888755],[8.602356,46.888685]]],[[[8.603243,46.889022],[8.6033237,46.8890167],[8.603003,46.888992],[8.60282,46.888899],[8.602763,46.8888657],[8.602689,46.888881],[8.602777,46.889033],[8.603243,46.889022]]],[[[8.600576,46.889131],[8.6009218,46.8890988],[8.600767,46.889088],[8.600331,46.889093],[8.598603,46.889868],[8.593994,46.895208],[8.593558,46.89641],[8.59472,46.897312],[8.5948648,46.8973904],[8.59455,46.897151],[8.594164,46.895031],[8.598628,46.889864],[8.600576,46.889131]]],[[[8.5932778,46.8996422],[8.593696,46.899389],[8.595014,46.899012],[8.595172,46.897624],[8.595108,46.897522],[8.5948648,46.8973904],[8.594934,46.897443],[8.595109,46.89782],[8.593287,46.899622],[8.5932778,46.8996422]]],[[[8.593265,46.900395],[8.59316,46.8999],[8.5932778,46.8996422],[8.59325,46.899659],[8.593116,46.89974],[8.591796,46.905584],[8.59227,46.907486],[8.592404,46.9078485],[8.59219,46.906895],[8.591896,46.905469],[8.593325,46.901631],[8.593265,46.900395]]],[[[8.591944,46.913379],[8.5919817,46.9134723],[8.591986,46.913288],[8.592671,46.91104],[8.592447,46.907965],[8.592404,46.9078485],[8.59242,46.90792],[8.592635,46.910693],[8.591886,46.912897],[8.591944,46.913379]]],[[[8.595483,46.917225],[8.595069,46.916989],[8.594687,46.916811],[8.592048,46.913636],[8.5919817,46.9134723],[8.591975,46.913764],[8.59199,46.914018],[8.593978,46.916423],[8.594895,46.91698],[8.595575,46.917328],[8.596264,46.91829],[8.5963149,46.9183147],[8.596255,46.918264],[8.595875,46.917644],[8.595483,46.917225]]],[[[8.604584,46.891682],[8.606163,46.892906],[8.6060483,46.8930531],[8.606184,46.893075],[8.606446,46.892975],[8.604589,46.891638],[8.605819,46.89144],[8.60478,46.889919],[8.604098,46.889104],[8.603533,46.889003],[8.6033237,46.8890167],[8.603574,46.889036],[8.604068,46.889248],[8.604584,46.891682]]],[[[8.605941,46.893112],[8.6060329,46.893137],[8.606018,46.893092],[8.6060483,46.8930531],[8.606017,46.893048],[8.605941,46.893112]]],[[[8.6067163,46.8941879],[8.606989,46.894208],[8.607901,46.893709],[8.606346,46.893222],[8.6060329,46.893137],[8.606068,46.893243],[8.607719,46.893691],[8.60674,46.894175],[8.6067163,46.8941879]]],[[[8.6065339,46.8942872],[8.6067163,46.8941879],[8.606677,46.894185],[8.60653,46.894284],[8.6065339,46.8942872]]],[[[8.606525,46.894292],[8.6065542,46.8943037],[8.6065339,46.8942872],[8.606525,46.894292]]],[[[8.6065542,46.8943037],[8.606573,46.894319],[8.60815,46.895176],[8.608472,46.895164],[8.6084945,46.8951584],[8.608457,46.895157],[8.608113,46.895132],[8.60674,46.894378],[8.6065542,46.8943037]]],[[[8.608564,46.895141],[8.6084945,46.8951584],[8.608972,46.895176],[8.608919,46.895851],[8.6088992,46.8958969],[8.60918,46.895718],[8.60925,46.895258],[8.608988,46.895148],[8.608697,46.895123],[8.608564,46.895141]]],[[[8.616479,46.898222],[8.621659,46.899943],[8.620872,46.901992],[8.624175,46.902209],[8.624999,46.904727],[8.624701,46.907378],[8.62134,46.910472],[8.621231,46.91422],[8.623528,46.917155],[8.620484,46.921487],[8.61145,46.926063],[8.612085,46.927854],[8.610665,46.929132],[8.615518,46.940653],[8.620109,46.944834],[8.618336,46.949329],[8.620769,46.952531],[8.614616,46.959182],[8.612846,46.969274],[8.610356,46.972982],[8.61184,46.986617],[8.608016,46.992571],[8.605541,46.993533],[8.600172,46.993154],[8.60122,46.993779],[8.598334,46.994982],[8.591998,46.995282],[8.590274,46.99867],[8.585853,47.001216],[8.572964,46.999169],[8.569151,46.996617],[8.563471,46.995257],[8.556424,46.990547],[8.54805,46.988921],[8.534482,46.988369],[8.529937,46.990654],[8.524086,46.990771],[8.523008,46.992517],[8.516801,46.99407],[8.501397,46.99199],[8.496881,46.990058],[8.492672,46.990466],[8.484011,46.994511],[8.47994,46.993554],[8.473589,46.995414],[8.477098,46.997826],[8.476689,46.999025],[8.485415,47.002365],[8.482626,47.007116],[8.481811,47.013935],[8.477745,47.01457],[8.476437,47.016255],[8.473498,47.016933],[8.468506,47.02134],[8.467969,47.023589],[8.464379,47.023405],[8.462352,47.024525],[8.45407,47.023756],[8.445849,47.029621],[8.44192,47.031139],[8.43976066770982,47.0305061727463],[8.439511,47.030433],[8.435902,47.032125],[8.42604,47.031331],[8.420723,47.028636],[8.409354,47.030023],[8.401205,47.02614],[8.400863,47.028316],[8.397207,47.026843],[8.39562,47.0289],[8.403875,47.037485],[8.418138,47.044166],[8.427035,47.052384],[8.426753,47.059146],[8.430421,47.06224],[8.431295,47.069335],[8.434889,47.077128],[8.438485,47.077898],[8.441488,47.082311],[8.450796,47.086885],[8.455373,47.095408],[8.459103,47.09798],[8.45987628582112,47.0980344489577],[8.466548,47.098504],[8.464005,47.095904],[8.469636,47.088402],[8.477193,47.085827],[8.485488,47.07924],[8.488692,47.078377],[8.495698,47.073461],[8.508722,47.068547],[8.51419,47.061633],[8.520995,47.062588],[8.528136,47.071706],[8.522383,47.084076],[8.523545,47.089305],[8.509285,47.103116],[8.508131,47.106035],[8.503616,47.107966],[8.494764,47.123599],[8.50340147088996,47.1333860792482],[8.507337,47.137844],[8.520685,47.16002],[8.527943,47.16664],[8.540593,47.172182],[8.562832,47.171253],[8.574308,47.173919],[8.603533,47.168912],[8.6111,47.169077],[8.621752,47.172491],[8.63853,47.171732],[8.639255,47.169414],[8.642219,47.168808],[8.651446,47.170718],[8.656453,47.169733],[8.669143,47.172604],[8.670807,47.174414],[8.673474,47.174101],[8.677377,47.176614],[8.688202,47.178079],[8.692215,47.179776],[8.710268,47.172939],[8.741094,47.183478],[8.758952,47.188176],[8.788102,47.193153],[8.802585,47.194268],[8.813618,47.193738],[8.841288,47.187872],[8.845706,47.186529],[8.854907,47.180816],[8.869584,47.177065],[8.877878,47.175961],[8.890448,47.17224],[8.901178,47.17136],[8.913691,47.168582],[8.927758,47.168506],[8.950755,47.173022],[8.971418,47.17083],[8.986182,47.166926],[9.006968,47.158469],[9.014167,47.152677],[9.018502,47.151018],[9.017552,47.149505],[9.019918,47.148142],[9.019555,47.146749],[9.025509,47.143001],[9.039593,47.137107],[9.042059,47.13448],[9.051356,47.12998],[9.056985,47.129439],[9.065267,47.132241],[9.050962,47.141743],[9.050319,47.145393],[9.052912,47.150044],[9.052376,47.152541],[9.056719,47.154417],[9.056978,47.158358],[9.055076,47.161644],[9.056814,47.165071],[9.055253,47.173329],[9.04736,47.19368],[9.046754,47.198815],[9.030692,47.215691],[9.033134,47.221704],[9.030658,47.223682],[9.031548,47.228845],[9.026235,47.24742],[9.039263,47.254851],[9.042815,47.261476],[9.047981,47.264772],[9.056042,47.267729],[9.076132,47.279817],[9.083951,47.282116],[9.08833,47.284956],[9.109015,47.288327],[9.114007,47.292187],[9.117922,47.293252],[9.137999,47.29677],[9.152937,47.297882],[9.16392,47.297802],[9.178662,47.295359],[9.182193,47.295525],[9.189089,47.298692],[9.193678,47.298041],[9.195741,47.296034],[9.200843,47.295854],[9.204065,47.29842],[9.210663,47.29842],[9.229624,47.303665],[9.233358,47.305815],[9.241056,47.306004],[9.252281,47.309262],[9.263148,47.30997],[9.269619,47.308551],[9.275223,47.308898],[9.279872,47.311716],[9.281044,47.315092],[9.287022,47.317131],[9.288543,47.319869],[9.293124,47.321952],[9.292476,47.323635],[9.294164,47.32455],[9.295769,47.324647],[9.29747,47.321622],[9.300037,47.320573],[9.307573,47.322085],[9.327814,47.320701],[9.335331,47.321732],[9.341155,47.324244],[9.349415,47.33007],[9.359636,47.332211],[9.372876,47.332496],[9.392207,47.336321],[9.4072,47.335556],[9.414339,47.33004],[9.419082,47.328199],[9.435355,47.327696],[9.471297,47.333539],[9.518372,47.338716],[9.521365,47.337956],[9.524646,47.334731],[9.532358,47.334987],[9.533446,47.33059],[9.539506,47.329319],[9.540135,47.326794],[9.552463,47.331136],[9.556086,47.33043],[9.55696,47.323685],[9.55181,47.315802],[9.552043,47.313623],[9.556968,47.310383],[9.563626,47.309513],[9.568301,47.307096],[9.55649,47.297457],[9.548483,47.282748],[9.544434,47.278782],[9.532538,47.272683],[9.530818,47.270285],[9.528702,47.259735],[9.51881,47.242003],[9.502208,47.221135],[9.499911,47.212467],[9.489812,47.196938],[9.486488,47.185237],[9.486738,47.178163],[9.49156,47.162425],[9.499778,47.14948],[9.506605,47.142931],[9.513221,47.127664],[9.519598,47.101012],[9.516471,47.089799],[9.513268,47.085745],[9.506566,47.081524],[9.470134,47.063864],[9.4670037564122,47.0574057028923],[9.462536,47.048185],[9.457073,47.042907],[9.451536,47.041286],[9.442417,47.041048],[9.403793,47.055534],[9.38758255747422,47.0639821368084],[9.379334,47.068279],[9.355517,47.086974],[9.351238,47.093016],[9.340635,47.101044],[9.299703,47.119806],[9.302595,47.124436],[9.302234,47.127225],[9.299688,47.128838],[9.260262,47.129011],[9.250182,47.13045],[9.246858,47.129303],[9.212776,47.128777],[9.191275,47.132278],[9.158458,47.13371],[9.153192,47.135573],[9.145822,47.134364],[9.141963,47.137378],[9.114445,47.139532],[9.10587,47.133314],[9.100603,47.13534],[9.098323,47.133544],[9.10697,47.128184],[9.113409,47.128334],[9.119649,47.126632],[9.103893,47.121381],[9.081598,47.117499],[9.079072,47.115645],[9.072582,47.10506],[9.071089,47.096257],[9.06617347780252,47.0900194522031],[9.061012,47.083468],[9.060321,47.062654],[9.049583,47.056933],[9.050529,47.053328],[9.048845,47.048527],[9.035207,47.046262],[9.03005,47.049217],[9.022409,47.043695],[9.009766,47.038253],[9.006826,47.033998],[9.004693,47.035846],[9.000376,47.036779],[8.994326,47.03588],[8.989298,47.032479],[8.969943,47.025962],[8.961689,47.025616],[8.949516,47.026949],[8.948767,47.025483],[8.946261,47.026068],[8.948734,47.025347],[8.947344,47.023664],[8.9492,47.022464],[8.939382,47.023204],[8.931941,47.020805],[8.924877,47.021726],[8.918893,47.024928],[8.916893,47.024761],[8.912953,47.022479],[8.896667,47.018728],[8.882884,47.012675],[8.876362,47.01132],[8.873123,47.008669],[8.870496,47.00022],[8.863483,46.992684],[8.855279,46.989115],[8.842543,46.987464],[8.837983,46.987936],[8.836943,46.989542],[8.816986,46.988336],[8.812205,46.98904],[8.802579,46.986346],[8.78052,46.976],[8.77921,46.973234],[8.803829,46.966849],[8.810043,46.962738],[8.813444,46.962023],[8.818871,46.957791],[8.823723,46.956618],[8.827652,46.94721],[8.832341,46.944903],[8.833829,46.940398],[8.835856,46.939173],[8.837447,46.931922],[8.84026,46.927862],[8.840165,46.922596],[8.849353,46.91135],[8.848809,46.895884],[8.842816,46.894006],[8.836532,46.886268],[8.830023,46.883224],[8.831095,46.882041],[8.829981,46.873035],[8.826593,46.871915],[8.824908,46.867893],[8.805028,46.864086],[8.794188,46.864533],[8.787585,46.86351],[8.783167,46.864445],[8.777342,46.862831],[8.768737,46.863517],[8.761285,46.862523],[8.759091,46.863848],[8.75407,46.864195],[8.741841,46.869385],[8.732923,46.869615],[8.72455,46.87147],[8.705948,46.878197],[8.695239,46.878876],[8.682474,46.876428],[8.678028,46.878788],[8.672197,46.879196],[8.661911,46.876764],[8.6524,46.870984],[8.637484,46.864433],[8.632711,46.86351],[8.613708,46.896521],[8.610102,46.897402],[8.609025,46.896458],[8.608852,46.896006],[8.6088992,46.8958969],[8.608888,46.895904],[8.608815,46.896043],[8.609384,46.898352],[8.614793,46.899722],[8.616479,46.898222]]]]}},{"type":"Feature","properties":{"id":"SZ.15","parentId":"eastern-alps","level":"section","name":"Alpi Retiche Occidentali - Westliche Rätische Alpen","names":{"en":"Western Rhaetian Alps","de":"Westliche Rätische Alpen","fr":"Alpes rhétiques occidentales","it":"Alpi Retiche Occidentali"},"provenance":{"source":"https://www.homoalpinus.com/alpes/subdivisions/soiusa/","creator":"Capleymar","kind":"supplied","names":{"version":"soiusa-area-names-v1","source":"https://www.homoalpinus.com/alpes/subdivisions/soiusa/tab_de/index.html","method":"SOIUSA multilingual nomenclature; display casing, accents and spelling normalized; broad-sense scope retained"}},"sourceFeatures":[{"index":14,"fields":{"Number":"15","Code":"SZ.15","Name":"Alpi Retiche Occidentali - Westliche Rätische Alpen","Perimeter":"465.28 km","Enclosed_Area":"8727.5 sq km","Island_Area":"","Capleymar-Homoalpinus":"https://www.homoalpinus.com/alpes/subdivisions/soiusa/","Created_By":"Capleymar"}}],"geometryRef":"sections.geojson#SZ.15"},"geometry":{"type":"Polygon","coordinates":[[[9.69899702400329,46.1601827513733],[9.728605,46.160247],[9.733975,46.159215],[9.756115,46.158756],[9.774368,46.15496],[9.77986,46.156708],[9.784869,46.155959],[9.800256,46.160947],[9.819081,46.159995],[9.830574,46.160493],[9.842005,46.162537],[9.848925,46.161006],[9.85478,46.161061],[9.861636,46.157986],[9.884772,46.16086],[9.891547,46.159148],[9.899779,46.164392],[9.90188,46.167172],[9.909207,46.167866],[9.913741,46.166347],[9.933775,46.164445],[9.944722,46.161968],[9.949994,46.157536],[9.955194,46.156316],[9.958877,46.157221],[9.960512,46.159611],[9.967864,46.161352],[9.97546,46.160203],[9.981158,46.161739],[9.983535,46.159524],[9.986612,46.161597],[9.993813,46.159632],[9.997746,46.161061],[10.003705,46.157603],[10.013188,46.156396],[10.01848,46.1577],[10.023452,46.156903],[10.030998,46.158984],[10.037369,46.158565],[10.047886,46.155594],[10.05169,46.15148],[10.065488,46.150748],[10.080334,46.157413],[10.084856,46.16197],[10.089673,46.162187],[10.094179,46.163953],[10.098298,46.165853],[10.099807,46.168073],[10.118948,46.175505],[10.121798,46.179263],[10.124196,46.180236],[10.126149,46.185445],[10.13448,46.193463],[10.182981,46.222207],[10.199065,46.230012],[10.206352,46.230675],[10.212016,46.232465],[10.212891,46.233927],[10.217137,46.234058],[10.228684,46.237755],[10.251679,46.260264],[10.258921,46.272458],[10.259861,46.277852],[10.266422,46.282339],[10.273307,46.292422],[10.290817,46.305996],[10.301947,46.317748],[10.307679,46.321694],[10.313152,46.322297],[10.317018,46.3255],[10.323609,46.327565],[10.336808,46.327065],[10.346936,46.331582],[10.349336,46.337568],[10.349746,46.34481],[10.358148,46.353825],[10.355009,46.363345],[10.357485,46.367837],[10.358066,46.376573],[10.355625,46.387006],[10.352574,46.391479],[10.353485,46.399019],[10.349553,46.406294],[10.349976,46.4106],[10.348773,46.411595],[10.352292,46.417961],[10.351317,46.421059],[10.355311,46.424582],[10.357641,46.432558],[10.359737,46.434526],[10.356931,46.439254],[10.358518,46.442448],[10.357936,46.451246],[10.359256,46.454042],[10.356928,46.461036],[10.359296,46.463127],[10.356485,46.465975],[10.358269,46.468058],[10.358903,46.475028],[10.353365,46.483762],[10.358341,46.4866],[10.359391,46.489585],[10.353728,46.50209],[10.354953,46.504915],[10.357836,46.505218],[10.364786,46.509126],[10.367001,46.508898],[10.37289,46.512234],[10.386289,46.510822],[10.404173,46.515309],[10.407759,46.520611],[10.408759,46.526934],[10.415695,46.536506],[10.418605,46.538976],[10.42346,46.540293],[10.42672,46.540342],[10.43428,46.536315],[10.436794,46.53626],[10.44165,46.53134],[10.445557,46.529545],[10.453599,46.52842],[10.466818,46.531165],[10.48067,46.532435],[10.488764,46.531229],[10.50005,46.534958],[10.505178,46.534576],[10.509592,46.540741],[10.5113,46.551667],[10.51582,46.557723],[10.516236,46.560762],[10.524504,46.568997],[10.539951,46.57417],[10.542937,46.576755],[10.547401,46.584459],[10.549297,46.59148],[10.557363,46.602524],[10.580675,46.612627],[10.596534,46.626179],[10.60554,46.62911],[10.611727,46.633362],[10.578372,46.646378],[10.560838,46.665609],[10.552594,46.670009],[10.544522,46.670107],[10.542495,46.672826],[10.53166,46.679502],[10.521206,46.691737],[10.527196,46.708054],[10.531546,46.71328],[10.529679,46.71682],[10.530265,46.726192],[10.53344,46.73663],[10.527134,46.753224],[10.531776,46.764539],[10.52812,46.777654],[10.528692,46.781533],[10.52672,46.78839],[10.527672,46.791344],[10.525002,46.799684],[10.516868,46.811839],[10.517177,46.814059],[10.508285,46.825529],[10.512269,46.829039],[10.505066,46.840773],[10.506449,46.844667],[10.504306,46.847254],[10.504339,46.850868],[10.507943,46.855179],[10.506779,46.857248],[10.510219,46.864175],[10.505343,46.875218],[10.506959,46.878715],[10.504217,46.884987],[10.496714,46.890048],[10.493565,46.896382],[10.494559,46.899459],[10.492808,46.901594],[10.496622,46.907526],[10.495468,46.911758],[10.492563,46.913782],[10.485875,46.914787],[10.485324,46.918553],[10.48831,46.926139],[10.485898,46.930384],[10.4865,46.93294],[10.490755,46.934991],[10.495276,46.939943],[10.50647,46.945628],[10.506849,46.948427],[10.513767,46.953249],[10.516165,46.957874],[10.518598,46.958679],[10.523228,46.957755],[10.525685,46.963128],[10.5280750702859,46.9641090136404],[10.532132,46.965774],[10.538735,46.96612],[10.538752,46.970905],[10.546454,46.972277],[10.551592,46.97569],[10.557119,46.977372],[10.562969,46.983743],[10.571233,46.985689],[10.577867,46.993911],[10.590223,46.999346],[10.598167,47.004906],[10.600076,47.00913],[10.599552,47.012614],[10.6043,47.016361],[10.604324,47.018341],[10.619621,47.02457],[10.621148,47.028627],[10.626565,47.032588],[10.627974,47.038524],[10.640887,47.046772],[10.643128,47.05266],[10.65001,47.05716],[10.65655,47.059644],[10.659049,47.065934],[10.662839,47.069643],[10.660174,47.080805],[10.666359,47.094926],[10.65771,47.110413],[10.653066,47.112987],[10.643384,47.113035],[10.638239,47.114194],[10.634155,47.113154],[10.630062,47.114365],[10.620518,47.114543],[10.611792,47.11702],[10.60622,47.117237],[10.595929,47.123172],[10.58164,47.124485],[10.568688,47.133358],[10.565492,47.137898],[10.564756,47.143894],[10.553773,47.140612],[10.541049,47.140708],[10.529143,47.136196],[10.520315,47.13531],[10.5158,47.133192],[10.51159,47.134376],[10.506733,47.130389],[10.499024,47.128096],[10.494574,47.119311],[10.488093,47.117136],[10.478984,47.118415],[10.456327,47.12715],[10.428805,47.131026],[10.418483,47.136776],[10.418202,47.139774],[10.413778,47.144348],[10.410056,47.144847],[10.405674,47.148372],[10.395348,47.150027],[10.388062,47.149457],[10.38385,47.151291],[10.380785,47.15021],[10.363969,47.150692],[10.360862,47.147981],[10.347168,47.145607],[10.332606,47.145657],[10.323598,47.142671],[10.31475,47.142986],[10.310615,47.141459],[10.305465,47.142062],[10.302874,47.14088],[10.297859,47.141277],[10.285498,47.138165],[10.282691,47.138467],[10.282494,47.135413],[10.275898,47.134816],[10.274117,47.131879],[10.264631,47.126032],[10.257193,47.12385],[10.254895,47.12115],[10.245909,47.119757],[10.239583,47.117187],[10.228669,47.108998],[10.224652,47.10879],[10.223632,47.11113],[10.220887,47.112493],[10.212346,47.130719],[10.196846,47.137201],[10.183993,47.13835],[10.178447,47.13736],[10.156409,47.137533],[10.138124,47.134256],[10.133044,47.134671],[10.126302,47.133193],[10.124394,47.131081],[10.121446,47.130617],[10.114126,47.131388],[10.102383,47.129192],[10.093049,47.130697],[10.086565,47.129841],[10.080144,47.130962],[10.068811,47.130587],[10.060551,47.128525],[10.040193,47.127015],[10.0359648116065,47.1272522641255],[10.030655,47.12755],[10.023349,47.125487],[10.005689,47.124532],[9.990883,47.122379],[9.984419,47.12401],[9.978605,47.127442],[9.970096,47.128841],[9.962077,47.128331],[9.959775,47.130273],[9.94733,47.134927],[9.928721,47.137948],[9.919918,47.141774],[9.912697,47.142869],[9.906442,47.141921],[9.890853,47.143849],[9.871189,47.142146],[9.865088,47.143043],[9.85055,47.140054],[9.836886,47.134817],[9.831122,47.13801],[9.816164,47.152424],[9.809161,47.155032],[9.807061,47.158922],[9.77759,47.173594],[9.737155,47.177509],[9.725839,47.182601],[9.711352,47.193681],[9.692448,47.196933],[9.676232,47.201506],[9.651698,47.22014],[9.641114,47.225728],[9.625802,47.225273],[9.618661,47.227365],[9.605344,47.229008],[9.590746,47.237795],[9.565048,47.285192],[9.557293,47.294191],[9.559229,47.300204],[9.552956,47.292426],[9.548483,47.282753],[9.544434,47.278787],[9.532539,47.272687],[9.530818,47.27029],[9.530121,47.262966],[9.521584,47.246594],[9.502209,47.221139],[9.499911,47.212472],[9.489812,47.196943],[9.485891,47.182216],[9.49156,47.16243],[9.499778,47.149485],[9.508976,47.139115],[9.51831,47.108039],[9.519599,47.101016],[9.518579,47.09512],[9.513269,47.085749],[9.493992,47.074677],[9.475549,47.067226],[9.47151,47.063133],[9.47427329615218,47.056800928185],[9.478252,47.047681],[9.505472,47.019646],[9.512387,47.006995],[9.548774,46.973571],[9.549805,46.969774],[9.546113,46.963818],[9.547597,46.960042],[9.542605,46.947479],[9.548418,46.938251],[9.55803,46.932158],[9.556026,46.918834],[9.554503,46.914526],[9.544737,46.907163],[9.540476,46.90079],[9.539531,46.892976],[9.53357,46.884173],[9.52918,46.872334],[9.502548,46.860587],[9.486879,46.845831],[9.471396,46.842433],[9.459208,46.8383],[9.439069,46.838789],[9.432626,46.833822],[9.416574,46.830082],[9.413132,46.825327],[9.407863,46.823521],[9.408825,46.820982],[9.407392,46.816203],[9.410016,46.813683],[9.416533,46.812026],[9.409707,46.801367],[9.405209,46.799065],[9.405259,46.792581],[9.407588,46.788509],[9.411776,46.786463],[9.420075,46.772087],[9.422269,46.76187],[9.444334,46.717658],[9.44935,46.71265],[9.447236,46.702823],[9.441752,46.691298],[9.452565,46.681158],[9.453862,46.677993],[9.450486,46.676126],[9.451074,46.669103],[9.447179,46.66382],[9.449411,46.660738],[9.45057,46.654067],[9.447335,46.650377],[9.446047,46.645063],[9.441545,46.642068],[9.442805,46.639083],[9.439231,46.634658],[9.439697,46.629008],[9.431726,46.620789],[9.429807,46.614155],[9.425486,46.61138],[9.42254,46.605042],[9.422627,46.602846],[9.426679,46.600377],[9.428002,46.597615],[9.421118,46.593467],[9.421663,46.583445],[9.416749,46.578504],[9.417655,46.573922],[9.416471,46.57102],[9.40312,46.5667],[9.396464,46.566501],[9.390816,46.568775],[9.364526,46.564423],[9.352542,46.563518],[9.342139,46.560308],[9.336193,46.555856],[9.321247,46.551945],[9.322974,46.547941],[9.328206,46.543094],[9.326104,46.539783],[9.326249,46.532127],[9.33065,46.524835],[9.329736,46.52361],[9.332988,46.515223],[9.32968,46.50837],[9.33065,46.493146],[9.33685,46.489236],[9.34565,46.477128],[9.342836,46.469171],[9.337378,46.465711],[9.326381,46.463663],[9.327396,46.45308],[9.337022,46.439818],[9.341395,46.415993],[9.345009,46.412499],[9.349265,46.40203],[9.354362,46.38182],[9.35369,46.379227],[9.357598,46.37505],[9.35826,46.36916],[9.362909,46.365804],[9.36249,46.359662],[9.36495,46.351142],[9.37006,46.343862],[9.368502,46.342202],[9.368479,46.336679],[9.372293,46.332414],[9.374474,46.326385],[9.383509,46.322759],[9.386958,46.315238],[9.391148,46.310661],[9.390946,46.30742],[9.37765,46.293548],[9.378678,46.289778],[9.374942,46.276696],[9.386828,46.266884],[9.407761,46.239898],[9.417087,46.232604],[9.418947,46.225107],[9.42876,46.219196],[9.441697,46.214872],[9.444978,46.212294],[9.444125,46.211342],[9.438043,46.2114],[9.429726,46.202604],[9.424612,46.199705],[9.426384,46.198425],[9.424315,46.191967],[9.418745,46.187402],[9.41119,46.175868],[9.394089,46.169569],[9.382826,46.169697],[9.378055,46.167881],[9.377255,46.165891],[9.38035,46.162612],[9.38093,46.158881],[9.374945,46.151577],[9.42826,46.149418],[9.434512,46.148162],[9.44293,46.153336],[9.445515,46.146747],[9.448057,46.143857],[9.450399,46.143433],[9.453575,46.144491],[9.456422,46.148463],[9.459313,46.149945],[9.465446,46.147082],[9.494323,46.152045],[9.516136,46.14066],[9.523021,46.138751],[9.540304,46.139179],[9.546114,46.140579],[9.552287,46.14416],[9.575326,46.146434],[9.579048,46.14156],[9.582036,46.140019],[9.596606,46.143555],[9.604998,46.14404],[9.610662,46.143052],[9.622742,46.146317],[9.626662,46.146165],[9.632528,46.153422],[9.660203,46.160087],[9.69899702400329,46.1601827513733]]]}},{"type":"Feature","properties":{"id":"SZ.16","parentId":"eastern-alps","level":"section","name":"Alpi Retiche Orientali - Östliche Rätische Alpen","names":{"en":"Eastern Rhaetian Alps","de":"Östliche Rätische Alpen","fr":"Alpes rhétiques orientales","it":"Alpi Retiche Orientali"},"provenance":{"source":"https://www.homoalpinus.com/alpes/subdivisions/soiusa/","creator":"Capleymar","kind":"supplied","names":{"version":"soiusa-area-names-v1","source":"https://www.homoalpinus.com/alpes/subdivisions/soiusa/tab_de/index.html","method":"SOIUSA multilingual nomenclature; display casing, accents and spelling normalized; broad-sense scope retained"}},"sourceFeatures":[{"index":15,"fields":{"Number":"16","Code":"SZ.16","Name":"Alpi Retiche Orientali - Östliche Rätische Alpen","Perimeter":"353.29 km","Enclosed_Area":"5326.9 sq km","Island_Area":"","Capleymar-Homoalpinus":"https://www.homoalpinus.com/alpes/subdivisions/soiusa/","Created_By":"Capleymar"}}],"geometryRef":"sections.geojson#SZ.16"},"geometry":{"type":"Polygon","coordinates":[[[10.525685,46.963128],[10.523228,46.957755],[10.518598,46.958679],[10.516165,46.957874],[10.513767,46.953249],[10.506849,46.948427],[10.50647,46.945628],[10.495276,46.939943],[10.485903,46.931538],[10.48831,46.926139],[10.485324,46.918553],[10.485875,46.914787],[10.492563,46.913782],[10.495468,46.911758],[10.496622,46.907526],[10.492808,46.901594],[10.494559,46.899459],[10.493565,46.896382],[10.496714,46.890048],[10.504975,46.883933],[10.506967,46.878652],[10.505343,46.875218],[10.509945,46.866527],[10.510056,46.862643],[10.506779,46.857248],[10.507943,46.855179],[10.504334,46.850804],[10.504312,46.847202],[10.506473,46.844437],[10.505066,46.840773],[10.512269,46.829039],[10.508285,46.825529],[10.516601,46.814996],[10.516868,46.811839],[10.526449,46.796368],[10.52812,46.777654],[10.531776,46.764539],[10.527134,46.753224],[10.53344,46.73663],[10.530265,46.726192],[10.529679,46.71682],[10.531585,46.713487],[10.527196,46.708054],[10.521206,46.691737],[10.53166,46.679502],[10.542495,46.672826],[10.544522,46.670107],[10.552594,46.670009],[10.560838,46.665609],[10.578372,46.646378],[10.638563,46.623329],[10.696075,46.617027],[10.708129,46.613893],[10.711179,46.610823],[10.725482,46.610359],[10.733203,46.613414],[10.740042,46.613439],[10.746771,46.615188],[10.750426,46.618152],[10.757327,46.618541],[10.763085,46.620698],[10.770789,46.619515],[10.776082,46.616587],[10.786037,46.616105],[10.829793,46.620812],[10.840507,46.618066],[10.848742,46.621254],[10.853975,46.62101],[10.860869,46.622434],[10.865869,46.621079],[10.874865,46.623774],[10.879033,46.623465],[10.888389,46.626141],[10.891788,46.625751],[10.90025,46.627623],[10.915903,46.625655],[10.969698,46.64674],[10.991967,46.648451],[11.004834,46.64538],[11.014015,46.646637],[11.045566,46.660521],[11.059531,46.66218],[11.073481,46.66794],[11.084827,46.676806],[11.092883,46.681264],[11.099346,46.681245],[11.103755,46.679857],[11.113998,46.680241],[11.122762,46.678485],[11.132551,46.673538],[11.142756,46.66437],[11.146224,46.657001],[11.168543,46.640181],[11.173027,46.63391],[11.179136,46.629234],[11.184454,46.619281],[11.183869,46.614972],[11.180686,46.61005],[11.184356,46.603859],[11.190381,46.582325],[11.199377,46.573709],[11.211656,46.56743],[11.218112,46.561451],[11.217407,46.556282],[11.22379,46.548662],[11.224911,46.544417],[11.233267,46.540046],[11.247746,46.519237],[11.253352,46.514629],[11.263385,46.509662],[11.270432,46.498953],[11.279033,46.496897],[11.285752,46.492781],[11.28901,46.487973],[11.30634,46.481712],[11.309205,46.473911],[11.311406,46.473807],[11.329136,46.48572],[11.345948,46.489752],[11.350029,46.493379],[11.352968,46.494212],[11.364072,46.49204],[11.3938236248054,46.4953509538012],[11.393941,46.495364],[11.398824,46.492703],[11.410943,46.493985],[11.420621,46.489458],[11.425306,46.489016],[11.429103,46.490514],[11.432577,46.494248],[11.437334,46.49241],[11.442898,46.49601],[11.449621,46.497303],[11.452349,46.500656],[11.457622,46.501465],[11.460254,46.504872],[11.466602,46.507825],[11.470609,46.511857],[11.477304,46.512156],[11.479904,46.517741],[11.489163,46.524949],[11.488323,46.532674],[11.492594,46.532444],[11.493708,46.534251],[11.499936,46.537473],[11.514535,46.551515],[11.512522,46.560208],[11.521055,46.568962],[11.523591,46.579961],[11.523204,46.584904],[11.529594,46.593685],[11.529213,46.597738],[11.534169,46.604848],[11.53455,46.611292],[11.538702,46.614045],[11.540382,46.619994],[11.548544,46.625682],[11.553919,46.634033],[11.564636,46.636917],[11.571549,46.644462],[11.582281,46.645061],[11.586923,46.650389],[11.591108,46.652681],[11.592759,46.655639],[11.606343,46.657754],[11.609375,46.663357],[11.615018,46.665606],[11.619299,46.66976],[11.623081,46.679788],[11.625503,46.682448],[11.628418,46.683786],[11.635224,46.683104],[11.642823,46.687776],[11.646477,46.695928],[11.659662,46.70994],[11.660651,46.714426],[11.653857,46.727794],[11.652912,46.733271],[11.648408,46.73537],[11.646231,46.744066],[11.641044,46.749663],[11.64209,46.754863],[11.651729,46.761758],[11.650969,46.764838],[11.647231,46.766052],[11.638286,46.774722],[11.633508,46.77441],[11.632284,46.777902],[11.62469,46.77948],[11.61698,46.783703],[11.606508,46.794007],[11.596573,46.798645],[11.593245,46.801496],[11.589627,46.8014],[11.585258,46.804161],[11.577063,46.80514],[11.570028,46.809033],[11.564681,46.808868],[11.557879,46.812028],[11.550354,46.812613],[11.546995,46.814849],[11.540793,46.814041],[11.536514,46.822725],[11.538291,46.8249],[11.535441,46.827572],[11.534481,46.832612],[11.5317717381965,46.8349273464281],[11.530575,46.83595],[11.52784,46.841314],[11.524955,46.84298],[11.523214,46.846736],[11.51708,46.848114],[11.514934,46.851216],[11.515098,46.853971],[11.507986,46.860021],[11.508736,46.861631],[11.506183,46.86228],[11.503725,46.859797],[11.500864,46.862815],[11.497999,46.863398],[11.496924,46.861093],[11.495497,46.86359],[11.487933,46.864265],[11.487719,46.865387],[11.489912,46.866326],[11.48586,46.86977],[11.477981,46.87059],[11.4725178042367,46.8725195478155],[11.452478,46.879594],[11.445114,46.891137],[11.431069,46.900616],[11.431276,46.905956],[11.439121,46.912725],[11.442725,46.913519],[11.444501,46.919982],[11.446468,46.921869],[11.44506,46.922676],[11.445826,46.924732],[11.449333,46.926489],[11.449194,46.931836],[11.441817,46.935181],[11.444375,46.937231],[11.44462,46.94086],[11.461826,46.959946],[11.46732,46.968058],[11.478441,46.976209],[11.489979,46.981402],[11.493661,46.984475],[11.508601,47.007248],[11.499908,47.025687],[11.490105,47.029384],[11.478543,47.037614],[11.481972,47.040368],[11.485253,47.049471],[11.484601,47.055535],[11.487722,47.065022],[11.485102,47.066681],[11.485143,47.070914],[11.482424,47.074327],[11.483345,47.076361],[11.480721,47.078716],[11.475678,47.080273],[11.46916,47.086666],[11.467283,47.093781],[11.468331,47.095046],[11.464862,47.099252],[11.462968,47.105268],[11.459265,47.105746],[11.45293,47.11154],[11.452555,47.113241],[11.454839,47.115724],[11.451805,47.118294],[11.454429,47.120668],[11.451557,47.122994],[11.455461,47.13056],[11.452735,47.132894],[11.454031,47.133815],[11.452705,47.1362],[11.454124,47.137989],[11.457037,47.138729],[11.456602,47.140229],[11.452257,47.141264],[11.451905,47.14373],[11.449485,47.145668],[11.451279,47.149906],[11.447213,47.154197],[11.447831,47.157123],[11.440007,47.16435],[11.432793,47.173998],[11.430473,47.17569],[11.422217,47.177564],[11.418228,47.182653],[11.415606,47.183735],[11.419111,47.188145],[11.419077,47.19068],[11.414477,47.192719],[11.411196,47.192262],[11.403496,47.196106],[11.404957,47.198356],[11.402949,47.201993],[11.398049,47.203184],[11.400151,47.2047],[11.399177,47.208951],[11.394141,47.212827],[11.392693,47.212176],[11.390201,47.213558],[11.388559,47.21573],[11.390757,47.220227],[11.387181,47.227198],[11.390297,47.231988],[11.388678,47.236863],[11.389597,47.237878],[11.394918,47.238137],[11.392186,47.241262],[11.393179,47.24279],[11.39521,47.243256],[11.396422,47.245323],[11.401728,47.245424],[11.404648,47.248255],[11.402549,47.251191],[11.40457,47.254393],[11.403618,47.257333],[11.405352,47.267077],[11.408673,47.271889],[11.418165,47.278265],[11.406802,47.280364],[11.400348,47.278711],[11.391536,47.268872],[11.383528,47.264452],[11.372987,47.253966],[11.369321,47.253022],[11.356935,47.255123],[11.344088,47.252608],[11.338761,47.25296],[11.327562,47.258857],[11.323215,47.264384],[11.319832,47.265302],[11.291226,47.263636],[11.282198,47.266175],[11.269467,47.265619],[11.262277,47.26697],[11.250614,47.262804],[11.243678,47.262459],[11.238451,47.264402],[11.234313,47.270684],[11.227597,47.274621],[11.215917,47.276618],[11.206717,47.280158],[11.192741,47.280318],[11.189276,47.283148],[11.182633,47.285344],[11.167273,47.283268],[11.163243,47.283945],[11.123959,47.299974],[11.119026,47.308134],[11.115225,47.310267],[11.110218,47.310897],[11.097048,47.307809],[11.080811,47.301933],[11.071501,47.301276],[11.060122,47.298333],[11.045572,47.297683],[11.025957,47.294458],[11.015456,47.29136],[10.978337,47.285048],[10.966287,47.280263],[10.960042,47.279402],[10.954581,47.273713],[10.948041,47.273122],[10.94251,47.274445],[10.93444,47.271897],[10.923135,47.272346],[10.916687,47.267583],[10.910225,47.266752],[10.903478,47.264184],[10.895639,47.263834],[10.889052,47.260238],[10.8889604392139,47.2602373252838],[10.880545,47.260175],[10.874436,47.258582],[10.864621,47.251805],[10.860237,47.250576],[10.86151,47.248517],[10.856969,47.246412],[10.857248,47.241421],[10.845927,47.235213],[10.841119,47.234778],[10.836154,47.230436],[10.835552,47.228283],[10.827517,47.225943],[10.821581,47.227435],[10.82078,47.223162],[10.817463,47.220011],[10.816553,47.216661],[10.808278,47.211874],[10.803489,47.212265],[10.795442,47.210774],[10.787459,47.211296],[10.761489,47.220086],[10.750493,47.21655],[10.706805,47.215191],[10.69891,47.209721],[10.689752,47.206563],[10.684601,47.203324],[10.677868,47.202633],[10.66902,47.203668],[10.664712,47.20257],[10.658376,47.19938],[10.649683,47.197017],[10.644369,47.188778],[10.640617,47.18619],[10.619891,47.182219],[10.613311,47.175951],[10.609224,47.175099],[10.602253,47.170494],[10.594606,47.168653],[10.591084,47.164149],[10.572059,47.155644],[10.572318,47.154227],[10.579891,47.153156],[10.580602,47.150589],[10.564756,47.143891],[10.565492,47.137898],[10.568688,47.133358],[10.58164,47.124485],[10.595929,47.123172],[10.60622,47.117237],[10.611792,47.11702],[10.620518,47.114543],[10.630062,47.114365],[10.634155,47.113154],[10.638239,47.114194],[10.643384,47.113035],[10.653066,47.112987],[10.658708,47.109551],[10.661736,47.105006],[10.662314,47.100491],[10.666359,47.094926],[10.660174,47.080805],[10.662839,47.069643],[10.659049,47.065934],[10.65655,47.059644],[10.65001,47.05716],[10.643128,47.05266],[10.640887,47.046772],[10.627974,47.038524],[10.626565,47.032588],[10.621148,47.028627],[10.618878,47.023972],[10.604324,47.018341],[10.6043,47.016361],[10.599552,47.012614],[10.600076,47.00913],[10.598167,47.004906],[10.590223,46.999346],[10.577867,46.993911],[10.571233,46.985689],[10.562969,46.983743],[10.557119,46.977372],[10.551592,46.97569],[10.546454,46.972277],[10.538752,46.970905],[10.538735,46.96612],[10.532132,46.965774],[10.5280750702859,46.9641090136404],[10.525685,46.963128]]]}},{"type":"Feature","properties":{"id":"SZ.17","parentId":"eastern-alps","level":"section","name":"Westliche Tauernalpen","names":{"en":"Western Tauern Alps","de":"Westliche Tauernalpen","fr":"Alpes des Taures occidentales","it":"Alpi dei Tauri Occidentali"},"provenance":{"source":"https://www.homoalpinus.com/alpes/subdivisions/soiusa/","creator":"Capleymar","kind":"supplied","names":{"version":"soiusa-area-names-v1","source":"https://www.homoalpinus.com/alpes/subdivisions/soiusa/tab_de/index.html","method":"SOIUSA multilingual nomenclature; display casing, accents and spelling normalized; broad-sense scope retained"}},"sourceFeatures":[{"index":16,"fields":{"Number":"17","Code":"SZ.17","Name":"Westliche Tauernalpen","Perimeter":"490.95 km","Enclosed_Area":"7863.4 sq km","Island_Area":"","Capleymar-Homoalpinus":"https://www.homoalpinus.com/alpes/subdivisions/soiusa/","Created_By":"Capleymar"}}],"geometryRef":"sections.geojson#SZ.17"},"geometry":{"type":"Polygon","coordinates":[[[12.552524,46.758168],[12.555486,46.759828],[12.559801,46.759553],[12.565742,46.760938],[12.569371,46.764546],[12.578355,46.769052],[12.587005,46.76718],[12.601601,46.769241],[12.642737,46.77957],[12.65199,46.780176],[12.657279,46.782836],[12.662969,46.781913],[12.681517,46.785308],[12.690883,46.785364],[12.709384,46.791194],[12.716568,46.791499],[12.722581,46.793694],[12.729934,46.793711],[12.737979,46.798551],[12.744508,46.800286],[12.753791,46.807166],[12.763534,46.824418],[12.776428,46.828698],[12.789079,46.822329],[12.798058,46.82164],[12.817882,46.815725],[12.837459,46.812182],[12.849417,46.803408],[12.872176,46.792115],[12.882781,46.783212],[12.911274,46.772021],[12.918857,46.766133],[12.932536,46.763616],[12.940554,46.7567],[12.950027,46.745324],[12.978866,46.748016],[12.986873,46.741263],[13.002786,46.739979],[13.007495,46.740905],[13.012814,46.738901],[13.022578,46.738221],[13.029241,46.734559],[13.044115,46.736845],[13.057517,46.7329],[13.071858,46.734233],[13.090998,46.732582],[13.100222,46.73459],[13.108231,46.738747],[13.122752,46.743556],[13.12722,46.742198],[13.134226,46.73491],[13.154089,46.738657],[13.176862,46.7359],[13.190163,46.739325],[13.212402,46.748927],[13.220971,46.748112],[13.229947,46.750107],[13.241604,46.747868],[13.249143,46.75062],[13.256978,46.750218],[13.265187,46.754617],[13.2777,46.751967],[13.289669,46.753894],[13.30235,46.752144],[13.323246,46.758318],[13.329269,46.758263],[13.337907,46.761735],[13.344389,46.771116],[13.345604,46.775702],[13.360497,46.797128],[13.358961,46.80535],[13.360212,46.81048],[13.34655,46.829199],[13.350718,46.832821],[13.361714,46.831705],[13.367744,46.826929],[13.377905,46.827473],[13.390004,46.824795],[13.402666,46.820186],[13.408784,46.820202],[13.420506,46.822794],[13.430233,46.820367],[13.447379,46.818485],[13.458351,46.812068],[13.469208,46.809711],[13.470547,46.80331],[13.466924,46.796434],[13.467881,46.793962],[13.483571,46.790761],[13.488678,46.783959],[13.490442,46.783243],[13.495598,46.784016],[13.499487,46.780954],[13.500123,46.789529],[13.497914,46.792361],[13.501126,46.799463],[13.499975,46.801639],[13.496366,46.80287],[13.496407,46.808195],[13.494216,46.810071],[13.492129,46.810139],[13.490351,46.813406],[13.496395,46.817417],[13.49613,46.822792],[13.492262,46.827546],[13.493008,46.831921],[13.49044,46.833112],[13.494281,46.833437],[13.497292,46.836981],[13.496863,46.839042],[13.500597,46.840318],[13.49923,46.843158],[13.503241,46.848414],[13.499977,46.851053],[13.501027,46.855389],[13.503733,46.856412],[13.501273,46.858741],[13.503629,46.859779],[13.504595,46.86336],[13.507065,46.864316],[13.506777,46.872429],[13.51397,46.87959],[13.515043,46.883706],[13.521041,46.8869],[13.519737,46.889612],[13.523791,46.890771],[13.531253,46.902124],[13.535489,46.903543],[13.543754,46.909344],[13.546747,46.908964],[13.547426,46.910348],[13.559429,46.914448],[13.563097,46.918159],[13.567728,46.918181],[13.571047,46.921255],[13.579732,46.922829],[13.586316,46.92897],[13.590815,46.92888],[13.591615,46.930614],[13.598923,46.932831],[13.606191,46.940485],[13.606994,46.944029],[13.610441,46.947509],[13.613081,46.957007],[13.619339,46.963987],[13.619806,46.968336],[13.621803,46.968777],[13.623556,46.978974],[13.621122,46.981036],[13.623048,46.984333],[13.618433,46.997324],[13.619135,47.000982],[13.617756,47.002744],[13.619627,47.004975],[13.617858,47.007618],[13.617972,47.011468],[13.613872,47.013777],[13.611237,47.019079],[13.604153,47.024119],[13.601645,47.028206],[13.605549,47.035077],[13.613594,47.041413],[13.617418,47.04659],[13.61309,47.063405],[13.622445,47.09221],[13.606155,47.091351],[13.606015,47.089349],[13.602088,47.088893],[13.603837,47.088875],[13.604599,47.087428],[13.600103,47.086646],[13.599647,47.084228],[13.596606,47.083381],[13.597083,47.081879],[13.594733,47.081094],[13.594085,47.082391],[13.591053,47.082218],[13.587926,47.079953],[13.586166,47.081426],[13.57929,47.07975],[13.577396,47.080787],[13.572949,47.080199],[13.563625,47.085368],[13.559166,47.085049],[13.553644,47.088124],[13.551546,47.08773],[13.544768,47.090528],[13.54269,47.089923],[13.536455,47.092564],[13.533834,47.09208],[13.526368,47.094317],[13.51992,47.093877],[13.514532,47.096328],[13.511399,47.095624],[13.501849,47.096723],[13.489056,47.102953],[13.476592,47.105718],[13.471965,47.107695],[13.471244,47.109654],[13.457017,47.112212],[13.453808,47.113781],[13.440427,47.113608],[13.438471,47.116171],[13.432096,47.117598],[13.419847,47.123511],[13.414762,47.127292],[13.408217,47.129496],[13.40583,47.131997],[13.398969,47.134051],[13.397553,47.136518],[13.39103,47.13881],[13.387082,47.14459],[13.376803,47.148821],[13.366654,47.144866],[13.35425,47.136737],[13.347185,47.137803],[13.335518,47.134784],[13.315952,47.139574],[13.31604,47.144313],[13.309739,47.147508],[13.295061,47.147151],[13.288779,47.145702],[13.278603,47.155982],[13.274604,47.163233],[13.267434,47.166228],[13.262745,47.166184],[13.243509,47.170924],[13.238982,47.174541],[13.229673,47.178479],[13.228204,47.180739],[13.224144,47.181047],[13.211193,47.191771],[13.209922,47.194905],[13.205333,47.198246],[13.203394,47.203167],[13.199726,47.206203],[13.199604,47.212336],[13.195462,47.226477],[13.198412,47.232064],[13.196253,47.238991],[13.199788,47.248215],[13.197252,47.252699],[13.198533,47.259933],[13.200429,47.263846],[13.209991,47.270621],[13.218499,47.283612],[13.212476,47.292722],[13.202229,47.298523],[13.199315,47.305378],[13.191355,47.309613],[13.18911,47.313111],[13.19213,47.31544],[13.188786,47.318757],[13.189428,47.320434],[13.181657,47.321976],[13.17941,47.320855],[13.174817,47.321161],[13.164042,47.323601],[13.160766,47.319745],[13.148171,47.319658],[13.142466,47.315721],[13.132952,47.316371],[13.128544,47.311343],[13.116565,47.309554],[13.107827,47.302805],[13.086736,47.299673],[13.074245,47.299069],[13.059815,47.296474],[13.051764,47.29701],[13.046652,47.298112],[13.041085,47.301219],[13.036716,47.301606],[13.035064,47.304313],[13.030167,47.306742],[13.022229,47.308047],[13.01375,47.305873],[13.008888,47.306532],[12.999371,47.301277],[12.995638,47.300882],[12.988067,47.296005],[12.981582,47.293989],[12.977365,47.294069],[12.974611,47.291786],[12.967635,47.289956],[12.959596,47.290024],[12.95168,47.292402],[12.946361,47.29233],[12.937229,47.291032],[12.933348,47.288531],[12.926285,47.2893],[12.924228,47.287413],[12.894412,47.288662],[12.884903,47.287554],[12.873046,47.283815],[12.858582,47.28313],[12.853302,47.283957],[12.845062,47.281862],[12.83801,47.284784],[12.82808,47.285811],[12.822526,47.287655],[12.816503,47.285319],[12.80385,47.283267],[12.782552,47.28216],[12.772871,47.283801],[12.76626,47.286995],[12.759855,47.288346],[12.748469,47.282662],[12.737001,47.279366],[12.7132,47.278202],[12.706844,47.278375],[12.696488,47.281354],[12.676559,47.284327],[12.664746,47.28186],[12.656606,47.285579],[12.650899,47.28475],[12.645565,47.280763],[12.630697,47.281927],[12.621874,47.279097],[12.61351,47.280519],[12.593825,47.280083],[12.585935,47.281307],[12.570417,47.279701],[12.511171,47.284271],[12.493854,47.282592],[12.474551,47.283945],[12.454804,47.283536],[12.44327,47.279002],[12.417273,47.27817],[12.397416,47.278817],[12.371838,47.272093],[12.357407,47.273245],[12.34643,47.268108],[12.334703,47.265792],[12.329301,47.260128],[12.323844,47.257282],[12.315527,47.256681],[12.301415,47.252835],[12.287766,47.251961],[12.269105,47.241961],[12.262638,47.241818],[12.252646,47.244249],[12.248337,47.243131],[12.227915,47.243455],[12.225294,47.244322],[12.218297,47.241911],[12.21148,47.24175],[12.198628,47.236759],[12.188607,47.239017],[12.181473,47.24261],[12.177929,47.242063],[12.170271,47.244763],[12.166007,47.244435],[12.164832,47.246271],[12.15767,47.247804],[12.15575,47.246824],[12.153942,47.248481],[12.149237,47.247654],[12.138423,47.249401],[12.130425,47.245289],[12.112258,47.240353],[12.110883,47.240929],[12.100658,47.23737],[12.095634,47.238016],[12.079444,47.236322],[12.070747,47.238179],[12.064022,47.237895],[12.055862,47.234821],[12.047396,47.227525],[12.039887,47.225483],[12.032692,47.225004],[12.03134,47.22232],[12.01984,47.21858],[12.016944,47.215998],[12.006889,47.213104],[12.005295,47.211019],[11.984696,47.209966],[11.976053,47.207764],[11.966036,47.210712],[11.953906,47.211821],[11.94561,47.215403],[11.937939,47.215286],[11.922907,47.218758],[11.919465,47.21787],[11.910617,47.221041],[11.907335,47.220939],[11.905253,47.222788],[11.887677,47.226327],[11.892826,47.228253],[11.895496,47.231629],[11.897747,47.241822],[11.8898,47.239877],[11.877081,47.23271],[11.876067,47.226185],[11.869415,47.219042],[11.868717,47.202605],[11.871021,47.198126],[11.866751,47.190994],[11.862241,47.172414],[11.85473,47.164803],[11.840931,47.159718],[11.838291,47.156756],[11.811244,47.148942],[11.796488,47.148806],[11.775399,47.152147],[11.77301,47.154388],[11.761896,47.159178],[11.747938,47.16109],[11.739261,47.160503],[11.726195,47.153773],[11.721516,47.149775],[11.71802,47.140787],[11.713711,47.137729],[11.709476,47.137538],[11.704062,47.134335],[11.703906,47.131445],[11.700277,47.126817],[11.695353,47.124091],[11.691161,47.119234],[11.683925,47.115301],[11.676123,47.107523],[11.67381,47.107673],[11.672549,47.109684],[11.669061,47.111162],[11.657986,47.110814],[11.654587,47.112827],[11.651709,47.113105],[11.645359653967,47.111231067946],[11.644316,47.110923],[11.64226,47.109444],[11.641438,47.105652],[11.6423650766115,47.103984744998],[11.644928,47.099375],[11.645544,47.095224],[11.644225,47.094353],[11.6384689166326,47.0945536881782],[11.636479,47.094623],[11.626695,47.092054],[11.623791,47.093344],[11.616461,47.101136],[11.605174,47.105695],[11.600223,47.104394],[11.594587,47.100736],[11.57968,47.086679],[11.56858,47.083009],[11.564386,47.079158],[11.558142,47.076962],[11.554583,47.073174],[11.549824,47.071967],[11.545557,47.072674],[11.540503,47.070693],[11.522556,47.068369],[11.517937,47.068547],[11.50877,47.06448],[11.498089,47.062304],[11.487461,47.06394],[11.485767,47.060796],[11.48458,47.055358],[11.485871,47.051394],[11.481972,47.040368],[11.478543,47.037614],[11.490105,47.029384],[11.499908,47.025687],[11.508523,47.006685],[11.493661,46.984475],[11.489979,46.981402],[11.478441,46.976209],[11.46732,46.968058],[11.461826,46.959946],[11.44462,46.94086],[11.444375,46.937231],[11.441817,46.935181],[11.449194,46.931836],[11.449333,46.926489],[11.445826,46.924732],[11.44506,46.922676],[11.446468,46.921869],[11.444501,46.919982],[11.442725,46.913519],[11.439121,46.912725],[11.431276,46.905956],[11.431131,46.900487],[11.445114,46.891137],[11.452478,46.879594],[11.4725178042367,46.8725195478155],[11.477981,46.87059],[11.48586,46.86977],[11.489912,46.866326],[11.487719,46.865387],[11.487933,46.864265],[11.495497,46.86359],[11.496924,46.861093],[11.497999,46.863398],[11.500864,46.862815],[11.503725,46.859797],[11.506183,46.86228],[11.508736,46.861631],[11.507986,46.860021],[11.515098,46.853971],[11.514934,46.851216],[11.51708,46.848114],[11.523214,46.846736],[11.524955,46.84298],[11.52784,46.841314],[11.530575,46.83595],[11.5317717381965,46.8349273464281],[11.534481,46.832612],[11.535441,46.827572],[11.538291,46.8249],[11.536514,46.822725],[11.540793,46.814041],[11.546995,46.814849],[11.550354,46.812613],[11.557879,46.812028],[11.564681,46.808868],[11.570028,46.809033],[11.577063,46.80514],[11.585258,46.804161],[11.589627,46.8014],[11.593245,46.801496],[11.596573,46.798645],[11.606508,46.794007],[11.61698,46.783703],[11.62469,46.77948],[11.632284,46.777902],[11.633508,46.77441],[11.638286,46.774722],[11.647231,46.766052],[11.650969,46.764838],[11.651729,46.761758],[11.64209,46.754863],[11.641044,46.749663],[11.646231,46.744066],[11.648408,46.73537],[11.652912,46.733271],[11.653857,46.727794],[11.658372,46.720386],[11.660574,46.712553],[11.661912,46.715804],[11.664777,46.717438],[11.671813,46.717405],[11.672465,46.720355],[11.675884,46.724117],[11.675691,46.728817],[11.679374,46.734754],[11.679301,46.737336],[11.68895,46.745197],[11.689712,46.748275],[11.693896,46.750214],[11.693774,46.754477],[11.696677,46.759299],[11.701036,46.761194],[11.700537,46.763759],[11.697341,46.766043],[11.698421,46.769776],[11.69553,46.771931],[11.691002,46.772219],[11.686501,46.769437],[11.681372,46.771389],[11.678819,46.776443],[11.681435,46.778285],[11.670938,46.784295],[11.667621,46.7908],[11.671408,46.797474],[11.681059,46.805629],[11.685835,46.811971],[11.699957,46.815886],[11.706913,46.815937],[11.711754,46.81335],[11.723355,46.810909],[11.730415,46.814477],[11.733801,46.814874],[11.739402,46.81434],[11.746877,46.810294],[11.761795,46.808816],[11.773816,46.809565],[11.781689,46.811722],[11.802151,46.810566],[11.811246,46.805459],[11.817934,46.807574],[11.826241,46.805747],[11.830535,46.807489],[11.843611,46.802525],[11.847368,46.798202],[11.856187,46.794547],[11.860775,46.788771],[11.870026,46.785566],[11.872689,46.786286],[11.873164,46.789155],[11.875389,46.79049],[11.878809,46.790336],[11.883033,46.788286],[11.885497,46.788621],[11.888114,46.785255],[11.890803,46.784416],[11.903042,46.784699],[11.919424,46.789373],[11.924041,46.794003],[11.928909,46.795307],[11.931301,46.797472],[11.937293,46.798372],[11.940264,46.795792],[11.944166,46.795235],[11.94983,46.791567],[11.951447,46.786937],[11.954807,46.784513],[11.956475,46.784958],[11.960603,46.782979],[11.966687,46.784423],[11.966473,46.786215],[11.968394,46.785714],[11.972775,46.788664],[11.982207,46.789606],[12.000754,46.785403],[12.002389,46.78325],[12.011999,46.780628],[12.013341,46.779418],[12.012541,46.775763],[12.014784,46.773499],[12.022475,46.772308],[12.025361,46.773771],[12.041284,46.768681],[12.042059,46.765854],[12.045851,46.764848],[12.046509,46.760992],[12.050144,46.761432],[12.051464,46.760145],[12.05363,46.760795],[12.06432,46.759326],[12.070014,46.76226],[12.074881,46.760699],[12.082686,46.762148],[12.084857,46.760178],[12.097717,46.760101],[12.099798,46.756426],[12.11778,46.750206],[12.124185,46.745149],[12.128605,46.745407],[12.150839,46.74009],[12.19416,46.735774],[12.201276,46.7309],[12.206698,46.730267],[12.216668,46.726583],[12.229406,46.724653],[12.25792,46.726747],[12.264269,46.729405],[12.27123,46.730186],[12.277462,46.733928],[12.282294,46.7352],[12.284596,46.735319],[12.302051,46.729101],[12.318784,46.727968],[12.32464,46.731135],[12.348057,46.735272],[12.354015,46.73756],[12.381638,46.743484],[12.393085,46.744319],[12.399486,46.743272],[12.431191,46.747606],[12.44225,46.745922],[12.465614,46.747856],[12.483857,46.74532],[12.505847,46.747892],[12.517886,46.752777],[12.528045,46.754395],[12.532523,46.754009],[12.5515022486804,46.757955637447],[12.552524,46.758168]]]}},{"type":"Feature","properties":{"id":"SZ.18","parentId":"eastern-alps","level":"section","name":"Östliche Tauern Alpen","names":{"en":"Eastern Tauern Alps","de":"Östliche Tauernalpen","fr":"Alpes des Taures orientales","it":"Alpi dei Tauri Orientali"},"provenance":{"source":"https://www.homoalpinus.com/alpes/subdivisions/soiusa/","creator":"Capleymar","kind":"supplied","names":{"version":"soiusa-area-names-v1","source":"https://www.homoalpinus.com/alpes/subdivisions/soiusa/tab_de/index.html","method":"SOIUSA multilingual nomenclature; display casing, accents and spelling normalized; broad-sense scope retained"}},"sourceFeatures":[{"index":17,"fields":{"Number":"18","Code":"SZ.18","Name":"Östliche Tauern Alpen","Perimeter":"383.93 km","Enclosed_Area":"4448.8 sq km","Island_Area":"","Capleymar-Homoalpinus":"https://www.homoalpinus.com/alpes/subdivisions/soiusa/","Created_By":"Capleymar"}}],"geometryRef":"sections.geojson#SZ.18"},"geometry":{"type":"Polygon","coordinates":[[[13.181657,47.321974],[13.189428,47.320434],[13.188786,47.318757],[13.1896518867081,47.3178981538896],[13.19213,47.31544],[13.18911,47.313111],[13.191355,47.309613],[13.199315,47.305378],[13.202229,47.298523],[13.212476,47.292722],[13.218499,47.283612],[13.209991,47.270621],[13.200429,47.263846],[13.198533,47.259933],[13.197252,47.252699],[13.199788,47.248215],[13.196253,47.238991],[13.198412,47.232064],[13.195462,47.226477],[13.199604,47.212336],[13.199726,47.206203],[13.203394,47.203167],[13.205333,47.198246],[13.209922,47.194905],[13.211193,47.191771],[13.224144,47.181047],[13.228204,47.180739],[13.229673,47.178479],[13.238982,47.174541],[13.243509,47.170924],[13.262745,47.166184],[13.267434,47.166228],[13.274604,47.163233],[13.278603,47.155982],[13.288779,47.145702],[13.295061,47.147151],[13.309739,47.147508],[13.31604,47.144313],[13.315952,47.139574],[13.3236978327512,47.1376782254365],[13.335518,47.134784],[13.347185,47.137803],[13.35425,47.136737],[13.366654,47.144866],[13.376803,47.148821],[13.387082,47.14459],[13.39103,47.13881],[13.397553,47.136518],[13.398969,47.134051],[13.40583,47.131997],[13.408217,47.129496],[13.414762,47.127292],[13.419847,47.123511],[13.432096,47.117598],[13.438471,47.116171],[13.440427,47.113608],[13.453808,47.113781],[13.457017,47.112212],[13.471244,47.109654],[13.471965,47.107695],[13.476592,47.105718],[13.489056,47.102953],[13.501849,47.096723],[13.511399,47.095624],[13.514532,47.096328],[13.51992,47.093877],[13.526368,47.094317],[13.533834,47.09208],[13.536455,47.092564],[13.54269,47.089923],[13.544768,47.090528],[13.551546,47.08773],[13.553644,47.088124],[13.559166,47.085049],[13.563625,47.085368],[13.572117,47.080389],[13.577396,47.080787],[13.57929,47.07975],[13.586166,47.081426],[13.587926,47.079953],[13.591053,47.082218],[13.596643,47.081583],[13.596606,47.083381],[13.599647,47.084228],[13.600103,47.086646],[13.604599,47.087428],[13.603837,47.088875],[13.602088,47.088893],[13.606015,47.089349],[13.606627,47.091464],[13.639068,47.093654],[13.645034,47.092266],[13.660801,47.09331],[13.68352,47.090012],[13.690367,47.087464],[13.703065,47.08999],[13.708015,47.089563],[13.713481,47.092137],[13.716047,47.096079],[13.723953,47.099615],[13.727052,47.104051],[13.735977,47.108781],[13.743055,47.109872],[13.74968,47.113387],[13.759389,47.115628],[13.765171,47.11981],[13.771504,47.120155],[13.780161,47.125857],[13.793434,47.127139],[13.803655,47.125559],[13.812043,47.121997],[13.816321,47.11374],[13.820943,47.096233],[13.819332,47.094501],[13.819965,47.091159],[13.812147,47.082944],[13.814083,47.080489],[13.813188,47.078159],[13.818334,47.077699],[13.824322,47.074535],[13.835478,47.076035],[13.849393,47.076117],[13.855178,47.073483],[13.860558,47.073759],[13.868255,47.071227],[13.874392,47.071782],[13.878826,47.068937],[13.882304,47.069536],[13.887791,47.067288],[13.89929,47.066662],[13.904332,47.067538],[13.911377,47.073018],[13.921915,47.075641],[13.923025,47.078808],[13.929805,47.079706],[13.933465,47.083764],[13.958366,47.086788],[13.966054,47.084872],[13.971335,47.084975],[13.987696,47.090207],[13.993427,47.089086],[13.996249,47.093762],[14.003627,47.093324],[14.009481,47.101622],[14.014215,47.102134],[14.017,47.108286],[14.01943,47.10894],[14.022132,47.107405],[14.030193,47.111663],[14.035914,47.110761],[14.046073,47.111688],[14.053454,47.108755],[14.062606,47.108873],[14.071091,47.104928],[14.073168,47.10572],[14.076783,47.104209],[14.083992,47.105535],[14.092823,47.103491],[14.100989,47.103086],[14.105682,47.101141],[14.105677,47.103482],[14.112599,47.105752],[14.123525,47.103925],[14.132433,47.107211],[14.140322,47.106152],[14.142544,47.111261],[14.151258,47.113846],[14.160686,47.113018],[14.164156,47.111756],[14.164472,47.109992],[14.181318,47.109546],[14.19883,47.105165],[14.2011,47.106054],[14.203289,47.110944],[14.211255,47.110983],[14.217959,47.113627],[14.222658,47.112586],[14.227345,47.119258],[14.226947,47.122677],[14.228398,47.124173],[14.233964,47.125844],[14.240673,47.125654],[14.2491,47.133274],[14.256152,47.134981],[14.263715,47.136203],[14.275679,47.134869],[14.283455,47.130997],[14.304452,47.136763],[14.326183,47.138884],[14.334197,47.134929],[14.345307,47.131718],[14.347424,47.131929],[14.350863,47.135035],[14.36452,47.137931],[14.369778,47.137922],[14.375938,47.13596],[14.383376,47.143641],[14.392172,47.146494],[14.397406,47.150679],[14.403645,47.152936],[14.403278,47.157024],[14.420246,47.157935],[14.42076,47.161437],[14.417596,47.164636],[14.423772,47.167973],[14.424125,47.169952],[14.421621,47.173328],[14.426754,47.177555],[14.429158,47.183711],[14.433163,47.185698],[14.436757,47.193099],[14.437391,47.19819],[14.448135,47.201724],[14.449052,47.203801],[14.452262,47.204761],[14.459239,47.211169],[14.470029,47.211384],[14.475507,47.213864],[14.482243,47.212469],[14.486376,47.208626],[14.492578,47.209165],[14.497324,47.212026],[14.51307,47.209886],[14.515935,47.207896],[14.517642,47.204144],[14.521327,47.20283],[14.529216,47.20981],[14.535142,47.208254],[14.542252,47.209718],[14.551597,47.20591],[14.559309,47.209335],[14.56714,47.206845],[14.567892,47.203267],[14.577608,47.202651],[14.582363,47.203933],[14.585976,47.199821],[14.585175,47.194542],[14.587133,47.192484],[14.59562,47.189197],[14.599531,47.190448],[14.602166,47.189459],[14.610352,47.182329],[14.617229,47.18411],[14.622111,47.180702],[14.622664,47.175614],[14.627593,47.177573],[14.631826,47.176247],[14.636772,47.177199],[14.650778,47.172619],[14.663889,47.172809],[14.669157,47.170015],[14.676748,47.171876],[14.676259,47.173144],[14.672112,47.174094],[14.670344,47.176403],[14.671743,47.180714],[14.68962,47.179527],[14.69358,47.177407],[14.702769,47.175979],[14.709952,47.178552],[14.711109,47.181103],[14.709416,47.184509],[14.712008,47.186359],[14.717788,47.183007],[14.722619,47.185143],[14.725349,47.184572],[14.725656,47.182969],[14.722272,47.180195],[14.723839,47.175116],[14.727128,47.172359],[14.732993,47.170711],[14.739795,47.174741],[14.739463,47.181538],[14.750337,47.183127],[14.754743,47.186531],[14.759963,47.186436],[14.7668,47.183099],[14.769689,47.182858],[14.7767,47.19062],[14.779401,47.190571],[14.782569,47.186697],[14.785817,47.186238],[14.78895,47.18779],[14.790651,47.191009],[14.801689,47.196552],[14.812174,47.19268],[14.819693,47.194754],[14.825358,47.198036],[14.844045,47.201022],[14.847021,47.203711],[14.846963,47.205459],[14.842129,47.211207],[14.842989,47.214745],[14.846627,47.21802],[14.842778,47.227428],[14.843455,47.230135],[14.840367,47.233913],[14.84146,47.237146],[14.845566,47.237409],[14.848941,47.235156],[14.851259,47.235138],[14.857255,47.240294],[14.864737,47.242814],[14.867129,47.247942],[14.871868,47.248802],[14.874592,47.251549],[14.885064,47.25437],[14.912209,47.252825],[14.913468,47.255644],[14.909788,47.261343],[14.911042,47.262308],[14.916276,47.261933],[14.917767,47.264009],[14.912448,47.265992],[14.913263,47.270889],[14.919719,47.278144],[14.93854,47.282193],[14.942418,47.284217],[14.944064,47.286121],[14.942925,47.299837],[14.949903,47.299219],[14.953437,47.302031],[14.954684,47.306477],[14.958206,47.310425],[14.954449,47.313369],[14.954911,47.315456],[14.957858,47.315414],[14.96225,47.3134],[14.964338,47.31384],[14.969959,47.321661],[14.977716,47.322896],[14.981467,47.330564],[14.98526,47.332724],[14.991446,47.332722],[14.997313,47.328642],[15.008671,47.33342],[15.018889,47.334551],[15.021429,47.333754],[15.020966,47.336118],[15.014105,47.339306],[15.013371,47.344258],[15.010025,47.348494],[15.008165,47.357104],[15.005047,47.362792],[14.993974,47.366169],[14.989663,47.369267],[14.983991,47.37094],[14.983807,47.37203],[14.974413,47.37293],[14.96257,47.376775],[14.958633,47.376373],[14.953907,47.378457],[14.947551,47.379319],[14.940502,47.387424],[14.936447,47.389957],[14.923277,47.390165],[14.920352,47.390923],[14.920693,47.392224],[14.919248,47.392648],[14.911289,47.38936],[14.908063,47.389687],[14.901533,47.387357],[14.89085,47.386538],[14.880268,47.389557],[14.878887,47.392035],[14.870733,47.393759],[14.869126,47.392617],[14.86267,47.395786],[14.85996,47.395033],[14.856278,47.395726],[14.854943,47.397218],[14.836569,47.394856],[14.832421,47.396278],[14.826709,47.395743],[14.816822,47.397235],[14.802563,47.401971],[14.797428,47.401162],[14.795327,47.402748],[14.790912,47.403143],[14.789226,47.40723],[14.779804,47.409922],[14.774992,47.415805],[14.766268,47.416969],[14.764163,47.418413],[14.754125,47.420572],[14.751419,47.423982],[14.746184,47.424346],[14.737993,47.422872],[14.734131,47.424329],[14.720035,47.425366],[14.710249,47.428749],[14.698835,47.435763],[14.689578,47.437416],[14.686039,47.442398],[14.676137,47.449497],[14.667298,47.44997],[14.664288,47.45331],[14.655091,47.456705],[14.647888,47.461665],[14.638366,47.46567],[14.636331,47.468017],[14.609837,47.469586],[14.608003,47.471682],[14.601031,47.473545],[14.595082,47.47198],[14.59167,47.472357],[14.584699,47.475241],[14.576489,47.47613],[14.56248,47.482467],[14.555355,47.481883],[14.540489,47.483847],[14.531391,47.483632],[14.525852,47.486029],[14.505492,47.489305],[14.489668,47.497442],[14.472154,47.4973],[14.467431,47.501154],[14.464958,47.505447],[14.455735,47.509035],[14.437346,47.51136],[14.430868,47.511146],[14.423699,47.51426],[14.368808,47.525478],[14.365801,47.527445],[14.354434,47.526712],[14.352173,47.52521],[14.344114,47.525648],[14.333842,47.526789],[14.327421,47.530279],[14.313623,47.532638],[14.308472,47.53589],[14.305874,47.548119],[14.330845,47.570916],[14.334415,47.571508],[14.336628,47.573347],[14.331277,47.574486],[14.326577,47.572315],[14.31917,47.572706],[14.31334,47.570556],[14.309593,47.565879],[14.292582,47.557903],[14.286012,47.561618],[14.283164,47.561823],[14.267168,47.554301],[14.247607,47.551849],[14.207112,47.555555],[14.180187,47.544935],[14.152423,47.545345],[14.144151,47.544311],[14.134927,47.539563],[14.12074,47.52911],[14.111359,47.525352],[14.104241,47.524137],[14.095442,47.526523],[14.092498,47.526113],[14.087059,47.515309],[14.079434,47.508476],[14.068657,47.506412],[14.061162,47.507375],[14.048389,47.505969],[14.033441,47.491194],[14.023334,47.48772],[14.015675,47.488448],[14.013095,47.48714],[14.001379,47.477282],[14.001103,47.470602],[13.981923,47.462538],[13.97922,47.458332],[13.965182,47.456118],[13.94815,47.448971],[13.944591,47.443714],[13.93714,47.443154],[13.93129,47.43748],[13.910678,47.428813],[13.908196,47.428577],[13.899857,47.431306],[13.890926,47.430691],[13.881197,47.425652],[13.875118,47.425728],[13.864443,47.419988],[13.854209,47.419512],[13.84494,47.42325],[13.83622,47.417198],[13.817501,47.421379],[13.804568,47.419309],[13.795096,47.419669],[13.788227,47.417212],[13.783434,47.418924],[13.776491,47.417793],[13.771171,47.418274],[13.759404,47.413758],[13.756546,47.411142],[13.739895,47.410635],[13.732035,47.408455],[13.726296,47.405286],[13.717487,47.404059],[13.714783,47.401868],[13.699534,47.396636],[13.695253,47.398264],[13.687706,47.397604],[13.682017,47.39168],[13.67499,47.392642],[13.660453,47.388922],[13.655426,47.389376],[13.650926,47.38773],[13.641176,47.38831],[13.638119,47.387379],[13.634067,47.389062],[13.622623,47.387553],[13.618036,47.388597],[13.61094,47.386331],[13.600658,47.387763],[13.591312,47.392362],[13.58244,47.399355],[13.577141,47.401462],[13.57118,47.401718],[13.549963,47.399997],[13.536501,47.396361],[13.520059,47.395062],[13.513035,47.392851],[13.505146,47.388024],[13.496701,47.385473],[13.482727,47.385905],[13.43897757826,47.3792233930349],[13.436582,47.378857],[13.430719,47.379764],[13.405117,47.390557],[13.399162,47.3891],[13.395869,47.385776],[13.391421,47.376844],[13.39319,47.373862],[13.385062,47.362231],[13.369515,47.361458],[13.353516,47.357926],[13.343899,47.359151],[13.338737,47.357023],[13.324685,47.354468],[13.317725,47.34977],[13.312077,47.347723],[13.301952,47.335411],[13.29442,47.333547],[13.292044,47.333747],[13.291577,47.335087],[13.286634,47.334666],[13.284332,47.336048],[13.265211,47.336084],[13.261008,47.333692],[13.243372,47.333776],[13.236032,47.330286],[13.229341,47.33008],[13.213246,47.335919],[13.207875,47.342027],[13.204879,47.341884],[13.19591,47.345117],[13.19338,47.340151],[13.198147,47.337118],[13.195593,47.33474],[13.190247,47.333476],[13.187967,47.328234],[13.182226,47.327712],[13.181657,47.321974]]]}},{"type":"Feature","properties":{"id":"SZ.19","parentId":"eastern-alps","level":"section","name":"Steirische-Kärntnerishe Alpen","names":{"en":"Carinthian-Styrian Alps","de":"Steirisch-Kärntnerische Alpen","fr":"Alpes de Styrie et de Carinthie","it":"Alpi di Stiria e Carinzia"},"provenance":{"source":"https://www.homoalpinus.com/alpes/subdivisions/soiusa/","creator":"Capleymar","kind":"supplied","names":{"version":"soiusa-area-names-v1","source":"https://www.homoalpinus.com/alpes/subdivisions/soiusa/tab_de/index.html","method":"SOIUSA multilingual nomenclature; display casing, accents and spelling normalized; broad-sense scope retained"}},"sourceFeatures":[{"index":18,"fields":{"Number":"19","Code":"SZ.19","Name":"Steirische-Kärntnerishe Alpen","Perimeter":"437.95 km","Enclosed_Area":"4695.6 sq km","Island_Area":"47.784 sq km","Capleymar-Homoalpinus":"https://www.homoalpinus.com/alpes/subdivisions/soiusa/","Created_By":"Capleymar"}}],"geometryRef":"sections.geojson#SZ.19"},"geometry":{"type":"Polygon","coordinates":[[[14.4217347032986,47.1669764933987],[14.417545,47.164296],[14.42076,47.161438],[14.420246,47.157936],[14.403278,47.157026],[14.403645,47.152938],[14.397406,47.150681],[14.392172,47.146495],[14.383376,47.143641],[14.375938,47.135961],[14.369778,47.137924],[14.36452,47.137933],[14.350863,47.135036],[14.347425,47.13193],[14.345307,47.131718],[14.334198,47.13493],[14.326183,47.138886],[14.304452,47.136763],[14.283455,47.130999],[14.275679,47.134871],[14.263715,47.136204],[14.256153,47.134982],[14.249101,47.133276],[14.240674,47.125656],[14.233965,47.125846],[14.228398,47.124174],[14.226948,47.122678],[14.227346,47.119259],[14.222659,47.112586],[14.21796,47.113627],[14.211256,47.110984],[14.203289,47.110946],[14.201101,47.106056],[14.198831,47.105167],[14.181319,47.109546],[14.164472,47.109993],[14.164157,47.111758],[14.164070986472,47.1117892751312],[14.160686,47.11302],[14.151259,47.113848],[14.142544,47.111262],[14.140322,47.106152],[14.132434,47.107212],[14.123526,47.103927],[14.1126,47.105754],[14.105677,47.103484],[14.105682,47.101142],[14.100989,47.103086],[14.092823,47.103492],[14.083992,47.105537],[14.076784,47.104211],[14.073168,47.105722],[14.071092,47.10493],[14.062607,47.108874],[14.053454,47.108756],[14.046074,47.111689],[14.035914,47.110763],[14.030194,47.111665],[14.022132,47.107406],[14.01943,47.108941],[14.017,47.108286],[14.014215,47.102135],[14.009481,47.101623],[14.003627,47.093326],[13.996249,47.093764],[13.993427,47.089088],[13.987696,47.090209],[13.971335,47.084975],[13.966055,47.084873],[13.958366,47.08679],[13.933465,47.083765],[13.929806,47.079707],[13.923026,47.078809],[13.921916,47.075643],[13.911378,47.07302],[13.904333,47.067539],[13.900227,47.066758],[13.887791,47.067289],[13.882304,47.069538],[13.878826,47.068939],[13.874393,47.071784],[13.868255,47.071228],[13.860558,47.07376],[13.855179,47.073484],[13.849393,47.076117],[13.835478,47.076037],[13.824323,47.074536],[13.818335,47.0777],[13.813189,47.078159],[13.814083,47.08049],[13.812147,47.082944],[13.819965,47.091161],[13.819332,47.094502],[13.820943,47.096235],[13.816322,47.113741],[13.812044,47.121997],[13.803655,47.12556],[13.793435,47.127141],[13.780161,47.125858],[13.771504,47.120156],[13.765172,47.119811],[13.759389,47.115629],[13.749681,47.113389],[13.743055,47.109873],[13.735977,47.108782],[13.727052,47.104051],[13.723953,47.099616],[13.716047,47.096081],[13.713481,47.092139],[13.708015,47.089564],[13.703065,47.089992],[13.690367,47.087464],[13.683519,47.090013],[13.661674,47.09329],[13.645034,47.092266],[13.639068,47.093655],[13.622445,47.092212],[13.61309,47.063406],[13.617418,47.046591],[13.613594,47.041414],[13.605549,47.035077],[13.601645,47.028206],[13.604153,47.02412],[13.611237,47.01908],[13.613872,47.013778],[13.617972,47.011469],[13.617858,47.007619],[13.619627,47.004977],[13.617756,47.002746],[13.619135,47.000984],[13.618433,46.997326],[13.623048,46.984335],[13.621122,46.981038],[13.623556,46.978976],[13.621803,46.968779],[13.619806,46.968338],[13.619339,46.963989],[13.613081,46.957008],[13.610441,46.94751],[13.606994,46.944029],[13.606191,46.940485],[13.598923,46.932832],[13.591615,46.930615],[13.590815,46.928881],[13.586316,46.928972],[13.579732,46.922831],[13.571047,46.921256],[13.567728,46.918181],[13.563097,46.91816],[13.559429,46.914449],[13.547426,46.91035],[13.546747,46.908965],[13.543754,46.909346],[13.535489,46.903545],[13.531253,46.902125],[13.523791,46.890771],[13.519738,46.889613],[13.521041,46.886901],[13.515043,46.883708],[13.51397,46.879592],[13.506777,46.872431],[13.507065,46.864318],[13.504595,46.863361],[13.503629,46.859781],[13.501273,46.858743],[13.503733,46.856414],[13.501027,46.855391],[13.499977,46.851055],[13.503241,46.848416],[13.49923,46.84316],[13.500597,46.84032],[13.496863,46.839044],[13.497292,46.836982],[13.494281,46.833438],[13.49044,46.833114],[13.493008,46.831923],[13.492262,46.827548],[13.49613,46.822794],[13.496395,46.817419],[13.490351,46.813407],[13.492129,46.81014],[13.494216,46.810072],[13.496407,46.808197],[13.496366,46.802872],[13.499975,46.80164],[13.501126,46.799465],[13.497914,46.792362],[13.500123,46.78953],[13.499487,46.780955],[13.501411,46.779792],[13.50906,46.779459],[13.52128,46.774461],[13.531677,46.774392],[13.540984,46.771219],[13.551431,46.770619],[13.555635,46.765724],[13.562242,46.761654],[13.56799,46.751597],[13.593552,46.742701],[13.608063,46.742459],[13.613962,46.736646],[13.620778,46.734312],[13.63614,46.722887],[13.650808,46.720107],[13.66317,46.713915],[13.681001,46.700818],[13.685711,46.694731],[13.689018,46.694366],[13.695516,46.696385],[13.699411,46.694749],[13.701712,46.688201],[13.697519,46.681331],[13.700511,46.6778],[13.709271,46.676539],[13.717633,46.672091],[13.729597,46.668631],[13.745466,46.667087],[13.748448,46.662441],[13.763574,46.661956],[13.765271,46.653595],[13.774841,46.649862],[13.77704,46.649641],[13.782544,46.652345],[13.789078,46.650673],[13.79546,46.650622],[13.80147,46.643468],[13.811061,46.638724],[13.826339,46.634439],[13.830427,46.632251],[13.834129,46.627307],[13.833957,46.620926],[13.836264,46.616865],[13.839482,46.615589],[13.846724,46.616244],[13.852593,46.61015],[13.85697,46.608013],[13.861047,46.608655],[13.868204,46.614684],[13.874308,46.616195],[13.879029,46.615339],[13.881926,46.617002],[13.880728,46.621101],[13.876324,46.625173],[13.876033,46.631769],[13.877085,46.633378],[13.880357,46.633558],[13.889002,46.644583],[13.894444,46.639812],[13.899033,46.628659],[13.910398,46.623625],[13.9197238132086,46.6243313498941],[13.9392,46.625804],[13.954201,46.628556],[13.961231,46.632489],[13.97252,46.633382],[13.977496,46.631057],[13.980674,46.625411],[13.990096,46.620758],[13.995616,46.619862],[14.010249,46.621537],[14.01328,46.625373],[14.026667,46.623129],[14.054654,46.624523],[14.063717,46.622806],[14.072706,46.622985],[14.089555,46.625912],[14.093977,46.628021],[14.101088,46.628545],[14.100678,46.62953],[14.107103,46.632418],[14.11084,46.632037],[14.130005,46.636718],[14.136306,46.636352],[14.138628,46.633795],[14.142349,46.633876],[14.143769,46.6285],[14.14606,46.628686],[14.144745,46.630139],[14.148105,46.633421],[14.15215,46.634349],[14.156341,46.633591],[14.159143,46.63104],[14.158757,46.629926],[14.156812,46.630132],[14.15801,46.628552],[14.160938,46.627434],[14.173127,46.626946],[14.177474,46.625112],[14.177725,46.623651],[14.171502,46.621484],[14.173067,46.619713],[14.177479,46.618739],[14.189198,46.619816],[14.19031,46.618985],[14.18916,46.617132],[14.190818,46.616084],[14.198796,46.617681],[14.201906,46.620275],[14.204587,46.619903],[14.204361,46.618711],[14.208031,46.61995],[14.210058,46.619185],[14.215132,46.619922],[14.223364,46.622993],[14.225674,46.625888],[14.231856,46.627159],[14.279607,46.625443],[14.292332,46.627619],[14.294264,46.630194],[14.293221,46.63307],[14.294271,46.638112],[14.288889,46.642873],[14.285013,46.650101],[14.280124,46.653616],[14.26261,46.656881],[14.25986,46.662265],[14.260445,46.666498],[14.26937,46.668238],[14.283603,46.666659],[14.297154,46.669139],[14.304377,46.671193],[14.319249,46.682825],[14.338448,46.688525],[14.345509,46.693663],[14.348168,46.699106],[14.360685,46.709979],[14.361324,46.716338],[14.364059,46.722369],[14.369423,46.727067],[14.376683,46.729724],[14.379586,46.733488],[14.383642,46.734978],[14.386287,46.740591],[14.383475,46.746558],[14.38772,46.751268],[14.388341,46.754818],[14.38476,46.760281],[14.379887,46.762746],[14.374881,46.763343],[14.365419,46.76139],[14.358104,46.758049],[14.35174,46.762735],[14.353517,46.76995],[14.349454,46.772214],[14.34874,46.774154],[14.345905,46.774221],[14.328882,46.780204],[14.325091,46.785891],[14.328851,46.789337],[14.337156,46.790706],[14.33984,46.792692],[14.351101,46.795992],[14.352106,46.801047],[14.360182,46.80953],[14.373072,46.813802],[14.383075,46.822011],[14.390847,46.824137],[14.398657,46.828919],[14.402439,46.833831],[14.404901,46.845779],[14.407679,46.849779],[14.427263,46.850969],[14.433859,46.855387],[14.43457,46.853353],[14.431653,46.848824],[14.430938,46.842438],[14.429344,46.841221],[14.425638,46.84099],[14.424719,46.837892],[14.428517,46.834051],[14.432706,46.834728],[14.44232,46.839891],[14.449455,46.83789],[14.452554,46.838001],[14.454684,46.839492],[14.457019,46.837566],[14.455672,46.829168],[14.453162,46.827613],[14.447927,46.829487],[14.444282,46.828474],[14.447737,46.823921],[14.444285,46.821902],[14.44331,46.814112],[14.451067,46.809336],[14.450012,46.807057],[14.454397,46.806595],[14.462569,46.809368],[14.46329,46.804381],[14.470708,46.803494],[14.467088,46.801028],[14.470343,46.799511],[14.470214,46.797867],[14.465598,46.793501],[14.466721,46.790071],[14.471754,46.7893],[14.474154,46.78705],[14.473928,46.785565],[14.469742,46.783136],[14.474553,46.78204],[14.475732,46.77828],[14.47052,46.771896],[14.476322,46.768562],[14.474274,46.766136],[14.46935,46.765506],[14.467424,46.763039],[14.473798,46.759801],[14.478591,46.760977],[14.481499,46.758985],[14.488716,46.761846],[14.493714,46.761197],[14.497327,46.753502],[14.504677,46.753463],[14.514022,46.745856],[14.528153,46.748278],[14.532048,46.747305],[14.533054,46.74442],[14.531541,46.740618],[14.532967,46.739711],[14.535326,46.740974],[14.532129,46.737816],[14.528944,46.736723],[14.531094,46.732159],[14.530379,46.727634],[14.537333,46.724701],[14.548598,46.72422],[14.561024,46.717074],[14.569513,46.700546],[14.578891,46.700301],[14.584945,46.702458],[14.595634,46.702507],[14.610459,46.699897],[14.631894,46.691716],[14.665741,46.696282],[14.699051,46.691313],[14.701868,46.692428],[14.704153,46.698531],[14.70989,46.702032],[14.729304,46.702772],[14.733005,46.706912],[14.741015,46.705151],[14.743818,46.703242],[14.743212,46.700938],[14.747479,46.696075],[14.755456,46.691038],[14.763161,46.689985],[14.768014,46.682932],[14.776357,46.678166],[14.775646,46.673407],[14.771736,46.667118],[14.772237,46.655502],[14.768295,46.649107],[14.768793,46.645457],[14.772221,46.643018],[14.771773,46.635034],[14.7751975414931,46.6334442009805],[14.77657,46.632807],[14.785996,46.632728],[14.799317,46.641272],[14.812671,46.646755],[14.818083,46.647536],[14.826225,46.645918],[14.836504,46.647918],[14.840274,46.653692],[14.841593,46.665719],[14.845234,46.668219],[14.854577,46.668059],[14.869819,46.660539],[14.874106,46.654028],[14.88269,46.64867],[14.887153,46.647721],[14.897358,46.652258],[14.903997,46.651836],[14.919855,46.654013],[14.936116,46.64482],[14.943915,46.638777],[14.94182,46.643529],[14.942592,46.645486],[14.949416,46.650086],[14.955136,46.65102],[14.956768,46.649527],[14.958179,46.651899],[14.957181,46.653893],[14.953361,46.654707],[14.95089,46.659133],[14.942574,46.664715],[14.934486,46.668146],[14.924075,46.675635],[14.91428,46.679164],[14.907083,46.68987],[14.907921,46.694027],[14.906493,46.696527],[14.893888,46.701139],[14.887279,46.700681],[14.880855,46.701957],[14.871717,46.707373],[14.869903,46.71232],[14.864905,46.715062],[14.859395,46.722758],[14.859872,46.724497],[14.854999,46.726453],[14.852512,46.729638],[14.852802,46.731763],[14.848565,46.736128],[14.843962,46.740472],[14.8345819752103,46.745590681234],[14.830976,46.747558],[14.829125,46.750291],[14.831138,46.759423],[14.827235,46.765811],[14.834616,46.774188],[14.836564,46.788983],[14.840802,46.798746],[14.842362,46.814146],[14.839724,46.820752],[14.840851,46.829346],[14.838748,46.832866],[14.845648,46.843009],[14.846323,46.849447],[14.854469,46.854914],[14.85578,46.857844],[14.862167,46.860258],[14.866474,46.864152],[14.869654,46.864394],[14.871394,46.866121],[14.875249,46.867076],[14.876492,46.872751],[14.866127,46.884512],[14.866567,46.888833],[14.870362,46.891965],[14.870177,46.894881],[14.859592,46.899776],[14.851404,46.900106],[14.84403,46.89831],[14.841725,46.903044],[14.844302,46.909671],[14.841839,46.91453],[14.843938,46.91714],[14.84204,46.919031],[14.842644,46.921159],[14.837062,46.920913],[14.833871,46.92374],[14.830351,46.930652],[14.819374,46.944209],[14.820543,46.946069],[14.80993,46.951627],[14.807344,46.951537],[14.805171,46.953453],[14.789427,46.958539],[14.786366,46.962103],[14.783399,46.970304],[14.778136,46.975555],[14.777097,46.983147],[14.768116,46.989741],[14.765968,46.989985],[14.765641,46.991521],[14.762927,46.992197],[14.761959,46.995494],[14.755227,46.999976],[14.747873,47.007993],[14.737501,47.014211],[14.73079,47.0149],[14.729002,47.016183],[14.723729,47.04019],[14.720319,47.043568],[14.712793,47.047426],[14.712187,47.05026],[14.693768,47.068095],[14.693142,47.07119],[14.695496,47.074951],[14.69453,47.077183],[14.683604,47.089143],[14.685117,47.094171],[14.694925,47.098963],[14.699382,47.103432],[14.703085,47.104249],[14.707195,47.113008],[14.719007,47.11839],[14.721473,47.120748],[14.723474,47.121079],[14.725525,47.119621],[14.73121,47.123641],[14.732401,47.122285],[14.737303,47.122804],[14.7370959607584,47.1260792189325],[14.736972,47.12804],[14.741082,47.130529],[14.738443,47.134048],[14.742768,47.139787],[14.74172,47.145824],[14.743125,47.147034],[14.740666,47.151274],[14.741802,47.155448],[14.739185,47.157439],[14.740958,47.158689],[14.739546,47.160686],[14.740106,47.163881],[14.750855,47.16512],[14.752276,47.167995],[14.749152,47.16849],[14.753762,47.170607],[14.753407,47.172789],[14.755919,47.174599],[14.754882,47.176468],[14.757664,47.179824],[14.767925,47.182833],[14.759964,47.186437],[14.756394,47.186762],[14.753521,47.186192],[14.750337,47.183127],[14.740558,47.182196],[14.738712,47.180319],[14.74067,47.177336],[14.739796,47.174743],[14.73232,47.170664],[14.727129,47.172361],[14.72384,47.175118],[14.722273,47.180196],[14.725657,47.182971],[14.72535,47.184574],[14.72262,47.185144],[14.717789,47.183008],[14.712009,47.186359],[14.709417,47.18451],[14.711109,47.181103],[14.709953,47.178552],[14.70277,47.17598],[14.693581,47.177409],[14.689621,47.179529],[14.671743,47.180714],[14.670345,47.176403],[14.672113,47.174094],[14.67626,47.173145],[14.676749,47.171876],[14.668534,47.169985],[14.66389,47.17281],[14.650779,47.172621],[14.636773,47.1772],[14.631826,47.176248],[14.627593,47.177573],[14.622665,47.175615],[14.622111,47.180703],[14.617229,47.184112],[14.610352,47.182331],[14.602166,47.189461],[14.599532,47.190449],[14.59562,47.189198],[14.587133,47.192484],[14.585175,47.194543],[14.585976,47.199822],[14.582363,47.203934],[14.577608,47.202652],[14.567892,47.203269],[14.56714,47.206847],[14.559309,47.209336],[14.551597,47.20591],[14.542252,47.209719],[14.535142,47.208256],[14.528358,47.20973],[14.521969,47.202796],[14.517642,47.204145],[14.515935,47.207897],[14.51307,47.209887],[14.497324,47.212027],[14.492578,47.209167],[14.486376,47.208628],[14.482243,47.212471],[14.475507,47.213865],[14.470029,47.211385],[14.459239,47.21117],[14.452262,47.204763],[14.449053,47.203803],[14.448135,47.201726],[14.437778,47.19849],[14.433163,47.185699],[14.429158,47.183712],[14.426754,47.177555],[14.421621,47.173328],[14.424035,47.168448],[14.4217347032986,47.1669764933987]]]}},{"type":"Feature","properties":{"id":"SZ.20","parentId":"eastern-alps","level":"section","name":"Steirisches Randgebirge","names":{"en":"Styrian Prealps","de":"Steirisches Randgebirge","fr":"Préalpes styriennes","it":"Prealpi di Stiria"},"provenance":{"source":"https://www.homoalpinus.com/alpes/subdivisions/soiusa/","creator":"Capleymar","kind":"supplied","names":{"version":"soiusa-area-names-v1","source":"https://www.homoalpinus.com/alpes/subdivisions/soiusa/tab_de/index.html","method":"SOIUSA multilingual nomenclature; display casing, accents and spelling normalized; broad-sense scope retained"}},"sourceFeatures":[{"index":19,"fields":{"Number":"20","Code":"SZ.20","Name":"Steirisches Randgebirge","Perimeter":"766.42 km","Enclosed_Area":"6664.9 sq km","Island_Area":"","Capleymar-Homoalpinus":"https://www.homoalpinus.com/alpes/subdivisions/soiusa/","Created_By":"Capleymar"}}],"geometryRef":"sections.geojson#SZ.20"},"geometry":{"type":"Polygon","coordinates":[[[16.4109976536343,47.5347574345246],[16.412028,47.536256],[16.416992,47.549666],[16.417227,47.553161],[16.412483,47.567068],[16.414453,47.576638],[16.412965,47.583897],[16.39235,47.59604],[16.387717,47.600964],[16.380147,47.605508],[16.375152,47.611968],[16.387673,47.61993],[16.395517,47.622176],[16.418843,47.624999],[16.436893,47.624933],[16.439074,47.62351],[16.445054,47.61233],[16.453808,47.602676],[16.46547,47.598826],[16.473069,47.592196],[16.477766,47.589889],[16.49709,47.589457],[16.505721,47.592345],[16.50703,47.595645],[16.510691,47.597663],[16.549333,47.604916],[16.562206,47.612974],[16.574143,47.618008],[16.582966,47.632454],[16.58516,47.64146],[16.583034,47.647762],[16.584234,47.655146],[16.589923,47.666774],[16.578392,47.671884],[16.563501,47.673764],[16.559216,47.675513],[16.541438,47.678453],[16.536514,47.682637],[16.526855,47.68673],[16.514644,47.688539],[16.510578,47.687644],[16.504102,47.683755],[16.488429,47.682008],[16.486364,47.683324],[16.484858,47.693805],[16.480159,47.697158],[16.449171,47.707371],[16.441567,47.707678],[16.438029,47.711453],[16.432402,47.713798],[16.42664,47.710791],[16.425734,47.706622],[16.42209,47.705296],[16.41571,47.70562],[16.412635,47.706919],[16.410029,47.710115],[16.405608,47.710976],[16.393248,47.709865],[16.387768,47.71205],[16.38227,47.720037],[16.375358,47.726759],[16.372815,47.731758],[16.370835,47.758492],[16.378761,47.780642],[16.37944,47.789698],[16.366007,47.801877],[16.360283,47.81243],[16.352284,47.817761],[16.342444,47.818696],[16.315689,47.804644],[16.311054,47.803333],[16.304016,47.79622],[16.296014,47.792357],[16.284314,47.788846],[16.27564,47.7808],[16.262877,47.757995],[16.25082,47.748318],[16.241079,47.741879],[16.229582,47.736398],[16.220784,47.728805],[16.213675,47.726998],[16.20876,47.721611],[16.20527,47.721218],[16.199193,47.722886],[16.18542,47.721062],[16.185421,47.715273],[16.179711,47.709421],[16.163724,47.708261],[16.146602,47.708724],[16.131869,47.711215],[16.107123,47.710885],[16.102544,47.711553],[16.09376,47.721099],[16.087384,47.724187],[16.06866,47.725812],[16.054152,47.724646],[16.047807,47.718399],[16.04334,47.716778],[16.042776,47.713017],[16.031448,47.709369],[16.01253,47.693268],[15.991602,47.68878],[15.980349,47.680405],[15.971343,47.67701],[15.957185,47.673779],[15.953583,47.674144],[15.948846,47.676952],[15.933029,47.675771],[15.931238,47.674778],[15.931362,47.672148],[15.933655,47.669889],[15.932046,47.667424],[15.926195,47.666193],[15.92396,47.663428],[15.915941,47.660117],[15.908131,47.659921],[15.902479,47.657943],[15.890065,47.659568],[15.883079,47.658057],[15.873631,47.659765],[15.868833,47.650695],[15.86407,47.64716],[15.857433,47.644926],[15.851575,47.639892],[15.842897,47.635341],[15.83766,47.633683],[15.830268,47.633211],[15.804283,47.62263],[15.8022677564968,47.6222911232509],[15.777108,47.618057],[15.771312,47.615045],[15.759898,47.613966],[15.753911,47.615894],[15.744616,47.613192],[15.73078,47.604753],[15.727746,47.599497],[15.716367,47.601648],[15.711189,47.605897],[15.700534,47.604404],[15.696579,47.606403],[15.690147,47.607583],[15.67441,47.606505],[15.664969,47.598787],[15.663693,47.594324],[15.661539,47.592424],[15.654199,47.589469],[15.652588,47.587093],[15.654389,47.583958],[15.646907,47.583309],[15.642619,47.579761],[15.631413,47.57468],[15.629998,47.572415],[15.621665,47.571569],[15.614336,47.567146],[15.609607,47.566166],[15.606869,47.563015],[15.607468,47.559502],[15.600171,47.55878],[15.597289,47.560889],[15.592454,47.559198],[15.589338,47.562532],[15.584193,47.562554],[15.577891,47.557616],[15.565648,47.555982],[15.565359,47.552177],[15.553834,47.544718],[15.550097,47.5451],[15.55065,47.547509],[15.54688,47.550516],[15.543004,47.549767],[15.536605,47.551721],[15.534225,47.548174],[15.526529,47.549588],[15.515235,47.539988],[15.514957,47.537533],[15.509912,47.53648],[15.505987,47.536975],[15.500921,47.535321],[15.497451,47.535783],[15.496179,47.532898],[15.492518,47.531934],[15.494665,47.528286],[15.492007,47.528216],[15.490402,47.526465],[15.478937,47.525556],[15.473797,47.526295],[15.470637,47.524821],[15.464344,47.524443],[15.465124,47.521771],[15.470871,47.516006],[15.470382,47.514376],[15.46529,47.512038],[15.460837,47.512699],[15.452956,47.511142],[15.451654,47.504432],[15.442592,47.49805],[15.43986,47.498743],[15.439236,47.501333],[15.436786,47.502257],[15.430431,47.499629],[15.421304,47.498757],[15.417905,47.493134],[15.413082,47.489769],[15.407145,47.489179],[15.397115,47.479851],[15.391892,47.481112],[15.390002,47.480547],[15.38897,47.475946],[15.378587,47.46917],[15.378419,47.466421],[15.360094,47.463326],[15.355033,47.465994],[15.349556,47.466333],[15.339292,47.463446],[15.3331,47.458775],[15.323431,47.459024],[15.322351,47.456782],[15.327501,47.453337],[15.327737,47.450226],[15.312974,47.447616],[15.308865,47.444242],[15.297589,47.445403],[15.294871,47.44184],[15.287278,47.440671],[15.28892,47.434161],[15.281742,47.437128],[15.273383,47.431842],[15.269233,47.430772],[15.269007,47.429248],[15.273191,47.427243],[15.274368,47.424571],[15.279839,47.42042],[15.280268,47.418418],[15.277923,47.414924],[15.273707,47.413241],[15.275539,47.409633],[15.254318,47.40565],[15.247832,47.402425],[15.241197,47.403467],[15.234823,47.399993],[15.231267,47.401347],[15.227986,47.405105],[15.213612,47.40752],[15.210642,47.412077],[15.206736,47.413246],[15.201393,47.411465],[15.193071,47.404942],[15.1881391765296,47.4031036570789],[15.186021,47.402314],[15.175564,47.403375],[15.155384,47.398148],[15.149972,47.400736],[15.148074,47.397399],[15.137892,47.392435],[15.126396,47.393635],[15.129074,47.3915],[15.128631,47.386664],[15.104976,47.388282],[15.103297,47.385332],[15.104677,47.380945],[15.102331,47.379474],[15.099694,47.379654],[15.096521,47.383146],[15.097909,47.387931],[15.093489,47.388154],[15.087192,47.381957],[15.093376,47.378331],[15.09758,47.367254],[15.096324,47.365975],[15.089983,47.365354],[15.088527,47.36412],[15.091331,47.359162],[15.090592,47.356978],[15.085688,47.356665],[15.081825,47.3578],[15.078011,47.357079],[15.072395,47.359849],[15.066574,47.355345],[15.061899,47.357948],[15.058324,47.357764],[15.052176,47.353868],[15.055035,47.345799],[15.053963,47.341758],[15.044551,47.336886],[15.040281,47.340479],[15.031089,47.340857],[15.033424,47.336081],[15.026758,47.332264],[15.018889,47.334551],[15.008671,47.33342],[14.997313,47.328642],[14.991446,47.332722],[14.983378,47.33209],[14.977716,47.322896],[14.969959,47.321661],[14.964338,47.31384],[14.96225,47.3134],[14.957858,47.315414],[14.954911,47.315456],[14.954449,47.313369],[14.958206,47.310425],[14.954684,47.306477],[14.953437,47.302031],[14.949903,47.299219],[14.942925,47.299837],[14.944064,47.286121],[14.942418,47.284217],[14.93854,47.282193],[14.922081,47.279054],[14.916663,47.27553],[14.91211,47.267507],[14.912448,47.265992],[14.917381,47.264555],[14.917634,47.263048],[14.916276,47.261933],[14.911042,47.262308],[14.909788,47.261343],[14.913468,47.255644],[14.912209,47.252825],[14.885064,47.25437],[14.874592,47.251549],[14.871868,47.248802],[14.867129,47.247942],[14.864737,47.242814],[14.857255,47.240294],[14.851259,47.235138],[14.848941,47.235156],[14.845566,47.237409],[14.84146,47.237146],[14.840367,47.233913],[14.843455,47.230135],[14.842778,47.227428],[14.846627,47.21802],[14.842989,47.214745],[14.842129,47.211207],[14.846963,47.205459],[14.847021,47.203711],[14.844045,47.201022],[14.825358,47.198036],[14.819693,47.194754],[14.812174,47.19268],[14.801689,47.196552],[14.790651,47.191009],[14.78895,47.18779],[14.785817,47.186238],[14.782569,47.186697],[14.779401,47.190571],[14.7767,47.19062],[14.772299,47.186691],[14.771023,47.183522],[14.757664,47.179823],[14.754882,47.176468],[14.75592,47.174599],[14.753407,47.172789],[14.753762,47.170607],[14.749152,47.168489],[14.752276,47.167995],[14.750951,47.165206],[14.740106,47.16388],[14.739546,47.160684],[14.740958,47.158687],[14.739185,47.157437],[14.741802,47.155447],[14.740666,47.151272],[14.743125,47.147033],[14.741721,47.145823],[14.742768,47.139786],[14.738443,47.134046],[14.741082,47.130527],[14.736972,47.128038],[14.7370958571161,47.1260792325258],[14.737303,47.122803],[14.732401,47.122283],[14.73121,47.12364],[14.725525,47.119619],[14.723474,47.121077],[14.721473,47.120746],[14.719007,47.118389],[14.707195,47.113007],[14.703085,47.104248],[14.699382,47.103431],[14.694925,47.098961],[14.686942,47.095482],[14.683838,47.092343],[14.684596,47.086919],[14.691857,47.081174],[14.695439,47.075133],[14.693142,47.071189],[14.693768,47.068093],[14.712187,47.05026],[14.712793,47.047426],[14.720319,47.043566],[14.723729,47.040188],[14.729003,47.016181],[14.73079,47.014898],[14.737501,47.014209],[14.747873,47.007992],[14.755227,46.999976],[14.761959,46.995493],[14.762927,46.992196],[14.765642,46.991519],[14.765968,46.989983],[14.768116,46.98974],[14.777097,46.983145],[14.778136,46.975553],[14.783399,46.970303],[14.786366,46.962102],[14.789427,46.958538],[14.805171,46.953452],[14.807344,46.951535],[14.80993,46.951625],[14.820544,46.946067],[14.819374,46.944207],[14.830351,46.930652],[14.833872,46.92374],[14.837062,46.920912],[14.842545,46.921308],[14.842041,46.91903],[14.843938,46.917139],[14.843432,46.91556],[14.8432552,46.9154239],[14.843255,46.915425],[14.843141,46.915443],[14.842264,46.915088],[14.84184,46.914529],[14.844303,46.90967],[14.841725,46.903043],[14.84403,46.898309],[14.851404,46.900105],[14.859592,46.899775],[14.870177,46.89488],[14.870362,46.891964],[14.866567,46.888832],[14.866127,46.884511],[14.876599,46.872535],[14.874571,46.866209],[14.871979,46.866377],[14.869654,46.864393],[14.865274,46.863492],[14.862168,46.860256],[14.85578,46.857842],[14.854469,46.854912],[14.846323,46.849446],[14.845647,46.843007],[14.838848,46.833146],[14.840952,46.828607],[14.839724,46.820751],[14.842362,46.814145],[14.840802,46.798745],[14.836564,46.788982],[14.834617,46.774187],[14.827236,46.76581],[14.831138,46.759422],[14.829459,46.749478],[14.83201,46.746818],[14.8345246849021,46.7454827285159],[14.843963,46.74047],[14.848566,46.736126],[14.852802,46.731762],[14.852513,46.729636],[14.854999,46.726452],[14.859872,46.724495],[14.859395,46.722757],[14.864905,46.715061],[14.869904,46.712319],[14.871717,46.707372],[14.880855,46.701956],[14.887279,46.70068],[14.893888,46.701137],[14.906493,46.696525],[14.907921,46.694026],[14.907083,46.689868],[14.914281,46.679163],[14.924075,46.675634],[14.934486,46.668145],[14.942574,46.664713],[14.95089,46.659132],[14.953362,46.654706],[14.957181,46.653893],[14.958179,46.651899],[14.956768,46.649527],[14.955136,46.651019],[14.949416,46.650085],[14.942592,46.645484],[14.94182,46.643527],[14.943915,46.638776],[14.967071,46.627851],[14.970273,46.624963],[14.973859,46.617132],[14.974788,46.608455],[14.980838,46.600101],[14.988563,46.596417],[15.006004,46.59457],[15.012336,46.590694],[15.013776,46.584398],[15.018736,46.58668],[15.027867,46.588337],[15.033063,46.592715],[15.04019,46.595953],[15.055398,46.599579],[15.06516,46.604798],[15.067894,46.605066],[15.075076,46.604899],[15.080727,46.602902],[15.087671,46.602476],[15.099349,46.605428],[15.110686,46.606291],[15.11942,46.6021],[15.123318,46.597254],[15.128635,46.594112],[15.142105,46.591756],[15.148375,46.591844],[15.158596,46.596465],[15.16839,46.604049],[15.170567,46.60964],[15.174519,46.611245],[15.179753,46.615792],[15.183238,46.616141],[15.190068,46.612758],[15.197895,46.603899],[15.205992,46.604344],[15.21863,46.597836],[15.226889,46.596426],[15.231235,46.597758],[15.240586,46.597731],[15.245689,46.600363],[15.251805,46.601017],[15.257428,46.597411],[15.266229,46.595314],[15.268299,46.589471],[15.271319,46.587627],[15.282947,46.587644],[15.291466,46.589663],[15.298783,46.588369],[15.304277,46.590993],[15.306697,46.596528],[15.311323,46.598189],[15.314107,46.596953],[15.315227,46.593319],[15.319381,46.589959],[15.324864,46.589255],[15.335992,46.593128],[15.345162,46.591125],[15.351586,46.586298],[15.354204,46.581987],[15.358892,46.580308],[15.363976,46.580282],[15.374356,46.585215],[15.383753,46.582996],[15.397425,46.582756],[15.402474,46.581106],[15.406413,46.575741],[15.420669,46.565597],[15.426159,46.563272],[15.435751,46.564997],[15.439829,46.567525],[15.438565,46.578713],[15.440799,46.581828],[15.444101,46.582358],[15.455202,46.573569],[15.45719,46.567498],[15.454927,46.550626],[15.450462,46.542384],[15.458712,46.534125],[15.471379,46.532752],[15.482811,46.533857],[15.488529,46.540916],[15.511983,46.54791],[15.523332,46.556356],[15.528529,46.55777],[15.569762,46.564504],[15.592621,46.565439],[15.603339,46.569065],[15.609858,46.566162],[15.618001,46.56434],[15.624987,46.569386],[15.631993,46.569105],[15.645677,46.566349],[15.657327,46.566646],[15.658751,46.56824],[15.65825,46.576825],[15.660499,46.579771],[15.66815,46.582315],[15.669692,46.583977],[15.667122,46.588716],[15.666871,46.593443],[15.655869,46.601723],[15.647662,46.602899],[15.645261,46.604428],[15.641093,46.610683],[15.642604,46.616574],[15.636048,46.61966],[15.63164,46.626408],[15.618036,46.636292],[15.597087,46.637825],[15.564335,46.646597],[15.554594,46.645109],[15.549988,46.648066],[15.541265,46.649993],[15.521887,46.650924],[15.519214,46.64918],[15.500135,46.644519],[15.491435,46.648005],[15.484284,46.657436],[15.478295,46.659958],[15.474237,46.663698],[15.429313,46.670476],[15.417794,46.669678],[15.411385,46.674659],[15.403817,46.675837],[15.399011,46.679542],[15.391269,46.690379],[15.390028,46.695783],[15.374548,46.694297],[15.370854,46.695437],[15.363206,46.695297],[15.359558,46.693109],[15.359343,46.689354],[15.348803,46.686983],[15.346249,46.687964],[15.343639,46.687388],[15.337912,46.689775],[15.334219,46.688741],[15.329403,46.683677],[15.32056,46.677651],[15.317743,46.670898],[15.317365,46.65865],[15.313786,46.65906],[15.308555,46.662055],[15.287344,46.664555],[15.280423,46.667286],[15.271562,46.662659],[15.255244,46.665752],[15.231513,46.658016],[15.225424,46.657165],[15.215168,46.659169],[15.21441,46.663282],[15.22449,46.676659],[15.225625,46.680261],[15.231409,46.684726],[15.235605,46.684376],[15.235728,46.686011],[15.238232,46.686499],[15.238105,46.688603],[15.245189,46.688993],[15.246062,46.693459],[15.243164,46.70028],[15.248155,46.704549],[15.254294,46.717147],[15.24889,46.722851],[15.238516,46.72201],[15.229127,46.728751],[15.232043,46.738258],[15.229285,46.746903],[15.226676,46.750189],[15.219137,46.75278],[15.207702,46.753164],[15.202806,46.756187],[15.203122,46.761494],[15.206678,46.762118],[15.211544,46.768806],[15.217809,46.770419],[15.221558,46.77301],[15.23396,46.775377],[15.235602,46.778424],[15.235788,46.788848],[15.235498,46.792811],[15.232464,46.795795],[15.217334,46.800933],[15.21488,46.803729],[15.209494,46.804473],[15.205461,46.807079],[15.205625,46.810824],[15.207838,46.81303],[15.221134,46.823839],[15.228026,46.825594],[15.215726,46.83856],[15.198833,46.853182],[15.190054,46.858363],[15.185775,46.865591],[15.179477,46.870275],[15.177734,46.874342],[15.179148,46.879325],[15.185756,46.886117],[15.200437,46.887231],[15.204021,46.889473],[15.205484,46.89233],[15.204088,46.894768],[15.200137,46.896778],[15.181719,46.901798],[15.176325,46.907439],[15.178399,46.909176],[15.19489,46.911858],[15.204439,46.916685],[15.21115,46.917897],[15.211663,46.918976],[15.209318,46.922002],[15.19962,46.924156],[15.188975,46.930765],[15.189237,46.945189],[15.198222,46.966505],[15.197038,46.968615],[15.193401,46.969828],[15.182028,46.970605],[15.167708,46.969506],[15.16263,46.970441],[15.154304,46.972601],[15.149075,46.976149],[15.141972,46.991689],[15.14225,47.002573],[15.139801,47.008093],[15.141284,47.009572],[15.145996,47.010487],[15.14804,47.013394],[15.154357,47.014558],[15.156114,47.018596],[15.163448,47.018352],[15.163278,47.022825],[15.159458,47.023519],[15.158362,47.026066],[15.155716,47.024787],[15.153969,47.025791],[15.150253,47.02541],[15.146454,47.027149],[15.143498,47.026071],[15.134563,47.026198],[15.129821,47.029688],[15.13046,47.030548],[15.128212,47.030953],[15.123299,47.029124],[15.113461,47.028691],[15.110938,47.033122],[15.104526,47.032568],[15.096137,47.025868],[15.093838,47.025812],[15.08994,47.030016],[15.08957,47.032852],[15.085338,47.034719],[15.079252,47.036522],[15.073309,47.034529],[15.066884,47.034098],[15.057004,47.043266],[15.046843,47.045494],[15.037905,47.051447],[15.039229,47.053376],[15.036034,47.059158],[15.04663,47.060271],[15.051194,47.063217],[15.063714,47.064526],[15.071648,47.06349],[15.073353,47.068668],[15.077531,47.06832],[15.081981,47.070322],[15.092952,47.06928],[15.100024,47.07241],[15.102427,47.07236],[15.108096,47.070399],[15.118561,47.069037],[15.121792,47.078493],[15.127726,47.08522],[15.123157,47.094428],[15.119175,47.097576],[15.120412,47.106821],[15.122565,47.109632],[15.133579,47.114463],[15.138795,47.115022],[15.14558,47.111033],[15.152337,47.109423],[15.159645,47.111143],[15.168592,47.108361],[15.183173,47.112418],[15.196566,47.10942],[15.205471,47.111383],[15.222976,47.111353],[15.22672,47.112387],[15.242798,47.107634],[15.253128,47.112928],[15.280273,47.102342],[15.287494,47.103232],[15.289963,47.102524],[15.29201,47.099095],[15.292007,47.093767],[15.297422,47.085723],[15.302254,47.081211],[15.310111,47.076884],[15.311453,47.073234],[15.324353,47.06768],[15.330569,47.06082],[15.329348,47.055664],[15.331903,47.051422],[15.338444,47.044982],[15.347892,47.039914],[15.355879,47.015912],[15.361174,47.008599],[15.374863,47.004924],[15.391621,47.006545],[15.394813,47.008094],[15.398449,47.014087],[15.39904,47.02273],[15.393124,47.029016],[15.393466,47.03329],[15.391261,47.036542],[15.384554,47.043329],[15.388698,47.051873],[15.386278,47.053256],[15.384145,47.063297],[15.391968,47.080185],[15.400953,47.080411],[15.402234,47.08191],[15.402222,47.086911],[15.395581,47.092247],[15.393363,47.100764],[15.394409,47.106053],[15.397005,47.107234],[15.401112,47.106604],[15.403739,47.111317],[15.407605,47.112863],[15.416079,47.114527],[15.423142,47.113737],[15.428523,47.115691],[15.43931,47.121586],[15.452282,47.132652],[15.461088,47.135659],[15.469811,47.136219],[15.475189,47.13885],[15.497823,47.143974],[15.509769,47.151512],[15.521167,47.162047],[15.522424,47.166789],[15.527469,47.170415],[15.533698,47.179266],[15.534111,47.183438],[15.546336,47.186151],[15.557343,47.183905],[15.565123,47.187451],[15.573356,47.188965],[15.579635,47.194315],[15.580662,47.203042],[15.588464,47.205263],[15.592189,47.213723],[15.602543,47.221443],[15.613249,47.223392],[15.619593,47.222249],[15.626124,47.225224],[15.635369,47.220946],[15.648053,47.223367],[15.670559,47.224982],[15.675868,47.226895],[15.683011,47.232437],[15.68521,47.2368],[15.691254,47.237229],[15.688718,47.244041],[15.693603,47.245942],[15.699117,47.254556],[15.702026,47.256389],[15.700176,47.261751],[15.701443,47.26423],[15.708385,47.264832],[15.72308,47.254355],[15.726275,47.247271],[15.732782,47.24402],[15.740056,47.242357],[15.7453,47.242993],[15.754371,47.242036],[15.758211,47.24067],[15.764569,47.244074],[15.769024,47.244154],[15.773043,47.242822],[15.776258,47.244225],[15.78205,47.242623],[15.785714,47.243883],[15.790545,47.238994],[15.808778,47.23806],[15.821611,47.234595],[15.835133,47.235055],[15.841767,47.231816],[15.852699,47.223596],[15.857599,47.221728],[15.863531,47.221954],[15.870867,47.220041],[15.87551,47.220816],[15.897119,47.21686],[15.899846,47.217883],[15.903714,47.222414],[15.901614,47.225781],[15.902269,47.230743],[15.899367,47.233542],[15.897059,47.242087],[15.892176,47.245354],[15.893122,47.256833],[15.885677,47.266002],[15.88682,47.27142],[15.893547,47.273564],[15.901356,47.267854],[15.906155,47.268605],[15.912536,47.26703],[15.937892,47.266051],[15.942697,47.269304],[15.945359,47.277128],[15.960605,47.279943],[15.975283,47.285822],[15.978961,47.292701],[15.978408,47.296082],[15.973007,47.301534],[15.970091,47.306964],[15.964879,47.310603],[15.965747,47.311915],[15.96396,47.316631],[15.966935,47.324646],[15.965367,47.327884],[15.966077,47.336788],[15.979362,47.351851],[15.980935,47.358433],[15.992066,47.359502],[16.003867,47.372033],[16.001515,47.381616],[15.996401,47.387845],[15.990788,47.390701],[15.987719,47.399936],[15.975344,47.403141],[15.97245,47.40708],[15.968939,47.406818],[15.964522,47.408702],[15.952152,47.420547],[15.93385,47.434072],[15.917903,47.436815],[15.915592,47.44701],[15.917809,47.448727],[15.942203,47.447694],[15.948622,47.445342],[15.962644,47.437177],[15.983785,47.43038],[16.00584,47.425112],[16.017713,47.424224],[16.038935,47.425283],[16.051149,47.431028],[16.05809,47.428775],[16.07079,47.431251],[16.079991,47.430906],[16.081103,47.429051],[16.083956,47.429665],[16.085298,47.426943],[16.091271,47.423145],[16.096065,47.417729],[16.101187,47.415679],[16.097764,47.410476],[16.101712,47.4003],[16.105598,47.396373],[16.105466,47.394134],[16.108739,47.391878],[16.109317,47.386175],[16.117855,47.382926],[16.11926,47.376874],[16.117357,47.372712],[16.119448,47.370115],[16.119542,47.364042],[16.121109,47.361974],[16.124605,47.362035],[16.126648,47.360601],[16.126826,47.355548],[16.130224,47.348315],[16.141172,47.337579],[16.141479,47.334384],[16.146285,47.331839],[16.150093,47.325632],[16.15984,47.317366],[16.16463,47.307208],[16.168429,47.304512],[16.187839,47.297467],[16.20396,47.294984],[16.216034,47.299426],[16.221295,47.300148],[16.245623,47.294456],[16.254965,47.296117],[16.269994,47.300816],[16.294657,47.310852],[16.30907,47.307434],[16.311688,47.30527],[16.331638,47.303892],[16.337257,47.304304],[16.342196,47.306874],[16.345239,47.305738],[16.354017,47.309961],[16.36413,47.309857],[16.367105,47.308675],[16.356574,47.300793],[16.359414,47.297464],[16.366084,47.297317],[16.377624,47.293635],[16.403973,47.293463],[16.419923,47.295639],[16.436508,47.302295],[16.471703,47.312898],[16.48923,47.325168],[16.498947,47.330161],[16.504953,47.331037],[16.515964,47.335726],[16.524589,47.345884],[16.531055,47.359061],[16.542401,47.373632],[16.543229,47.379118],[16.538079,47.389354],[16.536375,47.399104],[16.532366,47.40229],[16.521682,47.406043],[16.51184,47.406669],[16.490801,47.41246],[16.485605,47.412906],[16.476247,47.411221],[16.45759,47.413637],[16.436465,47.409372],[16.426912,47.409793],[16.421807,47.40689],[16.410097,47.413149],[16.402416,47.414458],[16.395697,47.414547],[16.388557,47.411202],[16.380291,47.40955],[16.373917,47.409626],[16.370194,47.411166],[16.365356,47.416374],[16.359611,47.420024],[16.351637,47.428212],[16.349068,47.433782],[16.34541,47.436118],[16.340022,47.445495],[16.340165,47.45288],[16.336154,47.45706],[16.335697,47.461707],[16.332048,47.464817],[16.329847,47.469947],[16.334553,47.47422],[16.341134,47.475675],[16.346802,47.4792],[16.351984,47.479819],[16.353077,47.49366],[16.364438,47.505979],[16.373234,47.511269],[16.396933,47.521905],[16.406019,47.527515],[16.4109976536343,47.5347574345246]],[[14.843254,46.915423],[14.841888,46.914575],[14.843606,46.912952],[14.8432552,46.9154239],[14.843254,46.915423]]]}},{"type":"Feature","properties":{"id":"SZ.21","parentId":"eastern-alps","level":"section","name":"Tiroler Kalkalpen","names":{"en":"North Tyrol Limestone Alps","de":"Nordtiroler Kalkalpen","fr":"Alpes calcaires nord-tyroliennes","it":"Alpi Calcaree Nord-Tirolesi"},"provenance":{"source":"https://www.homoalpinus.com/alpes/subdivisions/soiusa/","creator":"Capleymar","kind":"supplied","names":{"version":"soiusa-area-names-v1","source":"https://www.homoalpinus.com/alpes/subdivisions/soiusa/tab_de/index.html","method":"SOIUSA multilingual nomenclature; display casing, accents and spelling normalized; broad-sense scope retained"}},"sourceFeatures":[{"index":20,"fields":{"Number":"21","Code":"SZ.21","Name":"Tiroler Kalkalpen","Perimeter":"558.54 km","Enclosed_Area":"3900.9 sq km","Island_Area":"","Capleymar-Homoalpinus":"https://www.homoalpinus.com/alpes/subdivisions/soiusa/","Created_By":"Capleymar"}}],"geometryRef":"sections.geojson#SZ.21"},"geometry":{"type":"Polygon","coordinates":[[[11.950594,47.536929],[11.931726,47.535438],[11.923786,47.536111],[11.920667,47.534488],[11.915066,47.534381],[11.916716,47.535883],[11.916674,47.542208],[11.907705,47.549884],[11.897814,47.551582],[11.892773,47.556397],[11.889886,47.557466],[11.887776,47.561534],[11.885275,47.561169],[11.884249,47.564274],[11.885925,47.566389],[11.884899,47.56972],[11.881404,47.571726],[11.880631,47.578079],[11.872897,47.583201],[11.866026,47.584712],[11.861905,47.583576],[11.857752,47.584718],[11.844105,47.581204],[11.8415358494009,47.5815024199317],[11.840334,47.581642],[11.839842,47.580698],[11.826596,47.577837],[11.806951,47.579347],[11.800609,47.577657],[11.794644,47.577574],[11.790531,47.578922],[11.7714,47.576996],[11.766375,47.57441],[11.76227,47.563098],[11.754677,47.559855],[11.749579,47.553767],[11.743961,47.55139],[11.741075,47.552367],[11.73275,47.551332],[11.72768,47.552383],[11.72638,47.550618],[11.718779,47.546966],[11.709959,47.545107],[11.709109,47.543112],[11.706094,47.54382],[11.703185,47.542391],[11.701473,47.545201],[11.698232,47.545882],[11.691731,47.551239],[11.68217,47.555224],[11.678632,47.560669],[11.67052,47.56611],[11.668358,47.570758],[11.663998,47.569426],[11.644015,47.576005],[11.63951,47.575836],[11.637507,47.578393],[11.628136,47.581199],[11.623079,47.584145],[11.618187,47.584062],[11.616662,47.581526],[11.612381,47.579752],[11.601249,47.583764],[11.598175,47.58344],[11.596513,47.581296],[11.591554,47.582183],[11.585416,47.579878],[11.57513,47.584911],[11.555829,47.584401],[11.550595,47.586193],[11.547952,47.584187],[11.548491,47.580999],[11.546722,47.579216],[11.535462,47.577244],[11.528757,47.574341],[11.514663,47.57231],[11.507843,47.567156],[11.507933,47.562635],[11.506063,47.561282],[11.501693,47.560943],[11.495769,47.562642],[11.487287,47.560857],[11.476618,47.562875],[11.474711,47.561825],[11.471336,47.562606],[11.458414,47.562044],[11.453364,47.559402],[11.438768,47.560314],[11.429412,47.556376],[11.427754,47.553011],[11.418452,47.553343],[11.406296,47.549186],[11.389988,47.549187],[11.380032,47.546986],[11.378487,47.544089],[11.375912,47.542815],[11.367118,47.543138],[11.364926,47.541887],[11.361038,47.543446],[11.353057,47.54091],[11.350335,47.53831],[11.345356,47.539337],[11.339863,47.538295],[11.334542,47.536093],[11.332482,47.53111],[11.33025,47.530414],[11.322706,47.531095],[11.320307,47.528721],[11.317654,47.528585],[11.314972,47.529022],[11.313587,47.530768],[11.310026,47.531063],[11.300038,47.520444],[11.29601,47.518362],[11.289374,47.518108],[11.281195,47.51493],[11.274394,47.510269],[11.257159,47.494932],[11.249608,47.48615],[11.241788,47.482617],[11.230312,47.485227],[11.219611,47.489278],[11.203746,47.489526],[11.193861,47.487967],[11.166893,47.487363],[11.159769,47.484362],[11.148859,47.483505],[11.146427,47.481721],[11.13887,47.483222],[11.132842,47.482729],[11.12887,47.484792],[11.121313,47.483831],[11.118957,47.487583],[11.115793,47.489528],[11.103687,47.494886],[11.090674,47.497749],[11.088384,47.499719],[11.089274,47.497331],[11.087738,47.495829],[11.080506,47.492477],[11.066695,47.489822],[11.064908,47.488618],[11.066184,47.48576],[11.061549,47.481122],[11.057882,47.480161],[11.05354,47.481457],[11.051612,47.479001],[11.041281,47.483944],[11.034828,47.485044],[11.026574,47.48235],[10.997871,47.480642],[10.995429,47.481678],[10.988726,47.480904],[10.98624,47.483599],[10.97868,47.484408],[10.972336,47.480576],[10.963441,47.478711],[10.950877,47.47997],[10.944278,47.474897],[10.933954,47.471346],[10.931545,47.466789],[10.927682,47.466703],[10.923952,47.463829],[10.924864,47.462019],[10.922806,47.459188],[10.923937,47.45288],[10.921523,47.450216],[10.919062,47.450006],[10.917326,47.444818],[10.921817,47.438582],[10.917022,47.432131],[10.919723,47.423661],[10.914456,47.415884],[10.911816,47.407661],[10.90547,47.401362],[10.903897,47.401216],[10.887691,47.402037],[10.872822,47.40429],[10.853172,47.414722],[10.842893,47.417367],[10.827385,47.419126],[10.822351,47.422078],[10.803528,47.419243],[10.800597,47.417323],[10.798634,47.420091],[10.793577,47.421568],[10.787862,47.425518],[10.784734,47.425674],[10.779792,47.42832],[10.773502,47.428786],[10.768491,47.43218],[10.768286,47.43388],[10.763646,47.435568],[10.763126,47.441171],[10.758028,47.451403],[10.767462,47.458699],[10.788579,47.461218],[10.79191,47.463684],[10.79276,47.468492],[10.784395,47.473663],[10.776366,47.476027],[10.769789,47.481992],[10.761239,47.486677],[10.754724,47.48751],[10.755227,47.489874],[10.752352,47.490867],[10.750409,47.493367],[10.741985,47.495751],[10.735752,47.495894],[10.733519,47.504336],[10.730376,47.506994],[10.725129,47.506976],[10.721875,47.509572],[10.718766,47.508914],[10.711985,47.513055],[10.708089,47.483329],[10.705923,47.482719],[10.69713,47.473616],[10.671968,47.45653],[10.662924,47.445834],[10.659671,47.443658],[10.648379,47.441539],[10.628029,47.433843],[10.618825,47.431727],[10.609278,47.432734],[10.601969,47.430527],[10.591652,47.431428],[10.582721,47.426444],[10.579961,47.423378],[10.577414,47.406912],[10.559529,47.386537],[10.549776,47.379259],[10.552595,47.36985],[10.551298,47.36495],[10.54734,47.360437],[10.546392,47.35393],[10.542153,47.350721],[10.535784,47.340384],[10.534438,47.334503],[10.527337,47.331602],[10.51931,47.323985],[10.50836,47.320082],[10.504294,47.316567],[10.498187,47.31422],[10.493538,47.309739],[10.493375,47.306328],[10.481099,47.295703],[10.475592,47.295335],[10.464987,47.298042],[10.458285,47.296829],[10.448885,47.28903],[10.438254,47.284255],[10.433538,47.283761],[10.431311,47.280948],[10.421892,47.28196],[10.416116,47.280817],[10.412071,47.273053],[10.4046,47.271616],[10.393821,47.266596],[10.38376,47.26564],[10.374748,47.260597],[10.361378,47.257439],[10.339527,47.254044],[10.332666,47.256356],[10.323188,47.252807],[10.314026,47.245581],[10.30724,47.244325],[10.300121,47.245654],[10.288631,47.239971],[10.282851,47.241058],[10.281075,47.242555],[10.276572,47.242029],[10.269864,47.246731],[10.258587,47.249888],[10.250969,47.247683],[10.251992,47.246411],[10.24991,47.245129],[10.244527,47.244389],[10.235998,47.245198],[10.22928,47.24929],[10.224093,47.249364],[10.2222,47.253504],[10.218087,47.255274],[10.213615,47.255324],[10.205497,47.257554],[10.197192,47.257421],[10.192067,47.261126],[10.189478,47.260892],[10.187456,47.262131],[10.182352,47.261374],[10.180133,47.262897],[10.170495,47.264178],[10.163739,47.267778],[10.150582,47.266844],[10.147971,47.2685],[10.137964,47.269843],[10.137098,47.270793],[10.124391,47.267239],[10.114181,47.267283],[10.094561,47.257636],[10.089854,47.260214],[10.086145,47.259081],[10.0830864553584,47.2596763260831],[10.076865,47.260887],[10.065095,47.267235],[10.05975,47.279937],[10.053858,47.281397],[10.04437,47.287609],[10.046278,47.292519],[10.037937,47.30031],[10.038033,47.303569],[10.022589,47.305643],[9.990724,47.319793],[9.982476,47.322658],[9.97675,47.323304],[9.97583,47.325003],[9.965282,47.319999],[9.948782,47.30761],[9.947827,47.304032],[9.944512,47.302005],[9.945168,47.301275],[9.94326,47.301391],[9.941753,47.296196],[9.918827,47.28369],[9.912954,47.284357],[9.904658,47.281324],[9.906861,47.27854],[9.908732,47.263297],[9.917652,47.250612],[9.918106,47.245058],[9.913862,47.236898],[9.907795,47.237453],[9.896982,47.235276],[9.894239,47.233736],[9.890504,47.233919],[9.885403,47.22973],[9.880423,47.228995],[9.873873,47.225317],[9.864639,47.223793],[9.861453,47.221904],[9.842505,47.220488],[9.83787,47.217537],[9.832675,47.217793],[9.831248,47.215951],[9.824649,47.216037],[9.819244,47.213628],[9.81445,47.213685],[9.808478,47.211931],[9.797594,47.21165],[9.77929,47.199118],[9.762691,47.190052],[9.753019,47.181929],[9.735053,47.178358],[9.74097,47.176905],[9.77759,47.173596],[9.807061,47.158922],[9.809161,47.155032],[9.816165,47.152425],[9.831122,47.138013],[9.836886,47.134819],[9.85055,47.140054],[9.865088,47.143045],[9.871189,47.142148],[9.890853,47.14385],[9.906442,47.141923],[9.912697,47.142871],[9.919918,47.141776],[9.928721,47.13795],[9.94733,47.134927],[9.959775,47.130275],[9.962077,47.128333],[9.970096,47.128843],[9.978244,47.127601],[9.984419,47.124012],[9.990521,47.122405],[10.011626,47.125126],[10.023349,47.125489],[10.030655,47.127552],[10.035965120122,47.1272531333628],[10.040193,47.127015],[10.060551,47.128527],[10.06881,47.13059],[10.080144,47.130964],[10.086565,47.129841],[10.093049,47.130698],[10.102383,47.129194],[10.114126,47.131391],[10.121458,47.130616],[10.131845,47.134536],[10.138103,47.134304],[10.156123,47.137512],[10.178741,47.137105],[10.184467,47.138115],[10.196729,47.136687],[10.207929,47.132226],[10.215887,47.123117],[10.221061,47.11279],[10.22469,47.108812],[10.228571,47.108967],[10.239583,47.117188],[10.245909,47.119759],[10.254895,47.121152],[10.256822,47.123655],[10.264631,47.126034],[10.274117,47.13188],[10.275898,47.134816],[10.282494,47.135415],[10.282691,47.138469],[10.285498,47.138167],[10.297859,47.141279],[10.302874,47.140882],[10.305465,47.142064],[10.310615,47.141461],[10.31475,47.142987],[10.323598,47.142672],[10.332606,47.145659],[10.347168,47.145609],[10.360862,47.147983],[10.363969,47.150693],[10.380785,47.150212],[10.38385,47.151293],[10.388062,47.149459],[10.395348,47.150029],[10.405953,47.148255],[10.410056,47.144848],[10.412878,47.145009],[10.414284,47.143908],[10.418202,47.139775],[10.418482,47.136777],[10.428805,47.131028],[10.449138,47.127788],[10.451256,47.128331],[10.460794,47.12603],[10.462615,47.123905],[10.474299,47.121001],[10.478984,47.118417],[10.489789,47.117206],[10.49577,47.12058],[10.499024,47.128097],[10.506733,47.130389],[10.51159,47.134377],[10.515799,47.133193],[10.520353,47.135296],[10.529143,47.136199],[10.541677,47.140813],[10.555459,47.140978],[10.578337,47.149192],[10.580602,47.150592],[10.580316,47.152845],[10.572318,47.15423],[10.572059,47.155646],[10.590437,47.163679],[10.594605,47.168655],[10.603419,47.170949],[10.60889,47.174823],[10.613311,47.175953],[10.620236,47.182241],[10.640617,47.186191],[10.644369,47.188779],[10.649683,47.197017],[10.658376,47.199381],[10.664712,47.202573],[10.66902,47.20367],[10.677868,47.202635],[10.684601,47.203326],[10.689752,47.206564],[10.69887,47.209778],[10.706804,47.215193],[10.750493,47.216551],[10.761489,47.220088],[10.787458,47.211296],[10.795442,47.210775],[10.803489,47.212267],[10.808253,47.211955],[10.816553,47.216663],[10.817463,47.220013],[10.82078,47.223164],[10.821581,47.227437],[10.827517,47.225945],[10.835552,47.228283],[10.836153,47.230437],[10.841119,47.234778],[10.845927,47.235215],[10.857248,47.241424],[10.856969,47.246415],[10.86151,47.248519],[10.860237,47.250578],[10.864621,47.251807],[10.874436,47.258584],[10.880545,47.260176],[10.889052,47.260239],[10.895639,47.263836],[10.903478,47.264187],[10.910225,47.266754],[10.916687,47.267585],[10.923135,47.272347],[10.93444,47.271898],[10.94251,47.274447],[10.948041,47.273124],[10.954581,47.273716],[10.960042,47.279404],[10.966287,47.280265],[10.978337,47.285048],[11.015456,47.291362],[11.025957,47.294458],[11.045572,47.297685],[11.060122,47.298335],[11.071501,47.301276],[11.080811,47.301935],[11.097048,47.307811],[11.110218,47.310898],[11.115225,47.310267],[11.119026,47.308134],[11.123959,47.299976],[11.163243,47.283946],[11.167273,47.283269],[11.182633,47.285346],[11.189276,47.28315],[11.192741,47.280321],[11.206717,47.280159],[11.215917,47.276619],[11.227597,47.274623],[11.234313,47.270686],[11.238451,47.264404],[11.243678,47.262461],[11.250614,47.262805],[11.262276,47.266971],[11.269467,47.265621],[11.282198,47.266177],[11.291226,47.263638],[11.319832,47.265304],[11.323215,47.264387],[11.329682,47.257496],[11.340397,47.252651],[11.356935,47.255124],[11.368019,47.253028],[11.37192,47.253496],[11.383528,47.264454],[11.391536,47.268874],[11.399266,47.277966],[11.405386,47.280284],[11.421831,47.277413],[11.45049,47.267144],[11.481692,47.272694],[11.497053,47.272667],[11.508755,47.276874],[11.517397,47.276491],[11.530207,47.278186],[11.551402,47.283035],[11.558336,47.288209],[11.565922,47.296504],[11.570821,47.298994],[11.58342,47.301414],[11.601313,47.300283],[11.615838,47.30772],[11.628428,47.309773],[11.642366,47.316655],[11.658211,47.320882],[11.675627,47.321845],[11.686495,47.326724],[11.693279,47.327632],[11.705381,47.339853],[11.706466,47.344985],[11.704948,47.351793],[11.707565,47.354767],[11.722705,47.362741],[11.730149,47.36529],[11.758045,47.382751],[11.7582002246813,47.38279531611],[11.767483,47.385445],[11.779148,47.383781],[11.783208,47.386781],[11.794832,47.391303],[11.803748,47.400481],[11.809048,47.401865],[11.821615,47.40239],[11.843126,47.410354],[11.851916,47.416574],[11.85894,47.423771],[11.870312,47.428169],[11.877353,47.436661],[11.882908,47.438781],[11.889835,47.438955],[11.897777,47.446182],[11.906275,47.450388],[11.917212,47.45847],[11.9194135275034,47.458849688538],[11.935125,47.461558],[11.984658,47.480368],[12.002536,47.48213],[12.018913,47.485472],[12.037581,47.486586],[12.051064,47.49064],[12.055861,47.494654],[12.061989,47.504212],[12.071109,47.506756],[12.079142,47.511697],[12.078123,47.516204],[12.071519,47.520466],[12.071953,47.523035],[12.075929,47.525265],[12.08086,47.52502],[12.087299,47.517962],[12.090493,47.517521],[12.09253,47.520313],[12.093405,47.52945],[12.114492,47.540442],[12.124798,47.552732],[12.140963,47.561781],[12.149223,47.575538],[12.153697,47.575822],[12.159062,47.564802],[12.151623,47.557593],[12.166803,47.550899],[12.169966,47.544141],[12.177008,47.543203],[12.178912,47.540906],[12.178766,47.533159],[12.180378,47.530873],[12.192362,47.522954],[12.193319,47.520629],[12.199941,47.517738],[12.211776,47.517213],[12.229406,47.519481],[12.236252,47.522117],[12.243658,47.521061],[12.246189,47.51957],[12.259881,47.522409],[12.269364,47.520527],[12.279439,47.521807],[12.298524,47.515338],[12.340365,47.513701],[12.357384,47.518041],[12.359873,47.517671],[12.386081,47.522829],[12.38952,47.521604],[12.39284,47.522342],[12.412985,47.517544],[12.424029,47.521703],[12.429611,47.530301],[12.436525,47.535783],[12.442918,47.55212],[12.467188,47.56921],[12.472549,47.576426],[12.476604,47.589543],[12.469655,47.60203],[12.472509,47.610782],[12.466311,47.616059],[12.464666,47.621859],[12.458446,47.631149],[12.459278,47.635291],[12.451623,47.639558],[12.44896,47.644875],[12.439749,47.645864],[12.432153,47.650952],[12.427192,47.651321],[12.425224,47.656413],[12.420209,47.66197],[12.40397,47.661222],[12.401025,47.662541],[12.399979,47.665377],[12.395985,47.663189],[12.394596,47.658835],[12.392024,47.656551],[12.385414,47.656161],[12.385018,47.653358],[12.382679,47.651412],[12.376823,47.653578],[12.372225,47.65325],[12.367945,47.65178],[12.340731,47.648829],[12.335748,47.647042],[12.330114,47.648281],[12.329646,47.65098],[12.324711,47.650811],[12.317071,47.649254],[12.317063,47.647838],[12.314524,47.646837],[12.304183,47.646752],[12.303094,47.645493],[12.275079,47.639189],[12.267411,47.641622],[12.263342,47.645649],[12.248729,47.644548],[12.24611,47.646458],[12.238878,47.645459],[12.23599,47.64737],[12.229757,47.646842],[12.207672,47.639875],[12.200631,47.639583],[12.203704,47.622973],[12.20825,47.613472],[12.207311,47.609709],[12.203961,47.606766],[12.202012,47.606168],[12.200265,47.607166],[12.189225,47.615477],[12.176803,47.616943],[12.173444,47.615563],[12.166403,47.615334],[12.160048,47.613022],[12.155309,47.613945],[12.148303,47.612477],[12.141814,47.609093],[12.142125,47.605571],[12.131379,47.602846],[12.129021,47.600695],[12.126245,47.601174],[12.122589,47.597621],[12.117458,47.598106],[12.112265,47.596297],[12.103559,47.597063],[12.095389,47.593831],[12.09482,47.594777],[12.086699,47.594707],[12.086513,47.596253],[12.082832,47.596828],[12.079693,47.596335],[12.079079,47.594375],[12.075351,47.594013],[12.073172,47.595008],[12.060058,47.592347],[12.056138,47.592819],[12.05198,47.591284],[12.051465,47.589415],[12.044368,47.585382],[12.042537,47.573111],[12.036279,47.570054],[12.038168,47.56571],[12.031417,47.559954],[12.021982,47.559765],[12.013775,47.553755],[12.002402,47.550854],[11.995428,47.54554],[11.969658,47.542434],[11.95896,47.537658],[11.950594,47.536929]]]}},{"type":"Feature","properties":{"id":"SZ.22","parentId":"eastern-alps","level":"section","name":"Bayerische Alpen","names":{"en":"Bavarian Alps","de":"Bayerische Alpen","fr":"Alpes bavaroises","it":"Alpi Bavaresi"},"provenance":{"source":"https://www.homoalpinus.com/alpes/subdivisions/soiusa/","creator":"Capleymar","kind":"supplied","names":{"version":"soiusa-area-names-v1","source":"https://www.homoalpinus.com/alpes/subdivisions/soiusa/tab_de/index.html","method":"SOIUSA multilingual nomenclature; display casing, accents and spelling normalized; broad-sense scope retained"}},"sourceFeatures":[{"index":21,"fields":{"Number":"22","Code":"SZ.22","Name":"Bayerische Alpen","Perimeter":"769.38 km","Enclosed_Area":"5551.2 sq km","Island_Area":"32.39 sq km","Capleymar-Homoalpinus":"https://www.homoalpinus.com/alpes/subdivisions/soiusa/","Created_By":"Capleymar"}}],"geometryRef":"sections.geojson#SZ.22"},"geometry":{"type":"Polygon","coordinates":[[[12.681403637025,47.5794873750123],[12.68236,47.579529],[12.690184,47.585317],[12.699194,47.585129],[12.699349,47.586321],[12.695221,47.588336],[12.695431,47.590883],[12.700031,47.596417],[12.702727,47.597665],[12.704626,47.604244],[12.708257,47.60602],[12.705564,47.608062],[12.708381,47.616471],[12.711548,47.619998],[12.719995,47.623732],[12.722174,47.627376],[12.729292,47.631157],[12.727661,47.642287],[12.731112,47.643045],[12.73133,47.648893],[12.735889,47.654797],[12.742371,47.655524],[12.745974,47.659772],[12.755466,47.663346],[12.758605,47.663284],[12.763103,47.667048],[12.772791,47.665864],[12.783992,47.6773],[12.790245,47.67937],[12.796332,47.685495],[12.801989,47.688132],[12.808505,47.686075],[12.812103,47.687243],[12.814745,47.6843],[12.825841,47.680402],[12.830073,47.679675],[12.832288,47.680549],[12.837909,47.686778],[12.844492,47.691436],[12.845711,47.698458],[12.851414,47.70557],[12.873226,47.716117],[12.873327,47.717621],[12.865531,47.723901],[12.867339,47.729868],[12.875296,47.735179],[12.901642,47.747789],[12.921255,47.763113],[12.925846,47.767008],[12.92969,47.773769],[12.939042,47.779331],[12.938988,47.784974],[12.947184,47.788548],[12.950999,47.792737],[12.956816,47.800681],[12.95715,47.804309],[12.951921,47.812367],[12.946859,47.816315],[12.946012,47.819688],[12.947772,47.822144],[12.945947,47.827075],[12.921898,47.835748],[12.905951,47.83263],[12.89453,47.832438],[12.877121,47.829725],[12.869965,47.824384],[12.86072,47.808822],[12.85651,47.808662],[12.846431,47.815664],[12.843547,47.820214],[12.833714,47.820712],[12.830616,47.826492],[12.833483,47.830636],[12.83282,47.832124],[12.829338,47.83419],[12.827606,47.839229],[12.824208,47.841326],[12.803120348973,47.8474062320892],[12.800949,47.848032],[12.787865,47.850336],[12.782257,47.84789],[12.785252,47.844122],[12.783813,47.839239],[12.779,47.837613],[12.775153,47.834549],[12.752209,47.830891],[12.74154,47.831323],[12.723243,47.829153],[12.696028,47.82803],[12.677379,47.82432],[12.658763,47.825143],[12.641649,47.820144],[12.628519,47.810311],[12.609744,47.804357],[12.587524,47.804119],[12.562165,47.800919],[12.544999,47.796131],[12.535945,47.795004],[12.524396,47.790944],[12.513914,47.789694],[12.499813,47.784552],[12.488854,47.775543],[12.483684,47.774557],[12.474658,47.768551],[12.47011,47.758998],[12.471089,47.757766],[12.467443,47.756735],[12.468926,47.753641],[12.463225,47.754472],[12.457081,47.76094],[12.445835,47.761483],[12.443571,47.765397],[12.445244,47.767596],[12.444447,47.775318],[12.441962,47.779123],[12.424411,47.786673],[12.419967,47.790197],[12.407482,47.794916],[12.381437,47.80401],[12.369485,47.806002],[12.356152,47.805961],[12.35262,47.799681],[12.343428,47.794027],[12.340297,47.788879],[12.334456,47.785774],[12.306668,47.794766],[12.302558,47.797171],[12.301727,47.800218],[12.293703,47.801527],[12.27246,47.80029],[12.263878,47.798334],[12.233082,47.795859],[12.188032,47.796448],[12.172674,47.79372],[12.164293,47.789447],[12.156893,47.780833],[12.156045,47.773706],[12.141517,47.761433],[12.14563,47.758404],[12.145927,47.755972],[12.151226,47.754891],[12.151613,47.752089],[12.156365,47.746879],[12.161132,47.743932],[12.164018,47.743974],[12.166163,47.738795],[12.168921,47.738207],[12.168971,47.73638],[12.163534,47.732762],[12.161873,47.725788],[12.165803,47.721438],[12.164663,47.713233],[12.168211,47.707975],[12.166723,47.704277],[12.151011,47.704747],[12.147405,47.709757],[12.132678,47.719776],[12.12174,47.719578],[12.118856,47.720556],[12.114415,47.725109],[12.112552,47.731705],[12.104099,47.741519],[12.103098,47.746101],[12.098242,47.753166],[12.092339,47.75788],[12.074051,47.759634],[12.049672,47.765047],[12.028802,47.773555],[12.007128,47.771546],[11.995609,47.764484],[11.986408,47.761823],[11.965857,47.763141],[11.939076,47.756834],[11.929871,47.756163],[11.920504,47.756888],[11.9161549676444,47.7581041283868],[11.909581,47.759942],[11.904863,47.764814],[11.890729,47.761212],[11.874148,47.753856],[11.862401,47.752318],[11.856378,47.74397],[11.868121,47.730815],[11.869177,47.716071],[11.870758,47.714016],[11.864664,47.710862],[11.862539,47.711144],[11.858541,47.71544],[11.857697,47.720096],[11.846343,47.731522],[11.842378,47.740865],[11.836447,47.744067],[11.829104,47.747266],[11.809142,47.7527],[11.78719,47.74876],[11.757863,47.739911],[11.746504,47.734634],[11.749826,47.72929],[11.747958,47.724807],[11.748967,47.720765],[11.753132,47.715379],[11.751204,47.710324],[11.75489,47.70669],[11.759112,47.705015],[11.758065,47.699779],[11.764129,47.700197],[11.7689,47.69923],[11.770059,47.696606],[11.769029,47.694977],[11.759916,47.695477],[11.758342,47.697752],[11.753031,47.698737],[11.747796,47.696638],[11.738114,47.695939],[11.737135,47.694567],[11.738414,47.692401],[11.735596,47.693194],[11.733078,47.695978],[11.738222,47.69734],[11.740448,47.706003],[11.735732,47.707555],[11.726379,47.713403],[11.729635,47.717101],[11.726658,47.718631],[11.727217,47.722291],[11.720319,47.723637],[11.721199,47.725898],[11.718826,47.730754],[11.71799,47.738843],[11.699944,47.75383],[11.691241,47.75449],[11.685493,47.752144],[11.683585,47.749333],[11.679809,47.748419],[11.669944,47.750062],[11.666215,47.749572],[11.660999,47.746605],[11.654424,47.745064],[11.635355,47.747503],[11.608148,47.746762],[11.602417,47.745711],[11.596506,47.741082],[11.592577,47.740045],[11.573364,47.742523],[11.570124,47.744494],[11.568067,47.749104],[11.564391,47.752275],[11.551815,47.754783],[11.541787,47.754295],[11.533713,47.75175],[11.52752,47.751383],[11.517642,47.748059],[11.486559,47.747828],[11.461214,47.744027],[11.435891,47.728528],[11.430685,47.720077],[11.430155,47.711706],[11.423698,47.699745],[11.404387,47.683691],[11.397984,47.672588],[11.377505,47.659942],[11.372676,47.651163],[11.362339,47.64688],[11.355962,47.640034],[11.350229,47.640567],[11.346122,47.637304],[11.338206,47.633975],[11.332189,47.634236],[11.327851,47.637722],[11.32198,47.638759],[11.319958,47.643212],[11.307306,47.652908],[11.303551,47.658662],[11.295195,47.661662],[11.288834,47.660255],[11.276143,47.660992],[11.247784,47.642099],[11.245529,47.638837],[11.246358,47.635818],[11.240109,47.627014],[11.233617,47.624436],[11.201085,47.616337],[11.195554,47.611916],[11.196766,47.608289],[11.19117,47.602623],[11.178021,47.596794],[11.174738,47.597563],[11.164387,47.596815],[11.153792,47.598426],[11.147599,47.604551],[11.15094,47.61705],[11.163849,47.632781],[11.162274,47.639417],[11.157903,47.642939],[11.152242,47.643904],[11.140219,47.643658],[11.126819,47.647902],[11.110306,47.657068],[11.079552,47.663659],[11.062487,47.666019],[11.051426,47.665392],[11.034283,47.660783],[11.025869,47.66051],[11.020633,47.652749],[11.01815,47.651234],[11.004845,47.649666],[11.001019,47.650863],[10.996762,47.655929],[10.994527,47.65612],[10.996801,47.659592],[10.996044,47.66065],[10.98974,47.660171],[10.988341,47.661179],[10.987247,47.669034],[10.991915,47.672971],[10.990275,47.674989],[10.984154,47.676358],[10.976589,47.675581],[10.963855,47.671283],[10.932613,47.66756],[10.919833,47.660845],[10.894313,47.657059],[10.875522,47.655697],[10.849553,47.648601],[10.810839,47.621169],[10.797231,47.606591],[10.7883,47.599341],[10.767779,47.588448],[10.758602,47.579105],[10.737877,47.570618],[10.708114,47.567717],[10.701161,47.568457],[10.694044,47.567524],[10.685385,47.568362],[10.671302,47.567612],[10.655315,47.56971],[10.645982,47.569219],[10.640867,47.567398],[10.632693,47.567493],[10.629673,47.570142],[10.598974,47.583147],[10.575319,47.589425],[10.55896,47.591258],[10.552186,47.593483],[10.540861,47.600093],[10.534609,47.605815],[10.525819,47.611243],[10.512636,47.61797],[10.49639,47.621969],[10.493139,47.622],[10.479847,47.617278],[10.458795,47.61523],[10.435898,47.6094],[10.410625,47.600552],[10.385496,47.600367],[10.359102,47.593655],[10.352049,47.592964],[10.3467,47.590766],[10.341189,47.591007],[10.33918,47.592536],[10.334,47.593326],[10.326459,47.593063],[10.301768,47.576166],[10.295658,47.568927],[10.281448,47.561479],[10.265404,47.555045],[10.252747,47.553441],[10.245052,47.553985],[10.237495,47.552239],[10.225341,47.557219],[10.207503,47.560644],[10.198583,47.563845],[10.1933926336557,47.5670193320924],[10.191071,47.568439],[10.183574,47.569628],[10.176349,47.568127],[10.17251,47.569313],[10.169806,47.567689],[10.161906,47.56677],[10.15068,47.567074],[10.123373,47.560292],[10.089373,47.55369],[10.073023,47.552754],[10.053158,47.553955],[10.044512,47.556247],[10.038262,47.560912],[10.037562,47.564527],[10.030412,47.569328],[10.030561,47.576392],[10.02876,47.579399],[10.022946,47.581829],[10.010176,47.574805],[10.000364,47.563411],[9.993497,47.559514],[9.985697,47.556721],[9.976885,47.555972],[9.963617,47.564533],[9.944172,47.56766],[9.929988,47.567149],[9.924894,47.571141],[9.925325,47.576523],[9.921827,47.580952],[9.908259,47.582713],[9.877244,47.570447],[9.866958,47.568269],[9.862102,47.568623],[9.857268,47.572251],[9.855124,47.588396],[9.851697,47.590441],[9.839456,47.591794],[9.82732,47.5896],[9.823479,47.587308],[9.817753,47.588855],[9.814111,47.588086],[9.802379,47.596037],[9.799854,47.596061],[9.795807,47.593698],[9.776703,47.594975],[9.769423,47.587658],[9.765634,47.589124],[9.766022,47.585628],[9.763654,47.586502],[9.76075,47.583447],[9.762085,47.581302],[9.756584,47.579796],[9.755934,47.572309],[9.753158,47.572383],[9.748213,47.570347],[9.751868,47.567746],[9.747884,47.565002],[9.746482,47.560757],[9.743672,47.558486],[9.746382,47.557522],[9.747017,47.55575],[9.74576,47.554738],[9.741667,47.555131],[9.738984,47.551896],[9.740706,47.546604],[9.747318,47.543582],[9.753109,47.537935],[9.75458,47.530398],[9.751222,47.524526],[9.754092,47.515226],[9.753341,47.512],[9.746926,47.505926],[9.741188,47.496319],[9.741526,47.486088],[9.754208,47.479193],[9.750894,47.471683],[9.751734,47.465949],[9.749894,47.459586],[9.753891,47.456609],[9.761485,47.45419],[9.763858,47.44829],[9.760795,47.439884],[9.756238,47.435982],[9.754345,47.418128],[9.751724,47.415209],[9.751866,47.410838],[9.744873,47.396334],[9.736365,47.38827],[9.727958,47.386971],[9.716436,47.382727],[9.706501,47.375156],[9.696059,47.370793],[9.682198,47.354259],[9.671022,47.348409],[9.655372,47.344662],[9.650092,47.337145],[9.643065,47.33249],[9.63829,47.327163],[9.63037,47.322532],[9.629082,47.319431],[9.62118,47.313252],[9.621416,47.310336],[9.623502,47.308534],[9.638217,47.310932],[9.648927,47.30967],[9.650409,47.292294],[9.656723,47.285086],[9.654112,47.278143],[9.644836,47.273038],[9.634336,47.264083],[9.627142,47.26082],[9.622394,47.256848],[9.616987,47.256835],[9.601277,47.264328],[9.594649,47.265262],[9.590967,47.268011],[9.591608,47.273542],[9.590028,47.278564],[9.581214,47.281323],[9.571281,47.289019],[9.567016,47.298449],[9.568076,47.302323],[9.5645,47.303411],[9.559229,47.300204],[9.557125,47.294573],[9.565048,47.285192],[9.59084,47.237726],[9.607662,47.228144],[9.618661,47.227365],[9.625802,47.225273],[9.641114,47.225728],[9.651698,47.22014],[9.676232,47.201506],[9.692448,47.196933],[9.711352,47.193681],[9.723875,47.183846],[9.735053,47.178358],[9.753019,47.181929],[9.762691,47.190052],[9.77929,47.199118],[9.797594,47.21165],[9.808478,47.211931],[9.81445,47.213685],[9.819244,47.213628],[9.824649,47.216037],[9.831248,47.215951],[9.832675,47.217793],[9.83787,47.217537],[9.842505,47.220488],[9.861453,47.221904],[9.864639,47.223793],[9.873873,47.225317],[9.880423,47.228995],[9.885403,47.22973],[9.890504,47.233919],[9.894239,47.233736],[9.896982,47.235276],[9.907795,47.237453],[9.913862,47.236898],[9.918106,47.245058],[9.917652,47.250612],[9.908732,47.263297],[9.906861,47.27854],[9.904658,47.281324],[9.912954,47.284357],[9.918827,47.28369],[9.941753,47.296196],[9.94326,47.301391],[9.945168,47.301275],[9.944512,47.302005],[9.947827,47.304032],[9.948782,47.30761],[9.965282,47.319999],[9.97583,47.325003],[9.97675,47.323304],[9.982476,47.322658],[9.990724,47.319793],[10.022589,47.305643],[10.038033,47.303569],[10.037937,47.30031],[10.046278,47.292519],[10.04437,47.287609],[10.053858,47.281397],[10.05975,47.279937],[10.065095,47.267235],[10.076865,47.260887],[10.0830864553584,47.2596763260831],[10.086145,47.259081],[10.089854,47.260214],[10.094561,47.257636],[10.114181,47.267283],[10.124391,47.267239],[10.137098,47.270793],[10.137964,47.269843],[10.147971,47.2685],[10.150582,47.266844],[10.163739,47.267778],[10.170495,47.264178],[10.180133,47.262897],[10.182352,47.261374],[10.187456,47.262131],[10.189478,47.260892],[10.192067,47.261126],[10.197192,47.257421],[10.205497,47.257554],[10.213615,47.255324],[10.218087,47.255274],[10.2222,47.253504],[10.224093,47.249364],[10.22928,47.24929],[10.235998,47.245198],[10.244527,47.244389],[10.24991,47.245129],[10.251992,47.246411],[10.250969,47.247683],[10.258587,47.249888],[10.269864,47.246731],[10.276572,47.242029],[10.281075,47.242555],[10.282851,47.241058],[10.288631,47.239971],[10.300121,47.245654],[10.30724,47.244325],[10.314026,47.245581],[10.323188,47.252807],[10.332666,47.256356],[10.339527,47.254044],[10.361378,47.257439],[10.374748,47.260597],[10.38376,47.26564],[10.393821,47.266596],[10.4046,47.271616],[10.412071,47.273053],[10.416116,47.280817],[10.421892,47.28196],[10.431311,47.280948],[10.433538,47.283761],[10.438254,47.284255],[10.448885,47.28903],[10.458285,47.296829],[10.464987,47.298042],[10.475592,47.295335],[10.481099,47.295703],[10.493375,47.306328],[10.493538,47.309739],[10.498187,47.31422],[10.504294,47.316567],[10.50836,47.320082],[10.51931,47.323985],[10.527337,47.331602],[10.534438,47.334503],[10.535784,47.340384],[10.542153,47.350721],[10.546392,47.35393],[10.54734,47.360437],[10.551298,47.36495],[10.552595,47.36985],[10.549776,47.379259],[10.559529,47.386537],[10.577414,47.406912],[10.579961,47.423378],[10.582721,47.426444],[10.591652,47.431428],[10.601969,47.430527],[10.609278,47.432734],[10.618825,47.431727],[10.628029,47.433843],[10.648379,47.441539],[10.659671,47.443658],[10.662924,47.445834],[10.671968,47.45653],[10.69713,47.473616],[10.705923,47.482719],[10.708089,47.483329],[10.711985,47.513055],[10.718766,47.508914],[10.721875,47.509572],[10.725129,47.506976],[10.730376,47.506994],[10.733519,47.504336],[10.735752,47.495894],[10.741985,47.495751],[10.750409,47.493367],[10.752352,47.490867],[10.755227,47.489874],[10.754724,47.48751],[10.761239,47.486677],[10.769789,47.481992],[10.776366,47.476027],[10.784395,47.473663],[10.79276,47.468492],[10.79191,47.463684],[10.788579,47.461218],[10.767462,47.458699],[10.758028,47.451403],[10.763126,47.441171],[10.763646,47.435568],[10.768286,47.43388],[10.768491,47.43218],[10.773502,47.428786],[10.779792,47.42832],[10.784734,47.425674],[10.787862,47.425518],[10.793577,47.421568],[10.798634,47.420091],[10.800597,47.417323],[10.803528,47.419243],[10.822351,47.422078],[10.827385,47.419126],[10.842893,47.417367],[10.853172,47.414722],[10.872822,47.40429],[10.887691,47.402037],[10.903897,47.401216],[10.90547,47.401362],[10.911816,47.407661],[10.914456,47.415884],[10.919723,47.423661],[10.917022,47.432131],[10.921817,47.438582],[10.917326,47.444818],[10.919062,47.450006],[10.921523,47.450216],[10.923937,47.45288],[10.922806,47.459188],[10.924864,47.462019],[10.923952,47.463829],[10.927682,47.466703],[10.931545,47.466789],[10.933954,47.471346],[10.944278,47.474897],[10.950877,47.47997],[10.963441,47.478711],[10.972336,47.480576],[10.97868,47.484408],[10.98624,47.483599],[10.988726,47.480904],[10.995429,47.481678],[10.997871,47.480642],[11.026574,47.48235],[11.034828,47.485044],[11.041281,47.483944],[11.051612,47.479001],[11.05354,47.481457],[11.057882,47.480161],[11.061549,47.481122],[11.066184,47.48576],[11.064908,47.488618],[11.066695,47.489822],[11.080506,47.492477],[11.087738,47.495829],[11.089274,47.497331],[11.088384,47.499719],[11.090674,47.497749],[11.103687,47.494886],[11.115793,47.489528],[11.118957,47.487583],[11.121313,47.483831],[11.12887,47.484792],[11.132842,47.482729],[11.13887,47.483222],[11.146427,47.481721],[11.148859,47.483505],[11.159769,47.484362],[11.166893,47.487363],[11.193861,47.487967],[11.203746,47.489526],[11.219611,47.489278],[11.230312,47.485227],[11.241788,47.482617],[11.249608,47.48615],[11.257159,47.494932],[11.274394,47.510269],[11.281195,47.51493],[11.289374,47.518108],[11.29601,47.518362],[11.300038,47.520444],[11.310026,47.531063],[11.313587,47.530768],[11.314972,47.529022],[11.317654,47.528585],[11.320307,47.528721],[11.322706,47.531095],[11.33025,47.530414],[11.332482,47.53111],[11.334542,47.536093],[11.339863,47.538295],[11.345356,47.539337],[11.350335,47.53831],[11.353057,47.54091],[11.361038,47.543446],[11.364926,47.541887],[11.367118,47.543138],[11.375912,47.542815],[11.378487,47.544089],[11.380032,47.546986],[11.389988,47.549187],[11.406296,47.549186],[11.418452,47.553343],[11.427754,47.553011],[11.429412,47.556376],[11.438768,47.560314],[11.453364,47.559402],[11.458414,47.562044],[11.471336,47.562606],[11.474711,47.561825],[11.476618,47.562875],[11.487287,47.560857],[11.495769,47.562642],[11.501693,47.560943],[11.506063,47.561282],[11.507933,47.562635],[11.507843,47.567156],[11.514663,47.57231],[11.528757,47.574341],[11.535462,47.577244],[11.546722,47.579216],[11.548491,47.580999],[11.547952,47.584187],[11.550595,47.586193],[11.555829,47.584401],[11.57513,47.584911],[11.585416,47.579878],[11.591554,47.582183],[11.596513,47.581296],[11.598175,47.58344],[11.601249,47.583764],[11.612381,47.579752],[11.616662,47.581526],[11.618187,47.584062],[11.623079,47.584145],[11.628136,47.581199],[11.637507,47.578393],[11.63951,47.575836],[11.644015,47.576005],[11.663998,47.569426],[11.668358,47.570758],[11.67052,47.56611],[11.678632,47.560669],[11.68217,47.555224],[11.691731,47.551239],[11.698232,47.545882],[11.701473,47.545201],[11.703185,47.542391],[11.706094,47.54382],[11.709109,47.543112],[11.709959,47.545107],[11.718779,47.546966],[11.72638,47.550618],[11.72768,47.552383],[11.73275,47.551332],[11.741075,47.552367],[11.743961,47.55139],[11.749579,47.553767],[11.754677,47.559855],[11.76227,47.563098],[11.766375,47.57441],[11.7714,47.576996],[11.790531,47.578922],[11.794644,47.577574],[11.800609,47.577657],[11.806951,47.579347],[11.826596,47.577837],[11.839842,47.580698],[11.840334,47.581642],[11.8415358494009,47.5815024199317],[11.844105,47.581204],[11.857752,47.584718],[11.861905,47.583576],[11.866026,47.584712],[11.872897,47.583201],[11.880631,47.578079],[11.881404,47.571726],[11.884899,47.56972],[11.885925,47.566389],[11.884249,47.564274],[11.885275,47.561169],[11.887776,47.561534],[11.889886,47.557466],[11.892773,47.556397],[11.897814,47.551582],[11.907705,47.549884],[11.916674,47.542208],[11.916716,47.535883],[11.915353,47.534225],[11.920667,47.534488],[11.923786,47.536111],[11.931726,47.535438],[11.952211,47.537379],[11.95442,47.536757],[11.960493,47.538179],[11.969658,47.542434],[11.995428,47.54554],[12.002402,47.550854],[12.013775,47.553755],[12.021982,47.559765],[12.031417,47.559954],[12.038168,47.56571],[12.036279,47.570054],[12.042537,47.573111],[12.044368,47.585382],[12.051465,47.589415],[12.05198,47.591284],[12.056138,47.592819],[12.060058,47.592347],[12.073172,47.595008],[12.075351,47.594013],[12.079079,47.594375],[12.079693,47.596335],[12.082832,47.596828],[12.086513,47.596253],[12.086699,47.594707],[12.09482,47.594777],[12.095389,47.593831],[12.103559,47.597063],[12.112265,47.596297],[12.117458,47.598106],[12.122589,47.597621],[12.126245,47.601174],[12.129021,47.600695],[12.131379,47.602846],[12.142125,47.605571],[12.141814,47.609093],[12.148303,47.612477],[12.155309,47.613945],[12.160048,47.613022],[12.166403,47.615334],[12.173444,47.615563],[12.176803,47.616943],[12.189225,47.615477],[12.200265,47.607166],[12.202012,47.606168],[12.203961,47.606766],[12.207311,47.609709],[12.20825,47.613472],[12.203704,47.622973],[12.200631,47.639583],[12.206798,47.639667],[12.229174,47.646758],[12.235891,47.647383],[12.238878,47.645459],[12.24611,47.646458],[12.248729,47.644548],[12.263679,47.64559],[12.267411,47.641622],[12.274926,47.639184],[12.303094,47.645493],[12.304183,47.646752],[12.314524,47.646837],[12.317063,47.647838],[12.317071,47.649254],[12.324711,47.650811],[12.329646,47.65098],[12.330114,47.648281],[12.335748,47.647042],[12.340731,47.648829],[12.367945,47.65178],[12.372225,47.65325],[12.376823,47.653578],[12.382499,47.651383],[12.385018,47.653358],[12.385517,47.656233],[12.389856,47.655722],[12.392024,47.656551],[12.394596,47.658835],[12.395985,47.663189],[12.399979,47.665377],[12.401025,47.662541],[12.40397,47.661222],[12.417502,47.662477],[12.420966,47.661594],[12.427192,47.651321],[12.432153,47.650952],[12.439749,47.645864],[12.448506,47.645145],[12.451623,47.639558],[12.458869,47.635783],[12.458446,47.631149],[12.464666,47.621859],[12.466311,47.616059],[12.472509,47.610782],[12.469655,47.60203],[12.476335,47.5907],[12.476096,47.585935],[12.484642,47.581363],[12.491691,47.579756],[12.498523,47.581687],[12.503546,47.581204],[12.516844,47.587786],[12.525594,47.588826],[12.5324,47.592365],[12.545476,47.591739],[12.57646,47.58532],[12.582224,47.585448],[12.58928,47.587451],[12.607454,47.587506],[12.627918,47.583388],[12.651069,47.581083],[12.654869,47.581551],[12.666645,47.578844],[12.681403637025,47.5794873750123]]]}},{"type":"Feature","properties":{"id":"SZ.23","parentId":"eastern-alps","level":"section","name":"Tiroler Schieferalpen","names":{"en":"Tyrol Schistose Alps","de":"Tiroler Schieferalpen","fr":"Alpes schisteuses tyroliennes","it":"Alpi Scistose Tirolesi"},"provenance":{"source":"https://www.homoalpinus.com/alpes/subdivisions/soiusa/","creator":"Capleymar","kind":"supplied","names":{"version":"soiusa-area-names-v1","source":"https://www.homoalpinus.com/alpes/subdivisions/soiusa/tab_de/index.html","method":"SOIUSA multilingual nomenclature; display casing, accents and spelling normalized; broad-sense scope retained"}},"sourceFeatures":[{"index":22,"fields":{"Number":"23","Code":"SZ.23","Name":"Tiroler Schieferalpen","Perimeter":"310.61 km","Enclosed_Area":"2654.4 sq km","Island_Area":"","Capleymar-Homoalpinus":"https://www.homoalpinus.com/alpes/subdivisions/soiusa/","Created_By":"Capleymar"}}],"geometryRef":"sections.geojson#SZ.23"},"geometry":{"type":"Polygon","coordinates":[[[11.6384689166326,47.0945536881782],[11.644225,47.094353],[11.645544,47.095224],[11.644928,47.099375],[11.6423650766115,47.103984744998],[11.641438,47.105652],[11.64226,47.109444],[11.644316,47.110923],[11.645359653967,47.111231067946],[11.651709,47.113105],[11.654587,47.112827],[11.657986,47.110814],[11.669061,47.111162],[11.672549,47.109684],[11.67381,47.107673],[11.676123,47.107523],[11.683925,47.115301],[11.691161,47.119234],[11.695353,47.124091],[11.700277,47.126817],[11.703906,47.131445],[11.704062,47.134335],[11.709476,47.137538],[11.713711,47.137729],[11.71802,47.140787],[11.721516,47.149775],[11.726195,47.153773],[11.739261,47.160503],[11.747938,47.16109],[11.761896,47.159178],[11.77301,47.154388],[11.775399,47.152147],[11.796488,47.148806],[11.811244,47.148942],[11.838291,47.156756],[11.840931,47.159718],[11.85473,47.164803],[11.862241,47.172414],[11.866751,47.190994],[11.871021,47.198126],[11.868717,47.202605],[11.869415,47.219042],[11.876067,47.226185],[11.877081,47.23271],[11.8898,47.239877],[11.897747,47.241822],[11.895496,47.231629],[11.892826,47.228253],[11.887677,47.226327],[11.905253,47.222788],[11.907335,47.220939],[11.910617,47.221041],[11.919465,47.21787],[11.922907,47.218758],[11.937939,47.215286],[11.94561,47.215403],[11.953906,47.211821],[11.966036,47.210712],[11.976053,47.207764],[11.984696,47.209966],[12.005295,47.211019],[12.006889,47.213104],[12.016944,47.215998],[12.01984,47.21858],[12.03134,47.22232],[12.032692,47.225004],[12.039887,47.225483],[12.047396,47.227525],[12.055862,47.234821],[12.064022,47.237895],[12.070747,47.238179],[12.079444,47.236322],[12.095634,47.238016],[12.100658,47.23737],[12.110883,47.240929],[12.112258,47.240353],[12.130425,47.245289],[12.138423,47.249401],[12.149237,47.247654],[12.153942,47.248481],[12.15575,47.246824],[12.15767,47.247804],[12.164832,47.246271],[12.166007,47.244435],[12.170271,47.244763],[12.177929,47.242063],[12.181473,47.24261],[12.188607,47.239017],[12.198628,47.236759],[12.21148,47.24175],[12.218297,47.241911],[12.225294,47.244322],[12.227915,47.243455],[12.248337,47.243131],[12.252646,47.244249],[12.262638,47.241818],[12.269105,47.241961],[12.287766,47.251961],[12.301415,47.252835],[12.315527,47.256681],[12.323844,47.257282],[12.329301,47.260128],[12.334703,47.265792],[12.34643,47.268108],[12.357407,47.273245],[12.371838,47.272093],[12.397416,47.278817],[12.417273,47.27817],[12.44327,47.279002],[12.454804,47.283536],[12.474551,47.283945],[12.493854,47.282592],[12.511171,47.284271],[12.570417,47.279701],[12.585935,47.281307],[12.593825,47.280083],[12.61351,47.280519],[12.621874,47.279097],[12.630697,47.281927],[12.645565,47.280763],[12.650899,47.28475],[12.656606,47.285579],[12.664746,47.28186],[12.676559,47.284327],[12.696488,47.281354],[12.706844,47.278375],[12.7132,47.278202],[12.737001,47.279366],[12.749863,47.283227],[12.758837,47.288328],[12.76626,47.286995],[12.772871,47.283801],[12.782552,47.28216],[12.80385,47.283267],[12.816503,47.285319],[12.821672,47.287583],[12.813755,47.287349],[12.809325,47.291034],[12.812018,47.300723],[12.809995,47.304479],[12.804751,47.306416],[12.800343,47.311079],[12.795988,47.312114],[12.794573,47.313843],[12.794963,47.318904],[12.801794,47.324018],[12.796688,47.329375],[12.800228,47.348868],[12.800477,47.36148],[12.803889,47.364156],[12.811876,47.367272],[12.817654,47.367963],[12.823512,47.371121],[12.828507,47.385618],[12.835094,47.389866],[12.835926,47.392648],[12.83437,47.395099],[12.829043,47.397671],[12.8262,47.420742],[12.82267,47.425189],[12.820142,47.436638],[12.822901,47.439557],[12.819807,47.44073],[12.809511,47.441861],[12.798258,47.440151],[12.787048,47.440797],[12.768635,47.439754],[12.759537,47.440839],[12.754087,47.4389],[12.740864,47.440568],[12.728855,47.440697],[12.72505,47.438925],[12.720322,47.438962],[12.714221,47.441438],[12.708177,47.441002],[12.702405,47.442763],[12.69611,47.442678],[12.686052,47.448238],[12.678034,47.449197],[12.672335,47.454355],[12.662656,47.455145],[12.649919,47.458296],[12.630761,47.469271],[12.609067,47.469779],[12.604356,47.466404],[12.59844,47.465299],[12.595065,47.463044],[12.5886,47.465867],[12.582062,47.462258],[12.574214,47.462714],[12.572048,47.466403],[12.562249,47.468172],[12.556418,47.472837],[12.545335,47.476513],[12.539358,47.479722],[12.53685,47.482656],[12.533914,47.482594],[12.533714,47.484988],[12.528233,47.487589],[12.527097,47.489452],[12.520379,47.491347],[12.506318,47.491728],[12.499438,47.494941],[12.491946,47.495717],[12.483492,47.502996],[12.459655,47.511555],[12.4514,47.517319],[12.441586,47.5194],[12.432383,47.523218],[12.429077,47.526346],[12.428668,47.528749],[12.423205,47.52092],[12.412985,47.517544],[12.392374,47.522433],[12.389683,47.521593],[12.385589,47.522812],[12.359873,47.517671],[12.357384,47.518041],[12.340365,47.513701],[12.298524,47.515338],[12.279439,47.521807],[12.269364,47.520527],[12.259881,47.522409],[12.246189,47.51957],[12.243658,47.521061],[12.236252,47.522117],[12.229406,47.519481],[12.211776,47.517213],[12.199941,47.517738],[12.193319,47.520629],[12.192362,47.522954],[12.180378,47.530873],[12.178766,47.533159],[12.178912,47.540906],[12.177008,47.543203],[12.169966,47.544141],[12.166803,47.550899],[12.151623,47.557593],[12.159062,47.564802],[12.153697,47.575822],[12.151108,47.575814],[12.147654,47.574557],[12.140963,47.561781],[12.124798,47.552732],[12.115867,47.541408],[12.093405,47.52945],[12.09253,47.520313],[12.090493,47.517521],[12.087299,47.517962],[12.08086,47.52502],[12.075929,47.525265],[12.071953,47.523035],[12.071519,47.520466],[12.078123,47.516204],[12.079142,47.511697],[12.071109,47.506756],[12.061989,47.504212],[12.05309,47.491681],[12.037581,47.486586],[12.018913,47.485472],[12.002536,47.48213],[11.984658,47.480368],[11.935125,47.461558],[11.917212,47.45847],[11.906275,47.450388],[11.897777,47.446182],[11.889835,47.438955],[11.882908,47.438781],[11.877353,47.436661],[11.870312,47.428169],[11.85894,47.423771],[11.851916,47.416574],[11.843126,47.410354],[11.821615,47.40239],[11.809048,47.401865],[11.803748,47.400481],[11.794832,47.391303],[11.783208,47.386781],[11.779148,47.383781],[11.767483,47.385445],[11.7582002246813,47.38279531611],[11.758045,47.382751],[11.730149,47.36529],[11.722705,47.362741],[11.707565,47.354767],[11.704948,47.351793],[11.706466,47.344985],[11.705381,47.339853],[11.693279,47.327632],[11.686495,47.326724],[11.675627,47.321845],[11.658211,47.320882],[11.642366,47.316655],[11.628428,47.309773],[11.615838,47.30772],[11.601313,47.300283],[11.58342,47.301414],[11.570821,47.298994],[11.565922,47.296504],[11.558336,47.288209],[11.551402,47.283035],[11.530207,47.278186],[11.517397,47.276491],[11.508755,47.276874],[11.497053,47.272667],[11.481692,47.272694],[11.451545,47.267086],[11.418165,47.278267],[11.408673,47.271889],[11.405352,47.267077],[11.403618,47.257333],[11.40457,47.254393],[11.402549,47.251191],[11.404648,47.248255],[11.401728,47.245424],[11.396422,47.245323],[11.39521,47.243256],[11.393179,47.24279],[11.392186,47.241262],[11.394918,47.238137],[11.389597,47.237878],[11.388678,47.236863],[11.390297,47.231988],[11.387181,47.227198],[11.390757,47.220227],[11.388559,47.21573],[11.390201,47.213558],[11.392693,47.212176],[11.394141,47.212827],[11.399177,47.208951],[11.400151,47.2047],[11.398049,47.203184],[11.402949,47.201993],[11.404957,47.198356],[11.403496,47.196106],[11.4069926854633,47.1943605149256],[11.411196,47.192262],[11.414477,47.192719],[11.419077,47.19068],[11.419111,47.188145],[11.415606,47.183735],[11.418228,47.182653],[11.422217,47.177564],[11.430473,47.17569],[11.432793,47.173998],[11.440007,47.16435],[11.447728,47.157295],[11.447213,47.154197],[11.451279,47.149906],[11.449485,47.145668],[11.451905,47.14373],[11.452257,47.141264],[11.456602,47.140229],[11.457037,47.138729],[11.454124,47.137989],[11.452705,47.1362],[11.454031,47.133815],[11.452735,47.132894],[11.455461,47.13056],[11.451557,47.122994],[11.454429,47.120668],[11.451805,47.118294],[11.454839,47.115724],[11.452555,47.113241],[11.45293,47.11154],[11.459265,47.105746],[11.462968,47.105268],[11.464862,47.099252],[11.468331,47.095046],[11.467283,47.093781],[11.46916,47.086666],[11.475678,47.080273],[11.480721,47.078716],[11.483345,47.076361],[11.482424,47.074327],[11.487461,47.06394],[11.498089,47.062304],[11.50877,47.06448],[11.517937,47.068547],[11.522556,47.068369],[11.540503,47.070693],[11.545557,47.072674],[11.549824,47.071967],[11.554583,47.073174],[11.558142,47.076962],[11.564386,47.079158],[11.56858,47.083009],[11.57968,47.086679],[11.594587,47.100736],[11.600223,47.104394],[11.605174,47.105695],[11.616461,47.101136],[11.623791,47.093344],[11.626695,47.092054],[11.636479,47.094623],[11.6384689166326,47.0945536881782]]]}},{"type":"Feature","properties":{"id":"SZ.24","parentId":"eastern-alps","level":"section","name":"Salzburger Nordalpen","names":{"en":"Salzburg Alps","de":"Salzburger Nordalpen","fr":"Alpes salzbourgeoises","it":"Alpi Salisburghesi"},"provenance":{"source":"https://www.homoalpinus.com/alpes/subdivisions/soiusa/","creator":"Capleymar","kind":"supplied","names":{"version":"soiusa-area-names-v1","source":"https://www.homoalpinus.com/alpes/subdivisions/soiusa/tab_de/index.html","method":"SOIUSA multilingual nomenclature; display casing, accents and spelling normalized; broad-sense scope retained"}},"sourceFeatures":[{"index":23,"fields":{"Number":"24","Code":"SZ.24","Name":"Salzburger Nordalpen","Perimeter":"303.7 km","Enclosed_Area":"2317.2 sq km","Island_Area":"","Capleymar-Homoalpinus":"https://www.homoalpinus.com/alpes/subdivisions/soiusa/","Created_By":"Capleymar"}}],"geometryRef":"sections.geojson#SZ.24"},"geometry":{"type":"Polygon","coordinates":[[[13.50725,47.462234],[13.504196,47.459451],[13.496515,47.455841],[13.48734,47.454472],[13.48365,47.464591],[13.492919,47.474991],[13.488195,47.4777],[13.4865156549064,47.4781563810263],[13.473439,47.481709],[13.454124,47.482751],[13.449895,47.484658],[13.443579,47.490137],[13.43862,47.491544],[13.425051,47.487816],[13.422878,47.488887],[13.413073,47.488956],[13.408539,47.490821],[13.404597,47.496629],[13.407906,47.497804],[13.411051,47.497073],[13.41409,47.499842],[13.420269,47.500943],[13.421206,47.502379],[13.424068,47.502817],[13.425067,47.504969],[13.431818,47.506795],[13.434058,47.509443],[13.430127,47.510857],[13.430899,47.523174],[13.425707,47.526964],[13.425293,47.531775],[13.421395,47.537189],[13.42181,47.541619],[13.418651,47.54487],[13.412891,47.546202],[13.41441,47.549472],[13.40841,47.557188],[13.405139,47.557393],[13.402764,47.560534],[13.398595,47.561861],[13.39206,47.57014],[13.383543,47.57477],[13.378808,47.574472],[13.372632,47.578131],[13.365187,47.579642],[13.361422,47.582234],[13.352983,47.582736],[13.34783,47.585531],[13.343567,47.585766],[13.340198,47.58928],[13.333347,47.590103],[13.324482,47.59349],[13.319451,47.592494],[13.299798,47.595598],[13.293472,47.594048],[13.285538,47.58738],[13.282341,47.590199],[13.279125,47.589242],[13.273523,47.5898],[13.267585,47.587028],[13.265782,47.582642],[13.26864,47.578077],[13.265297,47.576507],[13.259124,47.579313],[13.250556,47.577771],[13.244455,47.581076],[13.238237,47.579935],[13.223307,47.58526],[13.213652,47.58674],[13.200745,47.590888],[13.186982,47.58861],[13.185039,47.582871],[13.1741,47.585115],[13.169658,47.584189],[13.16822,47.582677],[13.162112,47.583639],[13.16111,47.58559],[13.164051,47.596347],[13.161002,47.603625],[13.155687,47.609795],[13.147371,47.611234],[13.14683,47.618514],[13.140206,47.621194],[13.138464,47.62447],[13.138221,47.6316],[13.130934,47.635536],[13.129777,47.642909],[13.122663,47.64746],[13.121282,47.653615],[13.116448,47.659073],[13.116453,47.661885],[13.121297,47.667414],[13.121163,47.669421],[13.114911,47.672826],[13.106808,47.673145],[13.100561,47.675433],[13.097397,47.682173],[13.090799,47.684533],[13.085567,47.688942],[13.077363,47.70126],[13.077125,47.704473],[13.08309,47.719958],[13.080733,47.744149],[13.075717,47.742593],[13.069444,47.743317],[13.066059,47.741276],[13.056813,47.742728],[13.052809,47.742573],[13.050115,47.740748],[13.041694,47.740812],[13.040235,47.741527],[13.040712,47.744078],[13.032649,47.747634],[13.014981,47.75228],[13.000865,47.754536],[12.985885,47.766155],[12.967102,47.769148],[12.932568,47.767599],[12.926701,47.76826],[12.901642,47.747789],[12.870576,47.732483],[12.866717,47.729202],[12.865363,47.72454],[12.873327,47.717621],[12.873226,47.716117],[12.851414,47.70557],[12.845711,47.698458],[12.844492,47.691436],[12.831202,47.679948],[12.825841,47.680402],[12.816531,47.683534],[12.812103,47.687243],[12.808505,47.686075],[12.801989,47.688132],[12.796332,47.685495],[12.790245,47.67937],[12.783992,47.6773],[12.772791,47.665864],[12.763103,47.667048],[12.758605,47.663284],[12.755466,47.663346],[12.745974,47.659772],[12.742371,47.655524],[12.736351,47.655151],[12.73133,47.648893],[12.731112,47.643045],[12.727661,47.642287],[12.729292,47.631157],[12.722174,47.627376],[12.719995,47.623732],[12.711548,47.619998],[12.708381,47.616471],[12.705564,47.608062],[12.708257,47.60602],[12.704626,47.604244],[12.702727,47.597665],[12.700031,47.596417],[12.695431,47.590883],[12.695221,47.588336],[12.699349,47.586321],[12.699028,47.584896],[12.691548,47.58567],[12.68266,47.579578],[12.6814087564758,47.5794987045389],[12.668676,47.578691],[12.662874,47.58015],[12.660166,47.579622],[12.654869,47.581551],[12.651069,47.581083],[12.627918,47.583388],[12.609073,47.587407],[12.58928,47.587451],[12.582224,47.585448],[12.57646,47.58532],[12.545476,47.591739],[12.5324,47.592365],[12.525594,47.588826],[12.516844,47.587786],[12.503546,47.581204],[12.498523,47.581687],[12.491691,47.579756],[12.484642,47.581363],[12.476512,47.585217],[12.475883,47.586969],[12.472549,47.576426],[12.467853,47.569836],[12.442918,47.55212],[12.436984,47.536535],[12.428668,47.528748],[12.429077,47.526346],[12.432383,47.523218],[12.441586,47.5194],[12.4514,47.517319],[12.459655,47.511555],[12.483492,47.502996],[12.491946,47.495717],[12.499438,47.494941],[12.506318,47.491728],[12.520379,47.491347],[12.527097,47.489452],[12.528233,47.487589],[12.533714,47.484988],[12.533914,47.482594],[12.53685,47.482656],[12.539358,47.479722],[12.545335,47.476513],[12.556418,47.472837],[12.562249,47.468172],[12.572048,47.466403],[12.574214,47.462714],[12.582062,47.462258],[12.5886,47.465867],[12.595065,47.463044],[12.59844,47.465299],[12.604356,47.466404],[12.609067,47.469779],[12.630761,47.469271],[12.6315154304213,47.4688389581763],[12.649919,47.458296],[12.662656,47.455145],[12.672335,47.454355],[12.678034,47.449197],[12.686052,47.448238],[12.69611,47.442678],[12.702405,47.442763],[12.708177,47.441002],[12.714221,47.441438],[12.720322,47.438962],[12.72505,47.438925],[12.728855,47.440697],[12.740864,47.440568],[12.754087,47.4389],[12.759537,47.440839],[12.768635,47.439754],[12.787048,47.440797],[12.798258,47.440151],[12.809511,47.441861],[12.822901,47.439557],[12.820142,47.436638],[12.82267,47.425189],[12.8262,47.420742],[12.829043,47.397671],[12.83437,47.395099],[12.835947,47.391584],[12.828507,47.385618],[12.823512,47.371121],[12.817654,47.367963],[12.811876,47.367272],[12.801046,47.362797],[12.8010194552948,47.362593554204],[12.796688,47.329375],[12.801794,47.324018],[12.794963,47.318904],[12.794573,47.313843],[12.795988,47.312114],[12.800343,47.311079],[12.804751,47.306416],[12.809995,47.304479],[12.812018,47.300723],[12.809325,47.291034],[12.813755,47.287349],[12.822889,47.287629],[12.82808,47.285811],[12.83801,47.284784],[12.844403,47.281836],[12.853302,47.283957],[12.858582,47.28313],[12.873046,47.283815],[12.884903,47.287554],[12.894412,47.288662],[12.924228,47.287413],[12.926285,47.2893],[12.933348,47.288531],[12.937229,47.291032],[12.946361,47.29233],[12.95168,47.292402],[12.959596,47.290024],[12.967635,47.289956],[12.974611,47.291786],[12.977365,47.294069],[12.981582,47.293989],[12.988067,47.296005],[12.995638,47.300882],[12.999371,47.301277],[13.008888,47.306532],[13.01375,47.305873],[13.022229,47.308047],[13.030167,47.306742],[13.035064,47.304313],[13.036716,47.301606],[13.041085,47.301219],[13.046652,47.298112],[13.051764,47.29701],[13.059815,47.296474],[13.074245,47.299069],[13.103007,47.301801],[13.109838,47.303613],[13.1116,47.306642],[13.117237,47.309821],[13.12793,47.311033],[13.132952,47.316371],[13.142466,47.315721],[13.148171,47.319658],[13.160766,47.319745],[13.1616746184302,47.3211621623366],[13.163232,47.323591],[13.169669,47.321809],[13.180498,47.32117],[13.182553,47.323174],[13.182226,47.327712],[13.187967,47.328234],[13.190247,47.333476],[13.194731,47.334344],[13.19777,47.336513],[13.197692,47.338057],[13.193264,47.340592],[13.19591,47.345117],[13.204879,47.341884],[13.207875,47.342027],[13.213246,47.335919],[13.229164,47.330099],[13.236032,47.330286],[13.243372,47.333776],[13.261008,47.333692],[13.265211,47.336084],[13.28231,47.336208],[13.286634,47.334666],[13.291456,47.335102],[13.292404,47.333621],[13.295642,47.333777],[13.303102,47.335955],[13.307895,47.343998],[13.312077,47.347723],[13.317725,47.34977],[13.324685,47.354468],[13.338737,47.357023],[13.343899,47.359151],[13.353516,47.357926],[13.369515,47.361458],[13.385062,47.362231],[13.39319,47.373862],[13.391421,47.376844],[13.395869,47.385776],[13.399162,47.3891],[13.405117,47.390557],[13.430719,47.379764],[13.436582,47.378857],[13.43897757826,47.3792233930349],[13.482727,47.385905],[13.496701,47.385473],[13.505146,47.388024],[13.513035,47.392851],[13.520059,47.395062],[13.536501,47.396361],[13.549963,47.399997],[13.57118,47.401718],[13.577141,47.401462],[13.58244,47.399355],[13.591312,47.392362],[13.600658,47.387763],[13.61094,47.386331],[13.618036,47.388597],[13.622623,47.387553],[13.634067,47.389062],[13.638119,47.387379],[13.641176,47.38831],[13.650926,47.38773],[13.655426,47.389376],[13.660453,47.388922],[13.67499,47.392642],[13.682017,47.39168],[13.687706,47.397604],[13.695253,47.398264],[13.699534,47.396636],[13.714783,47.401868],[13.717487,47.404059],[13.726296,47.405286],[13.732035,47.408455],[13.739895,47.410635],[13.74833,47.411506],[13.754972,47.4107],[13.762267,47.415098],[13.771171,47.418274],[13.776491,47.417793],[13.783434,47.418924],[13.783027,47.42146],[13.778182,47.424063],[13.768949,47.425377],[13.765407,47.42356],[13.752761,47.423071],[13.740279,47.418933],[13.732397,47.417742],[13.72385,47.420792],[13.721364,47.427689],[13.717939,47.428991],[13.678073,47.417451],[13.675323,47.418438],[13.665676,47.417456],[13.652669,47.418166],[13.641996,47.422445],[13.630506,47.421388],[13.613553,47.426197],[13.604112,47.42707],[13.596136,47.425609],[13.579042,47.427161],[13.570843,47.425495],[13.562832,47.42067],[13.559445,47.422788],[13.551576,47.42358],[13.541836,47.427495],[13.529483,47.429885],[13.527978,47.431499],[13.522358,47.431671],[13.520979,47.433947],[13.522524,47.440227],[13.517314,47.446698],[13.514748,47.455049],[13.517782,47.460408],[13.512705,47.462042],[13.50725,47.462234]]]}},{"type":"Feature","properties":{"id":"SZ.25","parentId":"eastern-alps","level":"section","name":"Oberösterreichisch-Salzkammmerguter Alpen","names":{"en":"Salzkammergut and Upper Austria Alps","de":"Oberösterreichisch-Salzkammerguter Alpen","fr":"Alpes du Salzkammergut et de la Haute-Autriche","it":"Alpi del Salzkammergut e dell'Alta Austria"},"provenance":{"source":"https://www.homoalpinus.com/alpes/subdivisions/soiusa/","creator":"Capleymar","kind":"supplied","names":{"version":"soiusa-area-names-v1","source":"https://www.homoalpinus.com/alpes/subdivisions/soiusa/tab_de/index.html","method":"SOIUSA multilingual nomenclature; display casing, accents and spelling normalized; broad-sense scope retained"}},"sourceFeatures":[{"index":24,"fields":{"Number":"25","Code":"SZ.25","Name":"Oberösterreichisch-Salzkammmerguter Alpen","Perimeter":"514.31 km","Enclosed_Area":"5399.7 sq km","Island_Area":"","Capleymar-Homoalpinus":"https://www.homoalpinus.com/alpes/subdivisions/soiusa/","Created_By":"Capleymar"}}],"geometryRef":"sections.geojson#SZ.25"},"geometry":{"type":"Polygon","coordinates":[[[14.438688,47.707775],[14.438689,47.707775],[14.450715,47.706567],[14.455472,47.710498],[14.474951,47.710919],[14.48466,47.708211],[14.497869,47.707265],[14.511392,47.702736],[14.518123,47.70276],[14.522133,47.704384],[14.524026,47.707441],[14.526694,47.708249],[14.532402,47.713738],[14.536934,47.71369],[14.553382,47.719913],[14.571248,47.716369],[14.577919,47.718052],[14.581031,47.717175],[14.583219,47.718738],[14.586724,47.718319],[14.591179,47.721481],[14.592038,47.723801],[14.595734,47.723695],[14.603489,47.729768],[14.603996,47.728059],[14.610202,47.728387],[14.613962,47.730669],[14.618334,47.730813],[14.622878,47.729449],[14.62728,47.729841],[14.630789,47.728564],[14.631031,47.726224],[14.633766,47.726591],[14.63456,47.728235],[14.64344,47.727509],[14.646266,47.725337],[14.648281,47.72606],[14.647179,47.730428],[14.652269,47.738387],[14.650708,47.740199],[14.638906,47.744276],[14.640166,47.74823],[14.638832,47.750207],[14.641024,47.753396],[14.644247,47.755055],[14.643136,47.759749],[14.647769,47.768164],[14.651846,47.771063],[14.649243,47.774879],[14.6528514801496,47.7780437872874],[14.653301,47.778438],[14.651938,47.780856],[14.647242,47.78331],[14.645113,47.788044],[14.639664,47.793198],[14.645175,47.805009],[14.639117,47.813435],[14.639191,47.817134],[14.643249,47.823619],[14.641828,47.829313],[14.643823,47.835584],[14.637422,47.842503],[14.638731,47.852405],[14.648025,47.85377],[14.656611,47.85352],[14.667768,47.861121],[14.670472,47.863392],[14.67044,47.866668],[14.676354,47.870302],[14.676571,47.87373],[14.681174,47.877977],[14.681078,47.880632],[14.694615,47.892098],[14.704935,47.892955],[14.705756,47.89175],[14.708734,47.891283],[14.709506,47.892125],[14.709868,47.890936],[14.71254,47.89085],[14.723755,47.895504],[14.73227,47.894254],[14.738353,47.898748],[14.750874,47.90261],[14.756005,47.906717],[14.76836,47.910095],[14.769727,47.918906],[14.767708,47.921774],[14.766765,47.928605],[14.764065,47.932022],[14.765801,47.941514],[14.76347,47.951171],[14.771914,47.958017],[14.773313,47.963673],[14.765122,47.970147],[14.758592,47.972516],[14.752295,47.979023],[14.753141,47.983218],[14.751603,47.985707],[14.740773,47.987882],[14.736384,47.990887],[14.737241,48.000324],[14.733003,48.005098],[14.739851,48.013945],[14.746759,48.016139],[14.746574,48.019086],[14.751223,48.020679],[14.752807,48.022976],[14.776587,48.026575],[14.781881,48.032929],[14.780221,48.036195],[14.785077,48.040177],[14.773123,48.037964],[14.75185,48.037044],[14.712216,48.030072],[14.692834,48.032233],[14.678258,48.035449],[14.645422,48.037923],[14.569695,48.048431],[14.559882,48.049351],[14.524261,48.049308],[14.518302,48.048803],[14.498022,48.040619],[14.489983,48.040867],[14.47202,48.038439],[14.464436,48.038945],[14.451134,48.044249],[14.444537,48.043608],[14.440401,48.042352],[14.432431,48.028154],[14.426888,48.028698],[14.423464,48.027446],[14.418254,48.024787],[14.41627,48.018848],[14.40604,48.01692],[14.403208,48.01801],[14.400525,48.022465],[14.408396,48.028085],[14.408218,48.03966],[14.398539,48.040047],[14.395603,48.042103],[14.38632,48.041623],[14.373744,48.045101],[14.366035,48.049399],[14.34159,48.05144],[14.339227,48.05016],[14.336263,48.043787],[14.330628,48.043334],[14.329499,48.042233],[14.32998,48.03968],[14.335496,48.036846],[14.336936,48.033885],[14.334971,48.027668],[14.312587,48.016837],[14.306643,48.008422],[14.284351,47.999697],[14.276849,47.99377],[14.256742,47.988493],[14.22474,47.982605],[14.204721,47.976073],[14.185854,47.975042],[14.171104,47.972416],[14.165291,47.974095],[14.160006,47.972506],[14.154708,47.972602],[14.149328,47.970808],[14.141531,47.965169],[14.135916,47.958604],[14.126273,47.94055],[14.113477,47.930309],[14.112153,47.926441],[14.121631,47.912733],[14.124562,47.910419],[14.130024,47.910433],[14.131943,47.909169],[14.131705,47.905198],[14.138004,47.89267],[14.139126,47.881567],[14.133792,47.875066],[14.125781,47.871755],[14.11714,47.874948],[14.108891,47.880951],[14.101898,47.896613],[14.085803,47.918521],[14.06231,47.939189],[14.054833,47.943552],[14.039326,47.949148],[14.027267,47.950951],[14.022596,47.95132],[14.012069,47.947683],[14.004531,47.947619],[13.998556,47.953398],[13.980666,47.965457],[13.962877,47.970594],[13.954383,47.969323],[13.938107,47.970152],[13.920098,47.974305],[13.91216,47.974311],[13.905122,47.969582],[13.885578,47.950025],[13.882675,47.949214],[13.880213,47.940658],[13.875123,47.933837],[13.86349,47.931469],[13.85114,47.934614],[13.831872,47.933306],[13.829421,47.931746],[13.822518,47.920322],[13.806988,47.906375],[13.803878,47.900111],[13.803442,47.893998],[13.806502,47.892347],[13.808544,47.888381],[13.8077062670036,47.8846877671219],[13.807267,47.882751],[13.813808,47.878574],[13.814094,47.869292],[13.81594,47.864474],[13.814154,47.861237],[13.814147,47.85341],[13.810354,47.848876],[13.807822,47.842487],[13.807528,47.83759],[13.809341,47.835244],[13.807565,47.832896],[13.808333,47.827075],[13.806517,47.824062],[13.802621,47.822001],[13.794863,47.809804],[13.791166,47.810914],[13.784061,47.80976],[13.782201,47.811622],[13.785232,47.812579],[13.782233,47.814568],[13.777879,47.813102],[13.774516,47.813798],[13.777058,47.818391],[13.786788,47.823436],[13.791464,47.828857],[13.786216,47.833186],[13.784801,47.837392],[13.786623,47.838274],[13.789288,47.843748],[13.792486,47.844243],[13.792155,47.846203],[13.782461,47.846559],[13.776904,47.850817],[13.778285,47.85255],[13.766124,47.856815],[13.745784,47.858159],[13.740373,47.859746],[13.736684,47.870851],[13.713648,47.874405],[13.709672,47.877084],[13.709625,47.8797],[13.712912,47.88113],[13.712357,47.883744],[13.714365,47.887251],[13.719746,47.890099],[13.713794,47.895162],[13.7131294398857,47.8962093900127],[13.711049,47.899488],[13.713113,47.902494],[13.709412,47.904057],[13.709233,47.906666],[13.713463,47.909173],[13.715692,47.91247],[13.719527,47.913463],[13.724259,47.9172],[13.730335,47.917628],[13.736264,47.921368],[13.745847,47.922258],[13.75361,47.925367],[13.75745,47.938652],[13.752793,47.949036],[13.744321,47.954925],[13.740367,47.956044],[13.735281,47.954543],[13.734887,47.950344],[13.73074,47.948194],[13.722308,47.948381],[13.718098,47.951003],[13.7162982152448,47.9508848671293],[13.713376,47.950693],[13.7092,47.947814],[13.702056,47.947413],[13.698725,47.948064],[13.695122,47.950988],[13.69142,47.951553],[13.675947,47.948016],[13.664115,47.949002],[13.652039,47.948305],[13.641274,47.949832],[13.630859,47.944469],[13.624283,47.938991],[13.599925,47.935574],[13.599206,47.936705],[13.593178,47.936235],[13.585586,47.932071],[13.5765609486227,47.9127005607626],[13.575273,47.909935],[13.569341,47.90913],[13.565837,47.903205],[13.567543,47.899911],[13.570649,47.89943],[13.571277,47.897768],[13.568505,47.889059],[13.569121,47.878756],[13.566594,47.877031],[13.566037,47.874423],[13.566592,47.869853],[13.556147,47.852255],[13.547843,47.84495],[13.546671,47.841845],[13.542876,47.840052],[13.546581,47.835273],[13.545135,47.830537],[13.547414,47.820513],[13.546303,47.813098],[13.547508,47.805664],[13.543538,47.801257],[13.535267,47.801339],[13.528701,47.797644],[13.510289,47.796726],[13.508106,47.794997],[13.508252,47.791373],[13.502345,47.78952],[13.49839,47.789555],[13.494576,47.792144],[13.490717,47.789565],[13.488281,47.790097],[13.484258,47.793528],[13.48389,47.799291],[13.492474,47.806406],[13.505526,47.812274],[13.509549,47.822737],[13.516907,47.82698],[13.521102,47.832638],[13.527014,47.835223],[13.526703,47.838509],[13.520854,47.8428],[13.528093,47.848237],[13.529053,47.857569],[13.528389,47.860863],[13.522139,47.866462],[13.524828,47.875134],[13.52722,47.878344],[13.530037,47.87954],[13.531703,47.882018],[13.531125,47.885821],[13.533755,47.888244],[13.531439,47.891101],[13.532217,47.90133],[13.52874,47.90475],[13.528854,47.90879],[13.540968,47.915809],[13.5414403873319,47.9169136392139],[13.542304,47.918933],[13.546491,47.922322],[13.544288,47.92839],[13.539806,47.932519],[13.533593,47.935225],[13.524779,47.9357],[13.509152,47.930912],[13.497957,47.925642],[13.495914,47.923043],[13.4960304433616,47.9223441493381],[13.496435,47.919916],[13.490995,47.915832],[13.481933,47.914114],[13.47052,47.917208],[13.468546,47.91936],[13.4697588412711,47.9254772390083],[13.471461,47.93406],[13.47011,47.93687],[13.459239,47.943645],[13.450742,47.94675],[13.446045,47.950412],[13.438576,47.953166],[13.430018,47.953284],[13.429147,47.95943],[13.419171,47.962011],[13.411243,47.970574],[13.405437,47.973692],[13.391804,47.97265],[13.390894,47.968498],[13.387336,47.966848],[13.377933,47.965441],[13.374501,47.962591],[13.364725,47.958893],[13.35974,47.954471],[13.360789,47.946426],[13.355651,47.943393],[13.348161,47.945875],[13.347596,47.953016],[13.341398,47.957142],[13.340825,47.962485],[13.338067,47.963989],[13.324141,47.959914],[13.314082,47.955056],[13.3169506952593,47.9435745412734],[13.320296,47.930179],[13.317512,47.928154],[13.310032,47.928966],[13.310325,47.920377],[13.308686,47.916341],[13.314358,47.907583],[13.311948,47.904161],[13.312238,47.896873],[13.315374,47.891301],[13.309598,47.890524],[13.308086,47.892531],[13.303517,47.892159],[13.302533,47.893486],[13.302407,47.900127],[13.300292,47.902729],[13.302848,47.905171],[13.301356,47.910581],[13.301805,47.918848],[13.297643,47.923684],[13.298411,47.930813],[13.292457,47.940566],[13.2910276986519,47.9466232809801],[13.290771,47.947711],[13.288322,47.950058],[13.289551,47.954828],[13.288445,47.95964],[13.284759,47.962715],[13.28091,47.96388],[13.267298,47.96474],[13.265334,47.963525],[13.263945,47.95815],[13.25629,47.955942],[13.2557603379824,47.9507610458751],[13.255745,47.950611],[13.251535,47.944241],[13.228488,47.930351],[13.226602,47.926967],[13.227937,47.920675],[13.208081,47.910188],[13.20007,47.90313],[13.199701,47.90039],[13.204174,47.897201],[13.208232,47.889302],[13.211153,47.887744],[13.21095,47.884942],[13.208056,47.884045],[13.20484,47.874806],[13.207891,47.871417],[13.215517,47.868048],[13.215366,47.867117],[13.176971,47.859047],[13.157719,47.861623],[13.145865,47.864534],[13.137066,47.863492],[13.118544,47.855212],[13.113445,47.850028],[13.112344,47.843443],[13.106047,47.838828],[13.096222,47.835199],[13.094885,47.833129],[13.086898,47.831134],[13.083646,47.826713],[13.071141,47.816375],[13.077669,47.813363],[13.075069,47.809627],[13.07279,47.809745],[13.073146,47.808303],[13.081128,47.80772],[13.07987,47.803416],[13.083151,47.799866],[13.08767,47.799533],[13.092543,47.795814],[13.092322,47.79449],[13.090074,47.794369],[13.089759,47.790398],[13.092875,47.784374],[13.092872,47.775654],[13.088537,47.771703],[13.092745,47.76985],[13.092953,47.768348],[13.088859,47.763636],[13.087519,47.759312],[13.092075,47.755661],[13.089808,47.749458],[13.087018,47.747413],[13.079979,47.745883],[13.082418,47.735185],[13.08309,47.719958],[13.077125,47.704473],[13.077363,47.70126],[13.085567,47.688942],[13.090799,47.684533],[13.097397,47.682173],[13.100561,47.675433],[13.106808,47.673145],[13.114911,47.672826],[13.121163,47.669421],[13.121297,47.667414],[13.116453,47.661885],[13.116448,47.659073],[13.121282,47.653615],[13.122663,47.64746],[13.129777,47.642909],[13.130934,47.635536],[13.138221,47.6316],[13.138464,47.62447],[13.140206,47.621194],[13.14683,47.618514],[13.147371,47.611234],[13.155687,47.609795],[13.161002,47.603625],[13.164051,47.596347],[13.16111,47.58559],[13.162112,47.583639],[13.16822,47.582677],[13.169658,47.584189],[13.1741,47.585115],[13.185039,47.582871],[13.186982,47.58861],[13.200745,47.590888],[13.213652,47.58674],[13.223307,47.58526],[13.238237,47.579935],[13.244455,47.581076],[13.250556,47.577771],[13.259124,47.579313],[13.265297,47.576507],[13.26864,47.578077],[13.265782,47.582642],[13.267585,47.587028],[13.273523,47.5898],[13.279125,47.589242],[13.282341,47.590199],[13.285538,47.58738],[13.293472,47.594048],[13.299798,47.595598],[13.319451,47.592494],[13.324482,47.59349],[13.333347,47.590103],[13.340198,47.58928],[13.343567,47.585766],[13.34783,47.585531],[13.352983,47.582736],[13.361422,47.582234],[13.365187,47.579642],[13.372632,47.578131],[13.378808,47.574472],[13.383543,47.57477],[13.39206,47.57014],[13.398595,47.561861],[13.402764,47.560534],[13.405139,47.557393],[13.40841,47.557188],[13.41441,47.549472],[13.412891,47.546202],[13.418651,47.54487],[13.42181,47.541619],[13.421395,47.537189],[13.425293,47.531775],[13.425707,47.526964],[13.430899,47.523174],[13.430127,47.510857],[13.434058,47.509443],[13.431818,47.506795],[13.425067,47.504969],[13.424068,47.502817],[13.421206,47.502379],[13.420269,47.500943],[13.41409,47.499842],[13.411051,47.497073],[13.407906,47.497804],[13.404597,47.496629],[13.408539,47.490821],[13.413073,47.488956],[13.422878,47.488887],[13.425051,47.487816],[13.43862,47.491544],[13.443579,47.490137],[13.449895,47.484658],[13.454124,47.482751],[13.473439,47.481709],[13.4865156549064,47.4781563810263],[13.488195,47.4777],[13.492919,47.474991],[13.48365,47.464591],[13.48734,47.454472],[13.496515,47.455841],[13.507505,47.462309],[13.517004,47.460951],[13.517908,47.459128],[13.514748,47.455049],[13.517314,47.446698],[13.522524,47.440227],[13.520979,47.433947],[13.522229,47.431774],[13.527978,47.431499],[13.529483,47.429885],[13.541836,47.427495],[13.551576,47.42358],[13.559445,47.422788],[13.562832,47.42067],[13.570843,47.425495],[13.579042,47.427161],[13.596136,47.425609],[13.604112,47.42707],[13.613553,47.426197],[13.630506,47.421388],[13.641996,47.422445],[13.652669,47.418166],[13.665676,47.417456],[13.675323,47.418438],[13.678073,47.417451],[13.717939,47.428991],[13.721364,47.427689],[13.72385,47.420792],[13.732397,47.417742],[13.740279,47.418933],[13.752761,47.423071],[13.765407,47.42356],[13.768123,47.425252],[13.772275,47.42539],[13.782101,47.422402],[13.783434,47.418924],[13.787549,47.417227],[13.795096,47.419669],[13.804568,47.419309],[13.817501,47.421379],[13.83622,47.417198],[13.84494,47.42325],[13.854209,47.419512],[13.864443,47.419988],[13.875118,47.425728],[13.881197,47.425652],[13.890926,47.430691],[13.899857,47.431306],[13.908196,47.428577],[13.910678,47.428813],[13.93129,47.43748],[13.93714,47.443154],[13.944591,47.443714],[13.94815,47.448971],[13.965182,47.456118],[13.97922,47.458332],[13.981923,47.462538],[14.001103,47.470602],[14.001379,47.477282],[14.013095,47.48714],[14.015675,47.488448],[14.023334,47.48772],[14.033441,47.491194],[14.048389,47.505969],[14.061162,47.507375],[14.068657,47.506412],[14.079434,47.508476],[14.087059,47.515309],[14.092498,47.526113],[14.095442,47.526523],[14.104241,47.524137],[14.111359,47.525352],[14.12074,47.52911],[14.134927,47.539563],[14.144151,47.544311],[14.152423,47.545345],[14.180993,47.545079],[14.205507,47.555374],[14.247607,47.551849],[14.244423,47.555536],[14.246646,47.559147],[14.246723,47.564229],[14.244781,47.56542],[14.24552,47.568011],[14.243791,47.568819],[14.245854,47.571716],[14.26523,47.578932],[14.273905,47.583612],[14.276182,47.58766],[14.284203,47.594104],[14.281508,47.603115],[14.284891,47.608073],[14.285096,47.611255],[14.292165,47.613673],[14.298843,47.619611],[14.304875,47.622832],[14.325315,47.631694],[14.329994,47.638042],[14.332157,47.644269],[14.336308,47.648752],[14.335787,47.65315],[14.339753,47.66436],[14.347788,47.67093],[14.349056,47.675432],[14.346589,47.690335],[14.343424,47.694789],[14.344081,47.698954],[14.342524,47.702633],[14.343743,47.706646],[14.340556,47.710945],[14.335061,47.713332],[14.333375,47.716206],[14.334392,47.718091],[14.346926,47.718073],[14.349184,47.715991],[14.356966,47.719704],[14.359839,47.719309],[14.367512,47.721327],[14.374378,47.718409],[14.377088,47.718729],[14.376706,47.716121],[14.381664,47.712838],[14.396303,47.71243],[14.401675,47.714441],[14.40792,47.713361],[14.420565,47.713824],[14.427761,47.712387],[14.438688,47.707775]]]}},{"type":"Feature","properties":{"id":"SZ.26","parentId":"eastern-alps","level":"section","name":"Steirische Nordalpen","names":{"en":"Northern Styrian Alps","de":"Steirische Nordalpen","fr":"Alpes septentrionales de Styrie","it":"Alpi Settentrionali di Stiria"},"provenance":{"source":"https://www.homoalpinus.com/alpes/subdivisions/soiusa/","creator":"Capleymar","kind":"supplied","names":{"version":"soiusa-area-names-v1","source":"https://www.homoalpinus.com/alpes/subdivisions/soiusa/tab_de/index.html","method":"SOIUSA multilingual nomenclature; display casing, accents and spelling normalized; broad-sense scope retained"}},"sourceFeatures":[{"index":25,"fields":{"Number":"26","Code":"SZ.26","Name":"Steirische Nordalpen","Perimeter":"406.75 km","Enclosed_Area":"3509.2 sq km","Island_Area":"","Capleymar-Homoalpinus":"https://www.homoalpinus.com/alpes/subdivisions/soiusa/","Created_By":"Capleymar"}}],"geometryRef":"sections.geojson#SZ.26"},"geometry":{"type":"Polygon","coordinates":[[[14.438688,47.707777],[14.427761,47.712389],[14.420565,47.713826],[14.40792,47.713362],[14.401675,47.714443],[14.396303,47.712433],[14.381664,47.71284],[14.376706,47.716123],[14.377088,47.71873],[14.374378,47.71841],[14.367512,47.721327],[14.359839,47.719311],[14.356966,47.719705],[14.349184,47.715993],[14.346926,47.718075],[14.334392,47.718093],[14.333375,47.716208],[14.335061,47.713334],[14.340556,47.710947],[14.343743,47.706648],[14.342524,47.702636],[14.344081,47.698956],[14.343424,47.694791],[14.346589,47.690338],[14.349056,47.675434],[14.347788,47.670932],[14.339753,47.664362],[14.335787,47.653152],[14.336308,47.648754],[14.332157,47.644271],[14.329994,47.638044],[14.325315,47.631694],[14.304875,47.622834],[14.298843,47.619613],[14.292165,47.613675],[14.285096,47.611257],[14.284891,47.608074],[14.281508,47.603116],[14.284202,47.594106],[14.276182,47.58766],[14.273905,47.583612],[14.26523,47.578933],[14.245854,47.571718],[14.243791,47.56882],[14.24552,47.568013],[14.24478,47.565422],[14.246722,47.564231],[14.246646,47.559149],[14.244423,47.555538],[14.247608,47.551851],[14.267168,47.554302],[14.283164,47.561824],[14.286012,47.56162],[14.29048,47.558171],[14.293116,47.558036],[14.309593,47.565881],[14.31334,47.570557],[14.317456,47.572225],[14.325346,47.572157],[14.329953,47.574324],[14.335391,47.574262],[14.336628,47.573349],[14.334999,47.571851],[14.330846,47.570917],[14.305942,47.548274],[14.308473,47.535891],[14.313623,47.532639],[14.327421,47.53028],[14.333842,47.52679],[14.344114,47.52565],[14.352173,47.525212],[14.354435,47.526714],[14.365802,47.527446],[14.368809,47.525479],[14.423699,47.514262],[14.430868,47.511148],[14.437346,47.511362],[14.455735,47.509036],[14.464958,47.505448],[14.467432,47.501156],[14.472154,47.497302],[14.489668,47.497443],[14.505493,47.489306],[14.525853,47.486031],[14.531391,47.483634],[14.54049,47.483848],[14.555356,47.481885],[14.56248,47.482469],[14.576489,47.476132],[14.584699,47.475242],[14.591671,47.472357],[14.595082,47.471981],[14.601031,47.473546],[14.608003,47.471684],[14.609837,47.469588],[14.636331,47.468017],[14.638366,47.46567],[14.647889,47.461666],[14.655091,47.456707],[14.664289,47.453312],[14.667298,47.449972],[14.676138,47.449498],[14.68604,47.442399],[14.689579,47.437417],[14.698836,47.435765],[14.71025,47.428751],[14.720035,47.425368],[14.734132,47.42433],[14.737994,47.422873],[14.746185,47.424348],[14.75142,47.423984],[14.754126,47.420574],[14.764164,47.418415],[14.766268,47.416971],[14.774993,47.415805],[14.779805,47.409924],[14.789227,47.407232],[14.790913,47.403145],[14.795328,47.40275],[14.797429,47.401164],[14.802564,47.401973],[14.816823,47.397235],[14.82671,47.395744],[14.832422,47.39628],[14.83657,47.394858],[14.854944,47.397219],[14.856279,47.395727],[14.859961,47.395034],[14.862671,47.395786],[14.869127,47.392618],[14.870734,47.39376],[14.878888,47.392037],[14.880269,47.389559],[14.890851,47.38654],[14.901534,47.387358],[14.908064,47.389687],[14.91129,47.389361],[14.91925,47.39265],[14.920694,47.392226],[14.920353,47.390925],[14.923278,47.390167],[14.936448,47.389959],[14.940504,47.387426],[14.947552,47.37932],[14.953907,47.378457],[14.958634,47.376374],[14.962571,47.376776],[14.974414,47.372932],[14.983808,47.372032],[14.983992,47.370942],[14.989664,47.369268],[14.993975,47.36617],[15.005048,47.362793],[15.008166,47.357105],[15.010027,47.348496],[15.013372,47.34426],[15.014106,47.339308],[15.020967,47.33612],[15.021429,47.333756],[15.026759,47.332266],[15.033426,47.336082],[15.03109,47.340859],[15.040282,47.34048],[15.044552,47.336886],[15.053964,47.341759],[15.055037,47.3458],[15.052177,47.353869],[15.058326,47.357766],[15.0619,47.35795],[15.066575,47.355347],[15.072396,47.359851],[15.078013,47.357081],[15.091027,47.357261],[15.088528,47.364121],[15.089984,47.365354],[15.096326,47.365976],[15.097446,47.368973],[15.093377,47.378332],[15.087193,47.381957],[15.09349,47.388155],[15.09791,47.387932],[15.096522,47.383147],[15.099695,47.379655],[15.102332,47.379475],[15.104678,47.380947],[15.103298,47.385334],[15.104978,47.388284],[15.128632,47.386665],[15.129075,47.391501],[15.126398,47.393636],[15.137894,47.392435],[15.148075,47.397401],[15.149974,47.400738],[15.155386,47.39815],[15.175565,47.403376],[15.186022,47.402315],[15.1881397342054,47.4031046806015],[15.193073,47.404944],[15.201394,47.411467],[15.206738,47.413248],[15.210643,47.412079],[15.213614,47.407522],[15.227987,47.405105],[15.231268,47.401348],[15.234824,47.399995],[15.241198,47.403469],[15.247834,47.402427],[15.25432,47.405653],[15.27554,47.409634],[15.273708,47.413241],[15.277925,47.414925],[15.280269,47.41842],[15.27984,47.420421],[15.27437,47.424572],[15.273192,47.427243],[15.269009,47.429248],[15.269234,47.430772],[15.273385,47.431843],[15.281744,47.43713],[15.288922,47.434163],[15.28728,47.440673],[15.294873,47.441842],[15.297591,47.445405],[15.308867,47.444243],[15.312976,47.447616],[15.327739,47.450227],[15.327503,47.453339],[15.322353,47.456783],[15.323432,47.459025],[15.333102,47.458777],[15.339294,47.463448],[15.349557,47.466334],[15.355035,47.465995],[15.360096,47.463326],[15.37842,47.466423],[15.378589,47.469172],[15.388972,47.475948],[15.390004,47.480549],[15.391894,47.481114],[15.397117,47.479852],[15.407147,47.48918],[15.413084,47.48977],[15.417907,47.493136],[15.421306,47.498759],[15.430433,47.499631],[15.436788,47.502259],[15.439238,47.501335],[15.439862,47.498744],[15.442593,47.498052],[15.451655,47.504432],[15.452957,47.511142],[15.460839,47.5127],[15.465292,47.51204],[15.470384,47.514379],[15.470873,47.516008],[15.465126,47.521773],[15.464346,47.524445],[15.470639,47.524824],[15.473799,47.526298],[15.478939,47.525558],[15.490404,47.526466],[15.492009,47.528216],[15.494666,47.528287],[15.49252,47.531935],[15.496181,47.532898],[15.497453,47.535783],[15.500923,47.535322],[15.50599,47.536976],[15.509914,47.536482],[15.514959,47.537535],[15.515237,47.53999],[15.526531,47.54959],[15.534227,47.548176],[15.536607,47.551722],[15.543006,47.549767],[15.546882,47.550517],[15.550652,47.547511],[15.5501,47.545101],[15.553836,47.544719],[15.565362,47.552179],[15.56565,47.555984],[15.577893,47.557618],[15.584195,47.562554],[15.58934,47.562532],[15.592456,47.559199],[15.597291,47.56089],[15.600174,47.558782],[15.60747,47.559504],[15.606871,47.563017],[15.60961,47.566168],[15.614339,47.567148],[15.621668,47.571571],[15.63,47.572416],[15.631415,47.57468],[15.642622,47.579763],[15.64691,47.583311],[15.654392,47.58396],[15.652591,47.587095],[15.654202,47.589471],[15.661541,47.592426],[15.663695,47.594326],[15.664972,47.598788],[15.674412,47.606505],[15.69015,47.607585],[15.696582,47.606405],[15.700537,47.604407],[15.711191,47.605899],[15.716369,47.601649],[15.727748,47.599498],[15.730783,47.604754],[15.744619,47.613194],[15.753914,47.615896],[15.759901,47.613967],[15.771314,47.615046],[15.777111,47.618059],[15.8022659128899,47.6222913830422],[15.804286,47.622631],[15.830271,47.633213],[15.837663,47.633685],[15.8429,47.635343],[15.851578,47.639893],[15.857436,47.644926],[15.864072,47.64716],[15.868836,47.650696],[15.873634,47.659767],[15.883082,47.658059],[15.890068,47.65957],[15.902481,47.657943],[15.908134,47.659922],[15.915944,47.660119],[15.923963,47.66343],[15.926199,47.666195],[15.932049,47.667426],[15.933658,47.669891],[15.931366,47.67215],[15.931242,47.67478],[15.933033,47.675773],[15.948849,47.676952],[15.953586,47.674144],[15.957188,47.67378],[15.978201,47.679467],[15.990261,47.688245],[16.012533,47.69327],[16.031451,47.70937],[16.039451,47.712427],[16.030086,47.7184],[16.024526,47.720106],[16.017581,47.721127],[16.013613,47.720292],[16.011707,47.721619],[16.011648,47.720369],[16.009886,47.72008],[16.002462,47.721865],[15.997529,47.721263],[15.986635,47.726306],[15.984607,47.730631],[15.979639,47.732031],[15.975665,47.735862],[15.976161,47.739724],[15.979183,47.743694],[15.985686,47.748348],[15.984565,47.750747],[15.981287,47.752218],[15.983436,47.75704],[15.968108,47.760974],[15.959189,47.760757],[15.958316,47.76247],[15.944905,47.764984],[15.934806,47.770977],[15.927883,47.771837],[15.921609,47.776497],[15.922051,47.779805],[15.914414,47.787683],[15.906095,47.791495],[15.902437,47.790999],[15.891637,47.793017],[15.865977,47.7893],[15.857814,47.792191],[15.857273,47.79454],[15.850025,47.799294],[15.841944,47.800566],[15.83954,47.804024],[15.83104,47.803949],[15.814496,47.807007],[15.805049,47.810703],[15.775389,47.806874],[15.772073,47.808649],[15.766963,47.809198],[15.761178,47.807783],[15.753414,47.807788],[15.737417,47.790983],[15.730746,47.789124],[15.729813,47.787508],[15.727915,47.789636],[15.723395,47.789216],[15.71938,47.793059],[15.713171,47.795974],[15.706738,47.803961],[15.705451,47.808277],[15.706712,47.810147],[15.703914,47.81527],[15.6997,47.815679],[15.695815,47.818601],[15.695791,47.820648],[15.692354,47.821978],[15.69301,47.827342],[15.689777,47.830116],[15.691384,47.831104],[15.688641,47.834188],[15.691378,47.838478],[15.69347,47.839124],[15.692652,47.842735],[15.695252,47.843728],[15.695406,47.846513],[15.697622,47.847167],[15.696884,47.854666],[15.683734,47.856889],[15.680828,47.860815],[15.673596,47.863203],[15.665277,47.858382],[15.664681,47.856271],[15.658115,47.850142],[15.650709,47.845182],[15.642866,47.844191],[15.634006,47.840138],[15.62608,47.840653],[15.619252,47.844103],[15.610461,47.844696],[15.606415,47.850797],[15.598797,47.851389],[15.594868,47.852969],[15.58835,47.861189],[15.575671,47.858157],[15.571265,47.854441],[15.562154,47.854279],[15.560341,47.853286],[15.55919,47.84965],[15.554896,47.848045],[15.554732,47.846308],[15.548996,47.842474],[15.548558,47.830785],[15.550693,47.828111],[15.551263,47.823341],[15.545188,47.815929],[15.541988,47.816077],[15.531106,47.820716],[15.516862,47.822677],[15.505429,47.829489],[15.489386,47.830564],[15.48444,47.828431],[15.47804,47.828279],[15.464718,47.819585],[15.458741,47.81908],[15.457338,47.816205],[15.453185,47.814806],[15.449522,47.807312],[15.444066,47.805703],[15.445686,47.800401],[15.441692,47.796152],[15.44254,47.794466],[15.440002,47.790822],[15.441058,47.785692],[15.450129,47.773303],[15.445828,47.767457],[15.439196,47.767037],[15.433488,47.768377],[15.429885,47.766303],[15.42537,47.766111],[15.415508,47.762072],[15.412005,47.761672],[15.407018,47.763486],[15.403365,47.762213],[15.398165,47.76318],[15.388428,47.759939],[15.386746,47.761351],[15.3848625008884,47.7615280747956],[15.383725,47.761635],[15.381278,47.760346],[15.3774,47.761774],[15.37153,47.758801],[15.370427,47.761591],[15.367608,47.760854],[15.363763,47.762898],[15.349741,47.764334],[15.344652,47.767181],[15.342927,47.765094],[15.337277,47.76487],[15.337496,47.761964],[15.332572,47.75909],[15.330182,47.7558],[15.327669,47.758323],[15.322696,47.759283],[15.318594,47.757073],[15.315848,47.760122],[15.311858,47.760453],[15.310883,47.762357],[15.307537,47.762374],[15.305075,47.760256],[15.307157,47.756323],[15.305919,47.754374],[15.302047,47.754007],[15.301425,47.750953],[15.304745,47.747089],[15.304508,47.739812],[15.297846,47.737466],[15.297792,47.734142],[15.295958,47.732706],[15.291376,47.732553],[15.286905,47.72673],[15.278036,47.725703],[15.27198,47.722482],[15.26533,47.722943],[15.261567,47.719708],[15.252981,47.719466],[15.250911,47.716662],[15.25353,47.712778],[15.251727,47.711984],[15.247568,47.713488],[15.245427,47.711331],[15.247442,47.710098],[15.24679,47.708442],[15.240104,47.708272],[15.233808,47.705762],[15.233617,47.708327],[15.23017,47.709071],[15.221147,47.702598],[15.2210696176622,47.702597766399],[15.215234,47.70258],[15.215151,47.701092],[15.212016,47.700105],[15.20874,47.701365],[15.204801,47.699525],[15.19871,47.700332],[15.198733,47.697654],[15.195496,47.695671],[15.191664,47.695671],[15.187898,47.692245],[15.189543,47.690226],[15.185641,47.688235],[15.188139,47.685319],[15.186676,47.683806],[15.1898,47.681584],[15.18713,47.679281],[15.186529,47.675932],[15.184623,47.675308],[15.180821,47.677131],[15.175894,47.673498],[15.17431,47.669633],[15.167738,47.668703],[15.163371,47.664977],[15.158822,47.663796],[15.152909,47.658399],[15.152096,47.652661],[15.149733,47.649985],[15.135412,47.64643],[15.12605,47.647107],[15.123035,47.645755],[15.120797,47.647833],[15.117531,47.645959],[15.113661,47.645497],[15.105282,47.648935],[15.095769,47.650546],[15.088902,47.654662],[15.086067,47.654917],[15.076643,47.659439],[15.069237,47.66074],[15.045559,47.658038],[15.042172,47.659297],[15.04012,47.662804],[15.028269,47.665872],[15.022894,47.67024],[15.020442,47.66876],[15.021734,47.665445],[15.014887,47.661572],[15.005874,47.660958],[15.000919,47.662183],[14.997115,47.660875],[14.98998,47.660768],[14.986112,47.666989],[14.98225,47.667137],[14.982921,47.664339],[14.98087,47.663227],[14.97564,47.670529],[14.971952,47.671639],[14.967755,47.670789],[14.959245,47.675288],[14.951964,47.674185],[14.948044,47.671409],[14.93453,47.674119],[14.931069,47.67656],[14.931439,47.679587],[14.928032,47.68043],[14.926215,47.685606],[14.91849,47.684159],[14.901654,47.689974],[14.896303,47.688824],[14.893573,47.690065],[14.88532,47.687927],[14.874286,47.693277],[14.874203,47.698692],[14.871364,47.700487],[14.868014,47.700313],[14.864836,47.703172],[14.857263,47.704804],[14.847298,47.708897],[14.830939,47.712277],[14.821556,47.708742],[14.817503,47.70843],[14.812359,47.709913],[14.800533,47.707495],[14.799001,47.704112],[14.794016,47.702967],[14.788451,47.696742],[14.781519,47.694136],[14.776061,47.686502],[14.772323,47.685854],[14.76925,47.683727],[14.765544,47.673536],[14.761917,47.673644],[14.759759,47.676105],[14.754826,47.675101],[14.748794,47.671152],[14.736032,47.673106],[14.731495,47.672767],[14.715558,47.667057],[14.712379,47.669942],[14.712196,47.673472],[14.706479,47.67616],[14.70663,47.67969],[14.699823,47.682759],[14.690951,47.69405],[14.680626,47.696667],[14.680554,47.700045],[14.686781,47.701661],[14.688759,47.705167],[14.68252,47.704634],[14.681663,47.710798],[14.674478,47.712637],[14.67272,47.719411],[14.667754,47.719426],[14.664069,47.715865],[14.657341,47.716331],[14.651956,47.7116],[14.645489,47.712933],[14.636934,47.712997],[14.635766,47.716235],[14.637311,47.723233],[14.639651,47.724653],[14.646266,47.725338],[14.64267,47.727643],[14.63456,47.728236],[14.633766,47.726592],[14.631031,47.726225],[14.630789,47.728565],[14.62728,47.729843],[14.624512,47.729275],[14.615964,47.730922],[14.611265,47.728483],[14.604262,47.728016],[14.603489,47.72977],[14.595734,47.723696],[14.592038,47.723801],[14.591179,47.721481],[14.586923,47.718411],[14.583219,47.718739],[14.581031,47.717177],[14.577919,47.718054],[14.571248,47.716371],[14.553382,47.719914],[14.536934,47.713692],[14.531935,47.71356],[14.526694,47.708251],[14.524026,47.707443],[14.522133,47.704386],[14.518123,47.70276],[14.511392,47.702736],[14.497869,47.707265],[14.48466,47.708211],[14.474951,47.710919],[14.455472,47.710498],[14.450715,47.706567],[14.438689,47.707775],[14.438688,47.707777]]]}},{"type":"Feature","properties":{"id":"SZ.27","parentId":"eastern-alps","level":"section","name":"Niederösterreichische Nordalpen","names":{"en":"Lower Austria Alps","de":"Niederösterreichische Nordalpen","fr":"Alpes de la Basse-Autriche","it":"Alpi della Bassa Austria"},"provenance":{"source":"https://www.homoalpinus.com/alpes/subdivisions/soiusa/","creator":"Capleymar","kind":"supplied","names":{"version":"soiusa-area-names-v1","source":"https://www.homoalpinus.com/alpes/subdivisions/soiusa/tab_de/index.html","method":"SOIUSA multilingual nomenclature; display casing, accents and spelling normalized; broad-sense scope retained"}},"sourceFeatures":[{"index":26,"fields":{"Number":"27","Code":"SZ.27","Name":"Niederösterreichische Nordalpen","Perimeter":"464.22 km","Enclosed_Area":"5019.2 sq km","Island_Area":"","Capleymar-Homoalpinus":"https://www.homoalpinus.com/alpes/subdivisions/soiusa/","Created_By":"Capleymar"}}],"geometryRef":"sections.geojson#SZ.27"},"geometry":{"type":"Polygon","coordinates":[[[16.2314971875385,48.210285330054],[16.231319,48.210957],[16.232391,48.213816],[16.238235,48.216964],[16.242955,48.214731],[16.245606,48.215773],[16.239963,48.220988],[16.244581,48.224356],[16.250461,48.219453],[16.254998,48.219815],[16.258001,48.218442],[16.276181,48.216173],[16.279356,48.21667],[16.2977,48.227859],[16.290868,48.232376],[16.295096,48.23399],[16.296837,48.237314],[16.303627,48.242408],[16.298004,48.245388],[16.296892,48.249024],[16.298307,48.250952],[16.307016,48.250904],[16.309317,48.253047],[16.316531,48.254718],[16.320714,48.254368],[16.322306,48.256352],[16.317905,48.26083],[16.322308,48.264478],[16.328675,48.267131],[16.339879,48.267559],[16.342996,48.269438],[16.353689,48.271773],[16.357548,48.274781],[16.356583,48.277838],[16.347172,48.284772],[16.343583,48.29149],[16.339777,48.311751],[16.327306,48.33077],[16.322126,48.334408],[16.282274,48.350687],[16.263501,48.352539],[16.253794,48.35157],[16.24024,48.345952],[16.231399,48.339543],[16.225538,48.334454],[16.219991,48.325488],[16.216774,48.323345],[16.193899,48.317686],[16.182996,48.312352],[16.133329,48.29713],[16.122004,48.296355],[16.119746,48.294608],[16.117891,48.289283],[16.108197,48.285281],[16.104285,48.276933],[16.076125,48.262762],[16.074889,48.258645],[16.062058,48.252244],[16.038369,48.253047],[16.018445,48.248816],[16.015464,48.247786],[16.0091032631157,48.2422198269586],[16.005933,48.239445],[15.997338,48.236258],[15.962471,48.231312],[15.953498,48.228129],[15.913095,48.207981],[15.899286,48.203316],[15.881783,48.2012],[15.863278,48.194667],[15.823675,48.187329],[15.783904,48.18442],[15.773627,48.18098],[15.74387,48.177993],[15.711114,48.171716],[15.677126,48.15611],[15.659496,48.152778],[15.651069,48.149637],[15.635369,48.139747],[15.628993,48.128311],[15.617273,48.123518],[15.610453,48.124665],[15.607064,48.130467],[15.604625,48.131261],[15.591495802741,48.1324065843611],[15.578902,48.133504],[15.554957,48.130304],[15.550285,48.124314],[15.548877,48.118742],[15.54421,48.117259],[15.540414,48.117666],[15.537278,48.119157],[15.53462,48.125742],[15.535811,48.141829],[15.533663,48.148068],[15.528871,48.149457],[15.503539,48.145868],[15.49689,48.142383],[15.478829,48.125563],[15.463481,48.11827],[15.433327,48.111497],[15.409657,48.102553],[15.397546,48.089537],[15.388209,48.085814],[15.374617,48.085842],[15.363518,48.082198],[15.344187,48.078862],[15.33303,48.073524],[15.329909,48.073928],[15.324576,48.07177],[15.318986,48.074222],[15.3105,48.072806],[15.304086,48.069698],[15.29626,48.070697],[15.288259,48.068789],[15.285314,48.069108],[15.273401,48.063914],[15.241479,48.058137],[15.21577,48.058313],[15.212439,48.054523],[15.205628,48.050337],[15.198877,48.041734],[15.202511,48.033698],[15.202329,48.029246],[15.196137,48.025468],[15.195397,48.02259],[15.190993,48.018991],[15.187162,48.012174],[15.183356,48.009691],[15.163855,48.007913],[15.160645,48.014241],[15.153679,48.020457],[15.148108,48.032583],[15.144451,48.033636],[15.142228,48.040047],[15.136276,48.042234],[15.133131,48.048564],[15.13301,48.054025],[15.133596,48.061502],[15.138437,48.070976],[15.136661,48.078502],[15.128888,48.087569],[15.125462,48.088905],[15.124553,48.091801],[15.120618,48.093639],[15.116018,48.09247],[15.113645,48.089622],[15.107025,48.087136],[15.104558,48.083958],[15.09793,48.083303],[15.078077,48.073329],[15.06673,48.070828],[15.061678,48.070732],[15.051034,48.074506],[15.044979,48.074994],[15.036802,48.072102],[15.024344,48.075319],[15.016671,48.075944],[15.010864,48.073337],[14.999637,48.071818],[14.986155,48.073279],[14.962074,48.070898],[14.948151,48.072731],[14.941354,48.076511],[14.923671,48.077815],[14.914941,48.0764],[14.897382,48.070098],[14.889243,48.070934],[14.878935,48.06992],[14.858789,48.059599],[14.818922,48.050509],[14.808566,48.045269],[14.801987,48.045262],[14.785046,48.040173],[14.780221,48.036192],[14.78188,48.032927],[14.775461,48.025877],[14.753514,48.023224],[14.751223,48.02068],[14.746994,48.01956],[14.746759,48.016141],[14.739851,48.013944],[14.733003,48.005096],[14.737241,48.000322],[14.73594,47.991387],[14.740773,47.987882],[14.751603,47.985707],[14.753141,47.983218],[14.752295,47.979023],[14.758592,47.972515],[14.765122,47.970145],[14.773312,47.963669],[14.771914,47.958014],[14.76347,47.951169],[14.765801,47.941512],[14.764065,47.93202],[14.766765,47.928603],[14.767707,47.921771],[14.769727,47.918904],[14.768943,47.911115],[14.767024,47.909424],[14.756005,47.906717],[14.750874,47.902611],[14.738353,47.898747],[14.73227,47.894251],[14.723755,47.895502],[14.71254,47.890849],[14.709868,47.890935],[14.709506,47.892124],[14.708733,47.891282],[14.705756,47.891749],[14.704935,47.892954],[14.694615,47.892098],[14.684485,47.882709],[14.681077,47.880632],[14.681174,47.877976],[14.676708,47.874003],[14.676354,47.870302],[14.670439,47.866667],[14.670278,47.863088],[14.657367,47.853855],[14.638732,47.852406],[14.637422,47.842504],[14.643823,47.835584],[14.641828,47.829313],[14.643249,47.823619],[14.639191,47.817135],[14.639117,47.813436],[14.645175,47.805008],[14.639664,47.793198],[14.645113,47.788043],[14.647242,47.783309],[14.651938,47.780853],[14.6533,47.778436],[14.6528526912836,47.7780436296962],[14.649243,47.774877],[14.651846,47.77106],[14.647769,47.768163],[14.643136,47.759749],[14.644247,47.755054],[14.641024,47.753396],[14.638832,47.750207],[14.640166,47.74823],[14.638614,47.74488],[14.650708,47.740196],[14.652264,47.737732],[14.647179,47.730427],[14.648534,47.726315],[14.637734,47.723632],[14.635818,47.715245],[14.637974,47.712442],[14.645489,47.712933],[14.651421,47.711507],[14.657341,47.716331],[14.664069,47.715865],[14.667754,47.719426],[14.673599,47.718891],[14.67406,47.713105],[14.676235,47.711647],[14.681663,47.710798],[14.68252,47.704634],[14.68876,47.705167],[14.686781,47.701661],[14.680555,47.700045],[14.680626,47.696667],[14.690951,47.69405],[14.699823,47.682759],[14.70663,47.679689],[14.706479,47.67616],[14.712197,47.673472],[14.712379,47.669942],[14.715558,47.667057],[14.731495,47.672767],[14.736032,47.673107],[14.748795,47.671152],[14.754826,47.675101],[14.759759,47.676105],[14.761917,47.673643],[14.765545,47.673536],[14.769251,47.683727],[14.772323,47.685854],[14.776062,47.686503],[14.78152,47.694136],[14.788452,47.696742],[14.794017,47.702967],[14.799002,47.704112],[14.800534,47.707495],[14.81236,47.709913],[14.817504,47.70843],[14.821557,47.708743],[14.830598,47.712293],[14.847299,47.708897],[14.857264,47.704804],[14.864837,47.703172],[14.868015,47.700313],[14.871365,47.700488],[14.874203,47.698692],[14.874287,47.693277],[14.88532,47.687927],[14.893574,47.690065],[14.896304,47.688824],[14.901655,47.689974],[14.91849,47.68416],[14.926216,47.685606],[14.928032,47.68043],[14.931439,47.679587],[14.931069,47.67656],[14.93453,47.674119],[14.948044,47.671409],[14.951964,47.674185],[14.959245,47.675288],[14.967755,47.670789],[14.971952,47.671639],[14.97564,47.670529],[14.98087,47.663227],[14.982922,47.664339],[14.98225,47.667137],[14.985114,47.66746],[14.990534,47.66065],[14.997115,47.660875],[15.000919,47.662183],[15.005874,47.660958],[15.014887,47.661572],[15.021734,47.665445],[15.020442,47.66876],[15.022894,47.67024],[15.028269,47.665872],[15.04012,47.662804],[15.042172,47.659297],[15.04556,47.658039],[15.069237,47.66074],[15.076643,47.659439],[15.086068,47.654917],[15.088903,47.654662],[15.09577,47.650547],[15.105282,47.648935],[15.113661,47.645497],[15.117532,47.645959],[15.120798,47.647833],[15.123035,47.645755],[15.12605,47.647106],[15.135413,47.64643],[15.140132,47.647454],[15.151515,47.6513],[15.152909,47.658399],[15.158822,47.663796],[15.163371,47.664977],[15.167738,47.668703],[15.17431,47.669632],[15.175894,47.673498],[15.180821,47.677131],[15.184623,47.675308],[15.186529,47.675932],[15.18713,47.679281],[15.189801,47.681585],[15.186676,47.683806],[15.188139,47.685319],[15.185641,47.688235],[15.189544,47.690227],[15.187898,47.692245],[15.191665,47.695671],[15.195497,47.695671],[15.198734,47.697654],[15.198711,47.700332],[15.204802,47.699525],[15.208741,47.701365],[15.212017,47.700105],[15.215152,47.701091],[15.215235,47.702579],[15.2210697350633,47.7025977504983],[15.221148,47.702598],[15.230171,47.709071],[15.233618,47.708327],[15.233809,47.705762],[15.240105,47.708272],[15.246791,47.708442],[15.247443,47.710098],[15.245428,47.711331],[15.247569,47.713488],[15.251728,47.711984],[15.253531,47.712778],[15.250911,47.716662],[15.252981,47.719466],[15.261567,47.719708],[15.26533,47.722943],[15.27198,47.722482],[15.278036,47.725703],[15.286905,47.72673],[15.291376,47.732553],[15.294758,47.732248],[15.297576,47.733805],[15.297846,47.737466],[15.304509,47.739812],[15.304746,47.747089],[15.301425,47.750952],[15.302047,47.754007],[15.30592,47.754373],[15.307157,47.756323],[15.305075,47.760256],[15.307537,47.762373],[15.310883,47.762357],[15.311858,47.760452],[15.315849,47.760122],[15.318595,47.757074],[15.322697,47.759283],[15.32767,47.758323],[15.330183,47.7558],[15.332572,47.75909],[15.337496,47.761964],[15.337277,47.76487],[15.342927,47.765094],[15.344652,47.767181],[15.349742,47.764334],[15.363763,47.762899],[15.367608,47.760854],[15.370427,47.761591],[15.37153,47.758801],[15.377401,47.761774],[15.381279,47.760346],[15.383725,47.761635],[15.3848625008884,47.7615280747956],[15.386746,47.761351],[15.388428,47.759939],[15.398165,47.76318],[15.403365,47.762212],[15.407018,47.763486],[15.412006,47.761672],[15.415508,47.762072],[15.42537,47.766112],[15.429886,47.766303],[15.433488,47.768377],[15.439196,47.767037],[15.446059,47.767537],[15.450129,47.773302],[15.441058,47.785691],[15.440002,47.790822],[15.44254,47.794466],[15.441692,47.796151],[15.445686,47.800401],[15.444261,47.80606],[15.449522,47.807312],[15.453185,47.814806],[15.457338,47.816205],[15.458741,47.81908],[15.464718,47.819585],[15.47804,47.828279],[15.484441,47.828431],[15.489386,47.830564],[15.505429,47.829489],[15.516862,47.822677],[15.531106,47.820716],[15.541988,47.816077],[15.545655,47.81605],[15.551263,47.823341],[15.550694,47.828111],[15.548558,47.830785],[15.549384,47.842982],[15.554733,47.846308],[15.554896,47.848045],[15.55919,47.84965],[15.561923,47.854186],[15.571265,47.854441],[15.575671,47.858157],[15.58835,47.861189],[15.594868,47.852969],[15.598797,47.851389],[15.606415,47.850797],[15.610461,47.844696],[15.619253,47.844103],[15.628901,47.840158],[15.634007,47.840138],[15.642866,47.844192],[15.650709,47.845182],[15.658115,47.850142],[15.664681,47.856271],[15.665277,47.858382],[15.673596,47.863203],[15.680828,47.860815],[15.683735,47.856889],[15.696627,47.854853],[15.697622,47.847167],[15.695406,47.846513],[15.695252,47.843728],[15.692653,47.842735],[15.69347,47.839124],[15.691378,47.838478],[15.688642,47.834188],[15.691384,47.831104],[15.689778,47.830116],[15.69301,47.827342],[15.692355,47.821978],[15.695792,47.820648],[15.695815,47.818601],[15.6997,47.815679],[15.703914,47.81527],[15.706712,47.810147],[15.705451,47.808277],[15.706653,47.804133],[15.713171,47.795974],[15.71938,47.793059],[15.723396,47.789216],[15.727916,47.789636],[15.729813,47.787508],[15.730747,47.789124],[15.737418,47.790983],[15.753414,47.807788],[15.761179,47.807783],[15.766963,47.809198],[15.772073,47.808649],[15.775389,47.806874],[15.805049,47.810703],[15.814496,47.807008],[15.831041,47.803949],[15.839541,47.804024],[15.841944,47.800566],[15.850025,47.799294],[15.857274,47.794539],[15.857814,47.792191],[15.865978,47.7893],[15.891637,47.793017],[15.902437,47.790999],[15.906453,47.791393],[15.914415,47.787683],[15.922051,47.779805],[15.921609,47.776497],[15.927883,47.771837],[15.934806,47.770977],[15.944905,47.764984],[15.958316,47.76247],[15.959189,47.760757],[15.968108,47.760974],[15.983436,47.75704],[15.981288,47.752218],[15.984566,47.750747],[15.985686,47.748347],[15.979184,47.743694],[15.976161,47.739724],[15.975665,47.735861],[15.979639,47.732031],[15.984607,47.730631],[15.986635,47.726306],[15.997529,47.721263],[16.002462,47.721865],[16.009886,47.72008],[16.011648,47.720369],[16.011707,47.721619],[16.013613,47.720292],[16.017581,47.721127],[16.024526,47.720106],[16.030086,47.7184],[16.039449,47.712427],[16.041962,47.712689],[16.043342,47.716778],[16.047809,47.718399],[16.054154,47.724646],[16.068662,47.725812],[16.083078,47.725349],[16.07787,47.730356],[16.077836,47.732558],[16.082674,47.736671],[16.099878,47.763883],[16.104035,47.77652],[16.102923,47.77985],[16.091171,47.782007],[16.08223,47.778836],[16.0782,47.778685],[16.070804,47.784768],[16.071153,47.790843],[16.07618,47.798024],[16.079752,47.79928],[16.089164,47.798379],[16.10224,47.8013],[16.111375,47.808902],[16.135473,47.8191],[16.152218,47.821585],[16.162503,47.82182],[16.178477,47.828245],[16.181302,47.831324],[16.180593,47.838985],[16.183093,47.853673],[16.178302,47.860302],[16.171752,47.86379],[16.170414,47.866082],[16.179222,47.87053],[16.186456,47.869016],[16.191578,47.869959],[16.200746,47.887253],[16.200307,47.890524],[16.189113,47.902729],[16.17655,47.910942],[16.180318,47.923056],[16.190732,47.934647],[16.190819,47.940914],[16.183999,47.944874],[16.178501,47.94562],[16.169457,47.948992],[16.16638,47.951981],[16.171054,47.964291],[16.175169,47.964934],[16.183708,47.962782],[16.19562,47.963595],[16.206575,47.967519],[16.209227,47.969678],[16.210637,47.976193],[16.21051,47.998642],[16.218119,48.009883],[16.222847,48.01196],[16.227123,48.009407],[16.229554,48.009287],[16.256436,48.016644],[16.270151,48.019072],[16.276459,48.021541],[16.306287,48.052019],[16.310376,48.061344],[16.308161,48.066515],[16.284685,48.07552],[16.284029,48.079576],[16.281016,48.083714],[16.277431,48.101122],[16.273257,48.106706],[16.264355,48.11152],[16.264129,48.113867],[16.267405,48.116364],[16.263768,48.119066],[16.262805,48.121867],[16.25786,48.124824],[16.255778,48.133671],[16.248275,48.135186],[16.247071,48.136728],[16.251898,48.140554],[16.259441,48.160671],[16.258661,48.171014],[16.255123,48.179663],[16.255544,48.193019],[16.253264,48.197047],[16.246667,48.199377],[16.237111,48.200284],[16.23277,48.205487],[16.2314971875385,48.210285330054]]]}},{"type":"Feature","properties":{"id":"SZ.28","parentId":"eastern-alps","level":"section","name":"Alpi Retiche Meridionali - Südliche Rätische Alpen","names":{"en":"Southern Rhaetian Alps","de":"Südliche Rätische Alpen","fr":"Alpes rhétiques méridionales","it":"Alpi Retiche Meridionali"},"provenance":{"source":"https://www.homoalpinus.com/alpes/subdivisions/soiusa/","creator":"Capleymar","kind":"supplied","names":{"version":"soiusa-area-names-v1","source":"https://www.homoalpinus.com/alpes/subdivisions/soiusa/tab_de/index.html","method":"SOIUSA multilingual nomenclature; display casing, accents and spelling normalized; broad-sense scope retained"}},"sourceFeatures":[{"index":27,"fields":{"Number":"28","Code":"SZ.28","Name":"Alpi Retiche Meridionali - Südliche Rätische Alpen","Perimeter":"372.45 km","Enclosed_Area":"4824.4 sq km","Island_Area":"","Capleymar-Homoalpinus":"https://www.homoalpinus.com/alpes/subdivisions/soiusa/","Created_By":"Capleymar"}}],"geometryRef":"sections.geojson#SZ.28"},"geometry":{"type":"Polygon","coordinates":[[[11.234066485134,46.2718671391972],[11.2411,46.292552],[11.260869,46.314467],[11.280251,46.331775],[11.280934,46.343981],[11.286101,46.351133],[11.289328,46.358926],[11.292625,46.377314],[11.297025,46.387745],[11.296253,46.393815],[11.304586,46.404167],[11.312871,46.410213],[11.315155,46.414522],[11.310549,46.427612],[11.315813,46.434797],[11.316084,46.438518],[11.302464,46.453634],[11.301327,46.459074],[11.304437,46.469103],[11.309205,46.473911],[11.307063,46.480918],[11.28901,46.487973],[11.285752,46.492781],[11.279033,46.496897],[11.270432,46.498953],[11.263385,46.509662],[11.253352,46.514629],[11.247746,46.519237],[11.233267,46.540046],[11.224911,46.544417],[11.22379,46.548662],[11.217407,46.556282],[11.218112,46.561451],[11.211656,46.56743],[11.199377,46.573709],[11.190381,46.582325],[11.184356,46.603859],[11.180686,46.61005],[11.183869,46.614972],[11.184454,46.619281],[11.179136,46.629234],[11.173027,46.63391],[11.168543,46.640181],[11.146224,46.657001],[11.142756,46.66437],[11.137009,46.669822],[11.129056,46.675855],[11.122762,46.678485],[11.113998,46.680241],[11.103755,46.679857],[11.099346,46.681245],[11.093145,46.681336],[11.084827,46.676806],[11.073481,46.66794],[11.059531,46.66218],[11.045566,46.660521],[11.012308,46.646117],[11.003594,46.645494],[10.991967,46.648451],[10.969698,46.64674],[10.915903,46.625655],[10.909657,46.62585],[10.902547,46.627773],[10.89626,46.627283],[10.879033,46.623465],[10.870224,46.622846],[10.865869,46.621079],[10.860869,46.622434],[10.853975,46.62101],[10.848742,46.621254],[10.840507,46.618066],[10.829793,46.620812],[10.785189,46.616106],[10.776082,46.616587],[10.770789,46.619515],[10.763085,46.620698],[10.757327,46.618541],[10.750426,46.618152],[10.746771,46.615188],[10.740042,46.613439],[10.733203,46.613414],[10.725482,46.610359],[10.714251,46.610347],[10.711179,46.610823],[10.705472,46.614898],[10.696075,46.617027],[10.6458615708988,46.6225309212529],[10.638563,46.623329],[10.611727,46.633362],[10.60554,46.62911],[10.596534,46.626179],[10.580675,46.612627],[10.557363,46.602524],[10.549297,46.59148],[10.547401,46.584459],[10.542937,46.576755],[10.539951,46.57417],[10.524504,46.568997],[10.516236,46.560762],[10.51582,46.557723],[10.5113,46.551667],[10.509592,46.540741],[10.505178,46.534576],[10.50005,46.534958],[10.488764,46.531229],[10.48067,46.532435],[10.466818,46.531165],[10.453599,46.52842],[10.445557,46.529545],[10.44165,46.53134],[10.436794,46.53626],[10.43428,46.536315],[10.42672,46.540342],[10.42346,46.540293],[10.418605,46.538976],[10.415695,46.536506],[10.408759,46.526934],[10.407759,46.520611],[10.404173,46.515309],[10.386289,46.510822],[10.37289,46.512234],[10.367001,46.508898],[10.364786,46.509126],[10.357836,46.505218],[10.355108,46.50507],[10.353728,46.50209],[10.359391,46.489585],[10.358341,46.4866],[10.353365,46.483762],[10.358903,46.475028],[10.358269,46.468058],[10.356485,46.465975],[10.359296,46.463127],[10.356928,46.461036],[10.359256,46.454042],[10.357936,46.451246],[10.358518,46.442448],[10.356931,46.439254],[10.359737,46.434526],[10.357641,46.432558],[10.355311,46.424582],[10.351317,46.421059],[10.352292,46.417961],[10.348773,46.411595],[10.349976,46.4106],[10.349553,46.406294],[10.353485,46.399019],[10.352574,46.391479],[10.355625,46.387006],[10.358066,46.376573],[10.357485,46.367837],[10.355009,46.363345],[10.3576482107928,46.3553409950032],[10.358148,46.353825],[10.349746,46.34481],[10.347692,46.332419],[10.337333,46.327193],[10.323609,46.327565],[10.317018,46.3255],[10.313152,46.322297],[10.307085,46.321392],[10.301674,46.317522],[10.290817,46.305996],[10.273307,46.292422],[10.266422,46.282339],[10.259861,46.277852],[10.258921,46.272458],[10.251679,46.260264],[10.2381,46.248192],[10.229203,46.238118],[10.225214,46.23605],[10.212891,46.233927],[10.212016,46.232465],[10.206352,46.230675],[10.199065,46.230012],[10.182981,46.222207],[10.13448,46.193463],[10.126149,46.185445],[10.124196,46.180236],[10.121798,46.179263],[10.118948,46.175505],[10.099807,46.168073],[10.098298,46.165853],[10.094179,46.163953],[10.09756,46.163243],[10.100978,46.160097],[10.098847,46.156252],[10.100888,46.153847],[10.10652,46.152501],[10.10976,46.153104],[10.113992,46.150192],[10.118473,46.149089],[10.130596,46.148726],[10.137673,46.150534],[10.148146,46.151381],[10.172083,46.158156],[10.176253,46.157014],[10.181321,46.159558],[10.188491,46.159165],[10.191989,46.161167],[10.206876,46.163566],[10.21313,46.166262],[10.222037,46.165448],[10.225585,46.16658],[10.231928,46.165307],[10.234605,46.166043],[10.236801,46.164638],[10.245703,46.168915],[10.251611,46.168564],[10.254355,46.169742],[10.260954,46.167621],[10.270393,46.172864],[10.276173,46.171364],[10.293785,46.172705],[10.304486,46.17148],[10.314623,46.174123],[10.329956,46.174025],[10.335148,46.170146],[10.347038,46.166445],[10.348119,46.157919],[10.345848,46.14815],[10.343627,46.1467],[10.341451,46.140774],[10.329346,46.124206],[10.314446,46.11045],[10.311132,46.100614],[10.313484,46.098879],[10.315775,46.090623],[10.318876,46.087958],[10.32655,46.084837],[10.335538,46.08652],[10.345594,46.083229],[10.345606,46.080828],[10.350804,46.072132],[10.350117,46.061162],[10.353231,46.049922],[10.346116,46.039093],[10.344982,46.033431],[10.341795,46.030228],[10.342419,46.027844],[10.345895,46.025258],[10.342314,46.021158],[10.343202,46.01789],[10.346137,46.014979],[10.342386,46.011031],[10.343922,46.005746],[10.341846,46.000392],[10.336636,45.998074],[10.336902,45.994189],[10.331992,45.992635],[10.328147,45.985347],[10.32009,45.982292],[10.319672,45.979845],[10.316998,45.978168],[10.31816,45.972265],[10.315834,45.967148],[10.306991,45.965492],[10.305353,45.961799],[10.297947,45.958734],[10.292981,45.959106],[10.283528,45.956285],[10.284027,45.95343],[10.278556,45.952443],[10.279765,45.949805],[10.277156,45.947888],[10.278293,45.945669],[10.273001,45.943759],[10.267481,45.939519],[10.258648,45.93861],[10.254474,45.936287],[10.249914,45.936458],[10.247317,45.934264],[10.246371,45.930802],[10.234379,45.925029],[10.231506,45.92062],[10.251676,45.91994],[10.263408,45.924457],[10.279028,45.925023],[10.285411,45.926835],[10.294109,45.933074],[10.301148,45.929485],[10.312593,45.92963],[10.31242,45.925415],[10.322768,45.921426],[10.326973,45.921508],[10.332365,45.918997],[10.337796,45.92023],[10.34904,45.920316],[10.351845,45.918938],[10.352225,45.917034],[10.357797,45.914201],[10.3717,45.910918],[10.376743,45.911676],[10.3812262315923,45.9102261759815],[10.385447,45.908861],[10.393875,45.911156],[10.397652,45.90976],[10.398855,45.907729],[10.404618,45.906837],[10.416496,45.907451],[10.430256,45.911054],[10.434029,45.910206],[10.434322,45.908123],[10.431138,45.902916],[10.431048,45.897796],[10.430198,45.8957],[10.426837,45.89437],[10.427073,45.890938],[10.433908,45.886469],[10.445978,45.882049],[10.449856,45.878378],[10.453887,45.871321],[10.45519,45.867961],[10.453518,45.865777],[10.455022,45.863872],[10.453158,45.861672],[10.454054,45.854906],[10.452566,45.851946],[10.454368,45.842014],[10.450526,45.837976],[10.452711,45.835721],[10.453343,45.828211],[10.460177,45.820703],[10.464162,45.818326],[10.465333,45.81931],[10.473134,45.818872],[10.47588,45.817585],[10.48546,45.817698],[10.491343,45.818958],[10.494435,45.818153],[10.49694,45.819907],[10.49949,45.81964],[10.506153,45.823898],[10.523989,45.827489],[10.529216,45.826541],[10.533226,45.822483],[10.536229,45.813066],[10.530812,45.809417],[10.536137,45.809933],[10.538404,45.812725],[10.549924,45.82012],[10.554776,45.843468],[10.557412,45.846795],[10.565228,45.850897],[10.569456,45.858075],[10.581309,45.863788],[10.588179,45.872921],[10.591263,45.873436],[10.59397,45.87682],[10.598509,45.878614],[10.600043,45.885015],[10.603441,45.886962],[10.60672,45.893821],[10.610987,45.89755],[10.611364,45.89978],[10.609074,45.901037],[10.609052,45.905758],[10.613864,45.906255],[10.62014,45.910306],[10.622324,45.916011],[10.631279,45.924682],[10.636745,45.932789],[10.639323,45.93403],[10.641263,45.943066],[10.643755,45.944174],[10.649787,45.951279],[10.655468,45.960403],[10.663288,45.966713],[10.6713,45.981244],[10.68128,45.989461],[10.690973,45.995016],[10.69566,45.999679],[10.69703,46.00327],[10.702611,46.007016],[10.715236,46.021147],[10.722211,46.02486],[10.725393,46.028966],[10.727969,46.028757],[10.732156,46.032735],[10.734495,46.033177],[10.739103,46.040048],[10.744683,46.039475],[10.74892,46.042237],[10.774169,46.04701],[10.77961,46.047115],[10.792387,46.054037],[10.797554,46.054876],[10.802337,46.054102],[10.807424,46.055531],[10.813253,46.053496],[10.824147,46.053345],[10.828225,46.054649],[10.835149,46.052981],[10.839913,46.053384],[10.84653,46.051138],[10.851303,46.041897],[10.854011,46.040129],[10.861588,46.037762],[10.872507,46.03717],[10.879709,46.041608],[10.885894,46.042235],[10.895742,46.046772],[10.905249,46.057235],[10.911413,46.061957],[10.922146,46.064514],[10.92868,46.061068],[10.928585,46.056793],[10.935509,46.054173],[10.937725,46.054616],[10.942197,46.049477],[10.949528,46.04475],[10.949465,46.042002],[10.945728,46.039039],[10.945528,46.036279],[10.950668,46.025477],[10.946247,46.018541],[10.948643,46.014338],[10.955205,46.009196],[10.959106,46.015938],[10.95679,46.020873],[10.958806,46.026565],[10.963197,46.029833],[10.965407,46.034658],[10.962713,46.038538],[10.962771,46.04598],[10.969673,46.052433],[10.969657,46.053818],[10.974562,46.057149],[10.979207,46.059778],[10.984277,46.059981],[10.990564,46.062442],[10.995126,46.073948],[10.999685,46.076777],[11.009213,46.078385],[11.011168,46.076661],[11.01606,46.076186],[11.029452,46.079478],[11.035327,46.07955],[11.043272,46.084122],[11.051307,46.093272],[11.054721,46.094556],[11.067754,46.087068],[11.073377,46.082075],[11.07666,46.081183],[11.095538,46.07939],[11.104413,46.083644],[11.098027,46.088532],[11.091232,46.098864],[11.083767,46.120806],[11.075557,46.138801],[11.076097,46.145949],[11.083514,46.153704],[11.093353,46.156132],[11.111281,46.16597],[11.111401,46.176198],[11.116194,46.184375],[11.119273,46.188549],[11.130547,46.192787],[11.136079,46.2012],[11.146487,46.209905],[11.146749,46.218205],[11.150901,46.224371],[11.154945,46.226479],[11.169024,46.227511],[11.183771,46.236937],[11.207226,46.245061],[11.221715,46.255968],[11.229472,46.263738],[11.233992,46.271648],[11.234066485134,46.2718671391972]]]}},{"type":"Feature","properties":{"id":"SZ.29","parentId":"eastern-alps","level":"section","name":"Alpi e Prealpi Bergamasche","names":{"en":"Bergamasque Alps and Prealps","de":"Bergamasker Alpen und Voralpen","fr":"Alpes et Préalpes bergamasques","it":"Alpi e Prealpi Bergamasche"},"provenance":{"source":"https://www.homoalpinus.com/alpes/subdivisions/soiusa/","creator":"Capleymar","kind":"supplied","names":{"version":"soiusa-area-names-v1","source":"https://www.homoalpinus.com/alpes/subdivisions/soiusa/tab_de/index.html","method":"SOIUSA multilingual nomenclature; display casing, accents and spelling normalized; broad-sense scope retained"}},"sourceFeatures":[{"index":28,"fields":{"Number":"29","Code":"SZ.29","Name":"Alpi e Prealpi Bergamasche","Perimeter":"296.74 km","Enclosed_Area":"3342.1 sq km","Island_Area":"","Capleymar-Homoalpinus":"https://www.homoalpinus.com/alpes/subdivisions/soiusa/","Created_By":"Capleymar"}}],"geometryRef":"sections.geojson#SZ.29"},"geometry":{"type":"Polygon","coordinates":[[[9.41524092569435,45.8208536139605],[9.420593,45.814527],[9.42629,45.804698],[9.441449,45.796523],[9.452582,45.782436],[9.475522,45.771892],[9.478177,45.769506],[9.481038,45.764046],[9.480862,45.74137],[9.47574,45.737976],[9.46368,45.735982],[9.456035,45.731769],[9.458332,45.723303],[9.460458,45.720974],[9.46628,45.718583],[9.473416,45.713155],[9.487458,45.709364],[9.495062,45.710961],[9.502493,45.70765],[9.511774,45.710361],[9.533666,45.709688],[9.539348,45.708025],[9.54617888815109,45.7097408859532],[9.548437,45.710308],[9.54744928247455,45.7135165497464],[9.544111,45.724358],[9.545464,45.725618],[9.55207794676689,45.7272686954208],[9.563944,45.730229],[9.567062,45.732955],[9.567146,45.736554],[9.576588,45.738756],[9.58388,45.747764],[9.592327,45.752202],[9.597847,45.753648],[9.614649,45.75124],[9.626301,45.752913],[9.628338,45.75199],[9.628263,45.748311],[9.623103,45.743614],[9.626759,45.740037],[9.621371,45.736098],[9.621895,45.732606],[9.632655,45.729675],[9.649886,45.728262],[9.653377,45.724044],[9.657435,45.722153],[9.680201,45.714531],[9.683674,45.713815],[9.690663,45.714731],[9.700541,45.719779],[9.701747,45.722985],[9.718633,45.741164],[9.72766,45.735617],[9.736432,45.738],[9.74131,45.737095],[9.739139,45.722985],[9.736319,45.716175],[9.738402,45.711775],[9.743925,45.713257],[9.748912,45.712727],[9.754226,45.70888],[9.763574,45.708107],[9.769263,45.707871],[9.776931,45.70964],[9.78751,45.709266],[9.803613,45.704706],[9.812835,45.700673],[9.824735,45.700307],[9.837337,45.69604],[9.844175,45.696839],[9.852175,45.693593],[9.862964,45.686216],[9.866376,45.681947],[9.862792,45.678639],[9.85545,45.67803],[9.849435,45.674888],[9.844495,45.674467],[9.842674,45.672841],[9.841412,45.658391],[9.847041,45.655193],[9.855272,45.654337],[9.873134,45.660418],[9.884592,45.660637],[9.888391,45.665745],[9.890888,45.666613],[9.903882,45.664813],[9.909531,45.665976],[9.917957,45.668225],[9.921122,45.671347],[9.926762,45.673586],[9.943015,45.674271],[9.951694,45.672011],[9.954135,45.670948],[9.956573,45.665443],[9.959139,45.663985],[9.960365,45.665535],[9.964088,45.666588],[9.971825,45.672539],[9.981242,45.675803],[9.986247,45.67536],[9.988014,45.67645],[10.0151,45.680398],[10.018479,45.678796],[10.025433,45.681759],[10.0392,45.682488],[10.054576,45.686871],[10.056385,45.689312],[10.054819,45.695721],[10.047941,45.70587],[10.046877,45.708525],[10.048662,45.710826],[10.046644,45.712049],[10.049724,45.727482],[10.053214,45.733161],[10.049787,45.742632],[10.040323,45.75132],[10.0355442718872,45.767716839647],[10.035211,45.76886],[10.039973,45.774058],[10.050963,45.780031],[10.04897,45.782762],[10.051895,45.782046],[10.055144,45.782995],[10.052932,45.785731],[10.055996,45.792417],[10.058756,45.794482],[10.057269,45.801209],[10.06861,45.802094],[10.075313,45.804959],[10.075107,45.806471],[10.070911,45.80725],[10.069018,45.809914],[10.070656,45.809594],[10.072225,45.813471],[10.07926,45.81851],[10.080298,45.821192],[10.085612,45.823616],[10.08822,45.819314],[10.089842,45.819077],[10.092416,45.81255],[10.096142,45.81018],[10.097489,45.815564],[10.104166,45.821602],[10.104269,45.830003],[10.109736,45.834989],[10.122581,45.840277],[10.127295,45.840701],[10.127978,45.843035],[10.135197,45.849228],[10.138124,45.853663],[10.142535,45.855198],[10.147157,45.859932],[10.154311,45.864027],[10.156923,45.872273],[10.166734,45.876631],[10.175018,45.877188],[10.179445,45.880478],[10.184903,45.88147],[10.182112,45.885834],[10.183489,45.887602],[10.191325,45.887498],[10.193206,45.88594],[10.207813,45.890988],[10.212899,45.890945],[10.213214,45.893947],[10.209645,45.89884],[10.215123,45.903855],[10.222743,45.907023],[10.229594,45.915401],[10.232543,45.923613],[10.246371,45.930802],[10.247317,45.934264],[10.249914,45.936458],[10.254474,45.936287],[10.258648,45.93861],[10.267481,45.939519],[10.273001,45.943759],[10.278293,45.945669],[10.277156,45.947888],[10.279765,45.949805],[10.278556,45.952443],[10.284027,45.95343],[10.283528,45.956285],[10.292981,45.959106],[10.297947,45.958734],[10.305353,45.961799],[10.306991,45.965492],[10.315538,45.966935],[10.31816,45.972265],[10.316998,45.978168],[10.319672,45.979845],[10.32009,45.982292],[10.328147,45.985347],[10.331992,45.992635],[10.336902,45.994189],[10.336636,45.998074],[10.341846,46.000392],[10.343922,46.005746],[10.342386,46.011031],[10.346137,46.014979],[10.343202,46.01789],[10.342314,46.021158],[10.345895,46.025258],[10.342419,46.027844],[10.341795,46.030228],[10.344982,46.033431],[10.346116,46.039093],[10.353231,46.049922],[10.350117,46.061162],[10.350804,46.072132],[10.345606,46.080828],[10.345594,46.083229],[10.335538,46.08652],[10.32655,46.084837],[10.318876,46.087958],[10.315775,46.090623],[10.313484,46.098879],[10.311132,46.100614],[10.314446,46.11045],[10.329346,46.124206],[10.341451,46.140774],[10.343627,46.1467],[10.345848,46.14815],[10.348119,46.157919],[10.347038,46.166445],[10.335148,46.170146],[10.329956,46.174025],[10.314623,46.174123],[10.304486,46.17148],[10.293785,46.172705],[10.276173,46.171364],[10.270393,46.172864],[10.260954,46.167621],[10.254355,46.169742],[10.251611,46.168564],[10.245703,46.168915],[10.236801,46.164638],[10.234605,46.166043],[10.231928,46.165307],[10.225585,46.16658],[10.222037,46.165448],[10.21313,46.166262],[10.206876,46.163566],[10.191989,46.161167],[10.188491,46.159165],[10.181321,46.159558],[10.176253,46.157014],[10.172083,46.158156],[10.148146,46.151381],[10.137673,46.150534],[10.130596,46.148726],[10.118473,46.149089],[10.113992,46.150192],[10.10976,46.153104],[10.10652,46.152501],[10.100888,46.153847],[10.098847,46.156252],[10.100754,46.160428],[10.09756,46.163243],[10.093316,46.164119],[10.089673,46.162187],[10.084856,46.16197],[10.080069,46.157265],[10.07101,46.152662],[10.063077,46.150571],[10.05169,46.15148],[10.047886,46.155594],[10.037369,46.158565],[10.030998,46.158984],[10.023452,46.156903],[10.01848,46.1577],[10.013188,46.156396],[10.003705,46.157603],[9.997746,46.161061],[9.993813,46.159632],[9.986612,46.161597],[9.983535,46.159524],[9.981158,46.161739],[9.97546,46.160203],[9.967864,46.161352],[9.960512,46.159611],[9.958877,46.157221],[9.955194,46.156316],[9.949994,46.157536],[9.944722,46.161968],[9.933775,46.164445],[9.913741,46.166347],[9.909207,46.167866],[9.90188,46.167172],[9.899779,46.164392],[9.891547,46.159148],[9.884772,46.16086],[9.861636,46.157986],[9.85478,46.161061],[9.848925,46.161006],[9.842005,46.162537],[9.830574,46.160493],[9.819081,46.159995],[9.800256,46.160947],[9.784869,46.155959],[9.77986,46.156708],[9.774368,46.15496],[9.756115,46.158756],[9.733975,46.159215],[9.728605,46.160247],[9.708801,46.159512],[9.69882267812701,46.1596731282643],[9.662837,46.160247],[9.632528,46.153422],[9.627677,46.146503],[9.622072,46.146181],[9.611411,46.143117],[9.604998,46.14404],[9.596606,46.143555],[9.581756,46.140036],[9.575326,46.146434],[9.552287,46.14416],[9.546114,46.140579],[9.533975,46.13878],[9.523021,46.138751],[9.516136,46.14066],[9.494323,46.152045],[9.465446,46.147082],[9.459313,46.149945],[9.456422,46.148463],[9.453575,46.144491],[9.450399,46.143433],[9.448057,46.143857],[9.445515,46.146747],[9.44293,46.153336],[9.434512,46.148162],[9.42826,46.149418],[9.374945,46.151577],[9.377851,46.144783],[9.372798,46.142165],[9.370818,46.137375],[9.362845,46.135961],[9.35628,46.137019],[9.35073,46.135989],[9.339351,46.129669],[9.338901,46.12818],[9.341551,46.127809],[9.346407,46.123984],[9.345535,46.116615],[9.337629,46.117237],[9.327263,46.114258],[9.32341,46.115556],[9.334654,46.122496],[9.335739,46.124118],[9.334649,46.125649],[9.321785,46.121143],[9.314009,46.119954],[9.311545,46.117737],[9.311266,46.113809],[9.318608,46.109354],[9.319985,46.104051],[9.316599,46.100519],[9.315264,46.095053],[9.310014,46.090216],[9.310217,46.081376],[9.298389,46.076749],[9.297616,46.072949],[9.299554,46.071001],[9.306914,46.068972],[9.307072,46.068043],[9.30538,46.068129],[9.309519,46.067667],[9.312561,46.060642],[9.312816,46.05529],[9.310427,46.051325],[9.305147,46.047679],[9.305196,46.045737],[9.297877,46.042476],[9.302004,46.038087],[9.295853,46.033011],[9.283817,46.026224],[9.286651,46.022176],[9.287105,46.016987],[9.282516,46.015001],[9.283699,46.013179],[9.281532,46.010102],[9.286862,46.008663],[9.291301,46.00463],[9.292234,45.986506],[9.297113,45.98057],[9.295825,45.976831],[9.303316,45.967082],[9.300592,45.965896],[9.301783,45.964652],[9.301017,45.949492],[9.308651,45.944545],[9.31253,45.940238],[9.312793,45.935717],[9.310823,45.931403],[9.312348,45.929379],[9.310226,45.924791],[9.312988,45.9131],[9.319417,45.91145],[9.323973,45.911855],[9.325908,45.910691],[9.330413,45.903892],[9.331523,45.8995],[9.330423,45.897555],[9.333472,45.893777],[9.344988,45.895918],[9.352298,45.893346],[9.357769,45.889878],[9.360815,45.884675],[9.376571,45.875229],[9.378367,45.868099],[9.381803,45.865892],[9.38315,45.860396],[9.385087,45.858771],[9.384,45.856932],[9.388973,45.855032],[9.386506,45.852587],[9.387307,45.850041],[9.395427,45.847172],[9.400067,45.83979],[9.403747,45.838259],[9.40572,45.832104],[9.41524092569435,45.8208536139605]]]}},{"type":"Feature","properties":{"id":"SZ.30","parentId":"eastern-alps","level":"section","name":"Prealpi Bresciane e Gardesane","names":{"en":"Brescia and Garda Prealps","de":"Brescianer und Gardaseer Voralpen","fr":"Préalpes brescianes et gardésanes","it":"Prealpi Bresciane e Gardesane"},"provenance":{"source":"https://www.homoalpinus.com/alpes/subdivisions/soiusa/","creator":"Capleymar","kind":"supplied","names":{"version":"soiusa-area-names-v1","source":"https://www.homoalpinus.com/alpes/subdivisions/soiusa/tab_de/index.html","method":"SOIUSA multilingual nomenclature; display casing, accents and spelling normalized; broad-sense scope retained"}},"sourceFeatures":[{"index":29,"fields":{"Number":"30","Code":"SZ.30","Name":"Prealpi Bresciane e Gardesane","Perimeter":"417.71 km","Enclosed_Area":"2636.2 sq km","Island_Area":"21.954 sq km","Capleymar-Homoalpinus":"https://www.homoalpinus.com/alpes/subdivisions/soiusa/","Created_By":"Capleymar"}}],"geometryRef":"sections.geojson#SZ.30"},"geometry":{"type":"Polygon","coordinates":[[[10.0718209229308,45.7645021874161],[10.075385,45.758773],[10.088038,45.748186],[10.091475,45.741519],[10.09029,45.740475],[10.090607,45.733254],[10.096928,45.727421],[10.104117,45.725431],[10.109574,45.720154],[10.109508,45.708291],[10.107077,45.705114],[10.107947,45.700526],[10.1032,45.694947],[10.103184,45.692796],[10.099062,45.690842],[10.097739,45.686304],[10.089641,45.679931],[10.085126,45.678405],[10.083506,45.681152],[10.077336,45.680422],[10.075168,45.677823],[10.075305,45.670784],[10.068253,45.669374],[10.06882,45.668154],[10.065471,45.666196],[10.053755,45.663804],[10.057045,45.661353],[10.055388,45.654184],[10.051102,45.651161],[10.035185,45.64497],[10.034805,45.643207],[10.049568,45.635471],[10.056576,45.633144],[10.062797,45.632599],[10.072901,45.635471],[10.081155,45.633426],[10.083593,45.635244],[10.090549,45.636736],[10.096789,45.641352],[10.10018,45.640692],[10.104105,45.638187],[10.102003,45.636166],[10.101641,45.63219],[10.103092,45.624967],[10.105935,45.623499],[10.109078,45.6266],[10.114811,45.627874],[10.115687,45.632709],[10.12006,45.628079],[10.12244,45.627325],[10.123525,45.632632],[10.124857,45.633047],[10.128029,45.631109],[10.127251,45.626845],[10.12289,45.6193],[10.116958,45.614089],[10.119116,45.608782],[10.111895,45.603649],[10.110019,45.599215],[10.112155,45.597461],[10.122841,45.599129],[10.129493,45.597547],[10.133164,45.598266],[10.145698,45.597067],[10.157542,45.599663],[10.162668,45.599006],[10.165017,45.596709],[10.160821,45.594579],[10.159913,45.592279],[10.168759,45.592352],[10.171131,45.591115],[10.165477,45.58597],[10.164965,45.58501],[10.166572,45.584394],[10.180099,45.587171],[10.187349,45.58181],[10.194297,45.582878],[10.205696,45.582712],[10.207267,45.58325],[10.209367,45.589149],[10.215024,45.58936],[10.217363,45.590708],[10.216225,45.592863],[10.213823,45.593774],[10.218476,45.596375],[10.216043,45.599012],[10.205621,45.602034],[10.195987,45.603141],[10.193574,45.604602],[10.19275,45.606503],[10.194727,45.61479],[10.193675,45.61602],[10.196529,45.617431],[10.214535,45.608673],[10.229836,45.605229],[10.228288,45.602044],[10.229697,45.598823],[10.23703,45.595785],[10.256001,45.591244],[10.263305083736,45.5866108805701],[10.267135,45.584181],[10.272123,45.584499],[10.274999,45.586839],[10.285916,45.591252],[10.294157,45.589434],[10.2962,45.581841],[10.293088,45.578802],[10.285993,45.577915],[10.28034,45.573996],[10.278862,45.571206],[10.270821,45.567474],[10.269135,45.565205],[10.2540087241453,45.5609334209317],[10.249441,45.559643],[10.237094,45.547129],[10.23728,45.543989],[10.239643,45.541304],[10.2456210301933,45.5377449785757],[10.248785,45.535861],[10.260586,45.534146],[10.261178,45.530726],[10.265903,45.528022],[10.268757,45.524476],[10.276199,45.526809],[10.275889,45.521496],[10.285395,45.523766],[10.289679,45.530222],[10.298917,45.537653],[10.304547,45.545097],[10.309283,45.548162],[10.319337,45.546279],[10.321756,45.543744],[10.325818,45.543314],[10.340167,45.546089],[10.352341,45.545793],[10.357675,45.547182],[10.374531,45.542794],[10.379177,45.543812],[10.386406,45.553255],[10.395125,45.557079],[10.399545,45.556805],[10.401922,45.554719],[10.407879,45.556174],[10.416205,45.560246],[10.419341,45.559577],[10.424353,45.561496],[10.435749,45.567267],[10.435024,45.570704],[10.427168,45.569988],[10.424139,45.573048],[10.429026,45.57569],[10.432805,45.57969],[10.435541,45.579747],[10.437699,45.582547],[10.431411,45.588367],[10.440561,45.592907],[10.440474,45.59851],[10.444667,45.601951],[10.463686,45.605494],[10.46694,45.608097],[10.481158,45.610788],[10.489067,45.609185],[10.532508,45.606246],[10.53784,45.610111],[10.545313,45.612967],[10.552919,45.612753],[10.556736,45.613993],[10.557878,45.617034],[10.565191,45.619182],[10.57536,45.624955],[10.587876,45.626126],[10.588084,45.630489],[10.597241,45.635485],[10.599251,45.635428],[10.600842,45.632606],[10.606785,45.6306],[10.616228,45.63199],[10.618154,45.636882],[10.620477,45.638404],[10.62063,45.64254],[10.618678,45.64611],[10.619301,45.645402],[10.619448,45.646673],[10.644539,45.662107],[10.650742,45.667648],[10.653838,45.670717],[10.652466,45.674196],[10.654999,45.680619],[10.658091,45.682595],[10.660548,45.686607],[10.666864,45.68875],[10.669771,45.693334],[10.673947,45.694751],[10.687794,45.704973],[10.6931743629202,45.7075986539551],[10.697643,45.709779],[10.71364,45.725547],[10.716595,45.72602],[10.717761,45.727646],[10.720355,45.727973],[10.735163,45.735789],[10.747478,45.750563],[10.752202,45.754203],[10.749939,45.757784],[10.766223,45.771381],[10.770022,45.7772],[10.777138,45.781712],[10.777175,45.787613],[10.782482,45.795088],[10.783643,45.799912],[10.786669,45.800735],[10.788251,45.804712],[10.793795,45.80915],[10.793021,45.816266],[10.8,45.82018],[10.812397,45.823736],[10.822326,45.828234],[10.825546,45.833388],[10.826302,45.841613],[10.830146,45.845728],[10.834413,45.854635],[10.832685,45.861108],[10.83936,45.87766],[10.838032,45.879722],[10.839001,45.88462],[10.841111,45.883712],[10.842964,45.884801],[10.84284,45.882801],[10.845746,45.882728],[10.845189,45.881209],[10.849177,45.881132],[10.856942,45.876763],[10.864822,45.876745],[10.867471,45.874774],[10.865107,45.873644],[10.86672,45.872318],[10.876643,45.868269],[10.874745,45.865022],[10.876123,45.862835],[10.875723,45.860997],[10.861986,45.849029],[10.863625,45.848017],[10.8623,45.84566],[10.863325,45.8444],[10.858754,45.836878],[10.858318,45.835264],[10.860015,45.833927],[10.856555,45.827593],[10.85677,45.821752],[10.851579,45.809957],[10.847668,45.808682],[10.846163,45.806079],[10.837921,45.801094],[10.837467,45.798455],[10.832857,45.793393],[10.821813,45.789071],[10.813272,45.774877],[10.810757,45.767746],[10.807636,45.766403],[10.806764,45.757511],[10.803606,45.754961],[10.799425,45.75466],[10.795125,45.751664],[10.795174,45.747832],[10.797855,45.748788],[10.799856,45.746426],[10.795226,45.739385],[10.786698,45.73178],[10.781517,45.729996],[10.780798,45.723156],[10.77019,45.714734],[10.765283,45.706519],[10.7610403556892,45.7011722612062],[10.748073,45.684823],[10.740964,45.678689],[10.728071,45.663279],[10.720346,45.650813],[10.707876,45.64124],[10.703772,45.636402],[10.691592,45.614086],[10.687663,45.613853],[10.684376,45.608725],[10.685876,45.604881],[10.684975,45.599489],[10.674813,45.587088],[10.672298,45.578077],[10.6736,45.574872],[10.67159,45.575174],[10.671725,45.572649],[10.677884,45.572836],[10.684201,45.577125],[10.689413,45.578685],[10.697298,45.576798],[10.700193,45.577646],[10.704911,45.576889],[10.718095,45.581054],[10.727331,45.58605],[10.73547,45.594556],[10.74399,45.598491],[10.760748,45.600673],[10.781337,45.608311],[10.812255,45.611505],[10.816571,45.613668],[10.828865,45.612447],[10.831314,45.610861],[10.828076,45.604983],[10.828086,45.599362],[10.823282,45.592354],[10.820606,45.584799],[10.821178,45.582905],[10.823726,45.581877],[10.822774,45.58056],[10.826219,45.582385],[10.834525,45.581911],[10.84052,45.583446],[10.843604,45.58542],[10.842847,45.593056],[10.845497,45.599546],[10.848533,45.603547],[10.855198,45.607381],[10.853043,45.616878],[10.854292,45.620552],[10.856292,45.621073],[10.859673,45.618322],[10.861898,45.618344],[10.865914,45.620497],[10.870347,45.626352],[10.876652,45.62992],[10.878243,45.634703],[10.884063,45.639764],[10.879708,45.644717],[10.880972,45.646748],[10.886515,45.647609],[10.892294,45.646074],[10.896759,45.648797],[10.894852,45.653468],[10.895119,45.657827],[10.896473,45.661096],[10.901647,45.663675],[10.902039,45.666103],[10.893971,45.67318],[10.893422,45.677097],[10.89901,45.678715],[10.903218,45.683186],[10.910002,45.685817],[10.9105211130649,45.6868705820316],[10.912825,45.691546],[10.927769,45.700182],[10.927457,45.708947],[10.933639,45.714746],[10.94315,45.728724],[10.953703,45.734259],[10.964236,45.736964],[10.969859,45.740876],[10.982938,45.744548],[10.984542,45.751454],[10.991027,45.755514],[10.998006,45.764097],[11.009525,45.771134],[11.018245,45.787487],[11.019751,45.795668],[11.012187,45.806833],[11.011061,45.815849],[11.000054,45.828168],[11.001385,45.837668],[10.996641,45.845989],[11.000572,45.854811],[10.99688,45.859717],[11.001419,45.865779],[11.00944,45.8678],[11.012221,45.870212],[11.019252,45.880418],[11.015242,45.887213],[11.016095,45.891524],[11.02816,45.899932],[11.033177,45.908909],[11.042483,45.917012],[11.055345,45.925105],[11.061557,45.927461],[11.074197,45.925849],[11.079829,45.927161],[11.090837,45.936912],[11.098681,45.940684],[11.103201,45.950657],[11.108847,45.957332],[11.107529,45.966414],[11.11007,45.981707],[11.121365,45.996989],[11.122828,46.00667],[11.122907,46.036422],[11.110707,46.050858],[11.11184,46.062426],[11.116317,46.074885],[11.114448,46.078463],[11.104506,46.084048],[11.095538,46.07939],[11.07666,46.081183],[11.073377,46.082075],[11.067754,46.087068],[11.054721,46.094556],[11.051307,46.093272],[11.043272,46.084122],[11.035327,46.07955],[11.029452,46.079478],[11.01606,46.076186],[11.011168,46.076661],[11.009213,46.078385],[10.999685,46.076777],[10.995126,46.073948],[10.990564,46.062442],[10.984277,46.059981],[10.979207,46.059778],[10.974562,46.057149],[10.969657,46.053818],[10.969673,46.052433],[10.962771,46.04598],[10.962713,46.038538],[10.965407,46.034658],[10.963197,46.029833],[10.958806,46.026565],[10.95679,46.020873],[10.959106,46.015938],[10.955205,46.009196],[10.948643,46.014338],[10.946247,46.018541],[10.950668,46.025477],[10.945528,46.036279],[10.945728,46.039039],[10.949465,46.042002],[10.949528,46.04475],[10.942197,46.049477],[10.937725,46.054616],[10.935509,46.054173],[10.928585,46.056793],[10.92868,46.061068],[10.922146,46.064514],[10.911413,46.061957],[10.905249,46.057235],[10.895742,46.046772],[10.885894,46.042235],[10.879709,46.041608],[10.872507,46.03717],[10.861588,46.037762],[10.854011,46.040129],[10.851303,46.041897],[10.84653,46.051138],[10.839913,46.053384],[10.835149,46.052981],[10.828225,46.054649],[10.824147,46.053345],[10.813253,46.053496],[10.807424,46.055531],[10.802337,46.054102],[10.797554,46.054876],[10.792387,46.054037],[10.77961,46.047115],[10.774169,46.04701],[10.74892,46.042237],[10.744683,46.039475],[10.739103,46.040048],[10.734495,46.033177],[10.732156,46.032735],[10.727969,46.028757],[10.725393,46.028966],[10.722211,46.02486],[10.715236,46.021147],[10.702611,46.007016],[10.69703,46.00327],[10.69566,45.999679],[10.690973,45.995016],[10.68128,45.989461],[10.6713,45.981244],[10.663288,45.966713],[10.655468,45.960403],[10.649787,45.951279],[10.643755,45.944174],[10.641263,45.943066],[10.639323,45.93403],[10.636745,45.932789],[10.631279,45.924682],[10.622324,45.916011],[10.62014,45.910306],[10.613864,45.906255],[10.609052,45.905758],[10.609074,45.901037],[10.611364,45.89978],[10.610987,45.89755],[10.60672,45.893821],[10.603441,45.886962],[10.600043,45.885015],[10.5986,45.878726],[10.59397,45.87682],[10.591263,45.873436],[10.588179,45.872921],[10.581309,45.863788],[10.569456,45.858075],[10.565228,45.850897],[10.557412,45.846795],[10.554776,45.843468],[10.55211,45.833934],[10.55006,45.820333],[10.535102,45.80951],[10.530812,45.809417],[10.536229,45.813066],[10.532883,45.823105],[10.529216,45.826541],[10.523989,45.827489],[10.506153,45.823898],[10.49949,45.81964],[10.49694,45.819907],[10.494435,45.818153],[10.491343,45.818958],[10.48546,45.817698],[10.47588,45.817585],[10.473134,45.818872],[10.465333,45.81931],[10.464162,45.818326],[10.460177,45.820703],[10.453343,45.828211],[10.452711,45.835721],[10.450526,45.837976],[10.454368,45.842014],[10.452566,45.851946],[10.454054,45.854906],[10.453158,45.861672],[10.455022,45.863872],[10.453518,45.865777],[10.45519,45.867961],[10.453887,45.871321],[10.449856,45.878378],[10.445978,45.882049],[10.433908,45.886469],[10.427073,45.890938],[10.426837,45.89437],[10.430198,45.8957],[10.431048,45.897796],[10.431138,45.902916],[10.434322,45.908123],[10.434029,45.910206],[10.430256,45.911054],[10.416496,45.907451],[10.404618,45.906837],[10.398855,45.907729],[10.397652,45.90976],[10.393875,45.911156],[10.385447,45.908861],[10.3812262315923,45.9102261759815],[10.376743,45.911676],[10.3717,45.910918],[10.357797,45.914201],[10.352225,45.917034],[10.351845,45.918938],[10.34904,45.920316],[10.337796,45.92023],[10.332365,45.918997],[10.326973,45.921508],[10.322768,45.921426],[10.31242,45.925415],[10.312593,45.92963],[10.301148,45.929485],[10.294109,45.933074],[10.285411,45.926835],[10.279028,45.925023],[10.263408,45.924457],[10.251676,45.91994],[10.231506,45.920621],[10.229594,45.915401],[10.222743,45.907023],[10.215123,45.903855],[10.209645,45.89884],[10.213214,45.893947],[10.212899,45.890945],[10.207813,45.890988],[10.193206,45.88594],[10.191325,45.887498],[10.183489,45.887602],[10.182112,45.885834],[10.184903,45.88147],[10.179445,45.880478],[10.175018,45.877188],[10.166734,45.876631],[10.156923,45.872273],[10.154311,45.864027],[10.147157,45.859932],[10.142535,45.855198],[10.138124,45.853663],[10.135197,45.849228],[10.127978,45.843035],[10.127295,45.840701],[10.113041,45.837137],[10.104269,45.830003],[10.104166,45.821602],[10.097489,45.815564],[10.096142,45.810182],[10.098805,45.80703],[10.103056,45.806544],[10.104392,45.804667],[10.105656,45.8054],[10.105323,45.798494],[10.103249,45.797892],[10.100541,45.793798],[10.092274,45.79053],[10.084125,45.78545],[10.079153,45.783684],[10.073375,45.784885],[10.072277,45.777722],[10.067713,45.771104],[10.0718209229308,45.7645021874161]]]}},{"type":"Feature","properties":{"id":"SZ.31","parentId":"eastern-alps","level":"section","name":"Dolomiti - Dolomiten","names":{"en":"Dolomites","de":"Dolomiten","fr":"Dolomites","it":"Dolomiti"},"provenance":{"source":"https://www.homoalpinus.com/alpes/subdivisions/soiusa/","creator":"Capleymar","kind":"supplied","names":{"version":"soiusa-area-names-v1","source":"https://www.homoalpinus.com/alpes/subdivisions/soiusa/tab_de/index.html","method":"SOIUSA multilingual nomenclature; display casing, accents and spelling normalized; broad-sense scope retained"}},"sourceFeatures":[{"index":30,"fields":{"Number":"31","Code":"SZ.31","Name":"Dolomiti - Dolomiten","Perimeter":"387.12 km","Enclosed_Area":"6391.7 sq km","Island_Area":"","Capleymar-Homoalpinus":"https://www.homoalpinus.com/alpes/subdivisions/soiusa/","Created_By":"Capleymar"}}],"geometryRef":"sections.geojson#SZ.31"},"geometry":{"type":"Polygon","coordinates":[[[11.3938236248054,46.4953509538012],[11.364072,46.49204],[11.35145,46.493907],[11.345948,46.489752],[11.329136,46.48572],[11.311406,46.473807],[11.309205,46.473911],[11.304437,46.469103],[11.301323,46.462245],[11.302018,46.454419],[11.316084,46.438518],[11.315813,46.434797],[11.310549,46.427612],[11.315155,46.414522],[11.312871,46.410213],[11.304586,46.404167],[11.296253,46.393815],[11.297025,46.387745],[11.292625,46.377314],[11.29068,46.363377],[11.287693,46.354238],[11.280934,46.343981],[11.279808,46.331076],[11.260869,46.314467],[11.2411,46.292552],[11.2334867911174,46.2719246513101],[11.231621,46.266867],[11.221715,46.255968],[11.208965,46.245943],[11.183771,46.236937],[11.169024,46.227511],[11.154945,46.226479],[11.150901,46.224371],[11.146749,46.218205],[11.146487,46.209905],[11.136079,46.2012],[11.130547,46.192787],[11.119273,46.188549],[11.116194,46.184375],[11.111401,46.176198],[11.111281,46.16597],[11.093353,46.156132],[11.083514,46.153704],[11.076097,46.145949],[11.075557,46.138801],[11.092565,46.096239],[11.100844,46.085934],[11.112088,46.080281],[11.115772,46.076384],[11.116354,46.073279],[11.11184,46.062426],[11.110707,46.050858],[11.117418,46.043184],[11.121564,46.052838],[11.12662,46.058402],[11.137174,46.065661],[11.138018,46.068764],[11.148835,46.070972],[11.151081,46.075006],[11.162427,46.080453],[11.181459,46.082597],[11.18586,46.081156],[11.189159,46.081581],[11.209168,46.071756],[11.221016,46.068804],[11.2225485884395,46.0675195521447],[11.225761,46.064827],[11.234963,46.050983],[11.238519,46.038605],[11.242622,46.037805],[11.243525,46.036226],[11.245319,46.024339],[11.256084,46.017768],[11.263804,46.008778],[11.274859,46.004507],[11.285503,46.002252],[11.299138,46.003635],[11.311644,46.002311],[11.320535,46.004113],[11.339251,46.013572],[11.345527,46.014588],[11.357679,46.014304],[11.36689,46.016289],[11.372821,46.018988],[11.392914,46.033344],[11.414471,46.039998],[11.435574,46.049025],[11.454173,46.053623],[11.464027,46.054875],[11.485489,46.048016],[11.494112,46.049043],[11.514579,46.04482],[11.526363,46.045563],[11.551524,46.038714],[11.559246,46.032686],[11.570068,46.029416],[11.575794,46.023412],[11.58769,46.018075],[11.593161,46.017917],[11.601216,46.020265],[11.604622,46.019627],[11.608502,46.017662],[11.612204,46.012026],[11.618835,46.010707],[11.628601,46.011219],[11.638394,46.0088],[11.646373,46.002945],[11.660995,45.99732],[11.664689,45.990352],[11.6685,45.987704],[11.671993,45.982367],[11.682866,45.974501],[11.685713,45.969778],[11.685176,45.966158],[11.69239,45.961582],[11.703433,45.962919],[11.713245,45.955131],[11.719715,45.953783],[11.723199,45.951717],[11.726604,45.944394],[11.724033,45.93799],[11.725471,45.92886],[11.729037,45.930386],[11.743788,45.932462],[11.744088,45.934845],[11.750596,45.942318],[11.751209,45.948193],[11.756322,45.95178],[11.757342,45.955554],[11.760051,45.957928],[11.767177,45.961173],[11.769248,45.972107],[11.775281,45.977139],[11.782088,45.979385],[11.781507,45.98641],[11.787171,45.99145],[11.794167,45.994729],[11.80035,46.002432],[11.806762,46.003941],[11.816492,46.00477],[11.83241,46.001766],[11.842961,46.001131],[11.844183,46.002854],[11.850654,46.005315],[11.857487,46.005101],[11.870963,46.007913],[11.87782,46.007871],[11.897417,46.013279],[11.906245,46.009658],[11.921194,46.013348],[11.923043,46.012298],[11.921665,46.006962],[11.931321,46.003762],[11.934441,46.000935],[11.940578,45.999521],[11.949056,46.0009],[11.949779,45.99484],[11.955605,45.990065],[11.953948,45.985322],[11.956643,45.98267],[11.957582,45.979149],[11.970615,45.981298],[11.973608,45.98266],[11.974341,45.985955],[11.979811,45.988329],[11.977446,45.993817],[11.980705,46.000457],[11.975885,46.003482],[11.982708,46.014992],[11.982217,46.022429],[11.986547,46.026606],[11.985282,46.031734],[11.986699,46.038267],[11.994772,46.046512],[12.001043,46.048989],[12.003516,46.053259],[12.031733,46.064234],[12.038117,46.064118],[12.052692,46.066705],[12.064686,46.066634],[12.067445,46.065021],[12.073617,46.066376],[12.080173,46.070291],[12.07998,46.073473],[12.082665,46.077843],[12.087931,46.082039],[12.094644,46.082279],[12.100288,46.083982],[12.101752,46.085409],[12.108803,46.087315],[12.114143,46.091579],[12.12335,46.090059],[12.126493,46.092903],[12.140108,46.094117],[12.143782,46.098886],[12.154611,46.105914],[12.160859,46.105201],[12.165495,46.102543],[12.172808,46.102801],[12.179384,46.109601],[12.184268,46.120105],[12.192009,46.122282],[12.195823,46.125343],[12.201387,46.125304],[12.203713,46.129469],[12.210445,46.135482],[12.215501,46.136063],[12.223037,46.132965],[12.226409,46.134253],[12.228689,46.138893],[12.233867,46.143227],[12.234757,46.146703],[12.239476,46.149441],[12.243153,46.150093],[12.244734,46.153855],[12.252969,46.156663],[12.254514,46.159373],[12.258872,46.162093],[12.258743,46.168028],[12.267713,46.170742],[12.270222,46.173938],[12.273989,46.175198],[12.276851,46.174963],[12.280913,46.172397],[12.287214,46.173119],[12.289498,46.17499],[12.289243,46.177909],[12.291537,46.179],[12.294496,46.17899],[12.299257,46.175246],[12.301197,46.176362],[12.301309,46.180485],[12.296962,46.183443],[12.292476,46.188749],[12.29217,46.191123],[12.293623,46.194027],[12.298597,46.196819],[12.299805,46.19915],[12.291355,46.205225],[12.292015,46.211181],[12.289185,46.217047],[12.291308,46.222707],[12.299494,46.225253],[12.301964,46.235309],[12.307897,46.24412],[12.307227,46.248487],[12.310512,46.25631],[12.307728,46.261212],[12.308699,46.264298],[12.305583,46.271338],[12.307262,46.278235],[12.312545,46.28573],[12.311297,46.290796],[12.312561,46.291455],[12.31083,46.294012],[12.317596,46.300852],[12.32337,46.302046],[12.325963,46.305079],[12.324052,46.312947],[12.319025,46.318759],[12.31932,46.322046],[12.325985,46.32639],[12.32779,46.331053],[12.331321,46.332861],[12.332858,46.335864],[12.331501,46.340784],[12.340924,46.351842],[12.341968,46.359387],[12.352113,46.365213],[12.355292,46.368957],[12.357296,46.376687],[12.353615,46.378739],[12.3531,46.382677],[12.357646,46.397517],[12.36927,46.399056],[12.370339,46.402141],[12.37514,46.406665],[12.374071,46.409491],[12.378841,46.41037],[12.384497,46.413569],[12.385805,46.415781],[12.387553,46.420552],[12.386217,46.422209],[12.387615,46.431876],[12.390915,46.43639],[12.397302,46.438991],[12.405122,46.44818],[12.42998,46.462525],[12.430175,46.464018],[12.443694,46.474981],[12.443391,46.47885],[12.446134,46.482132],[12.451974,46.483945],[12.453052,46.490154],[12.451607,46.495327],[12.457173,46.505836],[12.459135,46.507934],[12.465281,46.508601],[12.466203,46.512788],[12.472648,46.514933],[12.474561,46.517872],[12.477945,46.519652],[12.480932,46.529123],[12.485207,46.529629],[12.487888,46.531339],[12.502178,46.532733],[12.516811,46.53712],[12.520083,46.536669],[12.525165,46.538342],[12.530617,46.545579],[12.530528,46.549358],[12.53613,46.553147],[12.539956,46.553604],[12.543216,46.552503],[12.546311,46.554027],[12.547678,46.559399],[12.543165,46.5652],[12.5374,46.568203],[12.532546,46.574687],[12.524043,46.580759],[12.509903,46.587136],[12.505331,46.587214],[12.49545,46.594539],[12.493276,46.593458],[12.490047,46.593924],[12.486526,46.600979],[12.479014,46.607441],[12.474588,46.614909],[12.469027,46.61823],[12.46747,46.620912],[12.468945,46.623802],[12.467483,46.626463],[12.463002,46.630033],[12.456802,46.638928],[12.449836,46.644846],[12.43674,46.65042],[12.428975,46.649588],[12.421191,46.655298],[12.407906,46.661157],[12.401986,46.665761],[12.399725,46.6693],[12.390507,46.672197],[12.385587,46.678641],[12.37906,46.681426],[12.377412,46.684003],[12.359014,46.691988],[12.347351,46.703526],[12.342174,46.703795],[12.335515,46.706065],[12.332926,46.709065],[12.321206,46.712533],[12.317761,46.714777],[12.311361,46.715791],[12.310626,46.717119],[12.293772,46.722692],[12.289862,46.725458],[12.282196,46.727299],[12.278809,46.731866],[12.27905,46.734182],[12.27123,46.730186],[12.264269,46.729405],[12.254064,46.726056],[12.229406,46.724653],[12.216668,46.726583],[12.206698,46.730267],[12.201276,46.7309],[12.19416,46.735774],[12.150839,46.74009],[12.128605,46.745407],[12.124185,46.745149],[12.11778,46.750206],[12.099798,46.756426],[12.097717,46.760101],[12.084857,46.760178],[12.082686,46.762148],[12.074881,46.760699],[12.070014,46.76226],[12.06432,46.759326],[12.05363,46.760795],[12.051464,46.760145],[12.050144,46.761432],[12.046317,46.76104],[12.045851,46.764848],[12.042059,46.765854],[12.040884,46.768872],[12.025361,46.773771],[12.022475,46.772308],[12.014784,46.773499],[12.012541,46.775763],[12.013341,46.779418],[12.011452,46.781047],[12.002389,46.78325],[12.000298,46.785552],[11.985336,46.789221],[11.972775,46.788664],[11.968394,46.785714],[11.966473,46.786215],[11.966687,46.784423],[11.960603,46.782979],[11.956475,46.784958],[11.954807,46.784513],[11.951447,46.786937],[11.94983,46.791567],[11.944166,46.795235],[11.940264,46.795792],[11.937293,46.798372],[11.931301,46.797472],[11.928909,46.795307],[11.924041,46.794003],[11.919424,46.789373],[11.897624,46.783903],[11.888802,46.784971],[11.886252,46.788243],[11.883033,46.788286],[11.878809,46.790336],[11.875002,46.790389],[11.873164,46.789155],[11.873052,46.786667],[11.870839,46.785558],[11.861769,46.788304],[11.858844,46.79008],[11.856187,46.794547],[11.847368,46.798202],[11.844205,46.802191],[11.829897,46.807587],[11.826441,46.805756],[11.81914,46.807668],[11.811246,46.805459],[11.802151,46.810566],[11.781689,46.811722],[11.773816,46.809565],[11.761795,46.808816],[11.746877,46.810294],[11.739402,46.81434],[11.733801,46.814874],[11.730415,46.814477],[11.723355,46.810909],[11.711754,46.81335],[11.706113,46.816038],[11.696003,46.815306],[11.685835,46.811971],[11.681059,46.805629],[11.671176,46.7972],[11.667432,46.789842],[11.672004,46.783369],[11.681435,46.778285],[11.678819,46.776443],[11.681372,46.771389],[11.686501,46.769437],[11.691002,46.772219],[11.69553,46.771931],[11.698421,46.769776],[11.697341,46.766043],[11.700537,46.763759],[11.701036,46.761194],[11.696677,46.759299],[11.693774,46.754477],[11.693896,46.750214],[11.689712,46.748275],[11.68895,46.745197],[11.679301,46.737336],[11.679374,46.734754],[11.675691,46.728817],[11.675884,46.724117],[11.672465,46.720355],[11.671813,46.717405],[11.670325,46.716782],[11.666386,46.717887],[11.661912,46.715804],[11.659662,46.70994],[11.644415,46.693064],[11.642823,46.687776],[11.635224,46.683104],[11.628418,46.683786],[11.625503,46.682448],[11.623081,46.679788],[11.619299,46.66976],[11.615018,46.665606],[11.609375,46.663357],[11.606343,46.657754],[11.592759,46.655639],[11.591108,46.652681],[11.586923,46.650389],[11.582281,46.645061],[11.571549,46.644462],[11.564636,46.636917],[11.553919,46.634033],[11.548544,46.625682],[11.540561,46.62019],[11.538702,46.614045],[11.53455,46.611292],[11.534169,46.604848],[11.529213,46.597738],[11.529594,46.593685],[11.523204,46.584904],[11.523591,46.579961],[11.521055,46.568962],[11.512522,46.560208],[11.514535,46.551515],[11.499936,46.537473],[11.493708,46.534251],[11.492594,46.532444],[11.488323,46.532674],[11.489163,46.524949],[11.479594,46.517403],[11.477737,46.512485],[11.470609,46.511857],[11.466602,46.507825],[11.460254,46.504872],[11.457622,46.501465],[11.452349,46.500656],[11.449621,46.497303],[11.442898,46.49601],[11.437334,46.49241],[11.432577,46.494248],[11.429103,46.490514],[11.425306,46.489016],[11.420621,46.489458],[11.410943,46.493985],[11.398824,46.492703],[11.393941,46.495364],[11.3938236248054,46.4953509538012]]]}},{"type":"Feature","properties":{"id":"SZ.32","parentId":"eastern-alps","level":"section","name":"Prealpi Venete","names":{"en":"Venetian Prealps","de":"Venezianer Voralpen","fr":"Préalpes vénitiennes","it":"Prealpi Venete"},"provenance":{"source":"https://www.homoalpinus.com/alpes/subdivisions/soiusa/","creator":"Capleymar","kind":"supplied","names":{"version":"soiusa-area-names-v1","source":"https://www.homoalpinus.com/alpes/subdivisions/soiusa/tab_de/index.html","method":"SOIUSA multilingual nomenclature; display casing, accents and spelling normalized; broad-sense scope retained"}},"sourceFeatures":[{"index":31,"fields":{"Number":"32","Code":"SZ.32","Name":"Prealpi Venete","Perimeter":"535.74 km","Enclosed_Area":"4207.4 sq km","Island_Area":"","Capleymar-Homoalpinus":"https://www.homoalpinus.com/alpes/subdivisions/soiusa/","Created_By":"Capleymar"}}],"geometryRef":"sections.geojson#SZ.32"},"geometry":{"type":"MultiPolygon","coordinates":[[[[10.822774,45.58056],[10.823726,45.581877],[10.8232715,45.5809527],[10.822774,45.58056]]],[[[10.824654,45.582044],[10.826219,45.582385],[10.837258,45.58234],[10.843604,45.58542],[10.843785,45.596427],[10.848533,45.603547],[10.855198,45.607381],[10.853043,45.616878],[10.854292,45.620552],[10.856292,45.621073],[10.859673,45.618322],[10.861898,45.618344],[10.865914,45.620497],[10.870347,45.626352],[10.876652,45.62992],[10.878243,45.634703],[10.884063,45.639764],[10.879708,45.644717],[10.880972,45.646748],[10.886515,45.647609],[10.892294,45.646074],[10.896759,45.648797],[10.894852,45.653468],[10.895119,45.657827],[10.896473,45.661096],[10.901647,45.663675],[10.902039,45.666103],[10.893971,45.67318],[10.893422,45.677097],[10.89901,45.678715],[10.903218,45.683186],[10.910002,45.685817],[10.9105211130649,45.6868705820316],[10.912825,45.691546],[10.927769,45.700182],[10.927457,45.708947],[10.933639,45.714746],[10.941839,45.727503],[10.953703,45.734259],[10.964236,45.736964],[10.969859,45.740876],[10.982938,45.744548],[10.984542,45.751454],[10.991027,45.755514],[10.998006,45.764097],[11.007413,45.769155],[11.010566,45.772598],[11.018245,45.787487],[11.019751,45.795668],[11.012187,45.806833],[11.011061,45.815849],[11.000054,45.828168],[11.001385,45.837668],[10.996641,45.845989],[11.000572,45.854811],[10.99688,45.859717],[11.001419,45.865779],[11.00944,45.8678],[11.012221,45.870212],[11.019252,45.880418],[11.015242,45.887213],[11.016095,45.891524],[11.02816,45.899932],[11.033177,45.908909],[11.042483,45.917012],[11.055345,45.925105],[11.061557,45.927461],[11.074197,45.925849],[11.079829,45.927161],[11.090837,45.936912],[11.098681,45.940684],[11.103201,45.950657],[11.108847,45.957332],[11.107529,45.966414],[11.11007,45.981707],[11.121365,45.996989],[11.123098,46.03237],[11.121749,46.03892],[11.117418,46.043184],[11.119251,46.048543],[11.12662,46.058402],[11.137174,46.065661],[11.13784,46.068655],[11.148835,46.070972],[11.151081,46.075006],[11.161524,46.080207],[11.181459,46.082597],[11.18586,46.081156],[11.189159,46.081581],[11.209168,46.071756],[11.221016,46.068804],[11.2224513075028,46.0672745752656],[11.231442,46.057692],[11.238519,46.038605],[11.243072,46.037098],[11.245389,46.024253],[11.256084,46.017768],[11.266437,46.007172],[11.285503,46.002252],[11.299138,46.003635],[11.310394,46.002304],[11.315794,46.002751],[11.321891,46.004691],[11.339251,46.013572],[11.345527,46.014588],[11.357679,46.014304],[11.36591,46.015965],[11.372821,46.018988],[11.392914,46.033344],[11.414471,46.039998],[11.435574,46.049025],[11.454173,46.053623],[11.464027,46.054875],[11.485489,46.048016],[11.494112,46.049043],[11.514579,46.04482],[11.526363,46.045563],[11.539313,46.041365],[11.549586,46.039541],[11.562109,46.031069],[11.570068,46.029416],[11.575794,46.023412],[11.58769,46.018075],[11.593161,46.017917],[11.601216,46.020265],[11.604622,46.019627],[11.608502,46.017662],[11.612204,46.012026],[11.618835,46.010707],[11.628601,46.011219],[11.638394,46.0088],[11.646373,46.002945],[11.660995,45.99732],[11.664689,45.990352],[11.6685,45.987704],[11.671993,45.982367],[11.682866,45.974501],[11.685713,45.969778],[11.685176,45.966158],[11.69239,45.961582],[11.703433,45.962919],[11.713245,45.955131],[11.719715,45.953783],[11.723199,45.951717],[11.726604,45.944394],[11.724033,45.93799],[11.725471,45.92886],[11.729037,45.930386],[11.743788,45.932462],[11.744088,45.934845],[11.750596,45.942318],[11.751209,45.948193],[11.756322,45.95178],[11.757342,45.955554],[11.760051,45.957928],[11.767177,45.961173],[11.769248,45.972107],[11.775281,45.977139],[11.782088,45.979385],[11.781507,45.98641],[11.787171,45.99145],[11.794167,45.994729],[11.80035,46.002432],[11.806762,46.003941],[11.816492,46.00477],[11.83241,46.001766],[11.842961,46.001131],[11.844183,46.002854],[11.850654,46.005315],[11.857487,46.005101],[11.870963,46.007913],[11.87782,46.007871],[11.897417,46.013279],[11.906245,46.009658],[11.921194,46.013348],[11.923043,46.012298],[11.921665,46.006962],[11.931321,46.003762],[11.934441,46.000935],[11.940578,45.999521],[11.949056,46.0009],[11.949779,45.99484],[11.955605,45.990065],[11.953948,45.985322],[11.956643,45.98267],[11.957582,45.979149],[11.973608,45.98266],[11.974341,45.985955],[11.979811,45.988329],[11.977446,45.993817],[11.980705,46.000457],[11.975885,46.003482],[11.982708,46.014992],[11.982217,46.022429],[11.986547,46.026606],[11.985282,46.031734],[11.986699,46.038267],[11.994772,46.046512],[12.001043,46.048989],[12.003516,46.053259],[12.031733,46.064234],[12.038117,46.064118],[12.052692,46.066705],[12.064686,46.066634],[12.067445,46.065021],[12.073617,46.066376],[12.080173,46.070291],[12.07998,46.073473],[12.082665,46.077843],[12.087931,46.082039],[12.094644,46.082279],[12.100288,46.083982],[12.101752,46.085409],[12.108803,46.087315],[12.114143,46.091579],[12.12335,46.090059],[12.126493,46.092903],[12.140108,46.094117],[12.143782,46.098886],[12.154611,46.105914],[12.160859,46.105201],[12.165495,46.102543],[12.172808,46.102801],[12.179384,46.109601],[12.184268,46.120105],[12.192009,46.122282],[12.195823,46.125343],[12.201387,46.125304],[12.203713,46.129469],[12.210445,46.135482],[12.215501,46.136063],[12.223037,46.132965],[12.226409,46.134253],[12.228689,46.138893],[12.233867,46.143227],[12.234757,46.146703],[12.239476,46.149441],[12.243153,46.150093],[12.244734,46.153855],[12.252969,46.156663],[12.254514,46.159373],[12.258872,46.162093],[12.258743,46.168028],[12.267713,46.170742],[12.270222,46.173938],[12.273989,46.175198],[12.276851,46.174963],[12.280913,46.172397],[12.287214,46.173119],[12.289498,46.17499],[12.289243,46.177909],[12.291537,46.179],[12.294496,46.17899],[12.299257,46.175246],[12.301197,46.176362],[12.301309,46.180485],[12.296962,46.183443],[12.292476,46.188749],[12.29217,46.191123],[12.293623,46.194027],[12.298597,46.196819],[12.299805,46.19915],[12.291355,46.205225],[12.292015,46.211181],[12.289185,46.217047],[12.291308,46.222707],[12.299494,46.225253],[12.301964,46.235309],[12.307897,46.24412],[12.307227,46.248487],[12.310512,46.25631],[12.307732,46.262354],[12.311038,46.266765],[12.323632,46.266326],[12.341908,46.269423],[12.35547,46.267595],[12.358818,46.265968],[12.368559,46.268833],[12.369569,46.270209],[12.380337,46.274472],[12.389833,46.27606],[12.401555,46.284274],[12.429054,46.287644],[12.433456,46.285341],[12.438414,46.279871],[12.443373,46.278477],[12.446587,46.274128],[12.461505,46.266616],[12.466983,46.261649],[12.466992,46.255394],[12.464766,46.254215],[12.464185,46.250273],[12.469757,46.249475],[12.476601,46.24567],[12.486364,46.243371],[12.49074,46.234175],[12.486953,46.231691],[12.486377,46.229759],[12.497509,46.219126],[12.510606,46.213423],[12.508321,46.209638],[12.518596,46.20028],[12.52554,46.198671],[12.530382,46.199022],[12.533584,46.196285],[12.543285,46.193646],[12.547098,46.189328],[12.55267,46.187927],[12.552602,46.185794],[12.554936,46.186627],[12.560832,46.185142],[12.573835,46.187926],[12.577584,46.186638],[12.586621,46.189624],[12.591666,46.189192],[12.592992,46.190181],[12.595687,46.187837],[12.602954,46.187957],[12.605585,46.186547],[12.608561,46.178784],[12.614708,46.178601],[12.616344,46.173933],[12.620094,46.17244],[12.622606,46.168997],[12.629737,46.164466],[12.651411,46.167268],[12.658313,46.173689],[12.663476,46.172982],[12.66665,46.170045],[12.66875,46.162466],[12.663614,46.161068],[12.653754,46.152996],[12.639221,46.14571],[12.630279,46.137262],[12.619736,46.122286],[12.603089,46.113028],[12.602819,46.109503],[12.593466,46.097811],[12.592327,46.091161],[12.584312,46.074283],[12.569996,46.062634],[12.550138,46.057854],[12.541667,46.047669],[12.539317,46.041507],[12.534445,46.037024],[12.523457,46.033114],[12.511588,46.026904],[12.504822,46.021339],[12.491407,46.018243],[12.480397,45.993091],[12.472251,45.980399],[12.466244,45.977613],[12.439737,45.970043],[12.425066,45.968874],[12.363795,45.976702],[12.311999,45.988311],[12.301265,45.985403],[12.291027,45.974678],[12.264691,45.956606],[12.236814,45.941884],[12.228461,45.939232],[12.202961,45.924685],[12.166233,45.914239],[12.143364,45.910201],[12.134359,45.909645],[12.123791,45.907087],[12.091771,45.895665],[12.084352,45.897122],[12.077944,45.901688],[12.075904,45.905846],[12.073303,45.906756],[12.059642,45.905742],[12.045997,45.900843],[12.007066,45.901858],[11.973393,45.89557],[11.95838,45.895907],[11.953813,45.896937],[11.952015,45.899373],[11.949565,45.899068],[11.943569,45.896456],[11.945397,45.889501],[11.948898,45.886068],[11.954915,45.884694],[11.959962,45.881602],[11.961905,45.87996],[11.960712,45.878899],[11.939837,45.876118],[11.932089,45.874056],[11.915909,45.866267],[11.911087,45.867223],[11.904895,45.866152],[11.902896,45.864372],[11.882747,45.858148],[11.873967,45.852363],[11.866906,45.850056],[11.855897,45.851074],[11.842799,45.847564],[11.821082,45.836733],[11.79741,45.821336],[11.760175,45.807427],[11.750756,45.79773],[11.745337,45.794465],[11.735256,45.795792],[11.732935,45.802647],[11.725253,45.804008],[11.722176,45.803199],[11.714226,45.805988],[11.710563,45.805323],[11.710007,45.800346],[11.712383,45.798264],[11.715631,45.790734],[11.720797,45.785799],[11.717131,45.778002],[11.697507,45.770087],[11.67307,45.754699],[11.661201,45.751533],[11.642414,45.741549],[11.630572,45.742891],[11.610308,45.748869],[11.593216,45.742777],[11.554254,45.745321],[11.529918,45.745158],[11.527501,45.746966],[11.519628,45.749183],[11.516915,45.752037],[11.510874,45.75386],[11.511385,45.759304],[11.504927,45.763828],[11.499247,45.764951],[11.491939,45.763072],[11.487199,45.764009],[11.484897,45.761315],[11.482882,45.761391],[11.464117,45.766262],[11.457822,45.770965],[11.455803,45.769419],[11.444287,45.768204],[11.440729,45.770963],[11.434328,45.769422],[11.431353,45.766068],[11.429378,45.761378],[11.430374,45.755378],[11.427797,45.750556],[11.412393,45.741988],[11.397322,45.73849],[11.373546,45.738264],[11.370644,45.736533],[11.372275,45.731779],[11.369149,45.727978],[11.365928,45.726817],[11.359366,45.729741],[11.345619,45.727057],[11.336068,45.729264],[11.328894,45.728179],[11.321718,45.723637],[11.31458,45.721398],[11.298529,45.722404],[11.297477,45.718036],[11.303343,45.717804],[11.307849,45.714794],[11.325926,45.709435],[11.335716,45.709616],[11.340317,45.704682],[11.337136,45.702048],[11.339709,45.698808],[11.34705,45.70012],[11.35346,45.699443],[11.362455,45.695136],[11.365119,45.692671],[11.365858,45.68616],[11.37324,45.681272],[11.383984,45.667835],[11.38661,45.656416],[11.384928,45.648185],[11.385843,45.64541],[11.399558,45.65217],[11.409609,45.652274],[11.415035,45.649386],[11.42175,45.64342],[11.42101,45.637712],[11.421356239401,45.6364674247699],[11.422271,45.633179],[11.41828,45.632582],[11.417485,45.63113],[11.420474,45.627791],[11.424815,45.62557],[11.431093,45.625965],[11.43525,45.62472],[11.437029,45.624738],[11.441697,45.628443],[11.445253,45.62746],[11.44911,45.615769],[11.458618,45.610061],[11.457945,45.607645],[11.461456,45.605176],[11.460442,45.602413],[11.462013,45.600562],[11.473015,45.597351],[11.475945,45.594971],[11.475625,45.59369],[11.467825,45.590287],[11.470321,45.588563],[11.468975,45.586715],[11.476517,45.585526],[11.481512,45.586722],[11.482594,45.585975],[11.477103,45.578964],[11.470454,45.582135],[11.465872,45.579502],[11.470278,45.576222],[11.468684,45.573804],[11.464217,45.573609],[11.464318,45.572746],[11.467779,45.570793],[11.477108,45.570766],[11.476866,45.56902],[11.472942,45.568161],[11.469696,45.564901],[11.46431,45.568326],[11.46187,45.564649],[11.466339,45.559773],[11.46366,45.5567],[11.464097,45.555354],[11.470002,45.553504],[11.473298,45.55524],[11.475507,45.554234],[11.484588,45.542965],[11.480863,45.540721],[11.470288,45.542296],[11.47506,45.538903],[11.471281,45.536106],[11.466138,45.536166],[11.463658,45.534491],[11.463449,45.532554],[11.453831,45.531281],[11.442331,45.533893],[11.436997,45.538454],[11.434629,45.544586],[11.43069,45.546316],[11.424365,45.55265],[11.422371,45.568394],[11.4144,45.584081],[11.395533,45.585628],[11.389252,45.590532],[11.386168,45.594942],[11.377819,45.599234],[11.366911,45.600132],[11.360188,45.599449],[11.360142,45.59527],[11.375992,45.572299],[11.375473,45.561838],[11.372851,45.55643],[11.365511,45.548542],[11.3591,45.544269],[11.347566,45.540262],[11.339847,45.535403],[11.336568,45.531831],[11.337234,45.526616],[11.33387,45.517341],[11.336204,45.513118],[11.343733,45.505599],[11.351383,45.50061],[11.355953,45.494142],[11.369685,45.481843],[11.372223,45.474313],[11.371508,45.471765],[11.369641,45.469517],[11.363622,45.466736],[11.34859,45.465322],[11.343256,45.463343],[11.3298,45.462775],[11.320336,45.465225],[11.309196,45.473623],[11.303552,45.475896],[11.297974,45.476968],[11.291025,45.476591],[11.284307,45.473454],[11.279507,45.473516],[11.276818,45.474452],[11.265468,45.484667],[11.257355,45.49504],[11.254835,45.495681],[11.249413,45.492815],[11.249582,45.490505],[11.252003,45.489031],[11.247619,45.482525],[11.249981,45.477946],[11.255818,45.473449],[11.257779,45.469178],[11.252025,45.463554],[11.248113,45.452517],[11.246563,45.451901],[11.246151,45.443311],[11.241425,45.439632],[11.226482,45.441813],[11.226085,45.445423],[11.222871,45.447044],[11.222308,45.45078],[11.219714,45.451662],[11.212238,45.461025],[11.201662,45.478092],[11.193467,45.481896],[11.19154,45.485406],[11.18363,45.486805],[11.179352,45.489621],[11.17976,45.495648],[11.175949,45.502387],[11.176143,45.505125],[11.172601,45.508428],[11.172073,45.510976],[11.168671,45.513009],[11.161579,45.513015],[11.157483,45.511097],[11.154645,45.498292],[11.148943,45.49509],[11.143412,45.493731],[11.13858,45.489862],[11.126488,45.4928],[11.125174,45.491685],[11.115536,45.493477],[11.097452,45.492689],[11.086843,45.496227],[11.085882,45.500099],[11.079978,45.50393],[11.079188,45.505896],[11.076075,45.506986],[11.063409,45.506739],[11.05912,45.504006],[11.056501,45.499678],[11.04719,45.500253],[11.041203,45.497234],[11.031804,45.498278],[11.022764,45.507283],[11.02331,45.519336],[11.02269,45.52248],[11.020393,45.523387],[11.015402,45.52219],[11.013521,45.5125],[11.006388,45.513778],[11.0045297626186,45.5127898076371],[10.996534,45.508537],[10.992301,45.509936],[10.984668,45.50956],[10.983177,45.512558],[10.97757,45.512159],[10.952837,45.515899],[10.946123,45.519007],[10.946401,45.523139],[10.941921,45.526899],[10.932738,45.52699],[10.925879,45.529982],[10.914785,45.528164],[10.899329,45.520859],[10.887688,45.520928],[10.875927,45.5238],[10.868872,45.52368],[10.861493,45.520538],[10.853604,45.51379],[10.840031,45.511361],[10.834841,45.511828],[10.825553,45.516351],[10.823866,45.519114],[10.823353,45.531873],[10.826239,45.542274],[10.826675,45.55138],[10.830521,45.556528],[10.824897,45.564909],[10.825541,45.567139],[10.824379,45.568352],[10.819951,45.567042],[10.818961,45.569476],[10.823042,45.580486],[10.8232715,45.5809527],[10.824654,45.582044]]]]}},{"type":"Feature","properties":{"id":"SZ.33","parentId":"eastern-alps","level":"section","name":"Alpi Carniche i.s.a. = Karnische Alpen i.w.S.","names":{"en":"Carnic and Gailtal Alps","de":"Karnische und Gailtaler Alpen","fr":"Alpes carniques et de la Gail","it":"Alpi Carniche e della Gail"},"provenance":{"source":"https://www.homoalpinus.com/alpes/subdivisions/soiusa/","creator":"Capleymar","kind":"supplied","names":{"version":"soiusa-area-names-v1","source":"https://www.homoalpinus.com/alpes/subdivisions/soiusa/tab_de/index.html","method":"SOIUSA multilingual nomenclature; display casing, accents and spelling normalized; broad-sense scope retained"}},"sourceFeatures":[{"index":32,"fields":{"Number":"33","Code":"SZ.33","Name":"Alpi Carniche i.s.a. = Karnische Alpen i.w.S.","Perimeter":"408.34 km","Enclosed_Area":"4921.2 sq km","Island_Area":"","Capleymar-Homoalpinus":"https://www.homoalpinus.com/alpes/subdivisions/soiusa/","Created_By":"Capleymar"}}],"geometryRef":"sections.geojson#SZ.33"},"geometry":{"type":"Polygon","coordinates":[[[13.8750734003588,46.6028334426431],[13.879037,46.605155],[13.886943,46.607181],[13.882367,46.610604],[13.879482,46.615604],[13.876078,46.616193],[13.868203,46.614682],[13.859803,46.608145],[13.855361,46.608447],[13.846724,46.616244],[13.839482,46.615588],[13.836263,46.616863],[13.833957,46.620924],[13.834128,46.627305],[13.830427,46.632249],[13.826339,46.634437],[13.811061,46.638724],[13.80147,46.643467],[13.79546,46.65062],[13.789078,46.650671],[13.782544,46.652343],[13.77704,46.64964],[13.774841,46.649861],[13.765271,46.653594],[13.763574,46.661955],[13.748448,46.662439],[13.745465,46.667085],[13.729597,46.66863],[13.717633,46.67209],[13.709271,46.676537],[13.700511,46.677799],[13.697519,46.68133],[13.701712,46.688199],[13.699411,46.694748],[13.695516,46.696384],[13.689018,46.694366],[13.685711,46.694731],[13.681001,46.700817],[13.66317,46.713913],[13.650808,46.720106],[13.63614,46.722885],[13.620778,46.73431],[13.613962,46.736645],[13.608063,46.742458],[13.593552,46.742699],[13.56799,46.751597],[13.562242,46.761653],[13.555635,46.765723],[13.551431,46.770617],[13.540984,46.771217],[13.531677,46.774391],[13.52128,46.774461],[13.50906,46.779457],[13.501411,46.77979],[13.495598,46.784016],[13.490442,46.783243],[13.488678,46.783959],[13.483571,46.790761],[13.467881,46.793962],[13.466924,46.796434],[13.470547,46.80331],[13.469208,46.809711],[13.458351,46.812068],[13.447379,46.818485],[13.430233,46.820367],[13.420506,46.822794],[13.408784,46.820202],[13.402666,46.820186],[13.390004,46.824795],[13.377905,46.827473],[13.367744,46.826929],[13.361714,46.831705],[13.350718,46.832821],[13.34655,46.829199],[13.360212,46.81048],[13.358961,46.80535],[13.360982,46.799226],[13.359365,46.794873],[13.345604,46.775702],[13.34342,46.769444],[13.336962,46.761082],[13.329269,46.758263],[13.323246,46.758318],[13.310517,46.75527],[13.304084,46.752287],[13.295611,46.752348],[13.289669,46.753894],[13.2777,46.751967],[13.265187,46.754617],[13.256978,46.750218],[13.249143,46.75062],[13.241604,46.747868],[13.229947,46.750107],[13.220971,46.748112],[13.212402,46.748927],[13.190163,46.739325],[13.176862,46.7359],[13.154089,46.738657],[13.134226,46.73491],[13.1340080970245,46.7351367099636],[13.12722,46.742198],[13.122752,46.743556],[13.094946,46.732968],[13.086968,46.732332],[13.071858,46.734233],[13.058349,46.732845],[13.044115,46.736845],[13.029241,46.734559],[13.022578,46.738221],[13.012814,46.738901],[13.007495,46.740905],[13.002786,46.739979],[12.9884,46.74086],[12.978866,46.748016],[12.959608,46.746843],[12.950876,46.74512],[12.932536,46.763616],[12.918857,46.766133],[12.911274,46.772021],[12.882781,46.783212],[12.872176,46.792115],[12.849417,46.803408],[12.837459,46.812182],[12.817882,46.815725],[12.798058,46.82164],[12.789079,46.822329],[12.776428,46.828698],[12.763534,46.824418],[12.753791,46.807166],[12.744508,46.800286],[12.737979,46.798551],[12.729934,46.793711],[12.722581,46.793694],[12.716568,46.791499],[12.709384,46.791194],[12.690883,46.785364],[12.681517,46.785308],[12.662969,46.781913],[12.657279,46.782836],[12.65199,46.780176],[12.642737,46.77957],[12.601601,46.769241],[12.587005,46.76718],[12.578355,46.769052],[12.569371,46.764546],[12.565742,46.760938],[12.559801,46.759553],[12.555486,46.759828],[12.552524,46.758168],[12.5515022486804,46.757955637447],[12.532523,46.754009],[12.528045,46.754395],[12.517886,46.752777],[12.505847,46.747892],[12.483857,46.74532],[12.465614,46.747856],[12.44225,46.745922],[12.431191,46.747606],[12.399486,46.743272],[12.393085,46.744319],[12.381638,46.743484],[12.354015,46.73756],[12.348057,46.735272],[12.32464,46.731135],[12.318784,46.727968],[12.301048,46.729312],[12.284596,46.735319],[12.278976,46.734029],[12.278809,46.731866],[12.282196,46.727299],[12.289862,46.725458],[12.293772,46.722692],[12.310626,46.717119],[12.311361,46.715791],[12.317761,46.714777],[12.321206,46.712533],[12.332926,46.709065],[12.335515,46.706065],[12.342174,46.703795],[12.347351,46.703526],[12.359014,46.691988],[12.377412,46.684003],[12.37906,46.681426],[12.385587,46.678641],[12.390507,46.672197],[12.399725,46.6693],[12.401986,46.665761],[12.407906,46.661157],[12.421191,46.655298],[12.428975,46.649588],[12.43674,46.65042],[12.449836,46.644846],[12.456802,46.638928],[12.463002,46.630033],[12.467483,46.626463],[12.468945,46.623802],[12.46747,46.620912],[12.469027,46.61823],[12.474588,46.614909],[12.479014,46.607441],[12.486526,46.600979],[12.490047,46.593924],[12.493276,46.593458],[12.49545,46.594539],[12.505331,46.587214],[12.509903,46.587136],[12.524043,46.580759],[12.532546,46.574687],[12.5374,46.568203],[12.543165,46.5652],[12.547678,46.559399],[12.546311,46.554027],[12.543216,46.552503],[12.539956,46.553604],[12.53613,46.553147],[12.530528,46.549358],[12.530617,46.545579],[12.525165,46.538342],[12.520083,46.536669],[12.516811,46.53712],[12.502178,46.532733],[12.487888,46.531339],[12.485207,46.529629],[12.480932,46.529123],[12.477945,46.519652],[12.474561,46.517872],[12.472648,46.514933],[12.466203,46.512788],[12.465281,46.508601],[12.459135,46.507934],[12.457173,46.505836],[12.451607,46.495327],[12.453052,46.490154],[12.451974,46.483945],[12.446134,46.482132],[12.443391,46.47885],[12.443694,46.474981],[12.430175,46.464018],[12.42998,46.462525],[12.405122,46.44818],[12.397302,46.438991],[12.390915,46.43639],[12.387615,46.431876],[12.386217,46.422209],[12.387553,46.420552],[12.385805,46.415781],[12.384497,46.413569],[12.378841,46.41037],[12.374071,46.409491],[12.37514,46.406665],[12.370339,46.402141],[12.36927,46.399056],[12.357646,46.397517],[12.3531,46.382677],[12.353615,46.378739],[12.357296,46.376687],[12.355292,46.368957],[12.352113,46.365213],[12.341968,46.359387],[12.340924,46.351842],[12.331501,46.340784],[12.332858,46.335864],[12.331321,46.332861],[12.32779,46.331053],[12.325985,46.32639],[12.318759,46.320544],[12.31997,46.316916],[12.324052,46.312947],[12.325963,46.305079],[12.32337,46.302046],[12.317596,46.300852],[12.31083,46.294012],[12.312561,46.291455],[12.311297,46.290796],[12.312545,46.28573],[12.307262,46.278235],[12.305583,46.271338],[12.308768,46.263584],[12.311038,46.266765],[12.323632,46.266326],[12.336516,46.267793],[12.340836,46.269399],[12.35547,46.267595],[12.358063,46.265997],[12.361483,46.266476],[12.380337,46.274472],[12.389833,46.27606],[12.401555,46.284274],[12.429976,46.287372],[12.438414,46.279871],[12.443373,46.278477],[12.446587,46.274128],[12.461505,46.266616],[12.466983,46.261649],[12.466992,46.255394],[12.464766,46.254215],[12.464185,46.250273],[12.469757,46.249475],[12.476601,46.24567],[12.486364,46.243371],[12.49074,46.234175],[12.486953,46.231691],[12.486377,46.229759],[12.497509,46.219126],[12.510606,46.213423],[12.508321,46.209638],[12.518596,46.20028],[12.52554,46.198671],[12.530382,46.199022],[12.532878,46.196622],[12.543285,46.193646],[12.546105,46.190485],[12.549767,46.18975],[12.556912,46.190286],[12.559935,46.188988],[12.568163,46.191287],[12.570683,46.190554],[12.572631,46.187755],[12.576978,46.186645],[12.586621,46.189624],[12.591666,46.189192],[12.592992,46.190181],[12.595687,46.187837],[12.602954,46.187957],[12.605585,46.186547],[12.608561,46.178784],[12.614708,46.178601],[12.616344,46.173933],[12.620094,46.17244],[12.622606,46.168997],[12.629737,46.164466],[12.651411,46.167268],[12.658313,46.173689],[12.661932,46.173445],[12.665261,46.171641],[12.66875,46.162466],[12.688099,46.162582],[12.695138,46.164018],[12.702847,46.169126],[12.709399,46.175802],[12.720044,46.178779],[12.745472,46.181413],[12.767319,46.189731],[12.775094,46.198248],[12.782361,46.210675],[12.788266,46.216243],[12.791374,46.216598],[12.809292,46.212853],[12.81708,46.207702],[12.827885,46.203063],[12.871957,46.197298],[12.878899,46.198843],[12.8858127254137,46.1987297636538],[12.896191,46.198559],[12.922583,46.207164],[12.933051,46.207618],[12.940095,46.205899],[12.957905,46.19816],[12.96391,46.198209],[12.968258,46.203057],[12.983165,46.205626],[12.998746,46.209916],[13.019994,46.219774],[13.029178,46.228358],[13.036979,46.244929],[13.038107,46.250661],[13.046649,46.257315],[13.046406,46.262698],[13.053807,46.267815],[13.059353,46.274339],[13.071488,46.280306],[13.081717,46.280573],[13.09521,46.288452],[13.110418,46.314615],[13.115661,46.31498],[13.120704,46.311225],[13.121467,46.325051],[13.125926,46.330052],[13.136235,46.337597],[13.135933,46.344007],[13.138749,46.347872],[13.120992,46.360061],[13.121831,46.376571],[13.12852,46.387178],[13.139178,46.390601],[13.14922,46.387313],[13.157565,46.390162],[13.163644,46.39513],[13.175011,46.397443],[13.181397,46.401944],[13.194547,46.398332],[13.211623,46.3984],[13.221599,46.395554],[13.234092,46.395134],[13.239095,46.393461],[13.246158,46.395644],[13.25756,46.394673],[13.266084,46.397276],[13.271368,46.394769],[13.276945,46.394911],[13.293249,46.401628],[13.305935,46.403046],[13.309683,46.40464],[13.318734,46.41965],[13.315,46.430776],[13.309214,46.435488],[13.310686,46.440503],[13.317175,46.448156],[13.313175,46.453213],[13.303951,46.458025],[13.299219,46.458934],[13.295005,46.462576],[13.293984,46.471627],[13.300232,46.483318],[13.298938,46.490056],[13.301688,46.49314],[13.300512,46.495452],[13.309623,46.506387],[13.335628,46.511637],[13.346516,46.510105],[13.35146,46.510615],[13.371071,46.503817],[13.397967,46.501508],[13.4183,46.502395],[13.425103,46.504574],[13.42928,46.504148],[13.435724,46.505531],[13.4382,46.504544],[13.440087,46.505809],[13.448449,46.505753],[13.450588,46.507052],[13.45446,46.505975],[13.45899,46.51005],[13.460932,46.507887],[13.465033,46.50877],[13.472538,46.506656],[13.478293,46.506911],[13.481704,46.508478],[13.487338,46.507609],[13.497126,46.501864],[13.509052,46.503917],[13.516902,46.503917],[13.534045,46.508716],[13.546746,46.510053],[13.55207,46.508226],[13.557129,46.508976],[13.569285,46.506397],[13.576231,46.502137],[13.587422,46.504083],[13.593206,46.503973],[13.594782,46.505403],[13.602073,46.506503],[13.604695,46.509576],[13.606834,46.508561],[13.608927,46.511988],[13.615728,46.514885],[13.615769,46.519],[13.61877,46.521435],[13.623169,46.521754],[13.631385,46.526692],[13.637558,46.527245],[13.645665,46.536387],[13.654622,46.535866],[13.656338,46.539436],[13.663548,46.543162],[13.665635,46.541909],[13.67434,46.544696],[13.675112,46.546313],[13.677539,46.545622],[13.683451,46.547798],[13.690193,46.547141],[13.691481,46.547981],[13.692053,46.550823],[13.689075,46.556767],[13.691545,46.563686],[13.68866,46.567873],[13.694099,46.57314],[13.70805,46.573853],[13.717115,46.57088],[13.728845,46.57106],[13.734619,46.569258],[13.740791,46.569326],[13.741857,46.566063],[13.747434,46.566483],[13.750929,46.562571],[13.756767,46.565645],[13.759401,46.565005],[13.76216,46.560022],[13.766528,46.558665],[13.786243,46.561698],[13.789248,46.563229],[13.792649,46.568064],[13.841977,46.57095],[13.844182,46.572891],[13.838095,46.579021],[13.838481,46.581688],[13.846504,46.583848],[13.848821,46.589028],[13.852217,46.591413],[13.860574,46.594338],[13.8750734003588,46.6028334426431]]]}},{"type":"Feature","properties":{"id":"SZ.34","parentId":"eastern-alps","level":"section","name":"Alpi Giulie i.s.a. = Juliske Alpe v š.s.","names":{"en":"Julian Alps and Prealps","de":"Julische Alpen und Voralpen","fr":"Alpes et Préalpes juliennes","it":"Alpi e Prealpi Giulie"},"provenance":{"source":"https://www.homoalpinus.com/alpes/subdivisions/soiusa/","creator":"Capleymar","kind":"supplied","names":{"version":"soiusa-area-names-v1","source":"https://www.homoalpinus.com/alpes/subdivisions/soiusa/tab_de/index.html","method":"SOIUSA multilingual nomenclature; display casing, accents and spelling normalized; broad-sense scope retained"}},"sourceFeatures":[{"index":33,"fields":{"Number":"34","Code":"SZ.34","Name":"Alpi Giulie i.s.a. = Juliske Alpe v š.s.","Perimeter":"272 km","Enclosed_Area":"2754.1 sq km","Island_Area":"","Capleymar-Homoalpinus":"https://www.homoalpinus.com/alpes/subdivisions/soiusa/","Created_By":"Capleymar"}}],"geometryRef":"sections.geojson#SZ.34"},"geometry":{"type":"Polygon","coordinates":[[[13.8481062848161,46.4796728222726],[13.84097,46.481897],[13.828187,46.487732],[13.816328,46.487516],[13.811434,46.488991],[13.793462,46.489886],[13.789956,46.48885],[13.776111,46.488444],[13.76965,46.490333],[13.754736,46.490487],[13.749886,46.492696],[13.739703,46.49315],[13.739437,46.492325],[13.734589,46.492262],[13.696121,46.496723],[13.687757,46.496451],[13.67813,46.493867],[13.672225,46.493907],[13.667097,46.496099],[13.643936,46.495382],[13.633613,46.498332],[13.625221,46.508895],[13.620128,46.508745],[13.617129,46.510031],[13.614501,46.509309],[13.611294,46.512515],[13.60811,46.511375],[13.606745,46.50851],[13.60518,46.509627],[13.603848,46.50915],[13.601858,46.50643],[13.594782,46.505403],[13.593155,46.503962],[13.587422,46.504083],[13.576446,46.502112],[13.573595,46.502795],[13.569285,46.506397],[13.557129,46.508976],[13.55207,46.508226],[13.546746,46.510053],[13.534045,46.508716],[13.516902,46.503917],[13.509052,46.503917],[13.497126,46.501864],[13.487338,46.507609],[13.481704,46.508478],[13.477779,46.506471],[13.474129,46.506508],[13.465033,46.50877],[13.460788,46.50792],[13.45899,46.51005],[13.45446,46.505975],[13.450588,46.507052],[13.448449,46.505753],[13.440087,46.505809],[13.4382,46.504544],[13.435724,46.505531],[13.42928,46.504148],[13.425103,46.504574],[13.4183,46.502395],[13.397967,46.501508],[13.370336,46.50396],[13.35146,46.510615],[13.346516,46.510105],[13.331755,46.511481],[13.325344,46.509087],[13.311431,46.507205],[13.307646,46.504798],[13.300512,46.495452],[13.301688,46.49314],[13.298938,46.490056],[13.300232,46.483318],[13.294259,46.473513],[13.295005,46.462576],[13.299219,46.458934],[13.303951,46.458025],[13.313175,46.453213],[13.317175,46.448156],[13.310686,46.440503],[13.309214,46.435488],[13.315,46.430776],[13.318734,46.41965],[13.309683,46.40464],[13.305935,46.403046],[13.293249,46.401628],[13.276945,46.394911],[13.271368,46.394769],[13.266084,46.397276],[13.25756,46.394673],[13.246158,46.395644],[13.239095,46.393461],[13.234092,46.395134],[13.221599,46.395554],[13.211623,46.3984],[13.194547,46.398332],[13.181397,46.401944],[13.175011,46.397443],[13.163644,46.39513],[13.157565,46.390162],[13.14922,46.387313],[13.139178,46.390601],[13.127328,46.386266],[13.121211,46.374169],[13.120992,46.360061],[13.138749,46.347872],[13.135933,46.344007],[13.136235,46.337597],[13.125926,46.330052],[13.120888,46.323526],[13.121842,46.304867],[13.120002,46.300047],[13.121308,46.292093],[13.124494,46.29048],[13.133038,46.293998],[13.136897,46.292489],[13.141823,46.28786],[13.144181,46.28232],[13.1419,46.274241],[13.147916,46.265254],[13.157084,46.257647],[13.158339,46.247901],[13.156171,46.244069],[13.156276,46.239531],[13.15806,46.236696],[13.172316,46.23212],[13.184237,46.231651],[13.190163,46.225446],[13.199976,46.220371],[13.226166,46.214088],[13.22953,46.206834],[13.229827,46.200961],[13.2368,46.194163],[13.24124,46.194008],[13.263989,46.198841],[13.284425,46.201045],[13.291382,46.196803],[13.298985,46.194349],[13.304822,46.189893],[13.315329,46.175692],[13.325798,46.166155],[13.330342,46.159822],[13.342759,46.153933],[13.365399,46.131417],[13.385455,46.123054],[13.402877,46.121137],[13.409074,46.116992],[13.410923,46.110931],[13.414905,46.108055],[13.417487,46.107932],[13.416565,46.105588],[13.423096,46.101042],[13.429452,46.10241],[13.430602,46.107457],[13.439815,46.102829],[13.444459,46.103675],[13.445997,46.105509],[13.444475,46.110044],[13.447175,46.113],[13.450871,46.114023],[13.460878,46.10926],[13.463492,46.109865],[13.466653,46.112226],[13.467674,46.115601],[13.471631,46.118444],[13.470675,46.122114],[13.475291,46.124264],[13.480348,46.124167],[13.487338,46.11944],[13.490985,46.118511],[13.492686,46.116553],[13.49068,46.114028],[13.486084,46.113],[13.484354,46.110653],[13.478821,46.110947],[13.476624,46.108893],[13.475292,46.109387],[13.473487,46.108211],[13.47286,46.10408],[13.480391,46.100593],[13.479867,46.098625],[13.487773,46.095033],[13.479887,46.094105],[13.47535,46.085769],[13.476005,46.0768],[13.466611,46.069377],[13.482222,46.058183],[13.488322,46.056055],[13.496954,46.055192],[13.497519,46.047659],[13.514417,46.043129],[13.521392,46.039089],[13.525573,46.033471],[13.531427,46.030507],[13.55019,46.031389],[13.556196,46.033223],[13.562033,46.037181],[13.577454,46.038733],[13.58881,46.041561],[13.594406,46.04994],[13.601022,46.049333],[13.610688,46.054216],[13.624208,46.055693],[13.629747,46.068261],[13.629686,46.079174],[13.634668,46.081283],[13.632494,46.087014],[13.634738,46.09104],[13.638993,46.093753],[13.639912,46.098043],[13.649381,46.100158],[13.657052,46.105242],[13.6639634283108,46.1039588216191],[13.66904,46.103016],[13.674208,46.105707],[13.681687,46.105488],[13.681431,46.106942],[13.687918,46.111671],[13.688923,46.113999],[13.694299,46.114545],[13.696721,46.115897],[13.699732,46.123743],[13.705434,46.126294],[13.711928,46.126447],[13.720198,46.135703],[13.723855,46.136863],[13.725423,46.139101],[13.732037,46.142656],[13.740767,46.151831],[13.758294,46.148343],[13.762758,46.145007],[13.766947,46.144645],[13.773351,46.153553],[13.778876,46.158316],[13.781433,46.159486],[13.786414,46.159],[13.790524,46.161002],[13.796691,46.158992],[13.802116,46.160372],[13.814185,46.160139],[13.816367,46.157989],[13.819809,46.158748],[13.833713,46.157658],[13.839575,46.15557],[13.84497,46.155962],[13.851818,46.152152],[13.861072,46.152247],[13.869838,46.15672],[13.868606,46.161271],[13.870847,46.162599],[13.875367,46.163103],[13.882983,46.16145],[13.898616,46.16389],[13.904865,46.170183],[13.910573,46.171474],[13.916584,46.176314],[13.918309,46.176261],[13.919376,46.180444],[13.922542,46.182574],[13.929544,46.192582],[13.940892,46.19875],[13.945487,46.198977],[13.964599,46.207304],[13.967778,46.211472],[13.976084,46.215466],[13.995236,46.212785],[13.998308,46.214555],[14.002864,46.213415],[14.005905,46.209609],[14.012124,46.205817],[14.013965,46.195151],[14.021059,46.191217],[14.0354,46.194851],[14.039333,46.202252],[14.045578,46.204004],[14.052411,46.210039],[14.0631,46.211387],[14.067555,46.20978],[14.074551,46.209966],[14.07803,46.208973],[14.079019,46.207285],[14.082836,46.207551],[14.084772,46.206464],[14.094491,46.207168],[14.100694,46.205652],[14.110177,46.206252],[14.114384,46.205024],[14.120084,46.205856],[14.121904,46.208969],[14.125792,46.208031],[14.12663,46.210366],[14.133511,46.210096],[14.138371,46.211137],[14.145411,46.214931],[14.151709,46.215111],[14.157456,46.222511],[14.162629,46.221444],[14.167368,46.223458],[14.168909,46.236439],[14.170708,46.238189],[14.169852,46.242761],[14.178897,46.248576],[14.183503,46.246818],[14.195049,46.246969],[14.20015,46.248369],[14.203952,46.252011],[14.206096,46.258098],[14.207431,46.273233],[14.206284,46.282436],[14.202607,46.28957],[14.205564,46.293873],[14.206741,46.297695],[14.205782,46.302998],[14.207992,46.305427],[14.203635,46.311169],[14.1969,46.314776],[14.196272,46.316705],[14.18653,46.316555],[14.181426,46.318769],[14.175735,46.318614],[14.173377,46.320408],[14.167467,46.319786],[14.16543,46.321488],[14.161335,46.320646],[14.153601,46.32426],[14.145539,46.329195],[14.144805,46.342066],[14.139137,46.342322],[14.131992,46.34529],[14.119869,46.343555],[14.11122,46.346474],[14.087125,46.345074],[14.089898,46.356182],[14.089091,46.35841],[14.085715,46.358908],[14.084961,46.361542],[14.082188,46.362331],[14.084538,46.364738],[14.081872,46.367701],[14.084749,46.37197],[14.06838,46.37883],[14.069709,46.380499],[14.0839,46.386946],[14.091496,46.387862],[14.097259,46.387032],[14.117388,46.390729],[14.123142,46.397163],[14.1238,46.403303],[14.126212,46.406644],[14.126002,46.411608],[14.121358,46.412788],[14.115285,46.412432],[14.105303,46.416663],[14.100796,46.416563],[14.097219,46.419942],[14.089284,46.420204],[14.077783,46.426477],[14.063284,46.429618],[14.060545,46.431379],[14.05733,46.431129],[14.055285,46.433633],[14.04976,46.435521],[14.045345,46.434834],[14.041179,46.435968],[14.029718,46.441502],[14.006688,46.447599],[14.001569,46.45055],[13.990358,46.450631],[13.985601,46.454867],[13.979593,46.45534],[13.967144,46.460151],[13.955432,46.462634],[13.950077,46.461576],[13.936688,46.464682],[13.929793,46.464575],[13.921498,46.468518],[13.909388,46.469457],[13.899315,46.473257],[13.888969,46.475474],[13.885274,46.478416],[13.880635,46.478533],[13.877877,46.47692],[13.86902,46.479566],[13.866541,46.478284],[13.855589,46.47734],[13.8481062848161,46.4796728222726]]]}},{"type":"Feature","properties":{"id":"SZ.35","parentId":"eastern-alps","level":"section","name":"Karntnerische Slowenische Alpen","names":{"en":"Carinthian-Slovenian Alps","de":"Kärntnerisch-Slowenische Alpen","fr":"Alpes de Carinthie et de Slovénie","it":"Alpi di Carinzia e Slovenia"},"provenance":{"source":"https://www.homoalpinus.com/alpes/subdivisions/soiusa/","creator":"Capleymar","kind":"supplied","names":{"version":"soiusa-area-names-v1","source":"https://www.homoalpinus.com/alpes/subdivisions/soiusa/tab_de/index.html","method":"SOIUSA multilingual nomenclature; display casing, accents and spelling normalized; broad-sense scope retained"}},"sourceFeatures":[{"index":34,"fields":{"Number":"35","Code":"SZ.35","Name":"Karntnerische Slowenische Alpen","Perimeter":"326.29 km","Enclosed_Area":"2542.9 sq km","Island_Area":"","Capleymar-Homoalpinus":"https://www.homoalpinus.com/alpes/subdivisions/soiusa/","Created_By":"Capleymar"}}],"geometryRef":"sections.geojson#SZ.35"},"geometry":{"type":"Polygon","coordinates":[[[14.7393132307989,46.5654362678884],[14.729074,46.565773],[14.712943,46.56892],[14.690989,46.568973],[14.674091,46.566554],[14.659231,46.569937],[14.644351,46.570463],[14.637983,46.569729],[14.62977,46.566654],[14.622172,46.55991],[14.613594,46.555636],[14.605208,46.548011],[14.581157,46.546612],[14.553673,46.548188],[14.52491,46.547875],[14.517163,46.549467],[14.510617,46.553454],[14.493923,46.559359],[14.485022,46.560147],[14.47508,46.55868],[14.461065,46.561576],[14.459051,46.560238],[14.458186,46.561303],[14.455499,46.560805],[14.437344,46.555603],[14.425344,46.555393],[14.421702,46.556708],[14.405328,46.546583],[14.401854,46.545686],[14.397433,46.546777],[14.392657,46.545485],[14.384168,46.540147],[14.373502,46.542011],[14.3663574463613,46.5411306262656],[14.344805,46.538472],[14.325869,46.534456],[14.303355,46.52748],[14.288015,46.524523],[14.276088,46.525806],[14.270072,46.528856],[14.262892,46.530358],[14.25243,46.531276],[14.243854,46.53034],[14.220005,46.530516],[14.200313,46.52887],[14.188844,46.526239],[14.17627,46.526051],[14.125042,46.518211],[14.103202,46.520455],[14.093026,46.52474],[14.082541,46.531923],[14.070424,46.534275],[14.064414,46.541896],[14.059991,46.544864],[14.060054,46.54673],[14.054276,46.551477],[14.042002,46.554183],[14.024216,46.55566],[14.005331,46.553662],[13.987268,46.556246],[13.92503,46.558172],[13.867615,46.567924],[13.844599,46.569364],[13.842641,46.571105],[13.792649,46.568065],[13.789248,46.563229],[13.786243,46.561699],[13.766528,46.558666],[13.76216,46.560022],[13.7607,46.564171],[13.757638,46.565578],[13.750929,46.562572],[13.747435,46.566483],[13.741857,46.566063],[13.740791,46.569327],[13.734619,46.569259],[13.728845,46.57106],[13.717115,46.57088],[13.70805,46.573854],[13.700541,46.574154],[13.694099,46.57314],[13.68866,46.567872],[13.691545,46.563686],[13.689075,46.556766],[13.692053,46.550823],[13.691481,46.547981],[13.690193,46.547141],[13.683451,46.547798],[13.677539,46.545622],[13.675112,46.546314],[13.67434,46.544697],[13.665635,46.54191],[13.663548,46.543163],[13.656338,46.539437],[13.654622,46.535867],[13.645665,46.536386],[13.641632,46.529867],[13.637558,46.527245],[13.631385,46.526693],[13.623169,46.521756],[13.618607,46.521325],[13.615769,46.519],[13.615729,46.514886],[13.611373,46.512473],[13.6145,46.509308],[13.617129,46.51003],[13.620128,46.508745],[13.625221,46.508894],[13.633613,46.498332],[13.643936,46.495382],[13.667097,46.496099],[13.672226,46.493907],[13.67813,46.493867],[13.687757,46.496451],[13.696121,46.496723],[13.734589,46.492263],[13.739438,46.492325],[13.739704,46.49315],[13.749887,46.492696],[13.754736,46.490486],[13.769651,46.490332],[13.776111,46.488444],[13.789956,46.48885],[13.793462,46.489886],[13.811435,46.488989],[13.816329,46.487515],[13.828188,46.487733],[13.840971,46.481896],[13.855589,46.477338],[13.866542,46.478285],[13.869021,46.479568],[13.877877,46.476921],[13.880635,46.478533],[13.885274,46.478416],[13.888969,46.475473],[13.899315,46.473255],[13.909388,46.469458],[13.921498,46.468519],[13.928014,46.464975],[13.936688,46.464681],[13.950077,46.461576],[13.955432,46.462635],[13.967144,46.460152],[13.979593,46.455338],[13.985601,46.454865],[13.990358,46.45063],[14.00157,46.450551],[14.006688,46.4476],[14.029718,46.4415],[14.041179,46.435969],[14.045346,46.434835],[14.049761,46.435523],[14.055286,46.433633],[14.05733,46.43113],[14.060545,46.431378],[14.063284,46.429617],[14.077783,46.426476],[14.089284,46.420205],[14.097219,46.419943],[14.100796,46.416563],[14.105303,46.416662],[14.115285,46.412431],[14.121358,46.412787],[14.126002,46.411608],[14.126674,46.407039],[14.129484,46.408009],[14.133232,46.40725],[14.143263,46.399498],[14.164169,46.393355],[14.170328,46.388495],[14.179125,46.385038],[14.180824,46.380156],[14.183627,46.378687],[14.197533,46.376333],[14.213012,46.37734],[14.220436,46.370135],[14.24672,46.359373],[14.258757,46.357391],[14.271266,46.35694],[14.284035,46.352395],[14.286875,46.350288],[14.297416,46.349842],[14.304098,46.338231],[14.312261,46.334237],[14.33503,46.329508],[14.358449,46.326569],[14.394104,46.317601],[14.408413,46.315661],[14.426084,46.303855],[14.431536,46.292886],[14.429648,46.288488],[14.430241,46.285145],[14.435189,46.282004],[14.437411,46.278513],[14.437042,46.275583],[14.439913,46.271962],[14.444948,46.268805],[14.480924,46.260385],[14.506628,46.260499],[14.517138,46.254853],[14.5215,46.25402],[14.567653,46.261694],[14.5821564220694,46.2654397229853],[14.586124,46.266464],[14.599503,46.266236],[14.601786,46.264681],[14.604355,46.254688],[14.603594,46.245426],[14.610992,46.230229],[14.60938,46.225443],[14.61654,46.226593],[14.625371,46.233016],[14.633282,46.233831],[14.635918,46.233439],[14.635413,46.231571],[14.641652,46.228928],[14.639179,46.226687],[14.643814,46.224838],[14.644543,46.227542],[14.647022,46.227513],[14.660291,46.225005],[14.661607,46.22662],[14.663836,46.226577],[14.669953,46.224078],[14.679529,46.223825],[14.681034,46.222659],[14.687117,46.224021],[14.692809,46.22255],[14.695906,46.219677],[14.699226,46.218781],[14.699076,46.217821],[14.70418,46.216195],[14.711441,46.217017],[14.715597,46.215185],[14.725208,46.215983],[14.728205,46.214321],[14.733878,46.214029],[14.737094,46.217299],[14.740397,46.21836],[14.756708,46.217311],[14.782359,46.222505],[14.790733,46.219122],[14.793633,46.216438],[14.801095,46.215208],[14.825815,46.214725],[14.834855,46.216573],[14.840977,46.213716],[14.85061,46.21456],[14.859331,46.213638],[14.884698,46.216851],[14.901838,46.216209],[14.910622,46.218018],[14.912348,46.221028],[14.917863,46.223887],[14.924881,46.22271],[14.92637,46.224309],[14.930408,46.224701],[14.934603,46.227303],[14.94421,46.226389],[14.944913,46.228313],[14.947981,46.228432],[14.946119,46.232951],[14.950814,46.238581],[14.960491,46.241672],[14.959839,46.242916],[14.961758,46.243533],[14.958865,46.246013],[14.960421,46.247779],[14.979384,46.255839],[14.998589,46.259679],[15.004963,46.263004],[15.009223,46.273924],[15.01306,46.278188],[15.018097,46.28827],[15.019742,46.298572],[15.016334,46.313983],[15.010542,46.318214],[15.006258,46.326063],[14.999094,46.330551],[14.995634,46.330106],[14.992537,46.332148],[14.992561,46.33753],[15.008576,46.344911],[15.019666,46.351932],[15.021804,46.357126],[15.021204,46.360071],[15.01404,46.364386],[15.01762,46.367548],[15.017962,46.370618],[15.022914,46.371528],[15.021889,46.376017],[15.023125,46.377673],[15.024412,46.376474],[15.025173,46.377084],[15.024825,46.379912],[15.028803,46.381112],[15.019871,46.386156],[14.995092,46.391484],[14.990603,46.393721],[14.985018,46.399986],[14.974369,46.406259],[14.973214,46.408537],[14.974604,46.414216],[14.995567,46.426382],[14.997578,46.435844],[15.005041,46.43884],[15.015677,46.440225],[15.02175,46.439226],[15.02875,46.439954],[15.038359,46.436608],[15.063444,46.433894],[15.079764,46.428279],[15.090191,46.422284],[15.088714,46.416313],[15.090799,46.399502],[15.100453,46.395949],[15.12823,46.380734],[15.135362,46.37365],[15.135206,46.371551],[15.131266,46.369166],[15.132157,46.368178],[15.134631,46.370267],[15.141918,46.36994],[15.140865,46.375292],[15.142511,46.379709],[15.146037,46.381807],[15.156649,46.382906],[15.160518,46.384691],[15.169814,46.395698],[15.171978,46.395723],[15.177117,46.398892],[15.176983,46.400693],[15.180126,46.403148],[15.17874,46.404681],[15.180288,46.408583],[15.174955,46.413804],[15.174391,46.419056],[15.18792,46.425326],[15.190104,46.428143],[15.1900692199485,46.4326255040438],[15.190048,46.43536],[15.197603,46.442602],[15.185839,46.447427],[15.179894,46.44678],[15.17593,46.448722],[15.169187,46.448571],[15.163081,46.451276],[15.158709,46.449839],[15.152988,46.454229],[15.145266,46.457049],[15.144882,46.459068],[15.139255,46.462681],[15.138843,46.467693],[15.135629,46.471916],[15.129784,46.475438],[15.127104,46.483989],[15.122187,46.485788],[15.118202,46.492577],[15.115186,46.494298],[15.111774,46.493314],[15.103735,46.496165],[15.101871,46.498455],[15.093418,46.503195],[15.089495,46.502273],[15.08195,46.510808],[15.06694,46.514044],[15.061588,46.517391],[15.057071,46.517705],[15.048718,46.520682],[15.044751,46.520869],[15.040956,46.518727],[15.038055,46.519138],[15.040252,46.518697],[15.027254,46.519771],[15.006564,46.515279],[14.999972,46.519321],[14.990282,46.522786],[14.984332,46.522287],[14.981498,46.532901],[14.983111,46.536827],[14.976701,46.540402],[14.974006,46.547268],[14.967999,46.547515],[14.96152,46.545511],[14.955007,46.545418],[14.939938,46.549536],[14.935963,46.546245],[14.933184,46.546397],[14.925899,46.543818],[14.914305,46.544253],[14.911287,46.541275],[14.906281,46.540164],[14.903004,46.541477],[14.9014,46.545576],[14.89549,46.547714],[14.882126,46.546728],[14.875355,46.553836],[14.866318,46.556458],[14.852588,46.56288],[14.844013,46.563468],[14.838289,46.566361],[14.827417,46.562905],[14.813917,46.564328],[14.809778,46.562011],[14.780903,46.562288],[14.755744,46.564894],[14.7393132307989,46.5654362678884]]]}},{"type":"Feature","properties":{"id":"SZ.36","parentId":"eastern-alps","level":"section","name":"Slovenske Predalpe","names":{"en":"Slovenian Prealps","de":"Slowenische Voralpen","fr":"Préalpes slovènes","it":"Prealpi Slovene"},"provenance":{"source":"https://www.homoalpinus.com/alpes/subdivisions/soiusa/","creator":"Capleymar","kind":"supplied","names":{"version":"soiusa-area-names-v1","source":"https://www.homoalpinus.com/alpes/subdivisions/soiusa/tab_de/index.html","method":"SOIUSA multilingual nomenclature; display casing, accents and spelling normalized; broad-sense scope retained"}},"sourceFeatures":[{"index":35,"fields":{"Number":"36","Code":"SZ.36","Name":"Slovenske Predalpe","Perimeter":"162.31 km","Enclosed_Area":"953.38 sq km","Island_Area":"","Capleymar-Homoalpinus":"https://www.homoalpinus.com/alpes/subdivisions/soiusa/","Created_By":"Capleymar"}},{"index":36,"fields":{"Number":"36","Code":"SZ.36","Name":"Slovenske Predalpe","Perimeter":"283.11 km","Enclosed_Area":"2077.5 sq km","Island_Area":"","Capleymar-Homoalpinus":"https://www.homoalpinus.com/alpes/subdivisions/soiusa/","Created_By":"Capleymar"}},{"index":37,"fields":{"Number":"36","Code":"SZ.36","Name":"Slovenske Predalpe","Perimeter":"238.02 km","Enclosed_Area":"1126.7 sq km","Island_Area":"","Capleymar-Homoalpinus":"https://www.homoalpinus.com/alpes/subdivisions/soiusa/","Created_By":"Capleymar"}}],"geometryRef":"sections.geojson#SZ.36"},"geometry":{"type":"MultiPolygon","coordinates":[[[[15.706995,46.045244],[15.697172,46.044444],[15.694257,46.041907],[15.692162,46.036494],[15.684095,46.028873],[15.683912,46.025793],[15.676874,46.025735],[15.67213,46.023844],[15.666564,46.020036],[15.667219,46.017904],[15.663628,46.012628],[15.643337,46.002944],[15.614512,45.993561],[15.609459,45.995963],[15.603568,45.996477],[15.596345,45.994103],[15.589891,45.989873],[15.574925,45.985184],[15.567038,45.984339],[15.558274,45.979441],[15.548362,45.984311],[15.54688,45.989178],[15.541561,45.992458],[15.538158,45.996906],[15.536851,46.008162],[15.529323,46.011553],[15.535653,46.021772],[15.532932,46.024539],[15.527854,46.036911],[15.520799,46.038198],[15.512949,46.037272],[15.473674,46.027424],[15.463438,46.027772],[15.457445,46.029211],[15.437094,46.027261],[15.422197,46.027997],[15.403939,46.030676],[15.38866,46.0297],[15.375439,46.030602],[15.341795,46.028403],[15.326634,46.024906],[15.320298,46.024745],[15.305291,46.019431],[15.303291,46.017478],[15.302197,46.011498],[15.2927938690739,46.0071294920671],[15.279982,46.001175],[15.278558,45.998255],[15.256724,45.999211],[15.252545,45.995332],[15.251722,45.99198],[15.250374,45.991883],[15.249205,45.9947],[15.247786,45.994543],[15.248585,45.989702],[15.246368,45.987604],[15.245752,45.989861],[15.243935,45.990454],[15.238372,45.988433],[15.232011,45.989699],[15.227485,45.986156],[15.222627,45.989493],[15.215422,45.987855],[15.214192,45.985799],[15.215366,45.981792],[15.21979,45.977284],[15.21966,45.97462],[15.212409,45.969714],[15.210609,45.970409],[15.203945,45.969174],[15.197322,45.965306],[15.191558,45.966196],[15.18445,45.964352],[15.182852,45.964916],[15.182187,45.968388],[15.179683,45.964935],[15.17468,45.964888],[15.172178,45.966808],[15.167337,45.966535],[15.164674,45.96812],[15.160997,45.964502],[15.15488,45.963687],[15.152421,45.958561],[15.143169,45.95763],[15.136332,45.960497],[15.132847,45.960724],[15.128546,45.957778],[15.126191,45.953419],[15.111403,45.948033],[15.087231,45.951349],[15.080556,45.953597],[15.070274,45.952737],[15.067289,45.949745],[15.060328,45.948655],[15.055289,45.939924],[15.047764,45.93726],[15.040854,45.936753],[15.039587,45.93554],[15.040447,45.932365],[15.035175,45.924339],[15.029996,45.922458],[15.028796,45.916207],[15.022649,45.911152],[15.016617,45.909644],[14.998474,45.9165],[14.986991,45.917835],[14.974576,45.925647],[14.96463,45.929025],[14.95389,45.928299],[14.941969,45.933999],[14.906021,45.938635],[14.874119,45.944364],[14.836155,45.948676],[14.804752,45.939402],[14.785065,45.937673],[14.776619,45.94549],[14.772817,45.947196],[14.763891,45.948525],[14.754008,45.954199],[14.739739,45.959607],[14.727952,45.95992],[14.723099,45.961667],[14.712324,45.962434],[14.705601,45.966398],[14.691011,45.966478],[14.680966,45.970514],[14.672032,45.972292],[14.654999,45.968527],[14.638411,45.969496],[14.593971,45.982032],[14.584834,45.983818],[14.579931,45.982808],[14.56406,45.990825],[14.55461,46.000079],[14.552853,46.00406],[14.545721,46.007069],[14.541713,46.010526],[14.547762,46.017111],[14.544674,46.021155],[14.543376,46.026776],[14.541774,46.028023],[14.537858,46.027054],[14.538649,46.030166],[14.537306,46.030695],[14.53397,46.029301],[14.525678,46.034659],[14.526844,46.037097],[14.51911,46.037926],[14.515712,46.041143],[14.51674,46.043232],[14.528587,46.047883],[14.53665,46.04908],[14.542588,46.047953],[14.564387,46.039459],[14.579565,46.037657],[14.583455,46.037526],[14.603779,46.042603],[14.608391,46.045017],[14.614931,46.043793],[14.618145,46.044591],[14.618376,46.053746],[14.619627,46.057518],[14.621374,46.057953],[14.622156,46.063298],[14.623247,46.064904],[14.628993,46.066614],[14.633263,46.070938],[14.629531,46.07621],[14.623421,46.080677],[14.621825,46.084316],[14.62132,46.095084],[14.606403,46.116556],[14.606622,46.122812],[14.601426,46.136206],[14.600941,46.146844],[14.596897,46.156506],[14.598119,46.164204],[14.60536,46.177505],[14.605794,46.180943],[14.604474,46.184205],[14.593571,46.193294],[14.592301,46.199929],[14.603195,46.218717],[14.60938,46.225445],[14.61654,46.226594],[14.625371,46.233016],[14.633282,46.23383],[14.635918,46.233437],[14.635413,46.23157],[14.641652,46.228928],[14.639179,46.226686],[14.643814,46.224838],[14.644542,46.227542],[14.647022,46.227514],[14.660291,46.225006],[14.661607,46.226621],[14.663836,46.226578],[14.669953,46.224078],[14.679528,46.223824],[14.681033,46.222658],[14.687117,46.22402],[14.692809,46.222551],[14.695906,46.219679],[14.699226,46.218783],[14.699076,46.217822],[14.70418,46.216195],[14.711441,46.217017],[14.715596,46.215185],[14.725208,46.215982],[14.731247,46.214198],[14.782135,46.222342],[14.806341,46.214692],[14.821851,46.215352],[14.83974,46.213782],[14.861172,46.214087],[14.911233,46.218376],[14.912348,46.221028],[14.917863,46.223887],[14.924881,46.222711],[14.92637,46.224309],[14.930408,46.224701],[14.934603,46.227304],[14.944087,46.22636],[14.944913,46.228314],[14.947981,46.228433],[14.946119,46.232952],[14.94867,46.234595],[14.950376,46.238166],[14.960029,46.241346],[14.961289,46.243531],[14.96858,46.242589],[14.982463,46.243168],[14.990865,46.241579],[15.011316,46.240631],[15.02694,46.243217],[15.033502,46.242062],[15.062657,46.241937],[15.080307,46.237813],[15.102613,46.240023],[15.115875,46.239766],[15.149695,46.235634],[15.158935,46.238411],[15.175441,46.235374],[15.186072,46.235543],[15.208607,46.233223],[15.226701,46.233236],[15.234872,46.232014],[15.245838,46.233658],[15.265978,46.225829],[15.270228,46.231528],[15.273194,46.232625],[15.293213,46.231782],[15.295837,46.230667],[15.296784,46.226641],[15.300308,46.223327],[15.305771,46.222789],[15.307838,46.224152],[15.346436,46.218238],[15.362265,46.213729],[15.380548,46.210608],[15.391578,46.206728],[15.4032160988699,46.208135152791],[15.411053,46.209082],[15.414518,46.206238],[15.417817,46.200058],[15.414677,46.198473],[15.411225,46.193001],[15.411,46.188321],[15.415799,46.185381],[15.433545,46.181904],[15.438693,46.176602],[15.44046,46.16719],[15.448931,46.168498],[15.455422,46.166152],[15.463791,46.165019],[15.471142,46.167424],[15.482844,46.16787],[15.486904,46.165871],[15.492002,46.166824],[15.499087,46.163161],[15.512339,46.159037],[15.521625,46.162024],[15.523329,46.164813],[15.534282,46.169091],[15.539766,46.173523],[15.548327,46.173974],[15.564356,46.176958],[15.58632,46.182331],[15.597157,46.177744],[15.600895,46.173648],[15.603716,46.167096],[15.601333,46.161341],[15.608235,46.158563],[15.608091,46.156054],[15.60564,46.153346],[15.581405,46.145566],[15.567486,46.144818],[15.556685,46.140446],[15.542565,46.140767],[15.539552,46.13648],[15.532515,46.138321],[15.527368,46.14139],[15.518314,46.140759],[15.514983,46.136607],[15.502627,46.136891],[15.474426,46.133462],[15.471094,46.13078],[15.468873,46.121756],[15.476246,46.111092],[15.478911,46.109519],[15.489142,46.107516],[15.505327,46.110482],[15.511191,46.103843],[15.521161,46.100808],[15.522953,46.096603],[15.527677,46.095656],[15.530906,46.093365],[15.545088,46.079365],[15.552485,46.075289],[15.5598580823165,46.0683003807633],[15.56008,46.06809],[15.568915,46.063069],[15.569256,46.059028],[15.573506,46.057976],[15.575707,46.054824],[15.579747,46.054589],[15.583341,46.052199],[15.582144,46.04745],[15.590125,46.043345],[15.591257,46.037932],[15.5933,46.036883],[15.606018,46.036587],[15.611018,46.03865],[15.620201,46.038592],[15.629134,46.043598],[15.63863,46.045523],[15.652496,46.051026],[15.659315,46.051874],[15.6651450520239,46.0535997556594],[15.687198,46.060124],[15.700828,46.060795],[15.709776,46.058416],[15.71425,46.059902],[15.715579,46.057393],[15.723931,46.050641],[15.721966,46.048973],[15.714976,46.048495],[15.7115276328234,46.0470904488095],[15.706995,46.045244]]],[[[14.330177,46.211023],[14.326435,46.205301],[14.31881,46.197843],[14.302424,46.188653],[14.286421,46.17007],[14.288662,46.168804],[14.300382,46.169112],[14.302026,46.167009],[14.309681,46.166313],[14.311579,46.164193],[14.32584,46.162214],[14.332601,46.162373],[14.344283,46.157854],[14.35451,46.157362],[14.359174,46.153355],[14.364906,46.155449],[14.371763,46.151431],[14.389538,46.14659],[14.391709,46.143242],[14.402466,46.142894],[14.415907,46.139211],[14.424228,46.131822],[14.433313,46.129033],[14.434942,46.125336],[14.433148,46.121765],[14.435294,46.1165],[14.433338,46.113888],[14.437398,46.107556],[14.445646,46.102123],[14.461531,46.098369],[14.468202,46.09362],[14.467822,46.089209],[14.466087,46.087688],[14.460325,46.086771],[14.455512,46.083763],[14.45038,46.084464],[14.445261,46.081653],[14.445341,46.073989],[14.450488,46.068563],[14.445143,46.064075],[14.447876,46.061456],[14.444362,46.058353],[14.444698,46.051253],[14.441079,46.049945],[14.436885,46.053323],[14.431368,46.05485],[14.428143,46.053498],[14.425388,46.049968],[14.426927,46.041413],[14.431081,46.038863],[14.429303,46.035732],[14.433388,46.031272],[14.431513,46.0258],[14.429858,46.024822],[14.421834,46.027385],[14.417918,46.024331],[14.408192,46.024715],[14.401562,46.022147],[14.391221,46.021283],[14.386188,46.018552],[14.383673,46.020372],[14.377886,46.020702],[14.374973,46.019422],[14.374954,46.01584],[14.376607,46.014107],[14.371706,46.011492],[14.368659,46.007445],[14.36102,46.009124],[14.35847,46.008675],[14.352369,46.007139],[14.348103,46.003831],[14.343619,46.003347],[14.339889,46.001509],[14.337468,46.002065],[14.337461,46.003967],[14.333712,46.003935],[14.326746,45.997375],[14.321122,45.997866],[14.29298,45.995481],[14.288222,45.992453],[14.2859,45.983799],[14.282527,45.981697],[14.279894,45.976933],[14.275249,45.97282],[14.271659,45.962936],[14.261124,45.955685],[14.256137,45.957477],[14.25252,45.955974],[14.245072,45.955692],[14.239069,45.957105],[14.218122,45.95214],[14.210323,45.951401],[14.20456,45.95354],[14.194575,45.955132],[14.182974,45.954729],[14.15938,45.962967],[14.150216,45.958214],[14.146606,45.958016],[14.124748,45.966324],[14.121111,45.965633],[14.111898,45.959326],[14.104095,45.959437],[14.089974,45.95666],[14.076178,45.958453],[14.066928,45.960919],[14.059286,45.967134],[14.054215,45.966508],[14.053251,45.9729],[14.04735,45.976492],[14.046854,45.978274],[14.044046,45.977303],[14.041402,45.97865],[14.03859,45.97836],[14.036404,45.979824],[14.034564,45.985924],[14.03196,45.986519],[14.033242,45.989279],[14.036643,45.991464],[14.033698,45.994024],[14.033846,45.999445],[14.0284121958407,46.0019635090916],[14.02804,46.002136],[14.029511,46.005099],[14.02785,46.015089],[14.030615,46.019494],[14.028729,46.026168],[14.02448,46.028672],[14.028149,46.032112],[14.022772,46.031715],[14.019826,46.033053],[14.023875,46.037877],[14.019927,46.042277],[14.020736,46.045763],[14.022687,46.047069],[14.022422,46.051654],[14.016383,46.055447],[14.018488,46.057156],[14.017804,46.058892],[14.000989,46.064522],[13.989248,46.071702],[13.984376,46.072703],[13.975918,46.080369],[13.970033,46.082983],[13.966915,46.08673],[13.96188,46.088791],[13.961039,46.093932],[13.954788,46.095751],[13.957434,46.097313],[13.955889,46.099441],[13.947723,46.101855],[13.938175,46.102396],[13.938087,46.106683],[13.934721,46.10936],[13.929019,46.113089],[13.923277,46.114545],[13.922269,46.117589],[13.917549,46.117631],[13.916302,46.12013],[13.917753,46.122687],[13.913923,46.126483],[13.916284,46.132986],[13.909991,46.136375],[13.907112,46.140423],[13.89888,46.144891],[13.89599,46.147585],[13.895396,46.1521],[13.889814,46.155163],[13.885818,46.160211],[13.882983,46.16145],[13.898616,46.16389],[13.904865,46.170183],[13.910573,46.171474],[13.916584,46.176314],[13.918309,46.176261],[13.919376,46.180444],[13.922542,46.182574],[13.929544,46.192582],[13.940892,46.19875],[13.945487,46.198977],[13.964599,46.207304],[13.967778,46.211472],[13.971361,46.213083],[13.97804,46.215577],[13.995236,46.212785],[13.998308,46.214555],[14.000843,46.214419],[14.012124,46.205817],[14.013732,46.195526],[14.021059,46.191217],[14.02966,46.193757],[14.033116,46.193626],[14.036357,46.196119],[14.037306,46.200371],[14.039547,46.202434],[14.045578,46.204004],[14.052076,46.209897],[14.059392,46.211161],[14.063734,46.211301],[14.067555,46.20978],[14.073773,46.210124],[14.07803,46.208973],[14.079019,46.207285],[14.082836,46.207551],[14.084772,46.206464],[14.094491,46.207168],[14.100694,46.205652],[14.110177,46.206252],[14.114384,46.205024],[14.119793,46.205779],[14.121757,46.206851],[14.121904,46.208969],[14.1261,46.208218],[14.12663,46.210366],[14.132910818702,46.2101195667427],[14.133511,46.210096],[14.138371,46.211137],[14.145411,46.214931],[14.152224,46.215319],[14.15776,46.222657],[14.162629,46.221444],[14.167368,46.223458],[14.168909,46.236439],[14.170708,46.238189],[14.169289,46.241896],[14.177821,46.248248],[14.180591,46.248354],[14.183503,46.246818],[14.195049,46.246969],[14.20015,46.248369],[14.2005775445321,46.2487485436821],[14.203533,46.251372],[14.205639,46.255798],[14.207507,46.270376],[14.206284,46.282436],[14.202607,46.28957],[14.205564,46.293873],[14.206741,46.297695],[14.205782,46.302998],[14.207992,46.305426],[14.211147,46.305544],[14.217331,46.301745],[14.231563,46.297262],[14.239812,46.292127],[14.245259,46.291895],[14.248679,46.290072],[14.259863,46.288289],[14.265054,46.280959],[14.265525,46.27756],[14.270056,46.273227],[14.272264,46.262736],[14.274617,46.258633],[14.285761,46.260248],[14.292399,46.258674],[14.295374,46.256263],[14.30298,46.254637],[14.311242,46.257278],[14.31701,46.253247],[14.325869,46.249648],[14.333435,46.250732],[14.342246,46.24801],[14.347441,46.242838],[14.347757,46.239344],[14.346209,46.237201],[14.335072,46.235245],[14.3322963567374,46.2320179584111],[14.331715,46.231342],[14.330177,46.211023]]],[[[15.434351,46.304977],[15.428076,46.303262],[15.414988,46.309227],[15.395772,46.309756],[15.388016,46.312429],[15.376976,46.314017],[15.367017,46.31966],[15.338466,46.328093],[15.330165,46.333455],[15.303652,46.343994],[15.286613,46.343075],[15.277091,46.340178],[15.261168,46.340505],[15.255045,46.338991],[15.246458,46.339692],[15.230951,46.337363],[15.218791,46.333691],[15.213071,46.335402],[15.206575,46.334083],[15.198552,46.337562],[15.175314,46.340645],[15.162698,46.345508],[15.155214,46.349992],[15.149482,46.358884],[15.132157,46.368178],[15.134631,46.370267],[15.141918,46.36994],[15.140865,46.375292],[15.142511,46.379709],[15.146037,46.381807],[15.156649,46.382906],[15.160518,46.384691],[15.169814,46.395698],[15.171978,46.395723],[15.177117,46.398892],[15.176983,46.400693],[15.180126,46.403148],[15.17874,46.404681],[15.180288,46.408583],[15.174955,46.413804],[15.174391,46.419056],[15.18792,46.425326],[15.190104,46.428143],[15.1900692199485,46.4326255040438],[15.190048,46.43536],[15.197565,46.4428],[15.185839,46.447427],[15.179894,46.44678],[15.17593,46.448722],[15.169187,46.448571],[15.163081,46.451276],[15.158709,46.449839],[15.152988,46.454229],[15.145266,46.457049],[15.144882,46.459068],[15.139255,46.462681],[15.138843,46.467693],[15.135629,46.471916],[15.129784,46.475438],[15.127104,46.483989],[15.122187,46.485788],[15.118202,46.492577],[15.115186,46.494298],[15.111774,46.493314],[15.103735,46.496165],[15.101871,46.498455],[15.093418,46.503195],[15.089495,46.502273],[15.08195,46.510808],[15.06694,46.514044],[15.061588,46.517391],[15.057071,46.517705],[15.048718,46.520682],[15.044751,46.520869],[15.040956,46.518727],[15.038055,46.519138],[15.040252,46.518697],[15.027254,46.519771],[15.006564,46.515279],[14.999972,46.519321],[14.990282,46.522786],[14.984332,46.522287],[14.981498,46.532901],[14.983111,46.536827],[14.976701,46.540402],[14.974012,46.547265],[14.967999,46.547515],[14.96152,46.545511],[14.955007,46.545418],[14.939938,46.549536],[14.935963,46.546245],[14.933184,46.546397],[14.925899,46.543818],[14.914305,46.544253],[14.911287,46.541275],[14.906281,46.540164],[14.903004,46.541477],[14.9014,46.545576],[14.89549,46.547714],[14.882126,46.546728],[14.875355,46.553836],[14.866318,46.556458],[14.852588,46.56288],[14.844013,46.563468],[14.838289,46.566361],[14.827417,46.562905],[14.823165,46.562636],[14.816984,46.564103],[14.812694,46.570266],[14.806559,46.575364],[14.802293,46.585752],[14.79897,46.588351],[14.80048,46.599844],[14.808574,46.612694],[14.810139,46.622984],[14.815468,46.628469],[14.818027,46.628886],[14.822177,46.632031],[14.82428,46.636328],[14.82303,46.64269],[14.825799,46.645036],[14.82466,46.646096],[14.833659,46.647148],[14.83831,46.649667],[14.840273,46.653691],[14.841592,46.665718],[14.843078,46.667185],[14.845233,46.668217],[14.854576,46.668057],[14.869818,46.660538],[14.876547,46.652017],[14.886029,46.647813],[14.891429,46.648911],[14.897357,46.652256],[14.903996,46.651834],[14.915605,46.653929],[14.920438,46.653861],[14.925601,46.651252],[14.947241,46.636639],[14.969139,46.626113],[14.973595,46.617963],[14.974788,46.608455],[14.980838,46.600101],[14.988563,46.596417],[15.006004,46.59457],[15.012336,46.590694],[15.012893,46.585045],[15.014888,46.584174],[15.018736,46.58668],[15.027867,46.588337],[15.035362,46.594095],[15.055398,46.599579],[15.06516,46.604798],[15.067894,46.605066],[15.075076,46.604899],[15.080727,46.602902],[15.087671,46.602476],[15.099349,46.605428],[15.110686,46.606291],[15.11942,46.6021],[15.123318,46.597254],[15.128635,46.594112],[15.142105,46.591756],[15.148375,46.591844],[15.158596,46.596465],[15.16839,46.604049],[15.170567,46.60964],[15.174519,46.611245],[15.179753,46.615792],[15.183238,46.616141],[15.190068,46.612758],[15.197895,46.603899],[15.205992,46.604344],[15.21863,46.597836],[15.226889,46.596426],[15.231235,46.597758],[15.240586,46.597731],[15.245689,46.600363],[15.251805,46.601017],[15.257428,46.597411],[15.266229,46.595314],[15.268299,46.589471],[15.271319,46.587627],[15.282947,46.587644],[15.291466,46.589663],[15.298783,46.588369],[15.304277,46.590993],[15.306697,46.596528],[15.311323,46.598189],[15.314107,46.596953],[15.315227,46.593319],[15.319381,46.589959],[15.324864,46.589255],[15.335992,46.593128],[15.345162,46.591125],[15.351586,46.586298],[15.354204,46.581987],[15.358892,46.580308],[15.363976,46.580282],[15.374356,46.585215],[15.383753,46.582996],[15.397425,46.582756],[15.402474,46.581106],[15.406413,46.575741],[15.420669,46.565597],[15.426159,46.563272],[15.435751,46.564997],[15.439829,46.567525],[15.438565,46.578713],[15.440799,46.581828],[15.444101,46.582358],[15.455202,46.573569],[15.45719,46.567498],[15.454927,46.550626],[15.450462,46.542384],[15.458712,46.534125],[15.471379,46.532752],[15.482811,46.533857],[15.488529,46.540916],[15.511983,46.54791],[15.52596,46.557171],[15.569762,46.564504],[15.592621,46.565439],[15.603339,46.569065],[15.6036170133441,46.5689412107517],[15.609858,46.566162],[15.618002,46.564342],[15.614365,46.562528],[15.613442,46.560485],[15.611205,46.548395],[15.611571,46.536376],[15.619295,46.531418],[15.62377,46.532108],[15.630569,46.530441],[15.634751,46.527002],[15.634342,46.52115],[15.62908,46.51048],[15.625865,46.498141],[15.62658,46.486946],[15.63085,46.48081],[15.638665,46.47749],[15.64755,46.475467],[15.649322,46.472715],[15.655775,46.468462],[15.647896,46.460436],[15.64119,46.457636],[15.636834,46.452261],[15.632221,46.452007],[15.630434,46.450322],[15.630142,46.447281],[15.634017,46.44264],[15.631945,46.437776],[15.634333,46.436854],[15.630774,46.433229],[15.628105,46.432106],[15.624534,46.433238],[15.616105,46.429224],[15.610296,46.428703],[15.604527,46.424772],[15.598828,46.416613],[15.594782,46.414296],[15.583823,46.412447],[15.576222,46.412633],[15.536767,46.399085],[15.526375,46.396999],[15.522498,46.394715],[15.5066814843678,46.3950557008124],[15.503312,46.395128],[15.493174,46.39356],[15.4880091436428,46.3918123589427],[15.48292,46.39009],[15.459567,46.389252],[15.452486,46.387469],[15.444633,46.389419],[15.428299,46.382391],[15.402955,46.383746],[15.396499,46.385945],[15.383416,46.383153],[15.377664,46.385105],[15.373653,46.389039],[15.371604,46.38932],[15.364811,46.386988],[15.357761,46.386733],[15.346368,46.384138],[15.330021,46.387913],[15.321762,46.388499],[15.314354,46.387086],[15.326398,46.382076],[15.33949,46.373459],[15.345907,46.371113],[15.348167,46.368618],[15.36699,46.362685],[15.370042,46.359904],[15.372934,46.353725],[15.38184,46.348308],[15.406558,46.340672],[15.414811,46.334748],[15.420287,46.333075],[15.423838,46.329873],[15.437697,46.327869],[15.453029,46.319241],[15.4630626123536,46.3164208151781],[15.46372,46.316236],[15.470117,46.312132],[15.474171,46.312448],[15.489872,46.305201],[15.491816,46.303508],[15.492229,46.298671],[15.481664,46.296433],[15.468938,46.300658],[15.458233,46.301241],[15.4552871136808,46.3023778365013],[15.451731,46.30375],[15.434351,46.304977]]]]}},{"type":"Feature","properties":{"id":"aux:klagenfurt-basin","parentId":null,"level":"auxiliary","name":"Klagenfurt Becken","names":{"en":"Klagenfurt Basin","de":"Klagenfurter Becken","fr":"Bassin de Klagenfurt","it":"Bacino di Klagenfurt"},"provenance":{"source":"https://www.homoalpinus.com/alpes/subdivisions/soiusa/","creator":"Capleymar","kind":"supplied","names":{"version":"soiusa-area-names-v1","source":"SIOUSA/SOIUSA 36 SECTIONS.kml","method":"Editorial translations of the supplied auxiliary basin name; not a SOIUSA section"}},"sourceFeatures":[{"index":38,"fields":{"Number":"","Code":"","Name":"Klagenfurt Becken","Perimeter":"241.53 km","Enclosed_Area":"1081.6 sq km","Island_Area":"","Capleymar-Homoalpinus":"http://www.capleymar.com/alpes/subdivisions/soiusa/","Created_By":"Capleymar"}}],"geometryRef":"sections.geojson#aux:klagenfurt-basin"},"geometry":{"type":"Polygon","coordinates":[[[13.860574,46.594338],[13.850388,46.590403],[13.846504,46.583848],[13.84031,46.582653],[13.837903,46.580019],[13.843744,46.573883],[13.842641,46.571103],[13.844599,46.569362],[13.867614,46.567922],[13.8898774287616,46.5641444900839],[13.925031,46.55817],[13.987268,46.556246],[14.005331,46.55366],[14.024216,46.55566],[14.032771,46.555268],[14.054276,46.551475],[14.060054,46.546729],[14.059991,46.544863],[14.064414,46.541896],[14.070424,46.534275],[14.08254,46.531922],[14.093026,46.524738],[14.103202,46.520454],[14.125041,46.518209],[14.160275,46.523932],[14.17627,46.526049],[14.188843,46.526239],[14.211114,46.530029],[14.25243,46.531274],[14.262891,46.530356],[14.270072,46.528855],[14.276088,46.525806],[14.288015,46.524522],[14.303355,46.527478],[14.325868,46.534455],[14.344805,46.538471],[14.3663644198766,46.5411297344921],[14.373502,46.542009],[14.384168,46.540145],[14.392657,46.545484],[14.397433,46.546776],[14.401854,46.545686],[14.405328,46.546583],[14.421702,46.556706],[14.425344,46.555391],[14.437344,46.555602],[14.455499,46.560804],[14.458185,46.561302],[14.459051,46.560237],[14.461065,46.561574],[14.47508,46.558679],[14.485022,46.560147],[14.493923,46.559358],[14.510617,46.553452],[14.517163,46.549466],[14.52491,46.547875],[14.553673,46.548186],[14.581157,46.54661],[14.605208,46.54801],[14.613594,46.555635],[14.622172,46.559909],[14.62977,46.566652],[14.637983,46.569728],[14.64435,46.570462],[14.659231,46.569936],[14.67409,46.566552],[14.690989,46.568972],[14.712942,46.568918],[14.733478,46.565388],[14.7392207380825,46.565260740532],[14.755743,46.564893],[14.780903,46.562288],[14.809778,46.562009],[14.814694,46.565631],[14.812694,46.570266],[14.806559,46.575364],[14.802293,46.585752],[14.79897,46.588351],[14.80048,46.599844],[14.808574,46.612694],[14.810139,46.622984],[14.815468,46.628469],[14.818027,46.628886],[14.822177,46.632031],[14.82428,46.636328],[14.82303,46.64269],[14.825799,46.645036],[14.82466,46.646096],[14.818082,46.647534],[14.811593,46.64645],[14.799316,46.641271],[14.785086,46.6325],[14.77657,46.632805],[14.7751966365532,46.6334424882317],[14.771772,46.635032],[14.77222,46.643017],[14.768792,46.645455],[14.768294,46.649106],[14.772236,46.6555],[14.771735,46.667116],[14.775645,46.673405],[14.776356,46.678165],[14.768013,46.68293],[14.76316,46.689984],[14.755456,46.691037],[14.747479,46.696074],[14.743211,46.700937],[14.743125,46.704169],[14.734042,46.706947],[14.731472,46.70631],[14.731114,46.703697],[14.729304,46.70277],[14.712069,46.702335],[14.707648,46.701201],[14.703037,46.696991],[14.701868,46.692427],[14.69905,46.691311],[14.66574,46.696281],[14.631893,46.691716],[14.610458,46.699895],[14.595634,46.702506],[14.584944,46.702457],[14.57889,46.700299],[14.569512,46.700544],[14.561023,46.717073],[14.548598,46.72422],[14.537333,46.724699],[14.530378,46.727632],[14.531094,46.732157],[14.528944,46.736721],[14.532129,46.737814],[14.535326,46.740972],[14.532966,46.739709],[14.53154,46.740616],[14.533054,46.744418],[14.532048,46.747303],[14.528152,46.748276],[14.514021,46.745855],[14.504676,46.753462],[14.497326,46.7535],[14.493713,46.761195],[14.488715,46.761845],[14.481498,46.758984],[14.478591,46.760975],[14.473797,46.7598],[14.467424,46.763039],[14.469349,46.765506],[14.474274,46.766135],[14.476321,46.76856],[14.47052,46.771896],[14.475732,46.778278],[14.474553,46.782039],[14.469742,46.783135],[14.473928,46.785564],[14.474154,46.787049],[14.471754,46.789299],[14.466721,46.790071],[14.465598,46.793501],[14.470213,46.797866],[14.470342,46.79951],[14.467088,46.801027],[14.470707,46.803493],[14.463289,46.804381],[14.462569,46.809367],[14.454396,46.806593],[14.450011,46.807055],[14.451067,46.809335],[14.44331,46.814111],[14.444285,46.8219],[14.447737,46.82392],[14.444282,46.828472],[14.447926,46.829485],[14.453162,46.827612],[14.455672,46.829166],[14.457019,46.837564],[14.454684,46.83949],[14.452554,46.837999],[14.449454,46.837888],[14.442319,46.83989],[14.432705,46.834727],[14.428517,46.83405],[14.424719,46.837892],[14.425637,46.84099],[14.429343,46.84122],[14.430938,46.842437],[14.431653,46.848823],[14.43457,46.853352],[14.433859,46.855385],[14.427262,46.850968],[14.407678,46.849778],[14.4049,46.845778],[14.402439,46.833829],[14.398656,46.828917],[14.390847,46.824136],[14.383075,46.82201],[14.373072,46.8138],[14.360181,46.809528],[14.352106,46.801046],[14.3511,46.795991],[14.339839,46.792691],[14.337155,46.790705],[14.32885,46.789335],[14.32509,46.785889],[14.328882,46.780202],[14.345905,46.774221],[14.34874,46.774153],[14.349454,46.772214],[14.353517,46.769949],[14.351739,46.762734],[14.358103,46.758047],[14.365418,46.761388],[14.374881,46.763341],[14.379887,46.762745],[14.38476,46.760281],[14.38834,46.754817],[14.387719,46.751268],[14.383474,46.746557],[14.386287,46.740591],[14.383641,46.734978],[14.379585,46.733487],[14.376683,46.729723],[14.369422,46.727065],[14.364059,46.722368],[14.361324,46.716336],[14.360684,46.709977],[14.348167,46.699105],[14.345508,46.693663],[14.338448,46.688524],[14.319248,46.682823],[14.304376,46.671193],[14.297154,46.669138],[14.283602,46.666657],[14.269369,46.668237],[14.260445,46.666498],[14.259859,46.662264],[14.262609,46.656881],[14.269202,46.654927],[14.27607,46.654635],[14.282598,46.652419],[14.289521,46.642089],[14.293373,46.6399],[14.294263,46.630193],[14.292332,46.627617],[14.279607,46.625442],[14.258232,46.626604],[14.246318,46.626109],[14.240169,46.627466],[14.23194,46.626991],[14.225531,46.625832],[14.22309,46.622767],[14.215774,46.620202],[14.204549,46.619115],[14.201432,46.620057],[14.197167,46.617017],[14.190557,46.616222],[14.188712,46.616363],[14.188981,46.619516],[14.177202,46.618641],[14.17259,46.620042],[14.172389,46.621966],[14.178133,46.624153],[14.177096,46.625727],[14.157114,46.628725],[14.156532,46.629866],[14.15893,46.629932],[14.158933,46.631084],[14.156133,46.633477],[14.151737,46.63423],[14.147354,46.633214],[14.144852,46.630465],[14.145806,46.628681],[14.14439,46.628589],[14.1425,46.633879],[14.13887,46.633832],[14.135715,46.63675],[14.129166,46.636786],[14.120211,46.633914],[14.107065,46.632401],[14.09971,46.628971],[14.076097,46.623348],[14.064495,46.622742],[14.054654,46.624523],[14.026667,46.623128],[14.01328,46.625372],[14.010249,46.621536],[13.995616,46.61986],[13.990096,46.620756],[13.980674,46.62541],[13.977496,46.631056],[13.97252,46.633382],[13.961231,46.632488],[13.954201,46.628554],[13.9392,46.625803],[13.908288,46.624013],[13.899033,46.628659],[13.894444,46.639812],[13.889002,46.644583],[13.880357,46.633557],[13.876601,46.633152],[13.875966,46.631371],[13.876391,46.625016],[13.880728,46.6211],[13.882134,46.61772],[13.879482,46.615604],[13.882367,46.610604],[13.886943,46.607181],[13.879037,46.605155],[13.8750734003588,46.6028334426431],[13.860574,46.594338]]]}}]}
