<?xml version="1.0" encoding="UTF-8"?>
<kml xmlns="http://www.opengis.net/kml/2.2">
  <Document>
    <name>SOIUSA 36 SECTIONS</name>
    <description/>
    <Style id="poly-000000-1000-0-normal">
      <LineStyle>
        <color>ff000000</color>
        <width>1</width>
      </LineStyle>
      <PolyStyle>
        <color>00000000</color>
        <fill>1</fill>
        <outline>1</outline>
      </PolyStyle>
    </Style>
    <Style id="poly-000000-1000-0-highlight">
      <LineStyle>
        <color>ff000000</color>
        <width>1.5</width>
      </LineStyle>
      <PolyStyle>
        <color>00000000</color>
        <fill>1</fill>
        <outline>1</outline>
      </PolyStyle>
    </Style>
    <StyleMap id="poly-000000-1000-0">
      <Pair>
        <key>normal</key>
        <styleUrl>#poly-000000-1000-0-normal</styleUrl>
      </Pair>
      <Pair>
        <key>highlight</key>
        <styleUrl>#poly-000000-1000-0-highlight</styleUrl>
      </Pair>
    </StyleMap>
    <Style id="poly-71B8FF-1000-153-normal">
      <LineStyle>
        <color>ffffb871</color>
        <width>1</width>
      </LineStyle>
      <PolyStyle>
        <color>99ffb871</color>
        <fill>1</fill>
        <outline>1</outline>
      </PolyStyle>
    </Style>
    <Style id="poly-71B8FF-1000-153-highlight">
      <LineStyle>
        <color>ffffb871</color>
        <width>1.5</width>
      </LineStyle>
      <PolyStyle>
        <color>99ffb871</color>
        <fill>1</fill>
        <outline>1</outline>
      </PolyStyle>
    </Style>
    <StyleMap id="poly-71B8FF-1000-153">
      <Pair>
        <key>normal</key>
        <styleUrl>#poly-71B8FF-1000-153-normal</styleUrl>
      </Pair>
      <Pair>
        <key>highlight</key>
        <styleUrl>#poly-71B8FF-1000-153-highlight</styleUrl>
      </Pair>
    </StyleMap>
    <Style id="poly-80FF80-1000-153-normal">
      <LineStyle>
        <color>ff80ff80</color>
        <width>1</width>
      </LineStyle>
      <PolyStyle>
        <color>9980ff80</color>
        <fill>1</fill>
        <outline>1</outline>
      </PolyStyle>
    </Style>
    <Style id="poly-80FF80-1000-153-highlight">
      <LineStyle>
        <color>ff80ff80</color>
        <width>1.5</width>
      </LineStyle>
      <PolyStyle>
        <color>9980ff80</color>
        <fill>1</fill>
        <outline>1</outline>
      </PolyStyle>
    </Style>
    <StyleMap id="poly-80FF80-1000-153">
      <Pair>
        <key>normal</key>
        <styleUrl>#poly-80FF80-1000-153-normal</styleUrl>
      </Pair>
      <Pair>
        <key>highlight</key>
        <styleUrl>#poly-80FF80-1000-153-highlight</styleUrl>
      </Pair>
    </StyleMap>
    <Style id="poly-FF8080-1000-153-normal">
      <LineStyle>
        <color>ff8080ff</color>
        <width>1</width>
      </LineStyle>
      <PolyStyle>
        <color>998080ff</color>
        <fill>1</fill>
        <outline>1</outline>
      </PolyStyle>
    </Style>
    <Style id="poly-FF8080-1000-153-highlight">
      <LineStyle>
        <color>ff8080ff</color>
        <width>1.5</width>
      </LineStyle>
      <PolyStyle>
        <color>998080ff</color>
        <fill>1</fill>
        <outline>1</outline>
      </PolyStyle>
    </Style>
    <StyleMap id="poly-FF8080-1000-153">
      <Pair>
        <key>normal</key>
        <styleUrl>#poly-FF8080-1000-153-normal</styleUrl>
      </Pair>
      <Pair>
        <key>highlight</key>
        <styleUrl>#poly-FF8080-1000-153-highlight</styleUrl>
      </Pair>
    </StyleMap>
    <Style id="poly-FF80FF-1000-153-normal">
      <LineStyle>
        <color>ffff80ff</color>
        <width>1</width>
      </LineStyle>
      <PolyStyle>
        <color>99ff80ff</color>
        <fill>1</fill>
        <outline>1</outline>
      </PolyStyle>
    </Style>
    <Style id="poly-FF80FF-1000-153-highlight">
      <LineStyle>
        <color>ffff80ff</color>
        <width>1.5</width>
      </LineStyle>
      <PolyStyle>
        <color>99ff80ff</color>
        <fill>1</fill>
        <outline>1</outline>
      </PolyStyle>
    </Style>
    <StyleMap id="poly-FF80FF-1000-153">
      <Pair>
        <key>normal</key>
        <styleUrl>#poly-FF80FF-1000-153-normal</styleUrl>
      </Pair>
      <Pair>
        <key>highlight</key>
        <styleUrl>#poly-FF80FF-1000-153-highlight</styleUrl>
      </Pair>
    </StyleMap>
    <Style id="poly-FFCF75-1000-153-normal">
      <LineStyle>
        <color>ff75cfff</color>
        <width>1</width>
      </LineStyle>
      <PolyStyle>
        <color>9975cfff</color>
        <fill>1</fill>
        <outline>1</outline>
      </PolyStyle>
    </Style>
    <Style id="poly-FFCF75-1000-153-highlight">
      <LineStyle>
        <color>ff75cfff</color>
        <width>1.5</width>
      </LineStyle>
      <PolyStyle>
        <color>9975cfff</color>
        <fill>1</fill>
        <outline>1</outline>
      </PolyStyle>
    </Style>
    <StyleMap id="poly-FFCF75-1000-153">
      <Pair>
        <key>normal</key>
        <styleUrl>#poly-FFCF75-1000-153-normal</styleUrl>
      </Pair>
      <Pair>
        <key>highlight</key>
        <styleUrl>#poly-FFCF75-1000-153-highlight</styleUrl>
      </Pair>
    </StyleMap>
    <Folder>
      <name>Area Features</name>
      <Placemark>
        <name>1</name>
        <description><![CDATA[SOIUSA SUBDIVISIONS 36 SECTIONS<br> Number = 1<br> Code = SZ.1<br> Name = Alpi Liguri i.s.a. = Alpes ligures a.s.l. <br> Perimeter = 359.96 km<br> Enclosed_Area = 3463.1 sq km<br> Island_Area = <br> Capleymar-Homoalpinus = https://www.homoalpinus.com/alpes/subdivisions/soiusa/<br> Created_By = Capleymar]]></description>
        <styleUrl>#poly-FFCF75-1000-153</styleUrl>
        <Polygon>
          <outerBoundaryIs>
            <LinearRing>
              <tessellate>1</tessellate>
              <coordinates>
                7.562691,44.185516,0
                7.556949,44.17994,0
                7.557471,44.171904,0
                7.555752,44.168991,0
                7.55087,44.165598,0
                7.553445,44.162643,0
                7.553808,44.159636,0
                7.559931,44.154182,0
                7.5631759352882,44.1490528759926,0
                7.569474,44.139095,0
                7.568192,44.132219,0
                7.566543,44.130393,0
                7.567941,44.128606,0
                7.567997,44.123485,0
                7.564511,44.110806,0
                7.569219,44.109452,0
                7.575291,44.102648,0
                7.581837,44.102537,0
                7.588505,44.099664,0
                7.589105,44.096842,0
                7.596601,44.089347,0
                7.593958,44.084483,0
                7.598269,44.078959,0
                7.598632,44.073001,0
                7.596459,44.072814,0
                7.593678,44.070494,0
                7.58903,44.070271,0
                7.590187,44.067444,0
                7.587334,44.057445,0
                7.589392,44.055357,0
                7.589707,44.051239,0
                7.586631,44.047168,0
                7.586356,44.043405,0
                7.580285,44.036269,0
                7.580216,44.03338,0
                7.582157,44.030847,0
                7.580413,44.029832,0
                7.577421,44.030096,0
                7.577784,44.028271,0
                7.570785,44.023774,0
                7.569033,44.021077,0
                7.565035,44.020198,0
                7.56391,44.01638,0
                7.556078,44.009117,0
                7.553745,44.001262,0
                7.550134,43.99685,0
                7.55069,43.993391,0
                7.549023,43.994032,0
                7.546356,43.992869,0
                7.548613,43.988468,0
                7.547127,43.986412,0
                7.550289,43.984801,0
                7.546998,43.983799,0
                7.542113,43.978128,0
                7.538967,43.971001,0
                7.525689,43.965493,0
                7.521137,43.957645,0
                7.519213,43.949708,0
                7.51997,43.946903,0
                7.517638,43.943449,0
                7.518703,43.941537,0
                7.513451,43.937191,0
                7.514697,43.935305,0
                7.518591,43.937048,0
                7.517228,43.933029,0
                7.520229,43.931718,0
                7.518645,43.930427,0
                7.522617,43.928995,0
                7.520424,43.926504,0
                7.519896,43.922713,0
                7.516154,43.91921,0
                7.516108,43.917827,0
                7.518035,43.916917,0
                7.516818,43.910614,0
                7.518321,43.908344,0
                7.523482,43.910196,0
                7.526694,43.907124,0
                7.52202,43.902745,0
                7.52786,43.90264,0
                7.528327,43.90008,0
                7.524374,43.899758,0
                7.525179,43.898057,0
                7.528373,43.89701,0
                7.528864,43.895662,0
                7.531333,43.895662,0
                7.532831,43.893746,0
                7.53147,43.890762,0
                7.534521,43.890299,0
                7.537874,43.885417,0
                7.539653,43.885133,0
                7.540515,43.882404,0
                7.534923,43.88141,0
                7.536825,43.877858,0
                7.539545,43.878377,0
                7.541279,43.880363,0
                7.541073,43.876868,0
                7.537915,43.876218,0
                7.540026,43.871862,0
                7.541056,43.871268,0
                7.542927,43.873471,0
                7.544412,43.873365,0
                7.545039,43.871979,0
                7.548275,43.871385,0
                7.550111,43.868965,0
                7.553364,43.867784,0
                7.556755,43.870921,0
                7.559578,43.868768,0
                7.565175,43.867853,0
                7.564471,43.864796,0
                7.566531,43.86677,0
                7.570204,43.864573,0
                7.572633,43.864716,0
                7.573054,43.861869,0
                7.576633,43.861021,0
                7.577903,43.85841,0
                7.575474,43.856076,0
                7.571612,43.8556,0
                7.572807,43.851607,0
                7.575262,43.850022,0
                7.577785,43.850381,0
                7.589295,43.844054,0
                7.590093,43.841987,0
                7.583441,43.839492,0
                7.580463,43.835778,0
                7.580772,43.830893,0
                7.583896,43.827109,0
                7.584102,43.822409,0
                7.590505,43.816451,0
                7.591063,43.807842,0
                7.597466,43.800972,0
                7.597706,43.798995,0
                7.602642,43.794951,0
                7.60593,43.788192,0
                7.618613,43.785096,0
                7.627454,43.784842,0
                7.627708,43.783487,0
                7.629434,43.78456,0
                7.648369,43.781818,0
                7.662376,43.777408,0
                7.67087,43.776766,0
                7.672836,43.775673,0
                7.67816,43.780379,0
                7.675313,43.779548,0
                7.677918,43.782366,0
                7.682603,43.785029,0
                7.687333,43.786032,0
                7.694359,43.791283,0
                7.693932,43.793346,0
                7.696014,43.796236,0
                7.700786,43.798842,0
                7.714986,43.800856,0
                7.718059,43.800153,0
                7.718095,43.799219,0
                7.722737,43.799204,0
                7.73468,43.795378,0
                7.738808,43.795366,0
                7.744225,43.800743,0
                7.748892,43.802213,0
                7.753379,43.807167,0
                7.761153,43.807438,0
                7.762333,43.809069,0
                7.763865,43.808531,0
                7.763219,43.809372,0
                7.766337,43.80993,0
                7.768988,43.813073,0
                7.770376,43.812193,0
                7.770309,43.813092,0
                7.775315,43.813645,0
                7.775992,43.812695,0
                7.776238,43.813713,0
                7.78514014329617,43.8148171526525,0
                7.787236,43.815077,0
                7.78514014329617,43.814941468887,0
                7.778889,43.814537,0
                7.780364,43.815208,0
                7.778605,43.815148,0
                7.779255,43.816115,0
                7.783769,43.816184,0
                7.781919,43.817465,0
                7.784313,43.819209,0
                7.78514014329617,43.8186032961648,0
                7.786913,43.817305,0
                7.786807,43.81953,0
                7.787527,43.817813,0
                7.78737,43.819645,0
                7.788586,43.819774,0
                7.78879,43.817971,0
                7.788642,43.819777,0
                7.789862,43.818092,0
                7.789715,43.819864,0
                7.790822,43.818301,0
                7.790694,43.819914,0
                7.791644,43.818408,0
                7.79153,43.819926,0
                7.792363,43.818508,0
                7.792271,43.819894,0
                7.792899,43.818574,0
                7.792822,43.819847,0
                7.793475,43.818652,0
                7.794324,43.819578,0
                7.794503,43.818225,0
                7.786941,43.816867,0
                7.788347,43.815853,0
                7.794952,43.818079,0
                7.79549,43.819443,0
                7.805648,43.823272,0
                7.816048,43.821758,0
                7.831197,43.816013,0
                7.839722,43.820379,0
                7.842409,43.826404,0
                7.85282,43.830726,0
                7.859757,43.830616,0
                7.858176,43.832042,0
                7.859387,43.833308,0
                7.860541,43.830866,0
                7.871915,43.835983,0
                7.879716,43.835492,0
                7.883161,43.837204,0
                7.885371,43.836609,0
                7.889534,43.837889,0
                7.888572,43.836928,0
                7.890709,43.838116,0
                7.900612,43.835936,0
                7.90088,43.836951,0
                7.903685,43.835806,0
                7.906459,43.83681,0
                7.906679,43.835677,0
                7.910974,43.836064,0
                7.917326,43.838095,0
                7.907854,43.836337,0
                7.91029,43.838197,0
                7.908725,43.836628,0
                7.9116,43.83714,0
                7.911479,43.838964,0
                7.912954,43.837597,0
                7.91223,43.839297,0
                7.913681,43.83791,0
                7.912819,43.839551,0
                7.914238,43.838152,0
                7.913376,43.839793,0
                7.914795,43.83839,0
                7.913877,43.840042,0
                7.915538,43.838323,0
                7.914795,43.840184,0
                7.916615,43.840882,0
                7.914733,43.840962,0
                7.91746,43.84347,0
                7.940481,43.845136,0
                7.956093,43.849959,0
                7.961941,43.850281,0
                7.962742,43.851612,0
                7.963791,43.850901,0
                7.967244,43.852584,0
                7.965619,43.852322,0
                7.96743,43.854258,0
                7.967199,43.856799,0
                7.970611,43.860685,0
                7.993908,43.865331,0
                7.999144,43.868253,0
                7.999956,43.867326,0
                8.002164,43.86785,0
                8.00281,43.869704,0
                8.006871,43.86899,0
                8.009065,43.871304,0
                8.013673,43.871488,0
                8.019178,43.873851,0
                8.020901,43.876259,0
                8.029406,43.874811,0
                8.02693,43.876099,0
                8.019472,43.876864,0
                8.018714,43.878377,0
                8.02203,43.879844,0
                8.023486,43.87757,0
                8.022479,43.879683,0
                8.023421,43.878607,0
                8.023403,43.880193,0
                8.026833,43.882096,0
                8.027357,43.879257,0
                8.027659,43.882763,0
                8.029922,43.885019,0
                8.030745,43.884216,0
                8.034082,43.884682,0
                8.03502,43.883597,0
                8.036776,43.886446,0
                8.04116,43.885056,0
                8.040612,43.887384,0
                8.044652,43.887583,0
                8.044113,43.885139,0
                8.040647,43.88323,0
                8.046137,43.885949,0
                8.045568,43.887103,0
                8.054324,43.886767,0
                8.068204,43.889208,0
                8.072712,43.891072,0
                8.07982,43.896806,0
                8.082701,43.897472,0
                8.079281,43.898189,0
                8.077203,43.901315,0
                8.077752,43.903165,0
                8.082595,43.907972,0
                8.084693,43.907494,0
                8.083819,43.908804,0
                8.085665,43.90858,0
                8.08595,43.910275,0
                8.086502,43.908102,0
                8.086052,43.910405,0
                8.091859,43.915882,0
                8.093961,43.916916,0
                8.094995,43.91608,0
                8.095294,43.917178,0
                8.101732,43.919518,0
                8.104163,43.919921,0
                8.104236,43.919062,0
                8.107426,43.919661,0
                8.105315,43.920518,0
                8.107093,43.920039,0
                8.110869,43.923081,0
                8.114118,43.923282,0
                8.116982,43.925175,0
                8.127988,43.926556,0
                8.134518,43.932895,0
                8.133411,43.932754,0
                8.133383,43.935274,0
                8.135643,43.941193,0
                8.140283,43.946499,0
                8.149463,43.950613,0
                8.15187,43.949977,0
                8.153896,43.951255,0
                8.154974,43.949524,0
                8.159444,43.949793,0
                8.155313,43.949835,0
                8.154414,43.951299,0
                8.156127,43.95038,0
                8.155782,43.951661,0
                8.156589,43.950427,0
                8.155836,43.952027,0
                8.157265,43.952317,0
                8.156229,43.951603,0
                8.157625,43.950544,0
                8.157418,43.952186,0
                8.15863,43.952342,0
                8.159227,43.950711,0
                8.159626,43.952447,0
                8.169614,43.952296,0
                8.173574,43.954503,0
                8.173276,43.959042,0
                8.16864,43.962571,0
                8.164697,43.96822,0
                8.161418,43.970045,0
                8.159408,43.975523,0
                8.160932,43.979896,0
                8.159396,43.980375,0
                8.159765,43.983933,0
                8.164633,43.995011,0
                8.170849,44.003178,0
                8.17265,44.004988,0
                8.17397,44.004291,0
                8.172839,44.005165,0
                8.181725,44.013124,0
                8.186615,44.015507,0
                8.193912,44.015994,0
                8.194856,44.019166,0
                8.192985,44.016007,0
                8.192118,44.019496,0
                8.19356,44.018926,0
                8.193517,44.019774,0
                8.192287,44.020901,0
                8.19811,44.025258,0
                8.202228,44.030771,0
                8.221962,44.040846,0
                8.217965,44.044347,0
                8.204527,44.050849,0
                8.198407,44.052279,0
                8.185669,44.052786,0
                8.180502,44.054769,0
                8.175321,44.059044,0
                8.174824,44.065536,0
                8.184771,44.071655,0
                8.197788,44.07083,0
                8.202954,44.07163,0
                8.215326,44.077822,0
                8.226182,44.085009,0
                8.231386,44.089685,0
                8.234381,44.096314,0
                8.235967,44.09622,0
                8.235464,44.094853,0
                8.236356,44.096405,0
                8.23482,44.096749,0
                8.237236,44.099536,0
                8.236603,44.100858,0
                8.23777693397784,44.1022669578509,0
                8.244808,44.110704,0
                8.246666,44.111252,0
                8.249515,44.11691,0
                8.260737,44.126258,0
                8.264316,44.127856,0
                8.264273,44.130617,0
                8.267055,44.130644,0
                8.270902,44.133279,0
                8.271417,44.135637,0
                8.268643,44.132039,0
                8.265906,44.131934,0
                8.267287,44.13361,0
                8.269037,44.133226,0
                8.266832,44.134094,0
                8.265201,44.131379,0
                8.263045,44.13214,0
                8.266626,44.135895,0
                8.26836,44.136189,0
                8.269347,44.134981,0
                8.268229,44.134429,0
                8.269731,44.134718,0
                8.268313,44.137685,0
                8.269787,44.138594,0
                8.271405,44.137255,0
                8.269606,44.13963,0
                8.289655,44.151096,0
                8.301812,44.155604,0
                8.336368,44.162088,0
                8.338649,44.165858,0
                8.344405,44.168024,0
                8.369878,44.17354,0
                8.372109,44.175478,0
                8.369715,44.173799,0
                8.368172,44.174223,0
                8.369827,44.176074,0
                8.370804,44.175402,0
                8.370144,44.176791,0
                8.371459,44.177851,0
                8.383681,44.180583,0
                8.40708,44.180895,0
                8.408086,44.183222,0
                8.406627,44.184116,0
                8.409406,44.187101,0
                8.422275,44.192511,0
                8.425357,44.197056,0
                8.418146,44.199552,0
                8.416642,44.20179,0
                8.418992,44.210959,0
                8.415628,44.216691,0
                8.416234,44.221996,0
                8.420941,44.227648,0
                8.425933,44.231409,0
                8.428251,44.231783,0
                8.428977,44.233401,0
                8.437994,44.237318,0
                8.442791,44.237311,0
                8.444223,44.24027,0
                8.446018,44.24087,0
                8.44395,44.244069,0
                8.445446,44.24704,0
                8.456432,44.258384,0
                8.456293,44.259946,0
                8.453876,44.267554,0
                8.455456,44.261986,0
                8.454409,44.259876,0
                8.452479,44.263799,0
                8.449475,44.262727,0
                8.448218,44.264609,0
                8.449471,44.266166,0
                8.444942,44.263549,0
                8.442501,44.265013,0
                8.441947,44.266354,0
                8.447432,44.267555,0
                8.441985,44.266594,0
                8.441138,44.269521,0
                8.445494,44.270094,0
                8.440671,44.270087,0
                8.448082,44.272771,0
                8.440559,44.270118,0
                8.441541,44.276579,0
                8.442635,44.277605,0
                8.446514,44.275652,0
                8.443359,44.278306,0
                8.448102,44.285157,0
                8.456456,44.29188,0
                8.464529,44.296254,0
                8.477711,44.300074,0
                8.47373,44.31246,0
                8.470455,44.317464,0
                8.468318,44.319865,0
                8.462275,44.320811,0
                8.457107,44.325072,0
                8.444663,44.327242,0
                8.433998,44.3241,0
                8.430641,44.325333,0
                8.427583,44.323079,0
                8.420429,44.325412,0
                8.417512,44.32375,0
                8.417035,44.325508,0
                8.414423,44.325692,0
                8.411219,44.328746,0
                8.408125,44.328392,0
                8.402744,44.33163,0
                8.399099,44.330514,0
                8.382973,44.331616,0
                8.37886,44.334686,0
                8.369705,44.336863,0
                8.353139,44.33344,0
                8.349148,44.334258,0
                8.347101,44.333476,0
                8.341907,44.336022,0
                8.323266,44.339486,0
                8.323279,44.340644,0
                8.326327,44.341942,0
                8.320537,44.346124,0
                8.318621,44.345454,0
                8.313733,44.346958,0
                8.299605,44.347507,0
                8.2933,44.354015,0
                8.291735,44.363274,0
                8.289342,44.362029,0
                8.282839,44.362116,0
                8.281085,44.363277,0
                8.273522,44.363232,0
                8.258392,44.367083,0
                8.252682,44.364591,0
                8.246407,44.364034,0
                8.240577,44.36164,0
                8.234868,44.361224,0
                8.221832,44.357412,0
                8.205588,44.362818,0
                8.198508,44.370643,0
                8.197306,44.367685,0
                8.192782,44.364716,0
                8.192326,44.360219,0
                8.187302,44.360302,0
                8.185143,44.35891,0
                8.178492,44.359445,0
                8.172531,44.357629,0
                8.17033,44.358919,0
                8.155821,44.360347,0
                8.151039,44.36501,0
                8.151278,44.369771,0
                8.14695,44.375105,0
                8.136703,44.374658,0
                8.124768,44.382175,0
                8.117206,44.384636,0
                8.103836,44.380187,0
                8.099484,44.375514,0
                8.086154,44.375208,0
                8.086225,44.372691,0
                8.076597,44.37294,0
                8.072975,44.371284,0
                8.071001,44.373557,0
                8.066336,44.370839,0
                8.063532,44.372187,0
                8.063235,44.37799,0
                8.057637,44.377806,0
                8.056391,44.380019,0
                8.055402,44.376759,0
                8.053286,44.37759,0
                8.053785,44.375874,0
                8.049765,44.376067,0
                8.050648,44.378314,0
                8.045357,44.378667,0
                8.04614,44.381799,0
                8.043408,44.381648,0
                8.042571,44.38332,0
                8.038561,44.383904,0
                8.03665,44.386911,0
                8.032525,44.388883,0
                8.022956,44.390172,0
                8.023463,44.394983,0
                8.021822,44.396674,0
                8.017609,44.398317,0
                8.00596,44.399298,0
                8.005307,44.400957,0
                8.008903,44.404375,0
                8.005493,44.407394,0
                7.999666,44.405553,0
                7.992397,44.408549,0
                7.988534,44.412064,0
                7.980099,44.411281,0
                7.971142,44.412909,0
                7.972354,44.417439,0
                7.970318,44.419045,0
                7.960867,44.418522,0
                7.96519,44.424499,0
                7.96304,44.428337,0
                7.956347,44.426924,0
                7.952358,44.421379,0
                7.949231,44.420828,0
                7.94343,44.425725,0
                7.943687,44.430829,0
                7.939489,44.43057,0
                7.933387,44.424562,0
                7.930881,44.417629,0
                7.926001,44.416137,0
                7.920535,44.419305,0
                7.924671,44.426637,0
                7.924396,44.429597,0
                7.920163,44.429097,0
                7.912723,44.42377,0
                7.906231,44.42635,0
                7.90175,44.425617,0
                7.898287,44.429678,0
                7.90756,44.430872,0
                7.907967,44.432662,0
                7.900687,44.434553,0
                7.894709,44.440486,0
                7.886632,44.442276,0
                7.885976,44.44348,0
                7.882538,44.440363,0
                7.878596,44.438894,0
                7.87496,44.435097,0
                7.874517,44.432747,0
                7.869173,44.431009,0
                7.867744,44.425533,0
                7.869028,44.422085,0
                7.867111,44.421768,0
                7.865104,44.42344,0
                7.862943,44.421639,0
                7.868725,44.41591,0
                7.860526,44.415531,0
                7.859286,44.413143,0
                7.861252,44.411167,0
                7.853214,44.406713,0
                7.85013,44.407906,0
                7.848466,44.40484,0
                7.84196,44.407403,0
                7.840847,44.404117,0
                7.835955,44.40306,0
                7.837707,44.400886,0
                7.834956,44.401416,0
                7.831242,44.399213,0
                7.82763,44.39948,0
                7.826718,44.39772,0
                7.828158,44.3966,0
                7.825064,44.395425,0
                7.824833,44.393203,0
                7.820192,44.393048,0
                7.818501,44.386653,0
                7.821655,44.385361,0
                7.817868,44.384564,0
                7.816438,44.381244,0
                7.817597,44.378509,0
                7.813013,44.378728,0
                7.812307,44.377892,0
                7.814172,44.374938,0
                7.809893,44.370152,0
                7.80774,44.361623,0
                7.804383,44.359445,0
                7.802749,44.355784,0
                7.797815,44.354661,0
                7.79768,44.352458,0
                7.790281,44.35011,0
                7.786416,44.345781,0
                7.78514014329617,44.3449618951832,0
                7.780334,44.341876,0
                7.778451,44.342381,0
                7.778196,44.348221,0
                7.772606,44.365912,0
                7.773221,44.371745,0
                7.769478,44.379613,0
                7.770807,44.3866,0
                7.774204,44.391481,0
                7.774189,44.404092,0
                7.771482,44.405441,0
                7.764756,44.405328,0
                7.760616,44.404121,0
                7.753818,44.399603,0
                7.745427,44.396848,0
                7.740134,44.392672,0
                7.728553,44.390016,0
                7.709737,44.381989,0
                7.710114,44.380126,0
                7.706678,44.376947,0
                7.701415,44.366733,0
                7.698912,44.364795,0
                7.695912,44.364913,0
                7.694862,44.360668,0
                7.692339,44.359396,0
                7.690653,44.354918,0
                7.68295,44.351056,0
                7.681375,44.348469,0
                7.68243,44.340786,0
                7.679918,44.331531,0
                7.681023,44.328581,0
                7.678614,44.322697,0
                7.675403,44.321194,0
                7.672702,44.320889,0
                7.664986,44.323026,0
                7.656173,44.322823,0
                7.651831,44.326948,0
                7.644914,44.325915,0
                7.642361,44.324225,0
                7.636369,44.324252,0
                7.632086,44.326939,0
                7.624746,44.337995,0
                7.621308,44.33942,0
                7.616953,44.339269,0
                7.606972,44.33514,0
                7.593153,44.332333,0
                7.57901,44.319606,0
                7.569762,44.316326,0
                7.563839,44.316835,0
                7.559073,44.319022,0
                7.543803,44.335374,0
                7.533628,44.336385,0
                7.526493,44.334819,0
                7.520545,44.330556,0
                7.503312,44.326386,0
                7.49613,44.320389,0
                7.493443,44.319935,0
                7.489053,44.315454,0
                7.49192,44.311407,0
                7.498019,44.308412,0
                7.505356,44.307523,0
                7.516071,44.299507,0
                7.519766,44.276307,0
                7.521947,44.274092,0
                7.517923,44.263062,0
                7.518937,44.260874,0
                7.521835,44.260194,0
                7.525415,44.255269,0
                7.528113,44.254529,0
                7.531242,44.250307,0
                7.530662,44.247448,0
                7.532448,44.243317,0
                7.543613,44.237021,0
                7.547367,44.23315,0
                7.549652,44.233331,0
                7.554488,44.231167,0
                7.557676,44.227798,0
                7.561982,44.228436,0
                7.563498,44.223437,0
                7.567756,44.221308,0
                7.571387,44.215225,0
                7.571955,44.210026,0
                7.574105,44.208171,0
                7.574882,44.2047,0
                7.574025,44.203189,0
                7.576768,44.197667,0
                7.562691,44.185516,0
              </coordinates>
            </LinearRing>
          </outerBoundaryIs>
        </Polygon>
      </Placemark>
      <Placemark>
        <name>2</name>
        <description><![CDATA[SOIUSA SUBDIVISIONS 36 SECTIONS<br> Number = 2<br> Code = SZ.2<br> Name = Alpes Maritimes a.s.l. = Alpi Marittime i.s.a.<br> Perimeter = 409.97 km<br> Enclosed_Area = 4298.5 sq km<br> Island_Area = <br> Capleymar-Homoalpinus = https://www.homoalpinus.com/alpes/subdivisions/soiusa/<br> Created_By = Capleymar]]></description>
        <styleUrl>#poly-FFCF75-1000-153</styleUrl>
        <Polygon>
          <outerBoundaryIs>
            <LinearRing>
              <tessellate>1</tessellate>
              <coordinates>
                7.562692,44.185516,0
                7.576768,44.197668,0
                7.574025,44.20319,0
                7.574882,44.204702,0
                7.574105,44.208173,0
                7.571955,44.210027,0
                7.571387,44.215226,0
                7.567756,44.221308,0
                7.563498,44.223437,0
                7.561982,44.228436,0
                7.557676,44.227798,0
                7.554488,44.231169,0
                7.549652,44.233333,0
                7.547367,44.233152,0
                7.543613,44.237023,0
                7.532448,44.243319,0
                7.530662,44.24745,0
                7.531242,44.250309,0
                7.528113,44.254531,0
                7.525415,44.25527,0
                7.522484,44.259635,0
                7.518599,44.261331,0
                7.517923,44.263062,0
                7.521948,44.274093,0
                7.519766,44.276308,0
                7.516071,44.299507,0
                7.505356,44.307525,0
                7.498019,44.308414,0
                7.492721,44.310756,0
                7.489053,44.315456,0
                7.493398,44.319897,0
                7.500674,44.323511,0
                7.503288,44.32678,0
                7.494555,44.327203,0
                7.475663,44.332399,0
                7.46995,44.3356,0
                7.466134,44.34064,0
                7.459925,44.339289,0
                7.456478,44.340452,0
                7.444172,44.338579,0
                7.439792,44.34086,0
                7.435553,44.341447,0
                7.431455,44.339801,0
                7.432596,44.341947,0
                7.427686,44.34495,0
                7.421864,44.341674,0
                7.422888,44.339262,0
                7.426458,44.338632,0
                7.426907,44.337462,0
                7.423074,44.336919,0
                7.420684,44.338577,0
                7.417311,44.336739,0
                7.416892,44.332369,0
                7.413753,44.328573,0
                7.406961,44.327905,0
                7.402822,44.324636,0
                7.400558,44.320556,0
                7.394706,44.316887,0
                7.39237,44.31675,0
                7.391333,44.314782,0
                7.386757,44.315163,0
                7.38136,44.312193,0
                7.381157,44.310346,0
                7.377521,44.310299,0
                7.36853,44.307098,0
                7.358033,44.308348,0
                7.351381,44.306528,0
                7.328841,44.30835,0
                7.323816,44.304561,0
                7.315819,44.306833,0
                7.307703,44.30504,0
                7.302198,44.306527,0
                7.29525,44.306115,0
                7.283546,44.30769,0
                7.268248,44.313778,0
                7.265552,44.313407,0
                7.260081,44.315271,0
                7.257462,44.313927,0
                7.249302,44.314971,0
                7.243624,44.313488,0
                7.240323,44.311217,0
                7.224564,44.30991,0
                7.218999,44.310788,0
                7.207361,44.309244,0
                7.200928,44.310891,0
                7.192722,44.311093,0
                7.187672,44.305525,0
                7.18185,44.303485,0
                7.171272,44.302451,0
                7.162497,44.305669,0
                7.144396,44.301161,0
                7.141017,44.29899,0
                7.123185,44.299718,0
                7.111364,44.304233,0
                7.101076,44.314923,0
                7.08809,44.324166,0
                7.084103,44.329303,0
                7.070308,44.33669,0
                7.058363,44.340422,0
                7.044403,44.342027,0
                7.040618,44.343646,0
                7.03636,44.342577,0
                7.031978,44.343368,0
                7.029802,44.345437,0
                7.019091,44.348094,0
                7.017866,44.352312,0
                7.014203,44.352771,0
                7.008203,44.359146,0
                7.001201,44.359214,0
                6.9976,44.358068,0
                6.995744,44.358988,0
                6.987204,44.36731,0
                6.978755,44.372354,0
                6.972584,44.373429,0
                6.968643,44.379733,0
                6.963634,44.383198,0
                6.963253,44.386667,0
                6.959676,44.389779,0
                6.94882,44.393582,0
                6.943636,44.393742,0
                6.926528,44.398082,0
                6.919613,44.407084,0
                6.916295,44.408428,0
                6.913864,44.411507,0
                6.904318,44.416256,0
                6.892477,44.426816,0
                6.882426,44.429153,0
                6.878564,44.428268,0
                6.874755,44.429812,0
                6.847822,44.448265,0
                6.83441,44.453885,0
                6.828782,44.458438,0
                6.821611,44.461503,0
                6.815243,44.467884,0
                6.806783,44.469917,0
                6.797472,44.474854,0
                6.785577,44.476304,0
                6.76825,44.475072,0
                6.764167,44.471991,0
                6.760454,44.471262,0
                6.759987,44.468772,0
                6.749652,44.459569,0
                6.748727,44.456845,0
                6.741822,44.450333,0
                6.743369,44.445531,0
                6.742645,44.441116,0
                6.744881,44.439687,0
                6.744481,44.434714,0
                6.73694,44.429304,0
                6.738878,44.424548,0
                6.738454,44.41968,0
                6.736501,44.41754,0
                6.731494,44.415537,0
                6.729014,44.411226,0
                6.729517,44.408822,0
                6.72725,44.408497,0
                6.725983,44.406556,0
                6.719061,44.40427,0
                6.715584,44.404429,0
                6.708775,44.401316,0
                6.702873,44.400918,0
                6.698892,44.398757,0
                6.695843,44.398932,0
                6.690834,44.392896,0
                6.686465,44.390742,0
                6.682211,44.389455,0
                6.669824,44.389798,0
                6.658336,44.383847,0
                6.64078,44.38617,0
                6.618348,44.385304,0
                6.626188,44.375357,0
                6.626729,44.362196,0
                6.624647,44.359015,0
                6.624577,44.354882,0
                6.620824,44.35005,0
                6.619829,44.340894,0
                6.616753,44.338431,0
                6.613426,44.332033,0
                6.61312,44.327822,0
                6.615406,44.322988,0
                6.61204,44.322355,0
                6.611392,44.320763,0
                6.607575,44.31898,0
                6.606195,44.300431,0
                6.599941,44.296908,0
                6.583119,44.299287,0
                6.56962,44.295616,0
                6.570749,44.287997,0
                6.573083,44.285512,0
                6.571635,44.281916,0
                6.576801,44.274571,0
                6.579622,44.265347,0
                6.584253,44.260055,0
                6.594733,44.254482,0
                6.601832,44.247617,0
                6.606986,44.245534,0
                6.617644,44.244854,0
                6.620211,44.243382,0
                6.63559,44.215717,0
                6.636554,44.209152,0
                6.634873,44.200102,0
                6.636269,44.198249,0
                6.632211,44.193566,0
                6.633588,44.189225,0
                6.631297,44.184393,0
                6.62484,44.18203,0
                6.623218,44.178501,0
                6.619266,44.178109,0
                6.61674,44.171379,0
                6.6113,44.165608,0
                6.61141,44.162936,0
                6.608347,44.159844,0
                6.605152,44.158709,0
                6.603529,44.154585,0
                6.598764,44.151158,0
                6.598276,44.147188,0
                6.592941,44.138175,0
                6.589929,44.136062,0
                6.58911,44.133711,0
                6.58141,44.130162,0
                6.579588,44.115027,0
                6.58087,44.108163,0
                6.57718,44.105334,0
                6.574694,44.105228,0
                6.573588,44.102794,0
                6.564285,44.095277,0
                6.564889,44.090476,0
                6.56204,44.083961,0
                6.566512,44.080587,0
                6.56923,44.075691,0
                6.572086,44.07413,0
                6.572898,44.071765,0
                6.571392,44.069733,0
                6.573581,44.068122,0
                6.57294,44.066374,0
                6.575817,44.060315,0
                6.571932,44.056167,0
                6.572403,44.053018,0
                6.565526,44.044261,0
                6.563753,44.044143,0
                6.563075,44.037528,0
                6.560153,44.031951,0
                6.554994,44.028162,0
                6.555317,44.022927,0
                6.561581,44.014032,0
                6.560224,44.007197,0
                6.559004,44.00589,0
                6.549693,44.00352,0
                6.548719,44.000884,0
                6.546213,43.999754,0
                6.544818,43.996629,0
                6.540682,43.9933,0
                6.54019,43.989328,0
                6.536038,43.986027,0
                6.535693,43.983539,0
                6.531803,43.980402,0
                6.528526,43.974248,0
                6.526108,43.972205,0
                6.521724,43.971445,0
                6.514291,43.963724,0
                6.514306,43.959299,0
                6.512021,43.955466,0
                6.5135,43.955349,0
                6.513045,43.953499,0
                6.515314,43.950813,0
                6.517653,43.949673,0
                6.519032,43.950878,0
                6.518495,43.948723,0
                6.525393,43.944077,0
                6.52584,43.93956,0
                6.528353,43.939674,0
                6.531584,43.935677,0
                6.536376,43.938499,0
                6.537055,43.937859,0
                6.531279,43.935204,0
                6.530836,43.932877,0
                6.53374,43.920845,0
                6.536439,43.918297,0
                6.534873,43.917091,0
                6.539749,43.911098,0
                6.543053,43.912807,0
                6.549328,43.911896,0
                6.55647,43.912918,0
                6.559299,43.914846,0
                6.569681,43.912797,0
                6.582155,43.913993,0
                6.595273,43.910506,0
                6.605332,43.911592,0
                6.607667,43.915681,0
                6.628292,43.928487,0
                6.635321,43.930864,0
                6.639912,43.931341,0
                6.643613,43.929796,0
                6.645039,43.931493,0
                6.650682,43.932519,0
                6.665204,43.928907,0
                6.677868,43.935868,0
                6.687453,43.937493,0
                6.689651,43.944419,0
                6.68392,43.955555,0
                6.694351,43.957538,0
                6.696264,43.956185,0
                6.710466,43.958978,0
                6.735374,43.958309,0
                6.737613,43.961177,0
                6.744847,43.964549,0
                6.750369,43.96645,0
                6.757125,43.966485,0
                6.768036,43.970275,0
                6.777052,43.970507,0
                6.779149,43.966577,0
                6.801541,43.957797,0
                6.804571,43.953912,0
                6.809876,43.951195,0
                6.810269,43.949348,0
                6.823794,43.952702,0
                6.839554,43.952377,0
                6.85222,43.955253,0
                6.869017,43.953679,0
                6.871396,43.954508,0
                6.874199,43.952782,0
                6.88216,43.951335,0
                6.895895,43.954904,0
                6.906306,43.951701,0
                6.914207,43.954869,0
                6.920518,43.951943,0
                6.928044,43.953771,0
                6.937568,43.953125,0
                6.94297,43.950685,0
                6.954731,43.951128,0
                6.96321,43.947335,0
                6.976604,43.947346,0
                6.983467,43.949915,0
                6.986759,43.949043,0
                6.989542,43.945249,0
                6.99814,43.946175,0
                7.004523,43.943709,0
                7.009644,43.946059,0
                7.01415,43.946201,0
                7.018538,43.944302,0
                7.023502,43.945109,0
                7.025171,43.943679,0
                7.029143,43.944565,0
                7.056247,43.941342,0
                7.059734,43.937385,0
                7.062032,43.937258,0
                7.066205,43.933354,0
                7.06917,43.935398,0
                7.073992,43.933707,0
                7.082489,43.936594,0
                7.086883,43.934985,0
                7.090341,43.930043,0
                7.095475,43.927777,0
                7.108405,43.929847,0
                7.112965,43.93202,0
                7.116457,43.931238,0
                7.116819,43.933004,0
                7.119642,43.933117,0
                7.123916,43.936394,0
                7.127416,43.936088,0
                7.134553,43.931583,0
                7.140385,43.934521,0
                7.147039,43.930653,0
                7.149737,43.925772,0
                7.154467,43.924097,0
                7.155877,43.922171,0
                7.160859,43.921277,0
                7.163169,43.91931,0
                7.169063,43.919423,0
                7.176142,43.91434,0
                7.185888,43.911054,0
                7.188256,43.907993,0
                7.192891,43.910313,0
                7.195328,43.907303,0
                7.195851,43.90401,0
                7.191564,43.903318,0
                7.188018,43.900774,0
                7.190766,43.896536,0
                7.188012,43.894011,0
                7.187745,43.888751,0
                7.190178,43.884342,0
                7.188445,43.879102,0
                7.19247,43.876211,0
                7.191837,43.873223,0
                7.195201,43.87224,0
                7.198145,43.868308,0
                7.197059,43.861723,0
                7.194405,43.858097,0
                7.1944,43.856027,0
                7.197552,43.853158,0
                7.19531,43.849827,0
                7.195522,43.842851,0
                7.188856,43.829661,0
                7.188302,43.822708,0
                7.185043,43.815825,0
                7.18936,43.809641,0
                7.193687,43.807683,0
                7.195517,43.80338,0
                7.203797,43.799007,0
                7.209178,43.791746,0
                7.214642,43.787347,0
                7.215843,43.779795,0
                7.214816,43.775403,0
                7.209972,43.769485,0
                7.197707,43.759577,0
                7.184851,43.746552,0
                7.182306,43.739168,0
                7.183784,43.732487,0
                7.182561,43.728472,0
                7.184993,43.725031,0
                7.183791,43.718511,0
                7.186544,43.710906,0
                7.186099,43.695609,0
                7.190112,43.686548,0
                7.1895,43.683415,0
                7.197,43.671186,0
                7.198872,43.663656,0
                7.21938,43.67198,0
                7.222565,43.675146,0
                7.228595,43.686913,0
                7.233116,43.691938,0
                7.237212,43.694026,0
                7.237,43.695089,0
                7.23925,43.695384,0
                7.229848,43.70802,0
                7.22988,43.709836,0
                7.242286,43.698316,0
                7.244716,43.697179,0
                7.246894,43.698609,0
                7.243669,43.703679,0
                7.245424,43.706263,0
                7.248252,43.707531,0
                7.244444,43.713848,0
                7.247496,43.713601,0
                7.250663,43.715472,0
                7.245244,43.724457,0
                7.245283,43.728024,0
                7.250068,43.728835,0
                7.253647,43.733458,0
                7.258315,43.729222,0
                7.261329,43.728296,0
                7.265544,43.729134,0
                7.270907,43.732414,0
                7.277826,43.732117,0
                7.283523,43.730294,0
                7.293255,43.724361,0
                7.296015,43.717598,0
                7.294262,43.707615,0
                7.296909,43.704471,0
                7.303164,43.705,0
                7.308049,43.701337,0
                7.312514,43.702641,0
                7.313949,43.706928,0
                7.319021,43.705746,0
                7.320744,43.704251,0
                7.319743,43.70261,0
                7.321184,43.700211,0
                7.324581,43.700713,0
                7.32666,43.696618,0
                7.32449,43.695443,0
                7.325034,43.693721,0
                7.320092,43.690544,0
                7.325037,43.681971,0
                7.324464,43.677132,0
                7.326568,43.674384,0
                7.331281,43.674678,0
                7.333671,43.675656,0
                7.33544,43.678573,0
                7.334945,43.686454,0
                7.337574,43.686284,0
                7.338131,43.683986,0
                7.339721,43.686304,0
                7.342162,43.682833,0
                7.349825,43.686835,0
                7.344929,43.68731,0
                7.342468,43.685979,0
                7.337443,43.689071,0
                7.33565,43.691817,0
                7.336832,43.689391,0
                7.335466,43.688165,0
                7.333186,43.692377,0
                7.334102,43.694277,0
                7.332482,43.695674,0
                7.33416,43.696436,0
                7.331418,43.697397,0
                7.329432,43.702144,0
                7.331268,43.703434,0
                7.334081,43.703072,0
                7.336901,43.706876,0
                7.335057,43.707777,0
                7.336415,43.710561,0
                7.338511,43.710075,0
                7.338041,43.707238,0
                7.339062,43.710171,0
                7.337853,43.711966,0
                7.351155,43.715317,0
                7.350959,43.717855,0
                7.356355,43.72128,0
                7.360358,43.722559,0
                7.363976,43.722177,0
                7.367667,43.719103,0
                7.368372,43.720207,0
                7.3747,43.717756,0
                7.381449,43.72244,0
                7.389019,43.723296,0
                7.390902,43.721731,0
                7.38888,43.719255,0
                7.393673,43.720404,0
                7.399369,43.719157,0
                7.401518,43.721088,0
                7.405913,43.718642,0
                7.405644,43.719893,0
                7.409908,43.721503,0
                7.412558,43.724859,0
                7.415974,43.724022,0
                7.414463,43.725025,0
                7.415616,43.725902,0
                7.417782,43.724728,0
                7.415208,43.723419,0
                7.416517,43.723263,0
                7.423864,43.727816,0
                7.422384,43.727538,0
                7.417921,43.730544,0
                7.421534,43.730012,0
                7.422424,43.728519,0
                7.427588,43.731237,0
                7.432037,43.736352,0
                7.428882,43.73408,0
                7.42765,43.734838,0
                7.425655,43.733232,0
                7.425018,43.734216,0
                7.424014,43.7329,0
                7.422134,43.736286,0
                7.426709,43.737054,0
                7.427312,43.73583,0
                7.427004,43.737259,0
                7.429154,43.737661,0
                7.430087,43.736457,0
                7.430623,43.741178,0
                7.434021,43.746356,0
                7.435907,43.74634,0
                7.436664,43.74766,0
                7.439376,43.746391,0
                7.43909,43.749409,0
                7.442747,43.751068,0
                7.444957,43.749824,0
                7.452158,43.758059,0
                7.461391,43.760552,0
                7.467837,43.75715,0
                7.474703,43.751161,0
                7.4867,43.749117,0
                7.488003,43.74988,0
                7.48754,43.752398,0
                7.48204,43.757113,0
                7.484925,43.759979,0
                7.485518,43.762995,0
                7.486795,43.763606,0
                7.487362,43.762636,0
                7.48826,43.765644,0
                7.495317,43.770602,0
                7.503448,43.774099,0
                7.506949,43.773476,0
                7.511772,43.776003,0
                7.512269,43.777066,0
                7.508276,43.778041,0
                7.509214,43.779777,0
                7.510706,43.779008,0
                7.511605,43.779801,0
                7.509853,43.780044,0
                7.510922,43.781323,0
                7.521945,43.782653,0
                7.515173,43.782097,0
                7.515327,43.783178,0
                7.517068,43.782606,0
                7.517864,43.78374,0
                7.518564,43.782787,0
                7.518471,43.783801,0
                7.519148,43.782882,0
                7.519108,43.78406,0
                7.519573,43.782855,0
                7.519436,43.784216,0
                7.52003,43.783343,0
                7.520073,43.784384,0
                7.524449,43.785087,0
                7.538865,43.783071,0
                7.542043,43.784614,0
                7.548566,43.781664,0
                7.552653,43.781938,0
                7.555732,43.78019,0
                7.557526,43.781073,0
                7.556959,43.783512,0
                7.559522,43.785117,0
                7.559045,43.788099,0
                7.566421,43.790052,0
                7.569061,43.792129,0
                7.574518,43.792931,0
                7.591381,43.791647,0
                7.596845,43.789566,0
                7.596855,43.788614,0
                7.600122,43.789725,0
                7.600935,43.788327,0
                7.597629,43.786973,0
                7.600702,43.787473,0
                7.602155,43.78922,0
                7.606271,43.788538,0
                7.602642,43.794951,0
                7.597706,43.798997,0
                7.597466,43.800973,0
                7.591569,43.806989,0
                7.590505,43.816453,0
                7.584102,43.822411,0
                7.583896,43.827111,0
                7.580772,43.830895,0
                7.580265,43.835105,0
                7.58224,43.83825,0
                7.590205,43.842638,0
                7.585759,43.846316,0
                7.572807,43.851609,0
                7.571612,43.855601,0
                7.575474,43.856078,0
                7.577903,43.858412,0
                7.576633,43.861023,0
                7.573054,43.861871,0
                7.572633,43.864717,0
                7.570204,43.864575,0
                7.566531,43.866771,0
                7.564471,43.864796,0
                7.565175,43.867853,0
                7.559578,43.868768,0
                7.556755,43.870922,0
                7.553364,43.867786,0
                7.550111,43.868967,0
                7.548274,43.871387,0
                7.545039,43.871981,0
                7.544412,43.873367,0
                7.542927,43.873473,0
                7.541056,43.87127,0
                7.540026,43.871864,0
                7.537915,43.87622,0
                7.541073,43.87687,0
                7.541279,43.880365,0
                7.539545,43.87838,0
                7.536825,43.87786,0
                7.534923,43.881412,0
                7.540515,43.882406,0
                7.539652,43.885135,0
                7.537873,43.885419,0
                7.534521,43.890301,0
                7.53147,43.890763,0
                7.532831,43.893748,0
                7.531333,43.895664,0
                7.528864,43.895663,0
                7.528373,43.897011,0
                7.525179,43.898058,0
                7.524374,43.899759,0
                7.528327,43.900081,0
                7.52786,43.902641,0
                7.52202,43.902746,0
                7.526694,43.907125,0
                7.523482,43.910197,0
                7.518321,43.908344,0
                7.516818,43.910614,0
                7.518035,43.916917,0
                7.516108,43.917827,0
                7.516154,43.919211,0
                7.519896,43.922713,0
                7.520424,43.926505,0
                7.522617,43.928996,0
                7.518645,43.930427,0
                7.520229,43.931718,0
                7.517228,43.933029,0
                7.518591,43.937048,0
                7.514697,43.935306,0
                7.513451,43.937191,0
                7.518703,43.941537,0
                7.517638,43.943449,0
                7.51997,43.946904,0
                7.519213,43.949708,0
                7.521136,43.957645,0
                7.525389,43.965137,0
                7.531332,43.968642,0
                7.538967,43.971003,0
                7.542113,43.97813,0
                7.546998,43.983801,0
                7.550289,43.984802,0
                7.547127,43.986414,0
                7.548613,43.98847,0
                7.546356,43.992871,0
                7.549023,43.994034,0
                7.55069,43.993392,0
                7.550134,43.996852,0
                7.553745,44.001263,0
                7.556078,44.009118,0
                7.56391,44.01638,0
                7.565518,44.020682,0
                7.569033,44.021078,0
                7.570785,44.023775,0
                7.577784,44.028273,0
                7.577421,44.030098,0
                7.580413,44.029834,0
                7.582157,44.030849,0
                7.580216,44.033382,0
                7.580285,44.036271,0
                7.586356,44.043407,0
                7.586631,44.04717,0
                7.589707,44.051241,0
                7.589392,44.055359,0
                7.587334,44.057447,0
                7.590187,44.067446,0
                7.58903,44.070273,0
                7.593678,44.070496,0
                7.596459,44.072816,0
                7.598632,44.073002,0
                7.598269,44.07896,0
                7.593957,44.084484,0
                7.596601,44.089349,0
                7.589105,44.096844,0
                7.588505,44.099666,0
                7.581837,44.102539,0
                7.575291,44.10265,0
                7.569219,44.109454,0
                7.564511,44.110807,0
                7.567997,44.123486,0
                7.56794,44.128607,0
                7.566543,44.130394,0
                7.568192,44.13222,0
                7.569474,44.139095,0
                7.559931,44.154182,0
                7.553808,44.159636,0
                7.553445,44.162643,0
                7.55087,44.165598,0
                7.555752,44.168991,0
                7.557471,44.171904,0
                7.556949,44.17994,0
                7.562692,44.185516,0
              </coordinates>
            </LinearRing>
          </outerBoundaryIs>
        </Polygon>
      </Placemark>
      <Placemark>
        <name>3</name>
        <description><![CDATA[SOIUSA SUBDIVISIONS 36 SECTIONS<br> Number = 3<br> Code = SZ.3<br> Name = Alpes et Préalpes de Provence<br> Perimeter = 857.55 km<br> Enclosed_Area = 8703.6 sq km<br> Island_Area = <br> Capleymar-Homoalpinus = https://www.homoalpinus.com/alpes/subdivisions/soiusa/<br> Created_By = Capleymar]]></description>
        <styleUrl>#poly-FFCF75-1000-153</styleUrl>
        <Polygon>
          <outerBoundaryIs>
            <LinearRing>
              <tessellate>1</tessellate>
              <coordinates>
                5.05986884626412,44.2354561274978,0
                5.056762,44.234903,0
                5.051077,44.236903,0
                5.045978,44.241852,0
                5.04101,44.242399,0
                5.037203,44.241942,0
                5.0321,44.239151,0
                5.022398,44.230143,0
                5.018006,44.21958,0
                5.018983,44.212929,0
                5.014075,44.209693,0
                5.016633,44.198404,0
                5.016164,44.192635,0
                5.007991,44.185238,0
                5.001336,44.170743,0
                4.99003,44.162287,0
                4.984009,44.150139,0
                4.985062,44.145391,0
                4.989491,44.137914,0
                5.004736,44.124376,0
                5.011269,44.122724,0
                5.025175,44.122306,0
                5.044812,44.126232,0
                5.05986884626412,44.117720319917,0
                5.061003,44.117079,0
                5.072554,44.116169,0
                5.083768,44.117576,0
                5.088045,44.11706,0
                5.097011,44.114367,0
                5.105182,44.10828,0
                5.114,44.104979,0
                5.135679,44.10176,0
                5.154063,44.10403,0
                5.168921,44.110755,0
                5.179717,44.123654,0
                5.193683,44.130332,0
                5.198077,44.135591,0
                5.205008,44.13139,0
                5.219249,44.127292,0
                5.225822,44.122742,0
                5.236963,44.109632,0
                5.236316,44.104354,0
                5.243087,44.094897,0
                5.24159,44.088481,0
                5.239436,44.084606,0
                5.236782,44.083078,0
                5.236574,44.081131,0
                5.240305,44.069669,0
                5.236726,44.062457,0
                5.238948,44.055794,0
                5.237489,44.04728,0
                5.244444,44.038488,0
                5.2474,44.030222,0
                5.243091,44.027383,0
                5.243689,44.025486,0
                5.241506,44.024556,0
                5.241226,44.022411,0
                5.234558,44.019542,0
                5.232144,44.019996,0
                5.23067,44.017853,0
                5.225263,44.018358,0
                5.224056,44.016409,0
                5.219648,44.014352,0
                5.212455,44.01486,0
                5.206363,44.011953,0
                5.20349,44.008834,0
                5.183096,44.005319,0
                5.178725,44.002599,0
                5.175635,44.002714,0
                5.174606,43.998917,0
                5.166208,43.997876,0
                5.161065,43.999871,0
                5.159177,43.997866,0
                5.154313,43.997646,0
                5.14494,44.000285,0
                5.141501,43.998524,0
                5.139754,43.992966,0
                5.133868,43.986535,0
                5.131406,43.985501,0
                5.117484,43.98473,0
                5.111246,43.978493,0
                5.107847,43.978284,0
                5.102876,43.973897,0
                5.097989,43.973071,0
                5.093047,43.968484,0
                5.09366,43.961962,0
                5.09103,43.957506,0
                5.090105,43.950533,0
                5.090493,43.940513,0
                5.089357,43.936076,0
                5.086162,43.933214,0
                5.085778,43.929162,0
                5.09659,43.927302,0
                5.102377,43.924675,0
                5.103858,43.924792,0
                5.10426,43.926597,0
                5.106259,43.926614,0
                5.109775,43.922899,0
                5.111017,43.915746,0
                5.113493,43.915904,0
                5.116465,43.919097,0
                5.122696,43.921355,0
                5.125003,43.921464,0
                5.126473,43.919781,0
                5.12934,43.922215,0
                5.132437,43.918014,0
                5.130051,43.916795,0
                5.130695,43.916126,0
                5.142453,43.915847,0
                5.147702,43.913628,0
                5.155493,43.906889,0
                5.162334,43.904698,0
                5.184549,43.905492,0
                5.199904,43.91065,0
                5.20669,43.910466,0
                5.217465,43.912712,0
                5.238746,43.918252,0
                5.243364,43.921708,0
                5.260193,43.92679,0
                5.270231,43.932749,0
                5.283904,43.929794,0
                5.296242,43.930541,0
                5.357736,43.941837,0
                5.369186,43.942599,0
                5.388221,43.940097,0
                5.404716,43.935881,0
                5.416077,43.935759,0
                5.421921,43.934109,0
                5.427675,43.936304,0
                5.435281,43.935733,0
                5.445247,43.928554,0
                5.453645,43.924853,0
                5.457319,43.92513,0
                5.460823,43.927269,0
                5.479795,43.920736,0
                5.475359,43.915825,0
                5.469165,43.914441,0
                5.452022,43.914109,0
                5.45003,43.915028,0
                5.445188,43.912231,0
                5.439094,43.905998,0
                5.436736,43.906283,0
                5.438308,43.901838,0
                5.434572,43.899315,0
                5.434974,43.896852,0
                5.429316,43.892532,0
                5.430786,43.890862,0
                5.427965,43.889452,0
                5.42805,43.886985,0
                5.423346,43.88424,0
                5.421447,43.880434,0
                5.417361,43.878398,0
                5.415221,43.879222,0
                5.411167,43.877791,0
                5.4055,43.878774,0
                5.405015,43.876424,0
                5.401383,43.874684,0
                5.397527,43.864654,0
                5.392019,43.857661,0
                5.38156,43.858995,0
                5.359546,43.856928,0
                5.354067,43.85301,0
                5.345968,43.852013,0
                5.341381,43.849634,0
                5.32203,43.829997,0
                5.315264,43.828668,0
                5.299786,43.821753,0
                5.287537,43.82321,0
                5.281617,43.819682,0
                5.274179,43.817677,0
                5.266367,43.819366,0
                5.242505,43.819482,0
                5.227216,43.816466,0
                5.217801,43.816827,0
                5.212897,43.817572,0
                5.210275,43.819189,0
                5.209418,43.822638,0
                5.203367,43.822506,0
                5.202383,43.823811,0
                5.186544,43.826001,0
                5.181331,43.828426,0
                5.178284,43.827756,0
                5.163072,43.831525,0
                5.156658,43.831617,0
                5.130845,43.844335,0
                5.118746,43.847878,0
                5.115777,43.847295,0
                5.114759,43.844277,0
                5.10944,43.841612,0
                5.103715,43.842446,0
                5.093045,43.840516,0
                5.083395,43.835258,0
                5.081897,43.820186,0
                5.07981,43.818638,0
                5.079983,43.816992,0
                5.085779,43.81139,0
                5.08456,43.804518,0
                5.082358,43.802391,0
                5.084835,43.79948,0
                5.088447,43.789553,0
                5.091236,43.784804,0
                5.100318,43.780578,0
                5.106949,43.779671,0
                5.114296,43.772533,0
                5.131486,43.763055,0
                5.138266,43.760256,0
                5.150421,43.75767,0
                5.195502,43.754223,0
                5.209791,43.751969,0
                5.244781,43.757422,0
                5.277897,43.753265,0
                5.281285,43.750891,0
                5.293262,43.751923,0
                5.305398,43.747861,0
                5.311424,43.747288,0
                5.341051,43.754879,0
                5.368353,43.765626,0
                5.389368,43.77155,0
                5.40075,43.771545,0
                5.416101,43.776061,0
                5.430469,43.776718,0
                5.443869,43.781216,0
                5.456981,43.781718,0
                5.462238,43.779341,0
                5.467679,43.778862,0
                5.476726,43.779428,0
                5.488113,43.782607,0
                5.518254,43.782105,0
                5.528309,43.782908,0
                5.55874,43.780775,0
                5.586243,43.783841,0
                5.594031,43.791401,0
                5.598426,43.792054,0
                5.605209,43.790702,0
                5.611142,43.7936,0
                5.614428,43.793705,0
                5.618358,43.791226,0
                5.628687,43.791691,0
                5.634511,43.789744,0
                5.637,43.786919,0
                5.636989,43.784221,0
                5.61813,43.780504,0
                5.615979,43.779154,0
                5.610438,43.769415,0
                5.593979,43.766255,0
                5.589049,43.76396,0
                5.586277,43.764799,0
                5.573452,43.753377,0
                5.568015,43.741636,0
                5.56734,43.731823,0
                5.562711,43.726255,0
                5.562522,43.722536,0
                5.566505,43.717541,0
                5.571235,43.715222,0
                5.577884,43.709363,0
                5.580109,43.704497,0
                5.570078,43.701105,0
                5.555108,43.687683,0
                5.549229,43.685758,0
                5.545935,43.679593,0
                5.545096,43.673873,0
                5.54752,43.672373,0
                5.553539,43.672548,0
                5.558046,43.671051,0
                5.563649,43.666244,0
                5.571797,43.663506,0
                5.584111,43.662266,0
                5.590971,43.659955,0
                5.603034,43.65969,0
                5.614629,43.665502,0
                5.640571,43.671539,0
                5.644494,43.673796,0
                5.657725,43.687416,0
                5.669972,43.692196,0
                5.678069,43.692719,0
                5.684643,43.69661,0
                5.69393,43.692548,0
                5.706804,43.690179,0
                5.710095,43.690544,0
                5.714514,43.694271,0
                5.722214,43.69782,0
                5.72344,43.70548,0
                5.734514,43.716757,0
                5.735988,43.720644,0
                5.736061,43.730214,0
                5.76181,43.768036,0
                5.768871,43.775486,0
                5.7728,43.78641,0
                5.771652,43.788184,0
                5.775469,43.793678,0
                5.78414,43.799931,0
                5.791521,43.810874,0
                5.800151,43.817582,0
                5.800566,43.821088,0
                5.802838,43.824043,0
                5.819538,43.826922,0
                5.826554,43.832896,0
                5.827357,43.837619,0
                5.835605,43.847581,0
                5.829263,43.85398,0
                5.843368,43.864479,0
                5.84819,43.872245,0
                5.848258,43.876782,0
                5.855288,43.877998,0
                5.85926,43.882511,0
                5.870473,43.888317,0
                5.880836,43.89684,0
                5.888847,43.914826,0
                5.8943,43.92064,0
                5.895771,43.925314,0
                5.894774,43.931265,0
                5.891781,43.936751,0
                5.891798,43.94081,0
                5.897277,43.949788,0
                5.902418,43.964673,0
                5.908513,43.973907,0
                5.911501,43.982751,0
                5.921924,44.000134,0
                5.951485,44.025784,0
                5.971393,44.04523,0
                5.988003,44.052282,0
                5.995101,44.053365,0
                6.001711,44.052211,0
                6.005557,44.054492,0
                6.011672,44.050704,0
                6.018235,44.050792,0
                6.015613,44.046142,0
                6.002843,44.037817,0
                5.973787,44.025985,0
                5.971186,44.023981,0
                5.966107,44.01657,0
                5.96166,44.004444,0
                5.950379,43.984626,0
                5.944616,43.969432,0
                5.939551,43.945365,0
                5.940297,43.935298,0
                5.944342,43.919329,0
                5.95274,43.914148,0
                5.978375,43.912876,0
                6.004654,43.916805,0
                6.027302,43.924914,0
                6.044593,43.928328,0
                6.062075,43.930478,0
                6.075053,43.933468,0
                6.086773,43.932277,0
                6.089591,43.92915,0
                6.094443,43.918522,0
                6.115698,43.905846,0
                6.123413,43.89541,0
                6.140695,43.876475,0
                6.13756,43.861207,0
                6.144786,43.845723,0
                6.137426,43.836888,0
                6.135368,43.828444,0
                6.13174,43.825092,0
                6.131099,43.81917,0
                6.133075,43.809242,0
                6.143807,43.784887,0
                6.164032,43.76501,0
                6.163813,43.76368,0
                6.168855,43.765156,0
                6.168569,43.766254,0
                6.170322,43.765823,0
                6.1703,43.767498,0
                6.173265,43.768135,0
                6.173435,43.769749,0
                6.181113,43.776489,0
                6.181944,43.7798,0
                6.185167,43.780872,0
                6.188364,43.784809,0
                6.189523,43.784206,0
                6.191113,43.787575,0
                6.196696,43.791649,0
                6.209192,43.798767,0
                6.214211,43.804096,0
                6.21735,43.805027,0
                6.219383,43.803749,0
                6.219402,43.805595,0
                6.220667,43.80407,0
                6.223125,43.804317,0
                6.22641,43.808971,0
                6.229143,43.806633,0
                6.228265,43.801449,0
                6.233873,43.80125,0
                6.238517,43.803085,0
                6.245608,43.803844,0
                6.252453,43.801434,0
                6.2453,43.800915,0
                6.236154,43.796734,0
                6.231334,43.796585,0
                6.231329,43.795212,0
                6.226231,43.797878,0
                6.220357,43.789368,0
                6.21873,43.789429,0
                6.21561,43.785568,0
                6.209533,43.78196,0
                6.208642,43.78072,0
                6.210442,43.778645,0
                6.208035,43.778961,0
                6.203478,43.772579,0
                6.213724,43.767818,0
                6.21112,43.766113,0
                6.209891,43.761261,0
                6.213803,43.759209,0
                6.212381,43.756752,0
                6.207332,43.758259,0
                6.207543,43.755325,0
                6.203985,43.754269,0
                6.189816,43.761826,0
                6.185426,43.762913,0
                6.181129,43.758881,0
                6.176248,43.749714,0
                6.176283,43.744175,0
                6.172023,43.74136,0
                6.17184,43.737286,0
                6.172727,43.734772,0
                6.176994,43.731514,0
                6.185658,43.734814,0
                6.183856,43.731571,0
                6.185985,43.726082,0
                6.185293,43.724419,0
                6.182363,43.729034,0
                6.179942,43.729221,0
                6.178301,43.727192,0
                6.173157,43.731911,0
                6.17049,43.731464,0
                6.169105,43.734413,0
                6.166854,43.732716,0
                6.166751,43.735561,0
                6.164922,43.735069,0
                6.161953,43.737152,0
                6.159241,43.736176,0
                6.155094,43.738247,0
                6.152119,43.735569,0
                6.154483,43.734798,0
                6.153215,43.732662,0
                6.154574,43.730637,0
                6.151502,43.73151,0
                6.151782,43.729782,0
                6.149743,43.731377,0
                6.14763,43.731365,0
                6.146927,43.729942,0
                6.149074,43.726362,0
                6.14414,43.723287,0
                6.139541,43.717521,0
                6.140385,43.711503,0
                6.144009,43.703736,0
                6.152272,43.695032,0
                6.153964,43.689501,0
                6.153016,43.67989,0
                6.155011,43.672165,0
                6.160933,43.6597,0
                6.164428,43.655521,0
                6.171502,43.65118,0
                6.2267,43.630501,0
                6.23749377182391,43.6209218225489,0
                6.261721,43.599406,0
                6.276677,43.596122,0
                6.283141,43.596777,0
                6.295041,43.59289,0
                6.315126,43.582037,0
                6.320326,43.580879,0
                6.337219,43.572047,0
                6.344239,43.56995,0
                6.351604,43.569316,0
                6.377293,43.559577,0
                6.390126,43.557328,0
                6.399362,43.557189,0
                6.40764,43.560041,0
                6.40773576934623,43.5600492703218,0
                6.413478,43.560545,0
                6.418097,43.563811,0
                6.42128,43.563889,0
                6.427302,43.558392,0
                6.440878,43.551044,0
                6.451692,43.546847,0
                6.467837,43.545065,0
                6.475686,43.551962,0
                6.483406,43.556667,0
                6.492385,43.574985,0
                6.502114,43.577804,0
                6.50876,43.578397,0
                6.516471,43.583937,0
                6.541303,43.593482,0
                6.553631,43.599856,0
                6.55650830826017,43.6030596091339,0
                6.556991,43.603597,0
                6.558909,43.613129,0
                6.562064,43.61527,0
                6.573268,43.618493,0
                6.581162,43.622356,0
                6.59208,43.624849,0
                6.599404,43.62793,0
                6.624302,43.629454,0
                6.633966,43.62756,0
                6.64334,43.636208,0
                6.650756,43.634179,0
                6.659381,43.628318,0
                6.681828,43.625435,0
                6.686756,43.626241,0
                6.689256,43.629041,0
                6.702543,43.635598,0
                6.704646,43.645594,0
                6.709783,43.651781,0
                6.720188,43.657423,0
                6.735961,43.662917,0
                6.738403,43.665958,0
                6.741392,43.665479,0
                6.743985,43.663069,0
                6.755564,43.663316,0
                6.760502,43.665656,0
                6.761886,43.669067,0
                6.759796,43.673859,0
                6.762109,43.674754,0
                6.762344,43.67749,0
                6.761153,43.68067,0
                6.766983,43.685708,0
                6.764697,43.687353,0
                6.765117,43.688882,0
                6.776322,43.694673,0
                6.781203,43.694617,0
                6.782448,43.693635,0
                6.784411,43.694872,0
                6.786955,43.694388,0
                6.7888,43.697355,0
                6.788223,43.698918,0
                6.790974,43.701034,0
                6.794602,43.699447,0
                6.796592,43.700478,0
                6.800872,43.696516,0
                6.807372,43.694065,0
                6.831816,43.691441,0
                6.837182,43.690066,0
                6.84383,43.686351,0
                6.851833,43.672011,0
                6.851059,43.655233,0
                6.853452,43.651808,0
                6.884303,43.651654,0
                6.894057,43.64886,0
                6.907663,43.656029,0
                6.920201,43.658608,0
                6.925227,43.663769,0
                6.929614,43.663905,0
                6.935397,43.666369,0
                6.952882,43.670412,0
                6.962247,43.677651,0
                6.971124,43.679866,0
                6.992034,43.692086,0
                6.999459,43.698264,0
                7.018216,43.696968,0
                7.033112,43.700814,0
                7.043506,43.699503,0
                7.055663,43.706851,0
                7.086638,43.716221,0
                7.094649,43.72168,0
                7.113556,43.726992,0
                7.11985,43.727534,0
                7.132637,43.733515,0
                7.137328,43.739817,0
                7.142443,43.741779,0
                7.160691,43.740601,0
                7.174715,43.74161,0
                7.179861,43.740916,0
                7.182306,43.739168,0
                7.184851,43.746554,0
                7.197707,43.75958,0
                7.209972,43.769486,0
                7.214816,43.775404,0
                7.215843,43.779796,0
                7.214642,43.787348,0
                7.209178,43.791748,0
                7.203797,43.79901,0
                7.195517,43.803383,0
                7.193687,43.807685,0
                7.189361,43.809644,0
                7.185044,43.815828,0
                7.188302,43.822711,0
                7.188856,43.829663,0
                7.195522,43.842854,0
                7.19531,43.84983,0
                7.197552,43.853161,0
                7.1944,43.85603,0
                7.194405,43.8581,0
                7.197059,43.861726,0
                7.198145,43.868311,0
                7.195201,43.872243,0
                7.191837,43.873226,0
                7.19247,43.876214,0
                7.188445,43.879105,0
                7.190178,43.884345,0
                7.187746,43.888753,0
                7.188012,43.894014,0
                7.190766,43.896539,0
                7.188018,43.900777,0
                7.191565,43.903321,0
                7.195851,43.904013,0
                7.195263,43.907542,0
                7.192891,43.910316,0
                7.188256,43.907995,0
                7.185888,43.911056,0
                7.176142,43.914341,0
                7.169063,43.919425,0
                7.163169,43.919312,0
                7.160859,43.92128,0
                7.155877,43.922173,0
                7.154467,43.924099,0
                7.149737,43.925775,0
                7.147039,43.930656,0
                7.140098,43.934609,0
                7.134554,43.931584,0
                7.127416,43.936089,0
                7.123916,43.936396,0
                7.119642,43.933119,0
                7.116819,43.933006,0
                7.116457,43.931241,0
                7.112965,43.932022,0
                7.108405,43.929849,0
                7.095475,43.927779,0
                7.090341,43.930044,0
                7.086883,43.934986,0
                7.08173,43.93674,0
                7.073992,43.93371,0
                7.06917,43.935401,0
                7.066205,43.933356,0
                7.062033,43.937261,0
                7.059734,43.937388,0
                7.056247,43.941344,0
                7.029143,43.944567,0
                7.025171,43.943682,0
                7.023502,43.945112,0
                7.018538,43.944305,0
                7.01415,43.946204,0
                7.009644,43.946061,0
                7.004523,43.943711,0
                6.99814,43.946177,0
                6.989542,43.945251,0
                6.986759,43.949045,0
                6.983467,43.949918,0
                6.976604,43.947349,0
                6.96321,43.947337,0
                6.954731,43.95113,0
                6.942971,43.950688,0
                6.937568,43.953128,0
                6.928044,43.953774,0
                6.920518,43.951944,0
                6.914207,43.95487,0
                6.906306,43.951703,0
                6.895895,43.954907,0
                6.88216,43.951337,0
                6.874199,43.952783,0
                6.871396,43.954509,0
                6.869017,43.95368,0
                6.852219,43.955255,0
                6.839554,43.952379,0
                6.823794,43.952704,0
                6.810269,43.949351,0
                6.809876,43.951197,0
                6.804571,43.953915,0
                6.801541,43.9578,0
                6.779149,43.966579,0
                6.777053,43.970509,0
                6.768036,43.970278,0
                6.757125,43.966487,0
                6.750369,43.966452,0
                6.744847,43.96455,0
                6.737613,43.961179,0
                6.735374,43.958311,0
                6.710466,43.95898,0
                6.696264,43.956186,0
                6.694351,43.95754,0
                6.68392,43.955558,0
                6.689652,43.944421,0
                6.687453,43.937496,0
                6.677868,43.935871,0
                6.665204,43.928909,0
                6.650682,43.932521,0
                6.645039,43.931496,0
                6.643614,43.929798,0
                6.639912,43.931344,0
                6.635321,43.930867,0
                6.628292,43.928489,0
                6.607667,43.915683,0
                6.605332,43.911594,0
                6.595273,43.910509,0
                6.582155,43.913995,0
                6.569681,43.912798,0
                6.559299,43.914848,0
                6.557113,43.913064,0
                6.55294,43.912979,0
                6.542953,43.909412,0
                6.540935,43.907135,0
                6.54008,43.902943,0
                6.541373,43.902065,0
                6.539712,43.901932,0
                6.536797,43.895496,0
                6.539484,43.895317,0
                6.534241,43.89159,0
                6.537566,43.890003,0
                6.537984,43.888073,0
                6.536371,43.887417,0
                6.540042,43.883343,0
                6.539079,43.882397,0
                6.541787,43.880836,0
                6.539982,43.879791,0
                6.541742,43.878368,0
                6.537402,43.878544,0
                6.530087,43.875355,0
                6.51878,43.874088,0
                6.521643,43.875607,0
                6.52355,43.87466,0
                6.525829,43.876259,0
                6.523718,43.876984,0
                6.526388,43.878643,0
                6.524943,43.881138,0
                6.525793,43.882393,0
                6.521513,43.883232,0
                6.525284,43.883663,0
                6.53091,43.881615,0
                6.529643,43.885899,0
                6.533622,43.886154,0
                6.532936,43.888836,0
                6.529671,43.890694,0
                6.52665,43.889591,0
                6.529843,43.893147,0
                6.529917,43.895554,0
                6.527593,43.896149,0
                6.531976,43.898956,0
                6.531612,43.901531,0
                6.529979,43.902496,0
                6.531439,43.902767,0
                6.533936,43.907791,0
                6.529791,43.91172,0
                6.531655,43.914387,0
                6.528966,43.920734,0
                6.5307,43.925735,0
                6.528955,43.93129,0
                6.529462,43.936081,0
                6.527515,43.938236,0
                6.524596,43.938629,0
                6.517224,43.942806,0
                6.509777,43.955437,0
                6.512021,43.955463,0
                6.514306,43.959302,0
                6.514291,43.963727,0
                6.521724,43.971447,0
                6.526108,43.972206,0
                6.528526,43.974249,0
                6.531803,43.980403,0
                6.535693,43.983541,0
                6.536038,43.986028,0
                6.54019,43.989331,0
                6.540682,43.993302,0
                6.544818,43.996631,0
                6.546213,43.999757,0
                6.548719,44.000886,0
                6.549693,44.003523,0
                6.559004,44.005893,0
                6.560224,44.007199,0
                6.561581,44.014034,0
                6.555317,44.022929,0
                6.554994,44.028165,0
                6.560153,44.031953,0
                6.563075,44.03753,0
                6.563753,44.044145,0
                6.565526,44.044263,0
                6.572403,44.053019,0
                6.571932,44.056168,0
                6.575817,44.060316,0
                6.57294,44.066375,0
                6.573581,44.068124,0
                6.571392,44.069734,0
                6.572898,44.071766,0
                6.572086,44.074131,0
                6.56923,44.075693,0
                6.566512,44.080588,0
                6.56204,44.083963,0
                6.564889,44.090477,0
                6.564285,44.095279,0
                6.573589,44.102795,0
                6.574694,44.105229,0
                6.577181,44.105336,0
                6.58087,44.108165,0
                6.579588,44.115029,0
                6.58141,44.130165,0
                6.58911,44.133714,0
                6.589929,44.136065,0
                6.592941,44.138178,0
                6.598276,44.147191,0
                6.598764,44.151161,0
                6.603529,44.154588,0
                6.605152,44.158711,0
                6.608347,44.159845,0
                6.61141,44.162937,0
                6.6113,44.16561,0
                6.61674,44.17138,0
                6.619266,44.17811,0
                6.623218,44.178503,0
                6.62484,44.182033,0
                6.631297,44.184396,0
                6.633588,44.189228,0
                6.632211,44.193569,0
                6.63627,44.198251,0
                6.634873,44.200105,0
                6.636554,44.209155,0
                6.63559,44.21572,0
                6.620211,44.243384,0
                6.617645,44.244856,0
                6.606986,44.245536,0
                6.601832,44.24762,0
                6.594733,44.254485,0
                6.584253,44.260058,0
                6.579622,44.26535,0
                6.576801,44.274573,0
                6.571635,44.281917,0
                6.573083,44.285513,0
                6.570749,44.287998,0
                6.56962,44.295617,0
                6.583119,44.29929,0
                6.599941,44.29691,0
                6.606195,44.300433,0
                6.607576,44.318982,0
                6.611392,44.320764,0
                6.61204,44.322356,0
                6.615406,44.322989,0
                6.61312,44.327823,0
                6.613426,44.332034,0
                6.616753,44.338432,0
                6.619829,44.340896,0
                6.620824,44.350052,0
                6.624577,44.354885,0
                6.624647,44.359017,0
                6.626729,44.362199,0
                6.626188,44.375359,0
                6.618348,44.385304,0
                6.614116,44.384919,0
                6.609691,44.382602,0
                6.603831,44.383045,0
                6.593953,44.387143,0
                6.590174,44.387343,0
                6.588509,44.389631,0
                6.579473,44.388562,0
                6.571592,44.39169,0
                6.562767,44.39119,0
                6.550646,44.39331,0
                6.548375,44.395016,0
                6.54246,44.395854,0
                6.539619,44.397565,0
                6.531038,44.39679,0
                6.52555,44.399147,0
                6.519492,44.39913,0
                6.515527,44.400474,0
                6.503548,44.399042,0
                6.496366,44.399608,0
                6.493579,44.397779,0
                6.483517,44.396005,0
                6.480869,44.397862,0
                6.476621,44.397885,0
                6.474967,44.400526,0
                6.472091,44.39914,0
                6.468732,44.402902,0
                6.464978,44.403701,0
                6.455916,44.409169,0
                6.453672,44.413395,0
                6.449566,44.41289,0
                6.448162,44.419446,0
                6.445469,44.421197,0
                6.444904,44.423332,0
                6.437419,44.429074,0
                6.435215,44.429405,0
                6.435796,44.430452,0
                6.431513,44.433613,0
                6.419183,44.438856,0
                6.41353,44.446325,0
                6.40773576934624,44.4482282247993,0
                6.4021,44.450079,0
                6.397277,44.44959,0
                6.392131,44.453175,0
                6.386564,44.452644,0
                6.383792,44.455472,0
                6.371523,44.458183,0
                6.368956,44.460041,0
                6.368165,44.458464,0
                6.36529,44.458967,0
                6.364634,44.457733,0
                6.364369,44.459237,0
                6.362403,44.457789,0
                6.359383,44.460028,0
                6.351389,44.459411,0
                6.351177,44.45565,0
                6.348016,44.459995,0
                6.344485,44.461402,0
                6.341282,44.460169,0
                6.334261,44.461434,0
                6.333275,44.459466,0
                6.331389,44.46168,0
                6.323203,44.46181,0
                6.316945,44.46412,0
                6.315869,44.462301,0
                6.314428,44.465102,0
                6.311868,44.464981,0
                6.312142,44.463465,0
                6.309543,44.463054,0
                6.309956,44.465658,0
                6.307786,44.465501,0
                6.30574,44.467312,0
                6.304216,44.466608,0
                6.297351,44.471749,0
                6.29575,44.471358,0
                6.297067,44.467109,0
                6.293694,44.472366,0
                6.290163,44.472926,0
                6.283271,44.470056,0
                6.283277,44.471563,0
                6.279283,44.472494,0
                6.266589,44.466443,0
                6.235007,44.463976,0
                6.226832,44.462496,0
                6.22048,44.459643,0
                6.208132,44.460528,0
                6.20205,44.459498,0
                6.18005,44.461142,0
                6.174568,44.462677,0
                6.154857,44.462084,0
                6.147733,44.463348,0
                6.144087,44.465908,0
                6.130628,44.467793,0
                6.128895,44.469866,0
                6.122796,44.470565,0
                6.118469,44.472463,0
                6.115008,44.475821,0
                6.107011,44.475128,0
                6.102544,44.472095,0
                6.097413,44.475632,0
                6.08685,44.477602,0
                6.081218,44.475803,0
                6.079416,44.472802,0
                6.076794,44.471454,0
                6.076229,44.466652,0
                6.074552,44.465246,0
                6.068232,44.464991,0
                6.062975,44.467058,0
                6.060053,44.466785,0
                6.060666,44.460381,0
                6.056307,44.454207,0
                6.055052,44.447782,0
                6.039687,44.441305,0
                6.036928,44.438682,0
                6.030178,44.435863,0
                6.026802,44.435685,0
                6.025672,44.433712,0
                6.027924,44.431472,0
                6.027859,44.429483,0
                6.01802,44.418008,0
                6.001356,44.416491,0
                5.99564,44.412261,0
                5.980695,44.408724,0
                5.977739,44.409035,0
                5.969303,44.40407,0
                5.966811,44.400584,0
                5.960294,44.398,0
                5.951566,44.391778,0
                5.946968,44.386302,0
                5.945464,44.379689,0
                5.94053,44.373957,0
                5.939246,44.368415,0
                5.942703,44.365891,0
                5.940455,44.360982,0
                5.937531,44.358415,0
                5.933377,44.35806,0
                5.929706,44.350686,0
                5.922046,44.347065,0
                5.919091,44.341925,0
                5.919239,44.338989,0
                5.912673,44.337233,0
                5.907652,44.339368,0
                5.903954,44.339144,0
                5.90259,44.33682,0
                5.905299,44.328456,0
                5.894217,44.322098,0
                5.896081,44.318617,0
                5.901973,44.316031,0
                5.90626,44.312237,0
                5.911247,44.310459,0
                5.914053,44.310814,0
                5.915488,44.312897,0
                5.92223,44.316048,0
                5.925613,44.314725,0
                5.924437,44.312623,0
                5.925823,44.306327,0
                5.92251,44.301329,0
                5.926306,44.297954,0
                5.927185,44.294043,0
                5.923839,44.291184,0
                5.91656,44.291273,0
                5.91384,44.289462,0
                5.913281,44.287534,0
                5.91667,44.280006,0
                5.912828,44.277081,0
                5.911414,44.273477,0
                5.915332,44.268892,0
                5.926534,44.265711,0
                5.925521,44.262035,0
                5.921514,44.25891,0
                5.919523,44.255079,0
                5.923362,44.244321,0
                5.920924,44.240903,0
                5.921836,44.237616,0
                5.927746,44.234742,0
                5.932183,44.230606,0
                5.925796,44.222309,0
                5.927549,44.21939,0
                5.926067,44.21739,0
                5.928339,44.215333,0
                5.935218,44.215039,0
                5.936694,44.212552,0
                5.940814,44.210835,0
                5.943138,44.20669,0
                5.94316,44.201869,0
                5.924828,44.202259,0
                5.91886,44.201131,0
                5.912191,44.205741,0
                5.904053,44.207435,0
                5.883855,44.208274,0
                5.881725,44.213043,0
                5.875206,44.217086,0
                5.872268,44.23005,0
                5.869191,44.232817,0
                5.864585,44.232899,0
                5.861952,44.234597,0
                5.8604,44.246011,0
                5.847427,44.250224,0
                5.845155,44.252622,0
                5.841369,44.253135,0
                5.836465,44.257704,0
                5.831642,44.258847,0
                5.824979,44.263032,0
                5.817873,44.26381,0
                5.818481,44.267853,0
                5.81703,44.269326,0
                5.811313,44.269588,0
                5.799824,44.275887,0
                5.793997,44.276603,0
                5.791812,44.278398,0
                5.789151,44.276642,0
                5.787684,44.277764,0
                5.789708,44.278253,0
                5.789177,44.279389,0
                5.782153,44.278672,0
                5.78483,44.275533,0
                5.784384,44.274233,0
                5.782308,44.275205,0
                5.775254,44.270436,0
                5.776375,44.267758,0
                5.773122,44.265378,0
                5.770498,44.266954,0
                5.768816,44.264395,0
                5.765891,44.26607,0
                5.763664,44.264119,0
                5.762137,44.268342,0
                5.759056,44.266385,0
                5.7556,44.266297,0
                5.753658,44.264114,0
                5.751826,44.264489,0
                5.749718,44.261348,0
                5.744121,44.260415,0
                5.741747,44.258371,0
                5.738854,44.25964,0
                5.733933,44.257996,0
                5.72861,44.259695,0
                5.723574,44.259227,0
                5.722704,44.255861,0
                5.719061,44.253418,0
                5.718824,44.251293,0
                5.712542,44.25016,0
                5.71062,44.245318,0
                5.708234,44.243825,0
                5.7057,44.244252,0
                5.702336,44.248415,0
                5.699277,44.246201,0
                5.694952,44.247769,0
                5.676957,44.243944,0
                5.667832,44.247739,0
                5.666963,44.245752,0
                5.664197,44.246874,0
                5.6639,44.244252,0
                5.659113,44.243098,0
                5.65716,44.244581,0
                5.654865,44.241973,0
                5.65078,44.243331,0
                5.64652,44.242065,0
                5.643556,44.239619,0
                5.637933,44.240461,0
                5.633176,44.236961,0
                5.631397,44.23061,0
                5.625175,44.224219,0
                5.617955,44.223157,0
                5.617467,44.221239,0
                5.614513,44.221748,0
                5.612207,44.219621,0
                5.597012,44.221181,0
                5.594071,44.219721,0
                5.590967,44.220382,0
                5.588252,44.21911,0
                5.586262,44.219789,0
                5.577508,44.217777,0
                5.574758,44.219193,0
                5.569467,44.216636,0
                5.568891,44.21752,0
                5.55789,44.217918,0
                5.553913,44.221126,0
                5.548768,44.221906,0
                5.542046,44.215162,0
                5.539503,44.214493,0
                5.537342,44.210798,0
                5.537125,44.20405,0
                5.539836,44.198473,0
                5.538307,44.19497,0
                5.538248,44.187333,0
                5.532805,44.18318,0
                5.527851,44.181554,0
                5.513337,44.183166,0
                5.507335,44.180738,0
                5.502104,44.181299,0
                5.496348,44.179143,0
                5.480727,44.187506,0
                5.474587,44.187795,0
                5.456207,44.183657,0
                5.448995,44.180221,0
                5.444573,44.174862,0
                5.434063,44.175151,0
                5.426559,44.166652,0
                5.423546,44.166011,0
                5.404069,44.172862,0
                5.397908,44.177643,0
                5.388757,44.181893,0
                5.371037,44.180885,0
                5.367069,44.182895,0
                5.361241,44.181993,0
                5.357922,44.184188,0
                5.351314,44.183228,0
                5.347675,44.185822,0
                5.344691,44.185695,0
                5.342287,44.188184,0
                5.336744,44.187107,0
                5.334268,44.190344,0
                5.331881,44.18996,0
                5.328874,44.193107,0
                5.323014,44.194403,0
                5.318085,44.193459,0
                5.30681,44.198699,0
                5.303644,44.198357,0
                5.301558,44.199987,0
                5.29806,44.200194,0
                5.272803,44.212685,0
                5.257153,44.211844,0
                5.254901,44.213573,0
                5.243016,44.214775,0
                5.242087,44.213184,0
                5.23937,44.214746,0
                5.239072,44.213326,0
                5.236418,44.212744,0
                5.231839,44.213742,0
                5.230322,44.21177,0
                5.226137,44.215038,0
                5.221699,44.213059,0
                5.215613,44.215104,0
                5.204292,44.214756,0
                5.201635,44.216935,0
                5.198872,44.216569,0
                5.189824,44.219804,0
                5.18497,44.218613,0
                5.18288,44.22015,0
                5.181215,44.219051,0
                5.175933,44.220357,0
                5.167848,44.22546,0
                5.166749,44.225827,0
                5.166023,44.224674,0
                5.161735,44.227423,0
                5.159302,44.232824,0
                5.156223,44.233165,0
                5.154456,44.234883,0
                5.152214,44.232862,0
                5.149394,44.23565,0
                5.151847,44.238534,0
                5.149936,44.238769,0
                5.140071,44.235053,0
                5.139076,44.23065,0
                5.153766,44.221348,0
                5.148103,44.219309,0
                5.145104,44.21107,0
                5.136776,44.205403,0
                5.135615,44.197974,0
                5.139948,44.194784,0
                5.146428,44.192637,0
                5.16752,44.190773,0
                5.169598,44.189191,0
                5.169279,44.18585,0
                5.160461,44.180131,0
                5.146486,44.177238,0
                5.137874,44.178401,0
                5.127032,44.182365,0
                5.124399,44.182679,0
                5.118437,44.180931,0
                5.114677,44.182511,0
                5.113481,44.184883,0
                5.115535,44.191685,0
                5.113245,44.198208,0
                5.10649,44.204885,0
                5.101098,44.206178,0
                5.101567,44.208484,0
                5.096617,44.209149,0
                5.09298,44.211366,0
                5.088584,44.221143,0
                5.089946,44.223373,0
                5.087297,44.226847,0
                5.087885,44.230089,0
                5.08014,44.236209,0
                5.070207,44.237296,0
                5.05986884626412,44.2354561274978,0
              </coordinates>
            </LinearRing>
          </outerBoundaryIs>
        </Polygon>
      </Placemark>
      <Placemark>
        <name>4</name>
        <description><![CDATA[SOIUSA SUBDIVISIONS 36 SECTIONS<br> Number = 4<br> Code = SZ.4<br> Name = Alpi Cozie - Alpes Cottiennes<br> Perimeter = 479.86 km<br> Enclosed_Area = 6396.4 sq km<br> Island_Area = <br> Capleymar-Homoalpinus = https://www.homoalpinus.com/alpes/subdivisions/soiusa/<br> Created_By = Capleymar]]></description>
        <styleUrl>#poly-FFCF75-1000-153</styleUrl>
        <Polygon>
          <outerBoundaryIs>
            <LinearRing>
              <tessellate>1</tessellate>
              <coordinates>
                6.56944349618426,44.8112768057825,0
                6.567945,44.811025,0
                6.56307,44.807747,0
                6.560853,44.803247,0
                6.562039,44.79857,0
                6.559838,44.796771,0
                6.560975,44.792469,0
                6.558055,44.784475,0
                6.560342,44.779336,0
                6.559227,44.77511,0
                6.561962,44.767529,0
                6.570236,44.759679,0
                6.573916,44.751173,0
                6.581543,44.741255,0
                6.579649,44.734372,0
                6.584065,44.72645,0
                6.58532,44.720889,0
                6.588735,44.718303,0
                6.588782,44.715557,0
                6.592916,44.71326,0
                6.593293,44.709273,0
                6.601123,44.704951,0
                6.607696,44.696969,0
                6.604741,44.690836,0
                6.607636,44.685994,0
                6.607505,44.678487,0
                6.605133,44.669239,0
                6.602122,44.668138,0
                6.600125,44.663876,0
                6.594842,44.66078,0
                6.594548,44.656517,0
                6.591696,44.655335,0
                6.588785,44.655945,0
                6.582966,44.649974,0
                6.581193,44.647703,0
                6.582031,44.642673,0
                6.575355,44.639291,0
                6.576297,44.637526,0
                6.572071,44.631551,0
                6.56822,44.632596,0
                6.567078,44.631614,0
                6.559941,44.63116,0
                6.558268,44.629004,0
                6.552143,44.629837,0
                6.545566,44.617807,0
                6.541049,44.615625,0
                6.540748,44.610961,0
                6.536719,44.605113,0
                6.536589,44.600982,0
                6.532752,44.594364,0
                6.522179,44.58819,0
                6.522313,44.585036,0
                6.516722,44.583235,0
                6.517615,44.581238,0
                6.514173,44.5774,0
                6.514516,44.576243,0
                6.518798,44.574711,0
                6.517919,44.568009,0
                6.513191,44.564139,0
                6.512397,44.560979,0
                6.495115,44.553527,0
                6.487933,44.552748,0
                6.482886,44.549334,0
                6.477169,44.5477,0
                6.477762,44.544335,0
                6.467487,44.538678,0
                6.459544,44.538579,0
                6.448347,44.540688,0
                6.439455,44.539971,0
                6.43526,44.538434,0
                6.429665,44.531315,0
                6.425035,44.528721,0
                6.411601,44.529042,0
                6.411366,44.528138,0
                6.409883,44.529122,0
                6.40773576934623,44.528240926636,0
                6.407502,44.528145,0
                6.404802,44.529175,0
                6.400555,44.527138,0
                6.399218,44.527642,0
                6.400249,44.525208,0
                6.398197,44.526272,0
                6.397008,44.523381,0
                6.390667,44.520371,0
                6.38496,44.521256,0
                6.380518,44.51878,0
                6.372355,44.520329,0
                6.367231,44.517876,0
                6.362142,44.51833,0
                6.358811,44.516465,0
                6.357894,44.517113,0
                6.35704,44.51545,0
                6.35582,44.515855,0
                6.348868,44.511662,0
                6.346976,44.511632,0
                6.343091,44.508084,0
                6.343293,44.506673,0
                6.339166,44.506577,0
                6.336454,44.503861,0
                6.335218,44.505711,0
                6.330587,44.504311,0
                6.331737,44.502831,0
                6.329104,44.502804,0
                6.328049,44.499428,0
                6.324576,44.499093,0
                6.326906,44.496365,0
                6.322906,44.497731,0
                6.317738,44.494965,0
                6.317028,44.492631,0
                6.315082,44.493508,0
                6.313166,44.48547,0
                6.307155,44.481309,0
                6.308574,44.475991,0
                6.312519,44.473267,0
                6.314286,44.469815,0
                6.321448,44.466275,0
                6.32162,44.467061,0
                6.322871,44.466111,0
                6.324675,44.466595,0
                6.326703,44.468491,0
                6.326958,44.467248,0
                6.329837,44.466721,0
                6.329837,44.467637,0
                6.330799,44.466157,0
                6.332797,44.466897,0
                6.332675,44.465356,0
                6.33578,44.4656,0
                6.3377,44.467328,0
                6.339574,44.466569,0
                6.340381,44.468804,0
                6.341403,44.466344,0
                6.346386,44.466092,0
                6.346516,44.467297,0
                6.35038,44.465825,0
                6.35029,44.466981,0
                6.352313,44.466752,0
                6.351691,44.464841,0
                6.358758,44.464409,0
                6.362735,44.462613,0
                6.368195,44.462693,0
                6.374018,44.459012,0
                6.376507,44.459321,0
                6.381159,44.456734,0
                6.384513,44.456666,0
                6.386443,44.453347,0
                6.391343,44.45382,0
                6.397277,44.449588,0
                6.4021,44.450077,0
                6.40773576934624,44.4482252387272,0
                6.41353,44.446321,0
                6.419183,44.438853,0
                6.431513,44.43361,0
                6.435796,44.430449,0
                6.435215,44.429402,0
                6.437419,44.429072,0
                6.444904,44.42333,0
                6.445469,44.421194,0
                6.448162,44.419443,0
                6.449566,44.412887,0
                6.453672,44.413392,0
                6.455916,44.409165,0
                6.464978,44.403698,0
                6.468732,44.402898,0
                6.472091,44.399137,0
                6.474967,44.400523,0
                6.47662,44.397882,0
                6.480869,44.39786,0
                6.483517,44.396003,0
                6.493579,44.397777,0
                6.496366,44.399605,0
                6.503548,44.399039,0
                6.515527,44.400471,0
                6.519492,44.399127,0
                6.525549,44.399144,0
                6.531037,44.396788,0
                6.539619,44.397562,0
                6.542459,44.395851,0
                6.548375,44.395013,0
                6.550646,44.393306,0
                6.562767,44.391187,0
                6.571592,44.391689,0
                6.579472,44.388559,0
                6.588509,44.389627,0
                6.590174,44.387339,0
                6.593953,44.387139,0
                6.60383,44.383042,0
                6.609691,44.382599,0
                6.615415,44.3853,0
                6.629413,44.386149,0
                6.642137,44.386071,0
                6.658336,44.383847,0
                6.669824,44.389798,0
                6.682211,44.389455,0
                6.686465,44.390742,0
                6.690834,44.392896,0
                6.695843,44.398932,0
                6.698892,44.398757,0
                6.702873,44.400918,0
                6.708775,44.401316,0
                6.715584,44.404429,0
                6.719061,44.40427,0
                6.725983,44.406556,0
                6.72725,44.408497,0
                6.729517,44.408822,0
                6.729014,44.411226,0
                6.731494,44.415537,0
                6.736501,44.41754,0
                6.738454,44.41968,0
                6.738878,44.424548,0
                6.73694,44.429304,0
                6.744481,44.434714,0
                6.744881,44.439687,0
                6.742645,44.441116,0
                6.743369,44.445531,0
                6.741822,44.450333,0
                6.748727,44.456845,0
                6.749652,44.459569,0
                6.759987,44.468772,0
                6.760454,44.471262,0
                6.764167,44.471991,0
                6.769502,44.475341,0
                6.774109,44.474867,0
                6.785577,44.476304,0
                6.797472,44.474854,0
                6.806783,44.469917,0
                6.815523,44.467746,0
                6.821611,44.461503,0
                6.828782,44.458438,0
                6.83441,44.453885,0
                6.847822,44.448265,0
                6.874755,44.429812,0
                6.878564,44.428268,0
                6.882426,44.429153,0
                6.892477,44.426816,0
                6.904318,44.416256,0
                6.913864,44.411507,0
                6.916295,44.408428,0
                6.919613,44.407084,0
                6.926528,44.398082,0
                6.943636,44.393742,0
                6.94882,44.393582,0
                6.959676,44.389779,0
                6.963253,44.386667,0
                6.963634,44.383198,0
                6.968643,44.379733,0
                6.972584,44.373429,0
                6.978755,44.372354,0
                6.987204,44.36731,0
                6.995744,44.358988,0
                6.9976,44.358068,0
                7.001201,44.359214,0
                7.008203,44.359146,0
                7.014203,44.352771,0
                7.017866,44.352312,0
                7.019091,44.348094,0
                7.029802,44.345437,0
                7.031978,44.343368,0
                7.035557,44.342626,0
                7.040618,44.343646,0
                7.044403,44.342027,0
                7.060633,44.339803,0
                7.070308,44.33669,0
                7.084103,44.329303,0
                7.08809,44.324166,0
                7.101076,44.314923,0
                7.111364,44.304233,0
                7.117881,44.301025,0
                7.123185,44.299718,0
                7.141017,44.29899,0
                7.144396,44.301161,0
                7.162497,44.305669,0
                7.171272,44.302451,0
                7.182994,44.303631,0
                7.187672,44.305525,0
                7.193147,44.311153,0
                7.200928,44.310891,0
                7.207361,44.309244,0
                7.218999,44.310788,0
                7.224564,44.30991,0
                7.240323,44.311217,0
                7.247763,44.314744,0
                7.257462,44.313927,0
                7.260081,44.315271,0
                7.265552,44.313407,0
                7.268248,44.313778,0
                7.283546,44.30769,0
                7.29525,44.306115,0
                7.302198,44.306527,0
                7.307703,44.30504,0
                7.315819,44.306833,0
                7.323816,44.304561,0
                7.328841,44.30835,0
                7.351381,44.306528,0
                7.358033,44.308348,0
                7.36853,44.307098,0
                7.377521,44.310299,0
                7.381157,44.310346,0
                7.38136,44.312193,0
                7.386757,44.315163,0
                7.391333,44.314782,0
                7.39237,44.31675,0
                7.394706,44.316887,0
                7.400558,44.320556,0
                7.402822,44.324636,0
                7.406961,44.327905,0
                7.413753,44.328573,0
                7.416892,44.332369,0
                7.417311,44.336739,0
                7.420684,44.338577,0
                7.423074,44.336919,0
                7.426907,44.337462,0
                7.421882,44.340565,0
                7.423613,44.34343,0
                7.429315,44.344732,0
                7.432596,44.341947,0
                7.431455,44.339801,0
                7.436424,44.341438,0
                7.444172,44.338579,0
                7.456478,44.340452,0
                7.459925,44.339289,0
                7.466157,44.34063,0
                7.466146,44.344697,0
                7.475745,44.347259,0
                7.479328,44.351076,0
                7.480566,44.355767,0
                7.471545,44.366588,0
                7.47232,44.370559,0
                7.476014,44.374014,0
                7.476027,44.37579,0
                7.468536,44.379965,0
                7.464357,44.385444,0
                7.459773,44.385859,0
                7.450428,44.38956,0
                7.443886,44.389969,0
                7.437342,44.38826,0
                7.429705,44.391145,0
                7.425623,44.39116,0
                7.424515,44.392958,0
                7.425571,44.397476,0
                7.423855,44.399762,0
                7.410649,44.40428,0
                7.407806,44.407242,0
                7.404297,44.413391,0
                7.404866,44.417439,0
                7.407675,44.417546,0
                7.41336,44.420434,0
                7.417471,44.416693,0
                7.421171,44.416041,0
                7.422126,44.413273,0
                7.427375,44.417868,0
                7.43055,44.418189,0
                7.43238,44.419746,0
                7.425669,44.429402,0
                7.421542,44.433046,0
                7.418883,44.432629,0
                7.412245,44.435874,0
                7.410873,44.44142,0
                7.40495,44.446854,0
                7.400592,44.448084,0
                7.39207,44.446532,0
                7.387651,44.447218,0
                7.380989,44.452047,0
                7.379662,44.457008,0
                7.367848,44.458663,0
                7.364528,44.464439,0
                7.365703,44.467487,0
                7.370276,44.467257,0
                7.378706,44.471017,0
                7.381298,44.474576,0
                7.384722,44.475565,0
                7.388531,44.479808,0
                7.393211,44.482486,0
                7.399975,44.482848,0
                7.415749,44.480316,0
                7.418263,44.489475,0
                7.423654,44.494196,0
                7.426129,44.495116,0
                7.433302,44.494606,0
                7.44409,44.497118,0
                7.441367,44.499747,0
                7.446424,44.505406,0
                7.461338,44.507549,0
                7.470246,44.515662,0
                7.471656,44.519926,0
                7.470369,44.525645,0
                7.472065,44.528156,0
                7.480691,44.534133,0
                7.48641,44.546222,0
                7.48625,44.557227,0
                7.489392,44.563038,0
                7.482332,44.568433,0
                7.479474,44.580503,0
                7.480103,44.58537,0
                7.485787,44.596308,0
                7.486328,44.59978,0
                7.484554,44.604011,0
                7.4855,44.607144,0
                7.48961,44.611053,0
                7.493688,44.619658,0
                7.494931,44.643838,0
                7.492061,44.646889,0
                7.485693,44.649019,0
                7.480401,44.648848,0
                7.475442,44.646449,0
                7.470184,44.640337,0
                7.462654,44.638126,0
                7.456221,44.63208,0
                7.450069,44.630778,0
                7.448037,44.631468,0
                7.446172,44.635127,0
                7.442033,44.636816,0
                7.408812,44.631578,0
                7.401763,44.629449,0
                7.388979,44.629675,0
                7.382608,44.632146,0
                7.377929,44.637354,0
                7.377683,44.640468,0
                7.384707,44.651427,0
                7.392201,44.656041,0
                7.38741,44.664191,0
                7.37568,44.671489,0
                7.372987,44.676237,0
                7.370932,44.683039,0
                7.371291,44.706106,0
                7.369825,44.714376,0
                7.367879,44.715505,0
                7.358235,44.715083,0
                7.351827,44.716631,0
                7.349355,44.723294,0
                7.344717,44.728206,0
                7.330267,44.725732,0
                7.320767,44.727219,0
                7.317307,44.728998,0
                7.310491,44.738311,0
                7.305831,44.76273,0
                7.30368058884853,44.7666134588181,0
                7.30037,44.772591,0
                7.296759,44.783269,0
                7.288404,44.795446,0
                7.288517,44.801014,0
                7.27965,44.804674,0
                7.274484,44.809767,0
                7.274002,44.811888,0
                7.276221,44.814361,0
                7.281907,44.811931,0
                7.28968,44.81051,0
                7.295703,44.812034,0
                7.306947,44.818168,0
                7.308663,44.821464,0
                7.308931,44.828165,0
                7.30383,44.830755,0
                7.302573,44.832954,0
                7.304116,44.840659,0
                7.298537,44.848576,0
                7.302514,44.854524,0
                7.30148,44.858835,0
                7.297149,44.862458,0
                7.30317,44.867734,0
                7.296455,44.878219,0
                7.299007,44.88518,0
                7.311983,44.888586,0
                7.32591,44.889602,0
                7.337295,44.89596,0
                7.345402,44.897194,0
                7.354685,44.896714,0
                7.359311,44.898427,0
                7.359067,44.899926,0
                7.352121,44.902859,0
                7.350901,44.906797,0
                7.347737,44.909023,0
                7.337576,44.911429,0
                7.331456,44.925145,0
                7.339742,44.932966,0
                7.341206,44.936972,0
                7.344818,44.939268,0
                7.350664,44.941473,0
                7.361352,44.940901,0
                7.369426,44.942274,0
                7.37469,44.948224,0
                7.374189,44.952919,0
                7.381865,44.957434,0
                7.378909,44.962272,0
                7.372238,44.967739,0
                7.374329,44.976382,0
                7.368681,44.979725,0
                7.370324,44.983977,0
                7.373358,44.985136,0
                7.383149,44.985154,0
                7.423552,44.981111,0
                7.43297,44.983842,0
                7.441627,44.984734,0
                7.450721,44.982198,0
                7.455413,44.988357,0
                7.461912,44.991151,0
                7.462707,45.000006,0
                7.459542,45.00471,0
                7.445013,45.013714,0
                7.445806,45.02533,0
                7.442521,45.028002,0
                7.43267,45.031131,0
                7.422372,45.036789,0
                7.397011,45.052927,0
                7.391958,45.069763,0
                7.388121,45.071745,0
                7.381976,45.071135,0
                7.377871,45.075753,0
                7.371316,45.079378,0
                7.365508,45.088171,0
                7.362743,45.095387,0
                7.365361,45.102294,0
                7.370816,45.104571,0
                7.367712,45.108263,0
                7.354883,45.112012,0
                7.329934,45.110776,0
                7.312457,45.107704,0
                7.30547,45.107548,0
                7.291066,45.113717,0
                7.265865,45.111934,0
                7.252791,45.112681,0
                7.243907,45.115385,0
                7.23202,45.122117,0
                7.223758,45.121215,0
                7.219396,45.123344,0
                7.216458,45.122389,0
                7.213017,45.123644,0
                7.203722,45.123891,0
                7.190582,45.129955,0
                7.171927,45.132546,0
                7.167134,45.131742,0
                7.162811,45.135693,0
                7.154919,45.13638,0
                7.147082,45.13878,0
                7.136394,45.137529,0
                7.126036,45.132906,0
                7.121987,45.132506,0
                7.112105,45.133727,0
                7.100967,45.133126,0
                7.088657,45.137407,0
                7.066938,45.133489,0
                7.060522,45.134811,0
                7.057439,45.136473,0
                7.054977,45.142409,0
                7.043479,45.146323,0
                7.039421,45.145903,0
                7.027623,45.149359,0
                7.018441,45.156452,0
                7.017063,45.16279,0
                7.011888,45.168552,0
                7.01255,45.171857,0
                7.010536,45.175673,0
                7.01338,45.180141,0
                7.012052,45.183603,0
                7.013756,45.18965,0
                7.011001,45.196134,0
                7.00558,45.202255,0
                7.000602,45.204379,0
                6.994733,45.203714,0
                6.983715,45.2054,0
                6.966813,45.205308,0
                6.961664,45.207015,0
                6.957104,45.214091,0
                6.958194,45.225403,0
                6.946172,45.224529,0
                6.940498,45.228715,0
                6.930775,45.22964,0
                6.93008,45.232544,0
                6.926004,45.234814,0
                6.92316,45.233422,0
                6.925245,45.231847,0
                6.921135,45.233062,0
                6.927847,45.230871,0
                6.928868,45.229311,0
                6.926115,45.228618,0
                6.930942,45.225873,0
                6.923352,45.228758,0
                6.921918,45.231429,0
                6.916661,45.234175,0
                6.906685,45.235831,0
                6.904332,45.234307,0
                6.905115,45.236635,0
                6.908636,45.23767,0
                6.906209,45.24146,0
                6.908637,45.250738,0
                6.897945,45.265025,0
                6.89781,45.273139,0
                6.893556,45.283171,0
                6.887266,45.285381,0
                6.869765,45.283796,0
                6.853706,45.28599,0
                6.833398,45.284172,0
                6.826306,45.281288,0
                6.823694,45.277952,0
                6.82005,45.276949,0
                6.81841,45.275017,0
                6.814132,45.275852,0
                6.814193,45.273386,0
                6.816738,45.272623,0
                6.814064,45.270544,0
                6.816656,45.267845,0
                6.813574,45.266285,0
                6.811817,45.263087,0
                6.803661,45.261629,0
                6.800836,45.258806,0
                6.797034,45.253548,0
                6.798844,45.250091,0
                6.797259,45.245444,0
                6.792737,45.243313,0
                6.794449,45.239567,0
                6.791168,45.23833,0
                6.790608,45.236353,0
                6.786561,45.235619,0
                6.786332,45.233869,0
                6.782751,45.231702,0
                6.772728,45.230238,0
                6.767903,45.226021,0
                6.761368,45.223475,0
                6.76101,45.220218,0
                6.756012,45.219271,0
                6.751845,45.215963,0
                6.747624,45.215793,0
                6.745231,45.213097,0
                6.738641,45.210287,0
                6.733185,45.210163,0
                6.729429,45.213729,0
                6.722255,45.213095,0
                6.714922,45.216067,0
                6.70166,45.209671,0
                6.694387,45.210578,0
                6.688835,45.206925,0
                6.678474,45.207247,0
                6.671169,45.203361,0
                6.659443,45.194409,0
                6.652814,45.192448,0
                6.640995,45.191004,0
                6.631508,45.194168,0
                6.625754,45.198508,0
                6.618187,45.196378,0
                6.612395,45.199356,0
                6.604962,45.199921,0
                6.601809,45.199066,0
                6.59908,45.200753,0
                6.594192,45.200882,0
                6.592409,45.202449,0
                6.585256,45.203271,0
                6.579694,45.2059,0
                6.56811,45.207597,0
                6.554661,45.206411,0
                6.52709,45.207198,0
                6.519598,45.208177,0
                6.516017,45.210178,0
                6.508789,45.21147,0
                6.497055,45.212305,0
                6.4963371296055,45.2122128986906,0
                6.479217,45.210015,0
                6.4727,45.216112,0
                6.453159,45.221359,0
                6.449647,45.224478,0
                6.444695,45.223272,0
                6.444323,45.220539,0
                6.441075,45.217614,0
                6.440754,45.21517,0
                6.434516,45.206851,0
                6.434532,45.204086,0
                6.436326,45.202717,0
                6.435403,45.195692,0
                6.433585,45.194027,0
                6.433861,45.191057,0
                6.42805,45.174579,0
                6.431191,45.170644,0
                6.422056,45.161411,0
                6.422534,45.154464,0
                6.420401,45.147598,0
                6.420128,45.137871,0
                6.417041,45.128984,0
                6.418465,45.126271,0
                6.416513,45.12178,0
                6.417082,45.119286,0
                6.423251,45.112594,0
                6.423581,45.104416,0
                6.411495,45.100759,0
                6.403828,45.094936,0
                6.403436,45.093073,0
                6.404593,45.08701,0
                6.403302,45.082383,0
                6.406766,45.080303,0
                6.405909,45.078634,0
                6.408198,45.075492,0
                6.40594,45.067981,0
                6.40802,45.066409,0
                6.408735,45.058362,0
                6.413706,45.052916,0
                6.412599,45.049856,0
                6.415178,45.046705,0
                6.414078,45.045215,0
                6.417459,45.041153,0
                6.416161,45.038818,0
                6.42481,45.03762,0
                6.438556,45.031688,0
                6.445264,45.025075,0
                6.45310378618494,45.0217398923794,0
                6.453952,45.021379,0
                6.462934,45.011678,0
                6.468562,45.010172,0
                6.470069,45.007278,0
                6.4692,45.004479,0
                6.471276,45.001612,0
                6.476735,44.998272,0
                6.480143,44.988126,0
                6.484328,44.984508,0
                6.492875,44.981013,0
                6.497098,44.97695,0
                6.502641,44.974624,0
                6.532144,44.96616,0
                6.538924,44.958756,0
                6.546367,44.955705,0
                6.554792,44.948879,0
                6.567531,44.943504,0
                6.571045,44.9384,0
                6.583627,44.935949,0
                6.585332,44.933162,0
                6.594777,44.927175,0
                6.614435,44.918757,0
                6.621541,44.909546,0
                6.625486,44.90675,0
                6.625786,44.901479,0
                6.63028,44.89754,0
                6.631045,44.894464,0
                6.618804,44.878466,0
                6.618763,44.875704,0
                6.613705,44.872166,0
                6.603745,44.868486,0
                6.603068,44.863617,0
                6.59535,44.86156,0
                6.59144,44.855714,0
                6.583283,44.852613,0
                6.581821,44.845727,0
                6.57909,44.844353,0
                6.580522,44.839226,0
                6.577445,44.830661,0
                6.574968,44.828921,0
                6.5743,44.824683,0
                6.575851,44.82184,0
                6.573522,44.821071,0
                6.575081,44.819402,0
                6.571809,44.81649,0
                6.572681,44.813767,0
                6.570998,44.811538,0
                6.56944349618426,44.8112768057825,0
              </coordinates>
            </LinearRing>
          </outerBoundaryIs>
        </Polygon>
      </Placemark>
      <Placemark>
        <name>5</name>
        <description><![CDATA[SOIUSA SUBDIVISIONS 36 SECTIONS<br> Number = 5<br> Code = SZ.5<br> Name = Alpes du Dauphiné<br> Perimeter = 394.66 km<br> Enclosed_Area = 5116.5 sq km<br> Island_Area = <br> Capleymar-Homoalpinus = https://www.homoalpinus.com/alpes/subdivisions/soiusa/<br> Created_By = Capleymar]]></description>
        <styleUrl>#poly-FFCF75-1000-153</styleUrl>
        <Polygon>
          <outerBoundaryIs>
            <LinearRing>
              <tessellate>1</tessellate>
              <coordinates>
                6.449647,45.224478,0
                6.448909,45.228817,0
                6.442928,45.235015,0
                6.434189,45.23628,0
                6.431396,45.238155,0
                6.430545,45.242539,0
                6.427564,45.243366,0
                6.421213,45.242659,0
                6.403644,45.249854,0
                6.397861,45.249078,0
                6.391485,45.251402,0
                6.385728,45.25872,0
                6.384859,45.264186,0
                6.379449,45.269715,0
                6.372841,45.273506,0
                6.363027,45.276665,0
                6.356359,45.280845,0
                6.353229,45.287307,0
                6.354418,45.296743,0
                6.349988,45.302906,0
                6.338981,45.312351,0
                6.320705,45.320434,0
                6.317442,45.329264,0
                6.303799,45.35167,0
                6.286271,45.360226,0
                6.287316,45.36942,0
                6.274963,45.387561,0
                6.274632,45.408969,0
                6.271878,45.422769,0
                6.272581,45.424648,0
                6.27845,45.428405,0
                6.279096,45.433335,0
                6.28405,45.437555,0
                6.287995,45.447154,0
                6.288222,45.452262,0
                6.290742,45.454019,0
                6.292003,45.457359,0
                6.289253,45.476687,0
                6.306277,45.507038,0
                6.308379,45.50752,0
                6.311977,45.512945,0
                6.314588,45.51996,0
                6.313014,45.53975,0
                6.308517,45.544415,0
                6.301717,45.547286,0
                6.297399,45.551984,0
                6.294305,45.552131,0
                6.287709,45.556828,0
                6.279068,45.560356,0
                6.260267,45.558422,0
                6.250005,45.554232,0
                6.202065,45.563277,0
                6.149809,45.548252,0
                6.088694,45.511617,0
                6.085826,45.508866,0
                6.076622,45.504073,0
                6.059103,45.497877,0
                6.022064,45.475712,0
                6.005742,45.449168,0
                6.004212,45.433221,0
                6.000332,45.426024,0
                6.000995,45.40901,0
                5.982218,45.380599,0
                5.98191,45.369205,0
                5.97511,45.362374,0
                5.966724,45.338381,0
                5.955714,45.323127,0
                5.93347,45.307987,0
                5.927147,45.293209,0
                5.917047,45.286446,0
                5.918952,45.280057,0
                5.910611,45.268512,0
                5.901867,45.266797,0
                5.889783,45.257712,0
                5.879495,45.235185,0
                5.87485,45.234235,0
                5.860246,45.237614,0
                5.856827,45.236804,0
                5.855095,45.230729,0
                5.840601,45.219088,0
                5.832387,45.214157,0
                5.820051,45.202861,0
                5.81141,45.206417,0
                5.803028,45.206363,0
                5.796816,45.204735,0
                5.799196,45.199236,0
                5.792266,45.194966,0
                5.805477,45.190885,0
                5.806016,45.188225,0
                5.80333,45.186869,0
                5.796951,45.189155,0
                5.789661,45.189399,0
                5.781667,45.191545,0
                5.779152,45.198059,0
                5.77533,45.200887,0
                5.771635,45.200253,0
                5.765162,45.196192,0
                5.754877,45.196997,0
                5.751085,45.190129,0
                5.748644,45.188792,0
                5.743996,45.189351,0
                5.742117,45.190827,0
                5.743016,45.197947,0
                5.741502,45.200402,0
                5.738228,45.20204,0
                5.734922,45.201258,0
                5.732877,45.19706,0
                5.729312,45.194429,0
                5.718939,45.192887,0
                5.715854,45.194384,0
                5.71525,45.200449,0
                5.710877,45.204529,0
                5.694454,45.2101,0
                5.684044,45.211894,0
                5.675301,45.215559,0
                5.684812,45.207608,0
                5.697143,45.199879,0
                5.701532,45.191723,0
                5.700648,45.163672,0
                5.697581,45.155081,0
                5.690335,45.150949,0
                5.687668,45.144768,0
                5.68878,45.127877,0
                5.696691,45.120206,0
                5.698148,45.11635,0
                5.696392,45.114341,0
                5.696141,45.10983,0
                5.703497,45.104765,0
                5.704122,45.100755,0
                5.714913,45.096405,0
                5.725045,45.089557,0
                5.720469,45.082963,0
                5.720321,45.080629,0
                5.717388,45.079133,0
                5.718777,45.074639,0
                5.713618,45.066713,0
                5.716556,45.06347,0
                5.712139,45.055744,0
                5.706358,45.051522,0
                5.699669,45.052097,0
                5.696113,45.048643,0
                5.692659,45.036798,0
                5.694367,45.032771,0
                5.691659,45.030563,0
                5.693409,45.027324,0
                5.696188,45.026139,0
                5.694167,45.022543,0
                5.694741,45.020181,0
                5.689274,45.016057,0
                5.689102,45.013759,0
                5.685186,45.012217,0
                5.69405,45.000421,0
                5.690884,44.997644,0
                5.688079,44.988907,0
                5.678956,44.973554,0
                5.684004,44.973553,0
                5.685908,44.972427,0
                5.684323,44.969338,0
                5.685733,44.965669,0
                5.683435,44.962544,0
                5.695094,44.958846,0
                5.694576,44.953532,0
                5.689887,44.951048,0
                5.690306,44.947993,0
                5.685885,44.94405,0
                5.68523,44.94158,0
                5.687057,44.939779,0
                5.687157,44.936102,0
                5.684749,44.92987,0
                5.680107,44.92469,0
                5.681081,44.919396,0
                5.679266,44.916138,0
                5.680476,44.914072,0
                5.679451,44.91256,0
                5.681724,44.910159,0
                5.679007,44.905387,0
                5.681789,44.900454,0
                5.681322,44.896923,0
                5.684038,44.894819,0
                5.682919,44.891877,0
                5.680993,44.891754,0
                5.680503,44.887808,0
                5.688979,44.880627,0
                5.690376,44.877408,0
                5.69501,44.876839,0
                5.696599,44.875502,0
                5.700481,44.869601,0
                5.702698,44.868806,0
                5.705726,44.870011,0
                5.722634,44.86502,0
                5.728294,44.866546,0
                5.732633,44.865192,0
                5.736205,44.868607,0
                5.746257,44.866581,0
                5.760807,44.869754,0
                5.762846,44.872324,0
                5.774483,44.872914,0
                5.775759,44.875073,0
                5.781392,44.875177,0
                5.785497,44.880472,0
                5.795172,44.881064,0
                5.801071,44.877325,0
                5.806349,44.876057,0
                5.812568,44.871689,0
                5.812998,44.869599,0
                5.816401,44.868901,0
                5.817703,44.865917,0
                5.824151,44.863348,0
                5.82632,44.860814,0
                5.830746,44.861719,0
                5.83337,44.858345,0
                5.838527,44.856991,0
                5.839373,44.851334,0
                5.84105296211924,44.8508746747637,0
                5.849634,44.848528,0
                5.850998,44.84254,0
                5.857566,44.840045,0
                5.855454,44.834524,0
                5.863,44.83271,0
                5.866542,44.828575,0
                5.869881,44.829354,0
                5.872572,44.827116,0
                5.876153,44.827259,0
                5.880057,44.825595,0
                5.883648,44.821937,0
                5.888296,44.822702,0
                5.897365,44.815262,0
                5.903735,44.817366,0
                5.907673,44.816909,0
                5.908435,44.817943,0
                5.912727,44.81786,0
                5.915464,44.819044,0
                5.917679,44.816027,0
                5.924366,44.816892,0
                5.938775,44.81457,0
                5.945236,44.811145,0
                5.954663,44.799593,0
                5.960189,44.799465,0
                5.960931,44.796166,0
                5.969466,44.794632,0
                5.978469,44.790094,0
                5.977946,44.785674,0
                5.980529,44.780804,0
                5.986356,44.774042,0
                5.987379,44.770372,0
                5.990825,44.768176,0
                5.994531,44.757795,0
                5.996791,44.75628,0
                5.996749,44.75265,0
                5.99979,44.751281,0
                6.004661,44.744079,0
                6.00368,44.737388,0
                6.004946,44.732536,0
                6.009615,44.7301,0
                6.019107,44.720516,0
                6.026168,44.717551,0
                6.026896,44.716003,0
                6.032035,44.714878,0
                6.038058,44.709748,0
                6.045678,44.707506,0
                6.049105,44.702729,0
                6.054808,44.70145,0
                6.058658,44.698626,0
                6.060255,44.695079,0
                6.065703,44.692343,0
                6.064743,44.688203,0
                6.068539,44.685758,0
                6.06846,44.682731,0
                6.072062,44.677401,0
                6.079361,44.669211,0
                6.084782,44.667517,0
                6.088731,44.664485,0
                6.088184,44.662068,0
                6.090013,44.658603,0
                6.086335,44.646876,0
                6.080749,44.608613,0
                6.080787,44.59379,0
                6.0843,44.560569,0
                6.075648,44.553423,0
                6.069562,44.544209,0
                6.069394,44.539363,0
                6.071503,44.538133,0
                6.068624,44.537118,0
                6.067897,44.534383,0
                6.063449,44.53189,0
                6.064531,44.5274,0
                6.061699,44.518394,0
                6.065383,44.515577,0
                6.063558,44.511963,0
                6.064146,44.509591,0
                6.0781,44.510929,0
                6.079586,44.509921,0
                6.079151,44.505895,0
                6.080653,44.504793,0
                6.081554,44.498319,0
                6.079405,44.490237,0
                6.079709,44.480294,0
                6.08237,44.479475,0
                6.08318,44.476783,0
                6.088045,44.477633,0
                6.097412,44.475632,0
                6.101805,44.472202,0
                6.108688,44.475628,0
                6.114476,44.475928,0
                6.122796,44.470565,0
                6.128895,44.469866,0
                6.132454,44.467251,0
                6.144087,44.465908,0
                6.149371,44.462905,0
                6.155442,44.462049,0
                6.175134,44.462641,0
                6.18005,44.461142,0
                6.202438,44.459476,0
                6.208132,44.460528,0
                6.22048,44.459643,0
                6.226832,44.462496,0
                6.235006,44.463976,0
                6.266589,44.466442,0
                6.274296,44.470251,0
                6.269027,44.473927,0
                6.273817,44.474707,0
                6.276188,44.476348,0
                6.273018,44.479442,0
                6.272882,44.480923,0
                6.273786,44.47954,0
                6.275055,44.480446,0
                6.27309,44.482587,0
                6.274952,44.482309,0
                6.275675,44.483883,0
                6.278725,44.483119,0
                6.283171,44.48712,0
                6.283505,44.48466,0
                6.2891,44.484128,0
                6.289593,44.486965,0
                6.291604,44.48621,0
                6.295635,44.487668,0
                6.295464,44.490095,0
                6.29695,44.491332,0
                6.294939,44.494165,0
                6.297848,44.492771,0
                6.298176,44.494318,0
                6.302198,44.492545,0
                6.301424,44.494121,0
                6.303797,44.494862,0
                6.306277,44.498461,0
                6.305475,44.502893,0
                6.307221,44.504973,0
                6.305876,44.507972,0
                6.301722,44.510277,0
                6.297522,44.516358,0
                6.294722,44.516398,0
                6.29729,44.51739,0
                6.292937,44.522482,0
                6.29505,44.521109,0
                6.295361,44.52464,0
                6.296382,44.519045,0
                6.302227,44.513703,0
                6.305351,44.511947,0
                6.306074,44.513031,0
                6.307338,44.510591,0
                6.310761,44.511,0
                6.312048,44.507277,0
                6.314438,44.508124,0
                6.314225,44.509961,0
                6.317974,44.512435,0
                6.317464,44.513827,0
                6.320044,44.51302,0
                6.32038,44.511176,0
                6.320536,44.514683,0
                6.321878,44.513056,0
                6.323986,44.513827,0
                6.32199,44.514798,0
                6.324402,44.518632,0
                6.323189,44.51963,0
                6.320504,44.519085,0
                6.318713,44.520587,0
                6.321579,44.519652,0
                6.323227,44.520787,0
                6.327075,44.51935,0
                6.326006,44.522116,0
                6.327818,44.524086,0
                6.325731,44.528845,0
                6.327382,44.526879,0
                6.330081,44.526208,0
                6.329041,44.529683,0
                6.33228,44.525696,0
                6.333318,44.527934,0
                6.334307,44.525784,0
                6.338596,44.524463,0
                6.337546,44.521268,0
                6.341419,44.519765,0
                6.341817,44.52324,0
                6.345031,44.521308,0
                6.347636,44.521724,0
                6.350464,44.52332,0
                6.353175,44.522948,0
                6.354449,44.525035,0
                6.356072,44.52449,0
                6.357955,44.526598,0
                6.361462,44.526647,0
                6.359779,44.528244,0
                6.360629,44.528747,0
                6.36341,44.528117,0
                6.363143,44.529269,0
                6.366445,44.528119,0
                6.368092,44.534944,0
                6.371367,44.528989,0
                6.37594,44.532655,0
                6.378307,44.532821,0
                6.377945,44.534793,0
                6.379902,44.535644,0
                6.38955,44.535411,0
                6.392543,44.534186,0
                6.391816,44.535663,0
                6.393789,44.53528,0
                6.394159,44.537,0
                6.397859,44.535334,0
                6.40773576934623,44.5383420400732,0
                6.40878,44.53866,0
                6.41772,44.537078,0
                6.417285,44.538645,0
                6.420084,44.537673,0
                6.421072,44.539096,0
                6.427357,44.538588,0
                6.437574,44.543049,0
                6.443531,44.543323,0
                6.454329,44.54612,0
                6.458394,44.545491,0
                6.464407,44.547271,0
                6.464879,44.546231,0
                6.467046,44.547106,0
                6.468066,44.545349,0
                6.468894,44.54646,0
                6.473346,44.546405,0
                6.474598,44.547695,0
                6.482886,44.549334,0
                6.488739,44.553049,0
                6.495115,44.553527,0
                6.512397,44.560979,0
                6.513191,44.564139,0
                6.517644,44.567531,0
                6.518798,44.574711,0
                6.514516,44.576243,0
                6.514173,44.5774,0
                6.517615,44.581238,0
                6.516722,44.583235,0
                6.522313,44.585036,0
                6.522179,44.58819,0
                6.532752,44.594364,0
                6.536589,44.600982,0
                6.536719,44.605113,0
                6.540748,44.610961,0
                6.541049,44.615625,0
                6.545566,44.617807,0
                6.552143,44.629837,0
                6.558268,44.629004,0
                6.559941,44.63116,0
                6.567078,44.631614,0
                6.56822,44.632596,0
                6.572071,44.631551,0
                6.576297,44.637526,0
                6.575355,44.639291,0
                6.582031,44.642673,0
                6.581193,44.647703,0
                6.582966,44.649974,0
                6.588785,44.655945,0
                6.591696,44.655335,0
                6.594548,44.656517,0
                6.594842,44.66078,0
                6.598427,44.66245,0
                6.602122,44.668138,0
                6.605458,44.669678,0
                6.60793,44.681841,0
                6.607636,44.685994,0
                6.604741,44.690836,0
                6.607696,44.696969,0
                6.601123,44.704951,0
                6.593293,44.709273,0
                6.592916,44.71326,0
                6.588782,44.715557,0
                6.588735,44.718303,0
                6.58532,44.720889,0
                6.584065,44.72645,0
                6.579649,44.734372,0
                6.581543,44.741255,0
                6.573916,44.751173,0
                6.570236,44.759679,0
                6.561962,44.767529,0
                6.559227,44.77511,0
                6.560342,44.779336,0
                6.558055,44.784475,0
                6.560975,44.792469,0
                6.559838,44.796771,0
                6.562039,44.79857,0
                6.560853,44.803247,0
                6.56307,44.807747,0
                6.567945,44.811025,0
                6.56944349618426,44.8112768057825,0
                6.570998,44.811538,0
                6.572681,44.813767,0
                6.571809,44.81649,0
                6.575081,44.819402,0
                6.573522,44.821071,0
                6.575851,44.82184,0
                6.5743,44.824683,0
                6.574968,44.828921,0
                6.577445,44.830661,0
                6.580522,44.839226,0
                6.57909,44.844353,0
                6.581821,44.845727,0
                6.583283,44.852613,0
                6.59144,44.855714,0
                6.59535,44.86156,0
                6.603068,44.863617,0
                6.603745,44.868486,0
                6.613705,44.872166,0
                6.618763,44.875704,0
                6.618804,44.878466,0
                6.631045,44.894464,0
                6.63028,44.89754,0
                6.625786,44.901479,0
                6.625486,44.90675,0
                6.621541,44.909546,0
                6.614435,44.918757,0
                6.594777,44.927175,0
                6.585332,44.933162,0
                6.583627,44.935949,0
                6.571045,44.9384,0
                6.567531,44.943504,0
                6.554792,44.948879,0
                6.546367,44.955705,0
                6.538924,44.958756,0
                6.532144,44.96616,0
                6.502641,44.974624,0
                6.497098,44.97695,0
                6.492875,44.981013,0
                6.484328,44.984508,0
                6.480143,44.988126,0
                6.476735,44.998272,0
                6.471276,45.001612,0
                6.4692,45.004479,0
                6.470069,45.007278,0
                6.468562,45.010172,0
                6.462934,45.011678,0
                6.453952,45.021379,0
                6.45310378618494,45.0217398923794,0
                6.445264,45.025075,0
                6.438556,45.031688,0
                6.42481,45.03762,0
                6.416161,45.038818,0
                6.417459,45.041153,0
                6.414078,45.045215,0
                6.415178,45.046705,0
                6.412599,45.049856,0
                6.413706,45.052916,0
                6.408735,45.058362,0
                6.40802,45.066409,0
                6.40594,45.067981,0
                6.408198,45.075492,0
                6.405909,45.078634,0
                6.406766,45.080303,0
                6.403302,45.082383,0
                6.404593,45.08701,0
                6.403705,45.094776,0
                6.411495,45.100759,0
                6.423581,45.104416,0
                6.423251,45.112594,0
                6.417082,45.119286,0
                6.416513,45.12178,0
                6.418465,45.126271,0
                6.417041,45.128984,0
                6.420128,45.137871,0
                6.420401,45.147598,0
                6.422534,45.154464,0
                6.422145,45.1619,0
                6.431191,45.170644,0
                6.42805,45.174579,0
                6.433861,45.191057,0
                6.433585,45.194027,0
                6.435403,45.195692,0
                6.436326,45.202717,0
                6.434532,45.204086,0
                6.434936,45.208475,0
                6.444323,45.220539,0
                6.444695,45.223272,0
                6.449647,45.224478,0
              </coordinates>
            </LinearRing>
          </outerBoundaryIs>
        </Polygon>
      </Placemark>
      <Placemark>
        <name>6</name>
        <description><![CDATA[SOIUSA SUBDIVISIONS 36 SECTIONS<br> Number = 6<br> Code = SZ.6<br> Name = Préalpes du Dauphiné<br> Perimeter = 469.64 km<br> Enclosed_Area = 6919.9 sq km<br> Island_Area = <br> Capleymar-Homoalpinus = https://www.homoalpinus.com/alpes/subdivisions/soiusa/<br> Created_By = Capleymar]]></description>
        <styleUrl>#poly-FFCF75-1000-153</styleUrl>
        <Polygon>
          <outerBoundaryIs>
            <LinearRing>
              <tessellate>1</tessellate>
              <coordinates>
                5.05986884626411,44.8803309810369,0
                5.056518,44.874508,0
                5.051233,44.868748,0
                5.046616,44.859165,0
                5.040336,44.837834,0
                5.041566,44.83285,0
                5.039717,44.822727,0
                5.041125,44.819431,0
                5.03745,44.810613,0
                5.039232,44.786014,0
                5.03442,44.781222,0
                5.021349,44.744147,0
                5.014145,44.734787,0
                5.030342,44.723212,0
                5.038061,44.722034,0
                5.04028,44.719141,0
                5.045501,44.717279,0
                5.05986884626412,44.7140862347038,0
                5.061062,44.713821,0
                5.074067,44.716193,0
                5.078161,44.713192,0
                5.094036,44.712224,0
                5.109359,44.708121,0
                5.127473,44.699936,0
                5.14166,44.698287,0
                5.15573,44.698881,0
                5.165956,44.697109,0
                5.168523,44.695639,0
                5.164744,44.692354,0
                5.162319,44.691865,0
                5.13599,44.691654,0
                5.122858,44.694419,0
                5.102862,44.695274,0
                5.092497,44.694362,0
                5.087904,44.696331,0
                5.076427,44.698236,0
                5.068739,44.697726,0
                5.05986884626411,44.6951827920264,0
                5.058541,44.694802,0
                5.05179,44.689794,0
                5.03156,44.683617,0
                5.022466,44.679323,0
                5.018925,44.671688,0
                5.01937,44.665356,0
                5.02089,44.662665,0
                5.028829,44.658446,0
                5.035561,44.650301,0
                5.040382,44.647224,0
                5.04959,44.64476,0
                5.055525,44.646713,0
                5.05986884626412,44.6467502447103,0
                5.061478,44.646764,0
                5.060278,44.640488,0
                5.093625,44.627627,0
                5.103804,44.617378,0
                5.120608,44.605222,0
                5.132123,44.59139,0
                5.132918,44.587188,0
                5.113098,44.585733,0
                5.106758,44.587407,0
                5.087853,44.597882,0
                5.080202,44.600536,0
                5.073177,44.600967,0
                5.065159,44.600074,0
                5.060613,44.595175,0
                5.05986884626411,44.5950863096987,0
                5.055546,44.594571,0
                5.053769,44.591034,0
                5.055007,44.586376,0
                5.047325,44.582407,0
                5.038971,44.583536,0
                5.03477,44.58145,0
                5.02805,44.581866,0
                5.00189,44.574901,0
                4.992812,44.573634,0
                4.988552,44.57451,0
                4.9743,44.571956,0
                4.970463,44.566424,0
                4.964794,44.54942,0
                4.958623,44.541753,0
                4.950825,44.541257,0
                4.937413,44.537901,0
                4.933236,44.534449,0
                4.928347,44.532691,0
                4.9258,44.529827,0
                4.919429,44.527853,0
                4.898728,44.516443,0
                4.888785,44.512847,0
                4.886718,44.511441,0
                4.886046,44.508446,0
                4.885943,44.499574,0
                4.889763,44.492883,0
                4.892999,44.490085,0
                4.907224,44.486638,0
                4.909096,44.487048,0
                4.915466,44.484342,0
                4.921001,44.475475,0
                4.930295,44.469485,0
                4.943486,44.468417,0
                4.957199,44.463801,0
                4.97893,44.453566,0
                4.994221,44.451858,0
                5.00361,44.447707,0
                5.007547,44.443022,0
                5.013397,44.439336,0
                5.04741,44.425829,0
                5.05986884626411,44.4164760363989,0
                5.060062,44.416331,0
                5.068453,44.412184,0
                5.088573,44.393955,0
                5.11161,44.378447,0
                5.11254,44.375974,0
                5.13005,44.370063,0
                5.134843,44.367391,0
                5.135584,44.365552,0
                5.14154,44.364193,0
                5.142759,44.359972,0
                5.138553,44.356906,0
                5.122281,44.350028,0
                5.119828,44.34527,0
                5.107932,44.333393,0
                5.105759,44.32534,0
                5.106227,44.319764,0
                5.12677,44.302224,0
                5.129149,44.28912,0
                5.132208,44.285626,0
                5.136666,44.283452,0
                5.138608,44.279867,0
                5.138646,44.276302,0
                5.141243,44.271066,0
                5.139459,44.262889,0
                5.136839,44.258996,0
                5.135552,44.25015,0
                5.132667,44.247112,0
                5.134438,44.240577,0
                5.139687,44.234708,0
                5.145411,44.2367,0
                5.147072,44.238419,0
                5.151847,44.238533,0
                5.149394,44.235649,0
                5.152213,44.232861,0
                5.154456,44.234883,0
                5.156223,44.233164,0
                5.159301,44.232824,0
                5.161735,44.227422,0
                5.166023,44.224672,0
                5.166749,44.225826,0
                5.167848,44.225458,0
                5.175933,44.220355,0
                5.181215,44.219049,0
                5.18288,44.220148,0
                5.18497,44.218611,0
                5.189824,44.219802,0
                5.198872,44.216569,0
                5.201635,44.216934,0
                5.204292,44.214755,0
                5.215613,44.215102,0
                5.221699,44.213057,0
                5.226137,44.215036,0
                5.230322,44.211768,0
                5.231839,44.213741,0
                5.236418,44.212743,0
                5.239072,44.213326,0
                5.23937,44.214746,0
                5.242087,44.213184,0
                5.243016,44.214774,0
                5.254901,44.213571,0
                5.257153,44.211842,0
                5.272803,44.212683,0
                5.29806,44.200192,0
                5.301558,44.199985,0
                5.303644,44.198355,0
                5.306809,44.198697,0
                5.318085,44.193457,0
                5.323014,44.194403,0
                5.328874,44.193107,0
                5.33188,44.189959,0
                5.334267,44.190343,0
                5.336743,44.187105,0
                5.342287,44.188182,0
                5.344691,44.185693,0
                5.347675,44.185819,0
                5.351314,44.183225,0
                5.357922,44.184186,0
                5.361241,44.181991,0
                5.367068,44.182895,0
                5.371037,44.180884,0
                5.388757,44.181891,0
                5.397907,44.177641,0
                5.404069,44.172861,0
                5.423545,44.166009,0
                5.426559,44.16665,0
                5.434063,44.175149,0
                5.444573,44.17486,0
                5.448995,44.18022,0
                5.456207,44.183657,0
                5.474587,44.187793,0
                5.480727,44.187504,0
                5.496347,44.179143,0
                5.502104,44.181298,0
                5.507335,44.180737,0
                5.513337,44.183164,0
                5.527851,44.181552,0
                5.532805,44.183179,0
                5.538248,44.187333,0
                5.538306,44.194969,0
                5.539836,44.198472,0
                5.537125,44.204049,0
                5.537342,44.210797,0
                5.539503,44.214493,0
                5.542046,44.215162,0
                5.548768,44.221905,0
                5.553913,44.221124,0
                5.55789,44.217916,0
                5.568891,44.217518,0
                5.569467,44.216634,0
                5.574758,44.219191,0
                5.577508,44.217776,0
                5.586262,44.219788,0
                5.588252,44.219109,0
                5.590967,44.220381,0
                5.594071,44.21972,0
                5.597012,44.22118,0
                5.612207,44.219619,0
                5.614513,44.221746,0
                5.617467,44.221237,0
                5.617955,44.223155,0
                5.625174,44.224218,0
                5.631397,44.230609,0
                5.633176,44.23696,0
                5.637933,44.240459,0
                5.643556,44.239617,0
                5.646519,44.242063,0
                5.65078,44.243329,0
                5.654865,44.241971,0
                5.65716,44.244579,0
                5.659112,44.243096,0
                5.663899,44.24425,0
                5.664197,44.246873,0
                5.666963,44.245752,0
                5.667832,44.247738,0
                5.676957,44.243943,0
                5.694952,44.247767,0
                5.699277,44.246199,0
                5.702336,44.248413,0
                5.7057,44.24425,0
                5.708234,44.243824,0
                5.71062,44.245318,0
                5.712542,44.250159,0
                5.718824,44.251292,0
                5.719061,44.253417,0
                5.722704,44.255859,0
                5.723574,44.259226,0
                5.72861,44.259693,0
                5.733933,44.257994,0
                5.738854,44.259637,0
                5.741747,44.258369,0
                5.744122,44.260413,0
                5.749718,44.261347,0
                5.751826,44.264488,0
                5.753658,44.264113,0
                5.7556,44.266297,0
                5.759056,44.266385,0
                5.762137,44.268341,0
                5.763664,44.264118,0
                5.765891,44.266069,0
                5.768816,44.264393,0
                5.770498,44.266952,0
                5.773122,44.265376,0
                5.776375,44.267756,0
                5.775254,44.270433,0
                5.782308,44.275203,0
                5.784383,44.274231,0
                5.78483,44.275531,0
                5.782153,44.27867,0
                5.789177,44.279388,0
                5.789708,44.278252,0
                5.787684,44.277762,0
                5.789151,44.27664,0
                5.791812,44.278397,0
                5.793996,44.276602,0
                5.799823,44.275887,0
                5.811313,44.269587,0
                5.81703,44.269324,0
                5.818481,44.267851,0
                5.817873,44.263808,0
                5.824979,44.26303,0
                5.831642,44.258845,0
                5.836465,44.257703,0
                5.840133,44.253849,0
                5.845155,44.252621,0
                5.847427,44.250223,0
                5.8604,44.246009,0
                5.861952,44.234594,0
                5.864585,44.232897,0
                5.869191,44.232815,0
                5.872268,44.230048,0
                5.875206,44.217084,0
                5.881725,44.213042,0
                5.883854,44.208274,0
                5.904053,44.207433,0
                5.912191,44.205739,0
                5.918859,44.20113,0
                5.924828,44.202258,0
                5.937006,44.200955,0
                5.942687,44.20177,0
                5.943138,44.206686,0
                5.940814,44.210831,0
                5.936694,44.212549,0
                5.935218,44.215036,0
                5.928339,44.215331,0
                5.926067,44.217388,0
                5.927549,44.219389,0
                5.925796,44.222307,0
                5.932182,44.230604,0
                5.927745,44.23474,0
                5.921836,44.237614,0
                5.920924,44.2409,0
                5.923362,44.244319,0
                5.919522,44.255076,0
                5.921514,44.258907,0
                5.925521,44.262033,0
                5.926534,44.265709,0
                5.915332,44.268888,0
                5.911414,44.273474,0
                5.912828,44.277078,0
                5.91667,44.280003,0
                5.913281,44.28753,0
                5.91384,44.289458,0
                5.91656,44.29127,0
                5.923839,44.291181,0
                5.927185,44.294041,0
                5.926306,44.297952,0
                5.92251,44.301326,0
                5.925823,44.306325,0
                5.924437,44.312621,0
                5.925613,44.314723,0
                5.92223,44.316046,0
                5.915488,44.312893,0
                5.914053,44.310811,0
                5.911247,44.310456,0
                5.90626,44.312233,0
                5.901973,44.316028,0
                5.896081,44.318614,0
                5.894217,44.322095,0
                5.905299,44.328452,0
                5.90259,44.336817,0
                5.903954,44.339141,0
                5.907652,44.339365,0
                5.912673,44.33723,0
                5.919239,44.338986,0
                5.919091,44.341922,0
                5.922046,44.347063,0
                5.929706,44.350684,0
                5.933377,44.358058,0
                5.937531,44.358412,0
                5.940455,44.360979,0
                5.942703,44.365888,0
                5.939246,44.368412,0
                5.94053,44.373954,0
                5.945464,44.379686,0
                5.946968,44.386299,0
                5.951566,44.391774,0
                5.960293,44.397997,0
                5.966811,44.400582,0
                5.969302,44.404068,0
                5.977739,44.409033,0
                5.980695,44.408721,0
                5.995639,44.412257,0
                6.001356,44.416488,0
                6.01802,44.418005,0
                6.027859,44.429479,0
                6.027924,44.431468,0
                6.025672,44.433709,0
                6.026802,44.435682,0
                6.030178,44.435859,0
                6.036928,44.438679,0
                6.039687,44.441301,0
                6.055052,44.44778,0
                6.056307,44.454205,0
                6.060666,44.460379,0
                6.060053,44.466783,0
                6.062975,44.467055,0
                6.068231,44.464988,0
                6.074551,44.465242,0
                6.076228,44.466649,0
                6.076794,44.47145,0
                6.08318,44.47678,0
                6.08237,44.479475,0
                6.079709,44.480294,0
                6.078861,44.484841,0
                6.081554,44.498319,0
                6.080653,44.504793,0
                6.079151,44.505895,0
                6.079586,44.509921,0
                6.0781,44.510929,0
                6.064146,44.509591,0
                6.063558,44.511963,0
                6.065383,44.515577,0
                6.061699,44.518394,0
                6.064531,44.5274,0
                6.063449,44.53189,0
                6.067897,44.534383,0
                6.068624,44.537118,0
                6.071503,44.538133,0
                6.069394,44.539363,0
                6.069562,44.544209,0
                6.075648,44.553423,0
                6.0843,44.560569,0
                6.080787,44.59379,0
                6.080749,44.608613,0
                6.086335,44.646876,0
                6.090013,44.658603,0
                6.088184,44.662068,0
                6.088731,44.664485,0
                6.084782,44.667517,0
                6.079361,44.669211,0
                6.072062,44.677401,0
                6.06846,44.682731,0
                6.068539,44.685758,0
                6.064743,44.688203,0
                6.065703,44.692343,0
                6.060255,44.695079,0
                6.058658,44.698626,0
                6.054808,44.70145,0
                6.049105,44.702729,0
                6.045678,44.707506,0
                6.038058,44.709748,0
                6.032035,44.714878,0
                6.026896,44.716003,0
                6.026168,44.717551,0
                6.019107,44.720516,0
                6.009615,44.7301,0
                6.004946,44.732536,0
                6.00368,44.737388,0
                6.004661,44.744079,0
                5.99979,44.751281,0
                5.996749,44.75265,0
                5.996791,44.75628,0
                5.994531,44.757795,0
                5.990825,44.768176,0
                5.987379,44.770372,0
                5.986356,44.774042,0
                5.980529,44.780804,0
                5.977946,44.785674,0
                5.978531,44.790002,0
                5.975381,44.791166,0
                5.974587,44.792812,0
                5.967912,44.794685,0
                5.959887,44.795757,0
                5.959066,44.799034,0
                5.954426,44.798256,0
                5.950977,44.799091,0
                5.946488,44.804916,0
                5.923504,44.812336,0
                5.925377,44.808342,0
                5.923901,44.804195,0
                5.925371,44.80024,0
                5.922641,44.798229,0
                5.925976,44.795876,0
                5.921922,44.792698,0
                5.923259,44.791626,0
                5.922828,44.789692,0
                5.920392,44.783783,0
                5.918346,44.781235,0
                5.919881,44.783585,0
                5.918548,44.785721,0
                5.922727,44.791656,0
                5.92039,44.793114,0
                5.922698,44.793419,0
                5.924415,44.796185,0
                5.919372,44.798012,0
                5.92311,44.800426,0
                5.922564,44.801434,0
                5.918034,44.800426,0
                5.920375,44.806461,0
                5.914937,44.814754,0
                5.908307,44.817517,0
                5.896536,44.815431,0
                5.888296,44.822702,0
                5.883219,44.822076,0
                5.879911,44.825662,0
                5.87609,44.827276,0
                5.872572,44.827116,0
                5.869881,44.829354,0
                5.86668,44.828515,0
                5.863,44.83271,0
                5.855694,44.834335,0
                5.857566,44.840045,0
                5.850998,44.84254,0
                5.849772,44.848422,0
                5.84100478139313,44.8508771391702,0
                5.839373,44.851334,0
                5.838527,44.856991,0
                5.83337,44.858345,0
                5.830746,44.861719,0
                5.82632,44.860814,0
                5.824151,44.863348,0
                5.817703,44.865917,0
                5.816401,44.868901,0
                5.812998,44.869599,0
                5.812568,44.871689,0
                5.806349,44.876057,0
                5.801071,44.877325,0
                5.795172,44.881064,0
                5.785497,44.880472,0
                5.781392,44.875177,0
                5.775759,44.875073,0
                5.774483,44.872914,0
                5.762846,44.872324,0
                5.760807,44.869754,0
                5.746257,44.866581,0
                5.736205,44.868607,0
                5.732633,44.865192,0
                5.73177987727474,44.8654582379122,0
                5.728294,44.866546,0
                5.722997,44.865001,0
                5.705726,44.870011,0
                5.702698,44.868806,0
                5.700481,44.869601,0
                5.696599,44.875502,0
                5.69501,44.876839,0
                5.690376,44.877408,0
                5.688979,44.880627,0
                5.681806,44.885881,0
                5.680346,44.889547,0
                5.684038,44.894819,0
                5.681322,44.896923,0
                5.681789,44.900454,0
                5.679007,44.905387,0
                5.681724,44.910159,0
                5.679451,44.91256,0
                5.680476,44.914072,0
                5.679266,44.916138,0
                5.681081,44.919396,0
                5.680107,44.92469,0
                5.684749,44.92987,0
                5.687157,44.936102,0
                5.687057,44.939779,0
                5.68523,44.94158,0
                5.685885,44.94405,0
                5.690306,44.947993,0
                5.689887,44.951048,0
                5.694576,44.953532,0
                5.695094,44.958846,0
                5.683435,44.962544,0
                5.685733,44.965669,0
                5.684323,44.969338,0
                5.685908,44.972427,0
                5.684004,44.973553,0
                5.678956,44.973554,0
                5.688079,44.988907,0
                5.690884,44.997644,0
                5.69405,45.000421,0
                5.685186,45.012217,0
                5.689102,45.013759,0
                5.689274,45.016057,0
                5.694741,45.020181,0
                5.694167,45.022543,0
                5.696188,45.026139,0
                5.693409,45.027324,0
                5.691659,45.030563,0
                5.694367,45.032771,0
                5.692659,45.036798,0
                5.696113,45.048643,0
                5.699669,45.052097,0
                5.706358,45.051522,0
                5.712139,45.055744,0
                5.716556,45.06347,0
                5.713618,45.066713,0
                5.718777,45.074639,0
                5.717388,45.079133,0
                5.720321,45.080629,0
                5.720469,45.082963,0
                5.725045,45.089557,0
                5.714913,45.096405,0
                5.704122,45.100755,0
                5.703497,45.104765,0
                5.696141,45.10983,0
                5.696392,45.114341,0
                5.698148,45.11635,0
                5.696691,45.120206,0
                5.68878,45.127877,0
                5.687668,45.144768,0
                5.690335,45.150949,0
                5.697581,45.155081,0
                5.700648,45.163672,0
                5.700885,45.194242,0
                5.697143,45.199879,0
                5.684812,45.207608,0
                5.671947,45.217985,0
                5.650414,45.247196,0
                5.634601,45.257842,0
                5.623445,45.268101,0
                5.619103,45.277326,0
                5.615721,45.294863,0
                5.611819,45.299804,0
                5.604425,45.302241,0
                5.592046,45.302083,0
                5.579484,45.295565,0
                5.565342,45.298074,0
                5.556591,45.293637,0
                5.534314,45.291018,0
                5.528025,45.286459,0
                5.519712,45.26299,0
                5.509535,45.252841,0
                5.501579,45.241283,0
                5.486496,45.231632,0
                5.486949,45.222998,0
                5.47048,45.210302,0
                5.46424,45.206605,0
                5.45781,45.204661,0
                5.449077,45.197894,0
                5.445322,45.193259,0
                5.425188,45.182168,0
                5.415888,45.172767,0
                5.404808,45.168237,0
                5.388456,45.158858,0
                5.376186,45.146218,0
                5.357286,45.130101,0
                5.343035,45.123442,0
                5.324688,45.109238,0
                5.311843,45.093861,0
                5.309456,45.088718,0
                5.309406,45.081194,0
                5.312187,45.07722,0
                5.312986,45.069816,0
                5.30136,45.066018,0
                5.298327,45.062771,0
                5.294111,45.062421,0
                5.291525,45.063785,0
                5.289009,45.060121,0
                5.283673,45.059693,0
                5.279652,45.061174,0
                5.276233,45.060107,0
                5.274725,45.056557,0
                5.269129,45.054671,0
                5.26739,45.055115,0
                5.265966,45.059758,0
                5.258635,45.05929,0
                5.251437,45.061365,0
                5.245792,45.060823,0
                5.244483,45.06134,0
                5.243413,45.066173,0
                5.235943,45.066398,0
                5.220938,45.053158,0
                5.20274,45.041475,0
                5.198139,45.034666,0
                5.194619,45.024431,0
                5.188181,45.015242,0
                5.181724,45.009554,0
                5.179993,45.001072,0
                5.174328,44.995064,0
                5.164453,44.988068,0
                5.159911,44.977244,0
                5.150519,44.974299,0
                5.146457,44.969548,0
                5.121093,44.949633,0
                5.11805,44.94599,0
                5.115285,44.938478,0
                5.106709,44.929948,0
                5.102702,44.922864,0
                5.097438,44.918725,0
                5.092176,44.917851,0
                5.086239,44.915112,0
                5.083109,44.9107,0
                5.076881,44.905877,0
                5.072943,44.900807,0
                5.072393,44.895494,0
                5.069427,44.889356,0
                5.0674011282984,44.8878100815623,0
                5.061645,44.883417,0
                5.05986884626411,44.8803309810369,0
              </coordinates>
            </LinearRing>
          </outerBoundaryIs>
        </Polygon>
      </Placemark>
      <Placemark>
        <name>7</name>
        <description><![CDATA[SOIUSA SUBDIVISIONS 36 SECTIONS<br> Number = 7<br> Code = SZ.7<br> Name = Alpi Graie - Alpes Grées<br> Perimeter = 492.95 km<br> Enclosed_Area = 7554 sq km<br> Island_Area = <br> Capleymar-Homoalpinus = https://www.homoalpinus.com/alpes/subdivisions/soiusa/<br> Created_By = Capleymar]]></description>
        <styleUrl>#poly-FF8080-1000-153</styleUrl>
        <Polygon>
          <outerBoundaryIs>
            <LinearRing>
              <tessellate>1</tessellate>
              <coordinates>
                6.497055,45.212305,0
                6.508789,45.211469,0
                6.516017,45.210176,0
                6.519598,45.208175,0
                6.52709,45.207197,0
                6.554661,45.206411,0
                6.56811,45.207595,0
                6.579694,45.2059,0
                6.585256,45.203271,0
                6.592409,45.20245,0
                6.594192,45.200882,0
                6.59908,45.200753,0
                6.601809,45.199066,0
                6.604962,45.199921,0
                6.612395,45.199356,0
                6.618187,45.196377,0
                6.625754,45.198506,0
                6.631508,45.194167,0
                6.640995,45.191004,0
                6.659443,45.194409,0
                6.677818,45.207065,0
                6.688835,45.206925,0
                6.694387,45.210578,0
                6.70166,45.209672,0
                6.713826,45.215919,0
                6.717538,45.215547,0
                6.722255,45.213094,0
                6.729429,45.213726,0
                6.733185,45.210161,0
                6.738641,45.210286,0
                6.745231,45.213097,0
                6.747624,45.215793,0
                6.751845,45.215963,0
                6.756012,45.219271,0
                6.76101,45.220218,0
                6.761368,45.223476,0
                6.767903,45.226021,0
                6.772728,45.230238,0
                6.782751,45.2317,0
                6.786332,45.233868,0
                6.786561,45.235618,0
                6.790608,45.236352,0
                6.791168,45.238329,0
                6.794449,45.239566,0
                6.792737,45.243312,0
                6.797259,45.245444,0
                6.798844,45.250091,0
                6.797034,45.253548,0
                6.800836,45.258806,0
                6.803661,45.261629,0
                6.811817,45.263088,0
                6.813573,45.266285,0
                6.816656,45.267845,0
                6.814064,45.270545,0
                6.816738,45.272623,0
                6.814193,45.273387,0
                6.814132,45.275853,0
                6.81841,45.275017,0
                6.82005,45.276949,0
                6.823694,45.277952,0
                6.826306,45.281288,0
                6.833399,45.28417,0
                6.846487,45.28591,0
                6.860036,45.285526,0
                6.869765,45.283797,0
                6.88961,45.28516,0
                6.893556,45.28317,0
                6.89781,45.273138,0
                6.897945,45.265025,0
                6.908682,45.250147,0
                6.910877,45.249332,0
                6.911853,45.250898,0
                6.91344,45.249192,0
                6.918859,45.247775,0
                6.918611,45.248915,0
                6.92346,45.249011,0
                6.930343,45.24479,0
                6.945813,45.240099,0
                6.954415,45.233494,0
                6.956633,45.229288,0
                6.958921,45.228685,0
                6.960655,45.225603,0
                6.958194,45.225403,0
                6.956693,45.216272,0
                6.957421,45.212885,0
                6.961664,45.207015,0
                6.966813,45.205309,0
                6.983715,45.205399,0
                6.994733,45.203712,0
                7.000602,45.204378,0
                7.00558,45.202255,0
                7.011,45.196134,0
                7.014013,45.188647,0
                7.012052,45.183604,0
                7.01338,45.180141,0
                7.010524,45.176001,0
                7.01255,45.171857,0
                7.011888,45.168553,0
                7.017063,45.162791,0
                7.018441,45.156452,0
                7.027623,45.149359,0
                7.039421,45.145902,0
                7.043479,45.146321,0
                7.054977,45.142409,0
                7.057653,45.136256,0
                7.065562,45.133548,0
                7.088657,45.137406,0
                7.100967,45.133124,0
                7.112105,45.133727,0
                7.121987,45.132507,0
                7.126036,45.132906,0
                7.136394,45.137529,0
                7.147082,45.138779,0
                7.154919,45.136379,0
                7.162811,45.135693,0
                7.167134,45.131743,0
                7.171926,45.132547,0
                7.190581,45.129954,0
                7.203722,45.123889,0
                7.213017,45.123643,0
                7.216458,45.122388,0
                7.219396,45.123344,0
                7.223758,45.121216,0
                7.23202,45.122117,0
                7.243907,45.115385,0
                7.254707,45.112434,0
                7.265865,45.111933,0
                7.291066,45.113717,0
                7.30547,45.107546,0
                7.312457,45.107702,0
                7.329934,45.110777,0
                7.354883,45.112011,0
                7.367712,45.108261,0
                7.371364,45.103982,0
                7.372719,45.103959,0
                7.386062,45.112639,0
                7.390986,45.113449,0
                7.403197,45.110721,0
                7.420874,45.109171,0
                7.427132,45.106766,0
                7.43575,45.101168,0
                7.45173,45.095956,0
                7.466698,45.096991,0
                7.475575,45.104081,0
                7.481298,45.105971,0
                7.484997,45.111709,0
                7.482332,45.11772,0
                7.488783,45.126023,0
                7.487537,45.130879,0
                7.48865,45.134567,0
                7.496372,45.144098,0
                7.504066,45.148518,0
                7.514122,45.151873,0
                7.522205,45.152862,0
                7.531044,45.156553,0
                7.532886,45.15848,0
                7.518643,45.203938,0
                7.513214,45.215242,0
                7.51258,45.236439,0
                7.509882,45.249146,0
                7.502509,45.263502,0
                7.496541,45.268135,0
                7.496756,45.27585,0
                7.504652,45.277946,0
                7.509378,45.277924,0
                7.522645,45.274434,0
                7.530706,45.268805,0
                7.533725,45.269676,0
                7.538878,45.274552,0
                7.561447,45.289289,0
                7.575736,45.30172,0
                7.577035,45.303937,0
                7.5737,45.307816,0
                7.574352,45.309492,0
                7.576412,45.310489,0
                7.590565,45.310508,0
                7.593345,45.312754,0
                7.600862,45.315019,0
                7.605025,45.317497,0
                7.608296,45.322897,0
                7.615535,45.326935,0
                7.616793,45.332326,0
                7.618936,45.334717,0
                7.626699,45.338079,0
                7.634264,45.338931,0
                7.63715,45.340887,0
                7.640401,45.347449,0
                7.642125,45.356484,0
                7.652452,45.364723,0
                7.652926,45.368047,0
                7.657225,45.371316,0
                7.654295,45.375815,0
                7.654936,45.378657,0
                7.64961,45.383487,0
                7.64434,45.385622,0
                7.644744,45.393105,0
                7.647365,45.394063,0
                7.661128,45.393074,0
                7.675596,45.386823,0
                7.688416,45.395257,0
                7.697362,45.395464,0
                7.701209,45.39475,0
                7.706143,45.391544,0
                7.706591,45.38588,0
                7.710771,45.383815,0
                7.71699,45.386679,0
                7.723195,45.386271,0
                7.725841,45.403985,0
                7.736604,45.403121,0
                7.74936,45.406048,0
                7.753892,45.408372,0
                7.752562,45.411632,0
                7.754241,45.414607,0
                7.758507,45.41481,0
                7.765712,45.418745,0
                7.774178,45.417045,0
                7.786443,45.423291,0
                7.791694,45.422636,0
                7.796582,45.423757,0
                7.797816,45.427496,0
                7.803625,45.433544,0
                7.806351,45.441863,0
                7.812482,45.4495,0
                7.811963,45.473053,0
                7.816978,45.487342,0
                7.8246,45.500154,0
                7.82447,45.503077,0
                7.830709,45.51125,0
                7.833814,45.531644,0
                7.832951,45.536383,0
                7.835963,45.540899,0
                7.823602,45.551063,0
                7.823418,45.552449,0
                7.826489,45.554226,0
                7.826369,45.556624,0
                7.81884,45.562363,0
                7.811565,45.56575,0
                7.80757,45.569998,0
                7.809376,45.577558,0
                7.798342,45.581549,0
                7.796426,45.586882,0
                7.793174,45.589397,0
                7.785818,45.589716,0
                7.784539,45.594043,0
                7.768542,45.602139,0
                7.758213,45.601627,0
                7.744668,45.604391,0
                7.741571,45.608191,0
                7.744527,45.610938,0
                7.743741,45.61333,0
                7.741046,45.616954,0
                7.737352,45.618751,0
                7.735324,45.629258,0
                7.727289,45.630868,0
                7.718319,45.634612,0
                7.714607,45.637446,0
                7.715171,45.641624,0
                7.712492,45.64432,0
                7.702272,45.648564,0
                7.696825,45.648839,0
                7.692225,45.656366,0
                7.680055,45.662307,0
                7.678708,45.667968,0
                7.674751,45.670597,0
                7.675575,45.674352,0
                7.672885,45.68499,0
                7.66846,45.688651,0
                7.670507,45.69544,0
                7.665229,45.698714,0
                7.666465,45.700969,0
                7.671335,45.702074,0
                7.673176,45.703833,0
                7.671683,45.70859,0
                7.667402,45.713279,0
                7.669823,45.719513,0
                7.665458,45.722036,0
                7.665931,45.724347,0
                7.662719,45.727869,0
                7.660392,45.734895,0
                7.643036,45.742361,0
                7.635463,45.742945,0
                7.629939,45.745664,0
                7.622123,45.741644,0
                7.611624,45.740237,0
                7.604798,45.744104,0
                7.59526,45.745073,0
                7.592276,45.742365,0
                7.587119,45.745074,0
                7.571371,45.745137,0
                7.562723,45.741702,0
                7.557003,45.740943,0
                7.540127,45.743778,0
                7.533788,45.743493,0
                7.52737,45.740141,0
                7.52457,45.740448,0
                7.522191,45.737792,0
                7.511481,45.744069,0
                7.494492,45.745807,0
                7.488183,45.74374,0
                7.482108,45.745192,0
                7.484511,45.74182,0
                7.484427,45.739242,0
                7.474713,45.740064,0
                7.466004,45.735266,0
                7.456025,45.735978,0
                7.453292,45.739182,0
                7.450723,45.739807,0
                7.44558,45.738962,0
                7.440638,45.740103,0
                7.434334,45.737447,0
                7.40596,45.739598,0
                7.395352,45.739056,0
                7.378967,45.733786,0
                7.373027,45.734961,0
                7.366176,45.733775,0
                7.356227,45.736961,0
                7.343382,45.736919,0
                7.340638,45.730951,0
                7.33682,45.729139,0
                7.320986,45.729639,0
                7.308536,45.727036,0
                7.299224,45.726545,0
                7.290107,45.728291,0
                7.28546,45.727501,0
                7.271884,45.720167,0
                7.26423,45.718569,0
                7.262187,45.715099,0
                7.257754,45.711966,0
                7.247599,45.710219,0
                7.2461,45.706468,0
                7.241014,45.704812,0
                7.237075,45.705767,0
                7.232562,45.704657,0
                7.225881,45.705069,0
                7.22155,45.702346,0
                7.213703,45.70543,0
                7.209573,45.703593,0
                7.191877,45.701932,0
                7.178342,45.707545,0
                7.170173,45.705441,0
                7.163432,45.705942,0
                7.16162,45.704223,0
                7.15631,45.703391,0
                7.138676,45.70774,0
                7.126154,45.70775,0
                7.110443,45.716469,0
                7.104384,45.718231,0
                7.10029,45.721968,0
                7.094452,45.723727,0
                7.089975,45.727721,0
                7.084534,45.730058,0
                7.076462,45.731445,0
                7.071126,45.734788,0
                7.067677,45.740531,0
                7.064853,45.740239,0
                7.058995,45.745231,0
                7.050245,45.74818,0
                7.047794,45.751107,0
                7.03905,45.753389,0
                7.03224,45.757387,0
                7.024605,45.759372,0
                7.013831,45.759898,0
                7.006107,45.763073,0
                6.989746,45.763544,0
                6.985458,45.765223,0
                6.981545,45.769681,0
                6.975725,45.772409,0
                6.975306,45.775519,0
                6.967548,45.780212,0
                6.966829,45.801931,0
                6.961387,45.808726,0
                6.966904,45.819246,0
                6.971838,45.823998,0
                6.999102,45.834794,0
                7.012227,45.842258,0
                7.015944,45.845999,0
                7.016277,45.848263,0
                7.034464,45.859496,0
                7.038133,45.865324,0
                7.04657,45.868789,0
                7.059491,45.878897,0
                7.064246,45.885711,0
                7.06852,45.899111,0
                7.081654,45.912105,0
                7.081793,45.915109,0
                7.085099,45.918682,0
                7.086188,45.922501,0
                7.098043,45.931687,0
                7.096485,45.942387,0
                7.102578,45.950037,0
                7.106436,45.958674,0
                7.108823,45.959743,0
                7.111538,45.970744,0
                7.116649,45.976242,0
                7.124867,45.980769,0
                7.123654,45.982135,0
                7.12508795186903,45.9872328079272,0
                7.127441,45.995596,0
                7.126814,46.001796,0
                7.12475,46.005502,0
                7.129089,46.010265,0
                7.13027,46.017188,0
                7.132329,46.0185,0
                7.1355,46.018195,0
                7.144654,46.022578,0
                7.144336,46.027023,0
                7.14919,46.044429,0
                7.147775,46.047377,0
                7.150578,46.053408,0
                7.149044,46.054528,0
                7.150558,46.058124,0
                7.148366,46.062519,0
                7.152035,46.064546,0
                7.152075,46.0672,0
                7.154016,46.068573,0
                7.154253,46.07491,0
                7.159114,46.078296,0
                7.155903,46.079832,0
                7.139313,46.080077,0
                7.124201,46.078097,0
                7.111035,46.080893,0
                7.095982,46.082147,0
                7.085936,46.081038,0
                7.075567,46.078359,0
                7.071193,46.075836,0
                7.065767,46.075444,0
                7.060422,46.073426,0
                7.053603,46.07459,0
                7.054745,46.081706,0
                7.058977,46.089763,0
                7.05853,46.092943,0
                7.065653,46.101493,0
                7.072452,46.106865,0
                7.065799,46.125784,0
                7.051776,46.13778,0
                7.049995,46.133918,0
                7.038169,46.127238,0
                7.033591,46.119124,0
                7.030132,46.118883,0
                7.012863,46.104939,0
                7.002268,46.099162,0
                6.994193,46.085473,0
                6.983078,46.079779,0
                6.975502,46.078454,0
                6.971301,46.07344,0
                6.96708,46.071901,0
                6.962992,46.061149,0
                6.948745,46.051345,0
                6.944398,46.050708,0
                6.936437,46.036017,0
                6.92696,46.026794,0
                6.92092,46.023628,0
                6.919142,46.020941,0
                6.919758,46.014613,0
                6.923903,46.009815,0
                6.92366,45.999689,0
                6.92370463786599,45.9996322653886,0
                6.929593,45.992147,0
                6.928709,45.981939,0
                6.91499,45.972596,0
                6.911122,45.963345,0
                6.903159,45.958778,0
                6.901839,45.955779,0
                6.884428,45.941493,0
                6.880092,45.939271,0
                6.872617,45.930168,0
                6.868685,45.920473,0
                6.865804,45.918227,0
                6.859302,45.915782,0
                6.851042,45.914496,0
                6.843555,45.909597,0
                6.833747,45.905967,0
                6.826814,45.900644,0
                6.81142,45.900485,0
                6.794052,45.892275,0
                6.789868,45.893958,0
                6.776933,45.905384,0
                6.774873,45.90852,0
                6.775192,45.911544,0
                6.766421,45.927113,0
                6.75605,45.928614,0
                6.741339,45.935001,0
                6.73885,45.935389,0
                6.733477,45.933167,0
                6.733872,45.928469,0
                6.729495,45.920098,0
                6.72623,45.917048,0
                6.722511,45.914221,0
                6.710378,45.910332,0
                6.69721,45.912419,0
                6.690444,45.915618,0
                6.667205,45.921699,0
                6.662087,45.915949,0
                6.65795660139619,45.9129621382671,0
                6.653326,45.909613,0
                6.651634,45.90377,0
                6.65375,45.900216,0
                6.65044,45.892881,0
                6.645302,45.88555,0
                6.630254,45.871322,0
                6.621468,45.858988,0
                6.610773,45.854,0
                6.607141,45.853966,0
                6.605982,45.850062,0
                6.603293,45.850561,0
                6.600095,45.847367,0
                6.594029,45.845415,0
                6.58969,45.841958,0
                6.585795,45.841492,0
                6.573398,45.835241,0
                6.555838,45.831774,0
                6.545393,45.825815,0
                6.543581,45.826024,0
                6.532606,45.821433,0
                6.528528,45.82153,0
                6.524674,45.818904,0
                6.522148,45.819492,0
                6.519629,45.817617,0
                6.515722,45.818187,0
                6.51493,45.815973,0
                6.50887,45.813498,0
                6.505633,45.806503,0
                6.50122,45.805036,0
                6.492227,45.797742,0
                6.488246,45.796028,0
                6.485141,45.78492,0
                6.486402,45.776198,0
                6.484535,45.77199,0
                6.481243,45.770104,0
                6.482498,45.767998,0
                6.481296,45.765014,0
                6.477147,45.763637,0
                6.470673,45.756814,0
                6.465399,45.754402,0
                6.457353,45.754192,0
                6.440121,45.750627,0
                6.434472,45.750991,0
                6.432625,45.744762,0
                6.424621,45.73948,0
                6.419887,45.730365,0
                6.409547,45.717841,0
                6.406537,45.711237,0
                6.406698,45.701847,0
                6.395467,45.68043,0
                6.390635,45.661769,0
                6.384636,45.657501,0
                6.366853,45.654531,0
                6.346613,45.649972,0
                6.335901,45.646089,0
                6.33296,45.643107,0
                6.330437,45.633064,0
                6.326968,45.628958,0
                6.287897,45.609813,0
                6.281252,45.605211,0
                6.272635,45.587036,0
                6.263822,45.580285,0
                6.202065,45.563272,0
                6.250005,45.554231,0
                6.260267,45.558421,0
                6.279068,45.560356,0
                6.287709,45.556828,0
                6.294305,45.552131,0
                6.297399,45.551984,0
                6.301717,45.547284,0
                6.308517,45.544412,0
                6.313014,45.539749,0
                6.314588,45.519959,0
                6.311977,45.512943,0
                6.308379,45.507517,0
                6.306277,45.507036,0
                6.289253,45.476687,0
                6.292004,45.457359,0
                6.290742,45.454019,0
                6.288222,45.452263,0
                6.287995,45.447155,0
                6.28405,45.437556,0
                6.279096,45.433335,0
                6.27845,45.428406,0
                6.27843738153646,45.4283967266699,0
                6.272054,45.423705,0
                6.274632,45.40897,0
                6.274963,45.387561,0
                6.287316,45.36942,0
                6.286423,45.360044,0
                6.303799,45.351668,0
                6.317442,45.329263,0
                6.320705,45.320433,0
                6.338981,45.312351,0
                6.349988,45.302905,0
                6.354418,45.296742,0
                6.353229,45.287306,0
                6.356359,45.280844,0
                6.363027,45.276663,0
                6.372841,45.273506,0
                6.379449,45.269715,0
                6.384859,45.264186,0
                6.385728,45.25872,0
                6.391485,45.251402,0
                6.397861,45.249078,0
                6.403644,45.249854,0
                6.421213,45.242658,0
                6.427564,45.243366,0
                6.430545,45.242539,0
                6.431396,45.238155,0
                6.434189,45.23628,0
                6.442928,45.235016,0
                6.448909,45.228817,0
                6.450644,45.222702,0
                6.4727,45.21611,0
                6.479217,45.210015,0
                6.4963371296055,45.2122128986906,0
                6.497055,45.212305,0
              </coordinates>
            </LinearRing>
          </outerBoundaryIs>
        </Polygon>
      </Placemark>
      <Placemark>
        <name>8</name>
        <description><![CDATA[SOIUSA SUBDIVISIONS 36 SECTIONS<br> Number = 8<br> Code = SZ.8<br> Name = Préalpes de Savoie<br> Perimeter = 556.82 km<br> Enclosed_Area = 4912.4 sq km<br> Island_Area = <br> Capleymar-Homoalpinus = https://www.homoalpinus.com/alpes/subdivisions/soiusa/<br> Created_By = Capleymar]]></description>
        <styleUrl>#poly-FF8080-1000-153</styleUrl>
        <Polygon>
          <outerBoundaryIs>
            <LinearRing>
              <tessellate>1</tessellate>
              <coordinates>
                6.662087,45.915949,0
                6.667204,45.9217,0
                6.690444,45.915618,0
                6.69721,45.912419,0
                6.710378,45.910332,0
                6.72251,45.914222,0
                6.72623,45.917049,0
                6.729494,45.920099,0
                6.733872,45.92847,0
                6.733477,45.933168,0
                6.73885,45.93539,0
                6.741339,45.935002,0
                6.75605,45.928615,0
                6.766421,45.927113,0
                6.775192,45.911544,0
                6.774873,45.90852,0
                6.776933,45.905385,0
                6.789868,45.89396,0
                6.794052,45.892276,0
                6.81142,45.900484,0
                6.826814,45.900645,0
                6.833746,45.90597,0
                6.843555,45.909599,0
                6.851042,45.914497,0
                6.859302,45.915781,0
                6.865803,45.918225,0
                6.868685,45.920472,0
                6.872617,45.930167,0
                6.880092,45.939272,0
                6.884428,45.941495,0
                6.901839,45.955779,0
                6.903159,45.958778,0
                6.911122,45.963343,0
                6.91499,45.972595,0
                6.928709,45.98194,0
                6.929593,45.992148,0
                6.92370464408143,45.9996322650114,0
                6.92366,45.999689,0
                6.923903,46.009815,0
                6.919758,46.014612,0
                6.919142,46.020941,0
                6.92092,46.023627,0
                6.92696,46.026795,0
                6.936437,46.03602,0
                6.944398,46.05071,0
                6.948744,46.051346,0
                6.962992,46.061148,0
                6.96708,46.071901,0
                6.971301,46.07344,0
                6.975501,46.078455,0
                6.983078,46.07978,0
                6.994193,46.085475,0
                7.002268,46.099161,0
                7.012863,46.104938,0
                7.030132,46.118884,0
                7.033591,46.119125,0
                7.038169,46.12724,0
                7.049995,46.133918,0
                7.051776,46.137781,0
                7.044998,46.142934,0
                7.036418,46.146943,0
                7.033064,46.150672,0
                7.033141,46.161182,0
                7.027444,46.175516,0
                7.028953,46.17922,0
                7.034468,46.183545,0
                7.033761,46.186504,0
                7.020997,46.201251,0
                7.011413,46.206308,0
                7.007708,46.221176,0
                7.002624,46.225075,0
                7.002585,46.232268,0
                6.995888,46.236648,0
                6.989919,46.243718,0
                6.98712,46.252515,0
                6.979145,46.257241,0
                6.965297,46.268453,0
                6.959361,46.284742,0
                6.936851,46.297924,0
                6.932049,46.315508,0
                6.932398,46.323992,0
                6.930505,46.329551,0
                6.921922,46.33761,0
                6.918054,46.33947,0
                6.900645,46.338672,0
                6.894647,46.341366,0
                6.88833,46.349271,0
                6.881975,46.354131,0
                6.881832,46.357442,0
                6.886944,46.363759,0
                6.885581,46.374744,0
                6.880015,46.379542,0
                6.87332,46.382662,0
                6.858527,46.395012,0
                6.857396,46.394201,0
                6.859542,46.389056,0
                6.857557,46.387013,0
                6.845967,46.38864,0
                6.830336,46.386008,0
                6.815932,46.390475,0
                6.810366,46.39098,0
                6.805389,46.394345,0
                6.792375,46.393191,0
                6.774751,46.397898,0
                6.77215958767792,46.3975556157453,0
                6.771996,46.397534,0
                6.760071,46.400326,0
                6.756621,46.403033,0
                6.733388,46.405355,0
                6.723988,46.408001,0
                6.697461,46.40702,0
                6.686695,46.399575,0
                6.679729,46.396959,0
                6.677281,46.390745,0
                6.671332,46.386669,0
                6.658096,46.38047,0
                6.645295,46.372668,0
                6.626134,46.364352,0
                6.624787,46.360462,0
                6.615212,46.351889,0
                6.588345,46.346219,0
                6.580624,46.346743,0
                6.573764,46.349161,0
                6.56721,46.349768,0
                6.560607,46.345372,0
                6.560697,46.344048,0
                6.557233,46.342769,0
                6.527613,46.339342,0
                6.511204,46.333353,0
                6.501575,46.322861,0
                6.49169,46.316249,0
                6.481295,46.313591,0
                6.470184,46.313115,0
                6.466626,46.310934,0
                6.464137,46.312415,0
                6.45997,46.311861,0
                6.452899,46.305301,0
                6.443777,46.303338,0
                6.440499,46.301328,0
                6.405801,46.276921,0
                6.371665,46.264341,0
                6.360122,46.26643,0
                6.351187,46.26624,0
                6.340241,46.260563,0
                6.33446,46.25962,0
                6.330037,46.255419,0
                6.325942,46.244616,0
                6.31528,46.231631,0
                6.30862,46.219241,0
                6.295649,46.210582,0
                6.292536,46.205548,0
                6.292626,46.192473,0
                6.295014,46.185507,0
                6.300193,46.178961,0
                6.300208,46.174566,0
                6.308041,46.169028,0
                6.313366,46.168351,0
                6.314786,46.167037,0
                6.317806,46.168352,0
                6.322126,46.165462,0
                6.325664,46.164741,0
                6.329945,46.165482,0
                6.332157,46.164615,0
                6.334915,46.165773,0
                6.349566,46.163624,0
                6.357287,46.159034,0
                6.366606,46.158473,0
                6.375206,46.149751,0
                6.384737,46.146484,0
                6.390518,46.146013,0
                6.399628,46.148138,0
                6.425919,46.146393,0
                6.429534,46.133709,0
                6.42822,46.129535,0
                6.42433,46.126682,0
                6.40992,46.121886,0
                6.399151,46.119957,0
                6.391299,46.12008,0
                6.372742,46.116118,0
                6.36549,46.115468,0
                6.362555,46.116272,0
                6.349108,46.110202,0
                6.347993,46.107938,0
                6.35244,46.100907,0
                6.352688,46.097957,0
                6.355967,46.097292,0
                6.362057,46.090557,0
                6.369867,46.087238,0
                6.378806,46.085242,0
                6.396156,46.085051,0
                6.398476,46.083486,0
                6.399813,46.079217,0
                6.399123,46.07681,0
                6.383159,46.060036,0
                6.369821,46.055418,0
                6.364225,46.04561,0
                6.359029,46.04435,0
                6.345819,46.046356,0
                6.338506,46.0457,0
                6.317154,46.046923,0
                6.297007,46.038257,0
                6.29531326064223,46.0360161824063,0
                6.292974,46.032921,0
                6.289199,46.019687,0
                6.282636,46.015206,0
                6.269795,46.009508,0
                6.249804,45.996043,0
                6.245752,45.991897,0
                6.228041,45.984377,0
                6.21429,45.973248,0
                6.212616,45.968794,0
                6.206163,45.965178,0
                6.196748,45.962196,0
                6.182155,45.963535,0
                6.17061,45.959915,0
                6.167801,45.957869,0
                6.165273,45.95307,0
                6.165694,45.950073,0
                6.16177,45.944174,0
                6.164334,45.938679,0
                6.163047,45.91883,0
                6.155149,45.907482,0
                6.146657,45.904179,0
                6.150415,45.904645,0
                6.149884,45.903827,0
                6.155847,45.905849,0
                6.158661,45.90509,0
                6.166447,45.89197,0
                6.171314,45.889235,0
                6.174333,45.879176,0
                6.18622,45.864351,0
                6.184795,45.860354,0
                6.188554,45.855783,0
                6.187418,45.852859,0
                6.189276,45.848577,0
                6.188892,45.843535,0
                6.193215,45.841562,0
                6.200889,45.840328,0
                6.206511,45.842048,0
                6.210362,45.841718,0
                6.211196,45.837987,0
                6.216913,45.836153,0
                6.21721,45.833544,0
                6.219829,45.831516,0
                6.218121,45.82795,0
                6.219762,45.824051,0
                6.226815,45.822927,0
                6.230639,45.813888,0
                6.231947,45.805968,0
                6.228941,45.801355,0
                6.230207,45.797988,0
                6.225462,45.796783,0
                6.219695,45.793024,0
                6.215245,45.792926,0
                6.213988,45.794156,0
                6.210853,45.812776,0
                6.206985,45.820088,0
                6.208974,45.823639,0
                6.206259,45.832003,0
                6.206238,45.830192,0
                6.201586,45.828046,0
                6.193889,45.828152,0
                6.189992,45.830754,0
                6.187849,45.830366,0
                6.179476,45.836361,0
                6.17507,45.84122,0
                6.174181,45.844498,0
                6.168479,45.843863,0
                6.164294,45.845355,0
                6.159658,45.844791,0
                6.15893,45.846105,0
                6.157104,45.845619,0
                6.153562,45.847867,0
                6.152983,45.852372,0
                6.146865,45.854143,0
                6.146672,45.8567,0
                6.144171,45.858115,0
                6.145184,45.85997,0
                6.14329,45.860423,0
                6.14451,45.867301,0
                6.143113,45.868667,0
                6.144209,45.871411,0
                6.142252,45.883892,0
                6.143626,45.889739,0
                6.135022,45.894228,0
                6.134025,45.895608,0
                6.135428,45.895852,0
                6.133354,45.897603,0
                6.13026,45.898115,0
                6.125405,45.895749,0
                6.107093,45.883651,0
                6.099432,45.875403,0
                6.085307,45.86612,0
                6.075927,45.85227,0
                6.067986,45.825233,0
                6.057474,45.802769,0
                6.049001,45.778966,0
                6.045911,45.776008,0
                6.038892,45.773673,0
                6.03234,45.768926,0
                6.016137,45.761629,0
                5.991023,45.728389,0
                5.96961,45.713289,0
                5.957169,45.694131,0
                5.941531,45.643429,0
                5.940594,45.619604,0
                5.938983,45.613698,0
                5.920737,45.589512,0
                5.919421,45.585281,0
                5.92129,45.58292,0
                5.926282,45.582464,0
                5.950739,45.583679,0
                5.956799,45.582844,0
                5.960785,45.580717,0
                5.961373,45.57908,0
                5.959469,45.574621,0
                5.955238,45.570448,0
                5.950329,45.568286,0
                5.937489,45.565126,0
                5.920623,45.563065,0
                5.901391,45.556861,0
                5.896519,45.558198,0
                5.891798,45.562597,0
                5.893134,45.565097,0
                5.892054,45.569348,0
                5.887864,45.576304,0
                5.879672,45.585137,0
                5.875437,45.588219,0
                5.863251,45.593368,0
                5.860584,45.596868,0
                5.858702,45.603841,0
                5.860291,45.611829,0
                5.858537,45.626532,0
                5.861097,45.636804,0
                5.859493,45.642587,0
                5.864629,45.654873,0
                5.863977,45.656387,0
                5.859937,45.65597,0
                5.858683,45.657261,0
                5.858886,45.664669,0
                5.856821,45.672862,0
                5.858732,45.686742,0
                5.862141,45.694592,0
                5.860952,45.706681,0
                5.853465,45.729336,0
                5.840448,45.748611,0
                5.839309,45.751236,0
                5.840567,45.752467,0
                5.837027,45.755458,0
                5.834219,45.762517,0
                5.832495,45.775285,0
                5.829102,45.782769,0
                5.826152,45.786857,0
                5.82441,45.786937,0
                5.822818,45.785209,0
                5.818576,45.785654,0
                5.813334,45.771947,0
                5.806521,45.766342,0
                5.805834,45.763112,0
                5.80165,45.762949,0
                5.800689,45.761026,0
                5.799064,45.761291,0
                5.794899,45.758974,0
                5.793504,45.748144,0
                5.802401,45.73119,0
                5.814622,45.716048,0
                5.821798,45.711524,0
                5.825442,45.699027,0
                5.82209,45.69535,0
                5.80703,45.68638,0
                5.785933,45.670666,0
                5.782549,45.657867,0
                5.783227,45.650907,0
                5.780594,45.643546,0
                5.781481,45.629809,0
                5.784842,45.619282,0
                5.783164,45.607212,0
                5.786872,45.59983,0
                5.790338,45.59725,0
                5.798831,45.574298,0
                5.798354,45.572153,0
                5.798444,45.572166,0
                5.803427,45.575707,0
                5.808218,45.571697,0
                5.808742,45.567028,0
                5.811721,45.562372,0
                5.809561,45.56037,0
                5.806333,45.561664,0
                5.805124,45.558354,0
                5.809071,45.55403,0
                5.812126,45.543576,0
                5.813612,45.543531,0
                5.808341,45.540359,0
                5.803873,45.542314,0
                5.79704,45.542227,0
                5.791616,45.53945,0
                5.79503,45.537172,0
                5.794597,45.532188,0
                5.786117,45.52733,0
                5.779775,45.525362,0
                5.776585,45.517512,0
                5.772547,45.512966,0
                5.772822,45.502587,0
                5.765958,45.494251,0
                5.765363,45.487788,0
                5.761196,45.483017,0
                5.757033,45.480605,0
                5.756924,45.472079,0
                5.751719,45.465945,0
                5.748858,45.459181,0
                5.753349,45.451118,0
                5.756083,45.44937,0
                5.753034,45.44437,0
                5.753052,45.441235,0
                5.755242,45.434895,0
                5.760267,45.430048,0
                5.760907,45.427587,0
                5.759562,45.426255,0
                5.756601,45.425694,0
                5.748275,45.427282,0
                5.746221,45.432397,0
                5.744425,45.433377,0
                5.741018,45.432669,0
                5.738131,45.442999,0
                5.738834,45.445223,0
                5.734852,45.447108,0
                5.73201,45.452712,0
                5.735534,45.458137,0
                5.733687,45.467186,0
                5.736239,45.472591,0
                5.732468,45.476161,0
                5.724441,45.47993,0
                5.71485,45.491561,0
                5.715641,45.495093,0
                5.712776,45.495957,0
                5.712491,45.497448,0
                5.691507,45.480415,0
                5.687751,45.474921,0
                5.684511,45.473867,0
                5.68087,45.475477,0
                5.677658,45.475398,0
                5.667382,45.472141,0
                5.660161,45.465923,0
                5.654187,45.46503,0
                5.643905,45.459837,0
                5.632979,45.44715,0
                5.629262,45.445053,0
                5.608713,45.439192,0
                5.579057,45.435617,0
                5.570082,45.431473,0
                5.555324,45.420604,0
                5.546255,45.406231,0
                5.547415,45.404553,0
                5.545179,45.402161,0
                5.537563,45.398081,0
                5.534241,45.398318,0
                5.530433,45.396315,0
                5.528438,45.39471,0
                5.526902,45.389599,0
                5.532358,45.384948,0
                5.542372,45.379895,0
                5.578464,45.37539,0
                5.602097,45.362696,0
                5.602446,45.359561,0
                5.599878,45.35365,0
                5.596897,45.351091,0
                5.596533,45.347935,0
                5.60393,45.340155,0
                5.616225,45.336669,0
                5.621014,45.333658,0
                5.623772,45.325609,0
                5.615595,45.314549,0
                5.604537,45.311688,0
                5.599813,45.305427,0
                5.593476,45.30217,0
                5.60631,45.302006,0
                5.613763,45.298296,0
                5.616065,45.2939,0
                5.620229,45.273562,0
                5.623445,45.2681,0
                5.634601,45.25784,0
                5.650414,45.247194,0
                5.67411,45.216276,0
                5.684044,45.211893,0
                5.694454,45.210099,0
                5.710877,45.204527,0
                5.71525,45.200447,0
                5.715854,45.194382,0
                5.718939,45.192886,0
                5.729312,45.194427,0
                5.732877,45.197058,0
                5.734922,45.201257,0
                5.738228,45.202038,0
                5.741502,45.2004,0
                5.743015,45.197946,0
                5.742117,45.190825,0
                5.743996,45.189349,0
                5.748643,45.188791,0
                5.751085,45.190127,0
                5.754877,45.196995,0
                5.765162,45.196191,0
                5.771635,45.200251,0
                5.775329,45.200885,0
                5.779152,45.198058,0
                5.781667,45.191543,0
                5.804657,45.187136,0
                5.806168,45.188622,0
                5.805032,45.191192,0
                5.792266,45.194964,0
                5.799196,45.199235,0
                5.796816,45.204733,0
                5.803028,45.206362,0
                5.81141,45.206415,0
                5.820051,45.202859,0
                5.832387,45.214155,0
                5.840601,45.219087,0
                5.855095,45.230727,0
                5.856827,45.236802,0
                5.860246,45.237612,0
                5.87485,45.234234,0
                5.879495,45.235183,0
                5.889783,45.25771,0
                5.901867,45.266795,0
                5.910611,45.268511,0
                5.918952,45.280056,0
                5.917047,45.286445,0
                5.927147,45.293207,0
                5.933469,45.307985,0
                5.955713,45.323125,0
                5.960262,45.328644,0
                5.968161,45.341269,0
                5.97511,45.362373,0
                5.98191,45.369204,0
                5.982218,45.380597,0
                5.999982,45.406585,0
                6.000332,45.426023,0
                6.004212,45.43322,0
                6.005742,45.449167,0
                6.022064,45.475711,0
                6.059102,45.497875,0
                6.076622,45.504071,0
                6.085826,45.508864,0
                6.088694,45.511615,0
                6.149809,45.54825,0
                6.263822,45.580284,0
                6.272635,45.587036,0
                6.281252,45.605211,0
                6.287897,45.609813,0
                6.326968,45.628959,0
                6.330437,45.633064,0
                6.33296,45.643107,0
                6.335901,45.646089,0
                6.346613,45.649972,0
                6.385531,45.658089,0
                6.390635,45.661769,0
                6.395467,45.680429,0
                6.406698,45.701847,0
                6.406537,45.711237,0
                6.409547,45.717842,0
                6.419887,45.730366,0
                6.424621,45.739481,0
                6.432625,45.744762,0
                6.434472,45.750991,0
                6.440121,45.750627,0
                6.457353,45.754193,0
                6.465399,45.754405,0
                6.470673,45.756817,0
                6.477147,45.763638,0
                6.481296,45.765015,0
                6.482498,45.767998,0
                6.481243,45.770105,0
                6.484535,45.77199,0
                6.486402,45.776198,0
                6.48514,45.78492,0
                6.488246,45.796027,0
                6.492227,45.797741,0
                6.50122,45.805035,0
                6.505633,45.806503,0
                6.50887,45.813499,0
                6.514929,45.815975,0
                6.515721,45.818189,0
                6.519629,45.81762,0
                6.522148,45.819494,0
                6.524674,45.818906,0
                6.528527,45.821531,0
                6.532606,45.821433,0
                6.543581,45.826022,0
                6.545393,45.825814,0
                6.555838,45.831775,0
                6.573397,45.835243,0
                6.585795,45.841491,0
                6.58969,45.841956,0
                6.594029,45.845414,0
                6.600095,45.847366,0
                6.603293,45.850561,0
                6.605982,45.850062,0
                6.607141,45.853967,0
                6.610773,45.854001,0
                6.621468,45.858991,0
                6.630254,45.871323,0
                6.645301,45.88555,0
                6.65044,45.892881,0
                6.65375,45.900216,0
                6.651634,45.90377,0
                6.653326,45.909614,0
                6.65795673387921,45.9129627054594,0
                6.662087,45.915949,0
              </coordinates>
            </LinearRing>
          </outerBoundaryIs>
        </Polygon>
      </Placemark>
      <Placemark>
        <name>9</name>
        <description><![CDATA[SOIUSA SUBDIVISIONS 36 SECTIONS<br> Number = 9<br> Code = SZ.9<br> Name = Alpi Pennine - Walliser Alpen<br> Perimeter = 455.29 km<br> Enclosed_Area = 6728.4 sq km<br> Island_Area = <br> Capleymar-Homoalpinus = https://www.homoalpinus.com/alpes/subdivisions/soiusa/<br> Created_By = Capleymar]]></description>
        <styleUrl>#poly-FF8080-1000-153</styleUrl>
        <Polygon>
          <outerBoundaryIs>
            <LinearRing>
              <tessellate>1</tessellate>
              <coordinates>
                8.5193201620926,45.8915112524265,0
                8.517137,45.893191,0
                8.508607,45.903884,0
                8.506149,45.90521,0
                8.505759,45.908426,0
                8.507136,45.909382,0
                8.505453,45.913617,0
                8.490963,45.923568,0
                8.480531,45.928426,0
                8.481424,45.930622,0
                8.487297,45.935128,0
                8.488967,45.935963,0
                8.49295,45.935355,0
                8.493946,45.936336,0
                8.489139,45.939082,0
                8.478101,45.941818,0
                8.47163,45.94053,0
                8.468883,45.936217,0
                8.462071,45.934876,0
                8.446224,45.935262,0
                8.432663,45.939201,0
                8.429416,45.943299,0
                8.432218,45.948786,0
                8.434945,45.961922,0
                8.429593,45.968555,0
                8.419542,45.976441,0
                8.414259,45.974949,0
                8.41176,45.976202,0
                8.410207,45.981346,0
                8.411602,45.986477,0
                8.408795,45.988573,0
                8.400442,45.99147,0
                8.383413,45.986723,0
                8.37226,45.986325,0
                8.3545,45.991267,0
                8.348254,45.994574,0
                8.326574,45.99174,0
                8.312475,45.992329,0
                8.303949,45.998308,0
                8.286814,46.001955,0
                8.282625,46.00627,0
                8.281875,46.011631,0
                8.283654,46.017257,0
                8.281926,46.021996,0
                8.283505,46.030517,0
                8.281627,46.032371,0
                8.274632,46.034789,0
                8.274411,46.03617,0
                8.2668,46.041027,0
                8.265281,46.044333,0
                8.275143,46.054054,0
                8.282332,46.067209,0
                8.283455,46.070223,0
                8.280752,46.074831,0
                8.284658,46.078654,0
                8.285212,46.084701,0
                8.302576,46.091396,0
                8.305856,46.098512,0
                8.304668,46.104914,0
                8.306486,46.110723,0
                8.302872,46.121561,0
                8.302644,46.130703,0
                8.304855,46.138744,0
                8.309187,46.143607,0
                8.309261,46.145494,0
                8.303081,46.150856,0
                8.295635,46.154015,0
                8.292262,46.15383,0
                8.286775,46.157414,0
                8.283119,46.165047,0
                8.278966,46.184774,0
                8.26909,46.195687,0
                8.260675,46.200164,0
                8.252046,46.201744,0
                8.243307,46.205923,0
                8.240304,46.206402,0
                8.234713,46.205034,0
                8.221423,46.205862,0
                8.21217,46.204364,0
                8.200643,46.207103,0
                8.19829740085103,46.2061280929568,0
                8.196731,46.205477,0
                8.187169,46.204302,0
                8.182881,46.201672,0
                8.155163,46.196634,0
                8.139053,46.195104,0
                8.132384,46.19875,0
                8.117509,46.197262,0
                8.113176,46.194851,0
                8.105456,46.193338,0
                8.104386,46.191784,0
                8.091972,46.185885,0
                8.087154,46.185325,0
                8.084167,46.186241,0
                8.073958,46.183595,0
                8.070898,46.186232,0
                8.069374,46.191314,0
                8.062671,46.192727,0
                8.057363,46.198806,0
                8.043784,46.203955,0
                8.041098,46.209253,0
                8.041801,46.210885,0
                8.036908,46.214715,0
                8.02948,46.2195,0
                8.019259,46.221994,0
                8.013888,46.224804,0
                8.007872,46.231208,0
                8.007925,46.232286,0
                8.010217,46.23278,0
                8.007577,46.238478,0
                8.009857,46.241342,0
                8.020219,46.245871,0
                8.022835,46.245417,0
                8.03029,46.249327,0
                8.033654,46.251852,0
                8.033343,46.253344,0
                8.037378,46.25796,0
                8.03269,46.271483,0
                8.023531,46.289164,0
                8.016875,46.291635,0
                8.009684,46.299543,0
                8.006514,46.299941,0
                8.006601,46.301491,0
                8.003756,46.302404,0
                8.002073,46.306783,0
                7.996285,46.305431,0
                7.98838,46.315346,0
                7.979396,46.318459,0
                7.941347,46.304852,0
                7.930449,46.298986,0
                7.901151,46.295943,0
                7.896109,46.296591,0
                7.882552,46.301696,0
                7.859463,46.302835,0
                7.847686,46.306431,0
                7.828288,46.308569,0
                7.78253,46.306128,0
                7.758452,46.309105,0
                7.740562,46.306182,0
                7.703983,46.310209,0
                7.696327,46.309909,0
                7.674384,46.305856,0
                7.666164,46.306515,0
                7.649903,46.310299,0
                7.645625,46.312539,0
                7.632925,46.311957,0
                7.622596,46.315339,0
                7.613931,46.315166,0
                7.601489,46.312993,0
                7.597697,46.309257,0
                7.592022,46.30675,0
                7.583938,46.304204,0
                7.572816,46.302749,0
                7.566103,46.297703,0
                7.554522,46.295353,0
                7.554639,46.287825,0
                7.550834,46.284731,0
                7.493248,46.274203,0
                7.459307,46.264896,0
                7.419193,46.240329,0
                7.413778,46.24033,0
                7.403089,46.244589,0
                7.383222,46.244322,0
                7.379017,46.242248,0
                7.371896,46.235569,0
                7.369533,46.228195,0
                7.359134,46.219923,0
                7.330454,46.21011,0
                7.31111,46.209494,0
                7.299273,46.202844,0
                7.281455,46.198798,0
                7.263967,46.191601,0
                7.251673,46.184146,0
                7.234874,46.180784,0
                7.230373,46.176941,0
                7.224214,46.178482,0
                7.206325,46.177248,0
                7.201557,46.174629,0
                7.199105,46.166395,0
                7.194845,46.161644,0
                7.165973,46.155366,0
                7.14291,46.144958,0
                7.129195,46.13728,0
                7.09751,46.126564,0
                7.08128,46.122314,0
                7.069617,46.120381,0
                7.067286,46.121854,0
                7.065799,46.125784,0
                7.072364,46.106369,0
                7.065653,46.101493,0
                7.05853,46.092942,0
                7.058977,46.089762,0
                7.054746,46.081706,0
                7.053603,46.07459,0
                7.060422,46.073425,0
                7.065767,46.075444,0
                7.071194,46.075836,0
                7.075567,46.078358,0
                7.085936,46.081038,0
                7.095982,46.082147,0
                7.111035,46.080893,0
                7.124202,46.078096,0
                7.139313,46.080076,0
                7.155903,46.079834,0
                7.159114,46.078296,0
                7.154253,46.074911,0
                7.154016,46.068574,0
                7.152075,46.067201,0
                7.152035,46.064547,0
                7.148366,46.06252,0
                7.150558,46.058125,0
                7.149044,46.054529,0
                7.150578,46.053409,0
                7.147774,46.047377,0
                7.14919,46.04443,0
                7.144336,46.027023,0
                7.144654,46.022577,0
                7.1355,46.018194,0
                7.132329,46.0185,0
                7.129511,46.016501,0
                7.129089,46.010265,0
                7.12475,46.005501,0
                7.126814,46.001795,0
                7.127441,45.995596,0
                7.12508795186903,45.9872328079272,0
                7.123654,45.982135,0
                7.124867,45.980769,0
                7.116649,45.976242,0
                7.111538,45.970744,0
                7.108823,45.959744,0
                7.106436,45.958675,0
                7.102578,45.950037,0
                7.096485,45.942387,0
                7.098043,45.931688,0
                7.086188,45.922501,0
                7.085099,45.918682,0
                7.081793,45.915109,0
                7.081654,45.912105,0
                7.06852,45.89911,0
                7.064246,45.885711,0
                7.059491,45.878896,0
                7.04657,45.86879,0
                7.038133,45.865324,0
                7.034464,45.859497,0
                7.016277,45.848262,0
                7.015944,45.845999,0
                7.012227,45.842257,0
                6.999102,45.834794,0
                6.994499,45.833781,0
                6.971118,45.823586,0
                6.966904,45.819245,0
                6.961383,45.80874,0
                6.966829,45.801929,0
                6.967641,45.780005,0
                6.97284,45.777768,0
                6.975306,45.775519,0
                6.975725,45.772409,0
                6.981545,45.769682,0
                6.985908,45.764979,0
                6.991487,45.763251,0
                7.006107,45.763071,0
                7.013831,45.759897,0
                7.024605,45.759372,0
                7.03224,45.757388,0
                7.038648,45.753535,0
                7.047794,45.751108,0
                7.050245,45.74818,0
                7.058995,45.74523,0
                7.064853,45.740238,0
                7.067677,45.740531,0
                7.071126,45.734788,0
                7.076462,45.731444,0
                7.084534,45.730058,0
                7.089975,45.727721,0
                7.094452,45.723727,0
                7.10029,45.721969,0
                7.104384,45.718231,0
                7.110443,45.716469,0
                7.125268,45.708096,0
                7.130728,45.707203,0
                7.138676,45.707739,0
                7.15593,45.703427,0
                7.161621,45.704223,0
                7.163432,45.705943,0
                7.170173,45.705441,0
                7.178343,45.707544,0
                7.191877,45.70193,0
                7.209573,45.703595,0
                7.213703,45.705431,0
                7.22155,45.702346,0
                7.225881,45.705068,0
                7.232562,45.704655,0
                7.237075,45.705765,0
                7.241014,45.704811,0
                7.2461,45.706468,0
                7.247599,45.710219,0
                7.257753,45.711968,0
                7.262187,45.7151,0
                7.26423,45.71857,0
                7.271884,45.720166,0
                7.28546,45.727499,0
                7.290107,45.72829,0
                7.299224,45.726546,0
                7.308536,45.727039,0
                7.320986,45.729639,0
                7.33682,45.729138,0
                7.340637,45.730951,0
                7.343382,45.736918,0
                7.356227,45.736963,0
                7.366176,45.733775,0
                7.373027,45.73496,0
                7.378967,45.733785,0
                7.395352,45.739055,0
                7.40596,45.739599,0
                7.434334,45.737447,0
                7.440638,45.740102,0
                7.44558,45.738962,0
                7.450723,45.739807,0
                7.453292,45.739182,0
                7.456025,45.735978,0
                7.466004,45.735266,0
                7.474713,45.740065,0
                7.484427,45.739242,0
                7.484511,45.74182,0
                7.482108,45.745192,0
                7.488183,45.743739,0
                7.494492,45.745806,0
                7.511481,45.744068,0
                7.522191,45.737794,0
                7.52457,45.740449,0
                7.52737,45.740142,0
                7.533788,45.743494,0
                7.540127,45.743778,0
                7.557003,45.740942,0
                7.562723,45.741701,0
                7.571371,45.745139,0
                7.587119,45.745074,0
                7.592276,45.742364,0
                7.59526,45.745072,0
                7.604798,45.744102,0
                7.611624,45.740236,0
                7.622123,45.741646,0
                7.629939,45.745666,0
                7.635463,45.742946,0
                7.643036,45.74236,0
                7.660392,45.734895,0
                7.662719,45.727868,0
                7.665931,45.724347,0
                7.665458,45.722036,0
                7.669823,45.719514,0
                7.667402,45.71328,0
                7.671683,45.708591,0
                7.673176,45.703835,0
                7.671335,45.702076,0
                7.666466,45.700969,0
                7.665229,45.698714,0
                7.670507,45.695442,0
                7.66846,45.688652,0
                7.672885,45.684991,0
                7.675575,45.674354,0
                7.674751,45.670599,0
                7.678708,45.66797,0
                7.679541,45.662897,0
                7.692225,45.656365,0
                7.696825,45.648837,0
                7.702272,45.648562,0
                7.712492,45.64432,0
                7.715171,45.641624,0
                7.714607,45.637446,0
                7.717876,45.634878,0
                7.727289,45.630869,0
                7.735324,45.629259,0
                7.737352,45.618751,0
                7.741046,45.616953,0
                7.743741,45.613328,0
                7.744527,45.610936,0
                7.741571,45.60819,0
                7.744668,45.60439,0
                7.758213,45.601627,0
                7.768542,45.602139,0
                7.784539,45.594044,0
                7.785818,45.589716,0
                7.793174,45.589396,0
                7.796426,45.586882,0
                7.798342,45.581549,0
                7.809376,45.577557,0
                7.80757,45.569998,0
                7.813299,45.564471,0
                7.81884,45.562363,0
                7.826369,45.556624,0
                7.826489,45.554226,0
                7.823418,45.552449,0
                7.823602,45.551063,0
                7.829159,45.545387,0
                7.835866,45.541894,0
                7.833597,45.538934,0
                7.83328,45.534179,0
                7.854373,45.535722,0
                7.86474,45.533415,0
                7.891461,45.530653,0
                7.901472,45.527856,0
                7.93024,45.533118,0
                7.938439,45.537763,0
                7.963111,45.545508,0
                7.990075,45.54834,0
                8.01251320153238,45.5541684695214,0
                8.020894,45.556344,0
                8.042949,45.559967,0
                8.048084,45.562185,0
                8.048247,45.568884,0
                8.052546,45.575491,0
                8.06053,45.571593,0
                8.067525,45.575424,0
                8.08359,45.575574,0
                8.120895,45.590755,0
                8.137819,45.600965,0
                8.146313,45.607747,0
                8.158358,45.620918,0
                8.165741,45.624162,0
                8.189703,45.620897,0
                8.200476,45.6217,0
                8.207712,45.619517,0
                8.213217,45.613823,0
                8.216825,45.615,0
                8.225926,45.613431,0
                8.234407,45.614628,0
                8.243447,45.618803,0
                8.253321,45.628108,0
                8.274437,45.63134,0
                8.301545,45.625067,0
                8.323103,45.621691,0
                8.348286,45.621349,0
                8.360584,45.61917,0
                8.366833,45.620097,0
                8.369487,45.623066,0
                8.371851,45.634655,0
                8.367222,45.643048,0
                8.348069,45.655119,0
                8.341768,45.656963,0
                8.339749,45.659776,0
                8.338955,45.665469,0
                8.334711,45.668807,0
                8.331187,45.675391,0
                8.322062,45.682667,0
                8.321302,45.684788,0
                8.33915,45.684369,0
                8.351564,45.682142,0
                8.360649,45.685853,0
                8.364208,45.686243,0
                8.366501,45.685049,0
                8.381256,45.689209,0
                8.40092,45.684185,0
                8.407969,45.68505,0
                8.419049,45.689483,0
                8.435485,45.692195,0
                8.440444,45.695847,0
                8.442605,45.703367,0
                8.440588,45.713043,0
                8.425619,45.738474,0
                8.423596,45.751456,0
                8.417832,45.757652,0
                8.418682,45.760886,0
                8.422136,45.763318,0
                8.420548,45.764086,0
                8.421499,45.765064,0
                8.412069,45.769315,0
                8.410404,45.775417,0
                8.40582,45.77894,0
                8.406305,45.783636,0
                8.395874,45.784322,0
                8.390508,45.786897,0
                8.389679,45.786341,0
                8.384354,45.790523,0
                8.383343,45.793611,0
                8.383374,45.795604,0
                8.385724,45.797584,0
                8.38498,45.799331,0
                8.388818,45.80119,0
                8.389244,45.802734,0
                8.385862,45.804368,0
                8.386694,45.813239,0
                8.381619,45.82549,0
                8.381272,45.832417,0
                8.385575,45.841625,0
                8.390811,45.861137,0
                8.393742,45.863553,0
                8.398378,45.862318,0
                8.401955,45.864463,0
                8.403512,45.866708,0
                8.402608,45.869466,0
                8.40935,45.875356,0
                8.413453,45.866685,0
                8.40667,45.855913,0
                8.40489,45.844679,0
                8.395073,45.82938,0
                8.39697,45.829062,0
                8.400381,45.822554,0
                8.404469,45.819763,0
                8.403578,45.816879,0
                8.405273,45.813727,0
                8.412262,45.809969,0
                8.41918,45.804131,0
                8.420147,45.801854,0
                8.416138,45.799202,0
                8.408834,45.804401,0
                8.404578,45.80574,0
                8.404095,45.801059,0
                8.406768,45.795421,0
                8.409556,45.794399,0
                8.415338,45.795012,0
                8.42546,45.782242,0
                8.426914,45.777393,0
                8.430483,45.774421,0
                8.425008,45.772605,0
                8.425494,45.769834,0
                8.428297,45.767781,0
                8.436355,45.769682,0
                8.442214,45.769309,0
                8.452288,45.764002,0
                8.45681,45.763004,0
                8.460399,45.759368,0
                8.463293,45.758309,0
                8.465457,45.758412,0
                8.470011,45.76128,0
                8.477285,45.761468,0
                8.49221,45.759521,0
                8.496258,45.757542,0
                8.503731,45.756675,0
                8.514548,45.757701,0
                8.521667,45.759585,0
                8.525753,45.762475,0
                8.53513,45.772637,0
                8.542891,45.776158,0
                8.539902,45.789098,0
                8.540382,45.794423,0
                8.537931,45.796475,0
                8.537959,45.798856,0
                8.541904,45.801026,0
                8.540915,45.80633,0
                8.544448,45.809085,0
                8.545354,45.814454,0
                8.547372,45.816381,0
                8.551376,45.813659,0
                8.55642,45.814052,0
                8.56564,45.82022,0
                8.567201,45.824096,0
                8.565224,45.830862,0
                8.57397,45.8404,0
                8.564299,45.871481,0
                8.554211,45.880245,0
                8.534534,45.886875,0
                8.527172,45.890668,0
                8.520303,45.890755,0
                8.5193201620926,45.8915112524265,0
              </coordinates>
            </LinearRing>
          </outerBoundaryIs>
        </Polygon>
      </Placemark>
      <Placemark>
        <name>10</name>
        <description><![CDATA[SOIUSA SUBDIVISIONS 36 SECTIONS<br> Number = 10<br> Code = SZ.10<br> Name = Alpi Lepontine<br> Perimeter = 424.46 km<br> Enclosed_Area = 6142.1 sq km<br> Island_Area = <br> Capleymar-Homoalpinus = https://www.homoalpinus.com/alpes/subdivisions/soiusa/<br> Created_By = Capleymar]]></description>
        <styleUrl>#poly-FF8080-1000-153</styleUrl>
        <Polygon>
          <outerBoundaryIs>
            <LinearRing>
              <tessellate>1</tessellate>
              <coordinates>
                8.861944,46.155825,0
                8.885732,46.157724,0
                8.917604,46.1658,0
                8.977497,46.175226,0
                8.994667,46.175347,0
                8.998057,46.1703,0
                9.004804,46.168295,0
                9.009202,46.169434,0
                9.014941,46.167735,0
                9.024646,46.168364,0
                9.027429,46.166102,0
                9.036027,46.166971,0
                9.039522,46.165646,0
                9.038921,46.16468,0
                9.045552,46.164814,0
                9.048593,46.163536,0
                9.050881,46.165204,0
                9.05618,46.164162,0
                9.059137,46.165449,0
                9.062906,46.165234,0
                9.065679,46.167028,0
                9.072244,46.166714,0
                9.07406,46.167886,0
                9.077235,46.165584,0
                9.080814,46.166506,0
                9.084406,46.165359,0
                9.088989,46.16637,0
                9.092675,46.165359,0
                9.097462,46.16644,0
                9.104238,46.164903,0
                9.112494,46.16779,0
                9.128479,46.167953,0
                9.13507,46.16485,0
                9.141553,46.163638,0
                9.158098,46.166916,0
                9.164778,46.164076,0
                9.168673,46.158283,0
                9.173919,46.156881,0
                9.191285,46.159355,0
                9.196469,46.161183,0
                9.209083,46.161475,0
                9.211405,46.16395,0
                9.216609,46.164026,0
                9.220572,46.165972,0
                9.226791,46.166666,0
                9.229783,46.164865,0
                9.23675,46.168639,0
                9.238822,46.16661,0
                9.24806,46.163863,0
                9.251672,46.161016,0
                9.257373,46.15892,0
                9.26734,46.16058,0
                9.282827,46.157726,0
                9.284098,46.155189,0
                9.287379,46.154695,0
                9.295712,46.149742,0
                9.29803,46.143015,0
                9.304249,46.137381,0
                9.306089,46.140887,0
                9.304872,46.14424,0
                9.306015,46.147084,0
                9.320527,46.148776,0
                9.324864,46.150578,0
                9.330855,46.148607,0
                9.337088,46.15018,0
                9.33918,46.15233,0
                9.338465,46.157242,0
                9.346737,46.163355,0
                9.358909,46.168901,0
                9.362738,46.169604,0
                9.367881,46.167849,0
                9.375084,46.168694,0
                9.377292,46.166614,0
                9.37955,46.168847,0
                9.382826,46.169693,0
                9.394089,46.169564,0
                9.41119,46.175863,0
                9.418745,46.187398,0
                9.424315,46.191963,0
                9.426384,46.198421,0
                9.424611,46.1997,0
                9.429726,46.202599,0
                9.438043,46.211396,0
                9.444809,46.211473,0
                9.443445,46.21406,0
                9.42876,46.219192,0
                9.418947,46.225103,0
                9.417087,46.2326,0
                9.407761,46.239894,0
                9.386828,46.26688,0
                9.375373,46.275658,0
                9.374765,46.27757,0
                9.378678,46.289773,0
                9.37765,46.293543,0
                9.390946,46.307416,0
                9.391147,46.310656,0
                9.386958,46.315233,0
                9.383509,46.322755,0
                9.374474,46.326381,0
                9.372292,46.33241,0
                9.368479,46.336675,0
                9.368502,46.342198,0
                9.37006,46.343857,0
                9.364949,46.351138,0
                9.362489,46.359657,0
                9.362909,46.365799,0
                9.35826,46.369155,0
                9.357598,46.375045,0
                9.353839,46.378798,0
                9.354362,46.381815,0
                9.349265,46.402025,0
                9.345008,46.412494,0
                9.341395,46.415988,0
                9.341102,46.423058,0
                9.337229,46.434791,0
                9.337889,46.437297,0
                9.335361,46.443506,0
                9.331981,46.445973,0
                9.327396,46.453076,0
                9.32594,46.461655,0
                9.326795,46.4639,0
                9.330308,46.463721,0
                9.337378,46.465706,0
                9.342836,46.469167,0
                9.34565,46.477123,0
                9.33685,46.489231,0
                9.33065,46.493141,0
                9.329679,46.508366,0
                9.332988,46.515218,0
                9.329736,46.523606,0
                9.33065,46.52483,0
                9.326249,46.532123,0
                9.326103,46.539779,0
                9.328206,46.543089,0
                9.322974,46.547937,0
                9.321247,46.55194,0
                9.336193,46.555852,0
                9.342139,46.560304,0
                9.352542,46.563514,0
                9.364526,46.564419,0
                9.390816,46.568771,0
                9.396463,46.566497,0
                9.40312,46.566695,0
                9.416471,46.571015,0
                9.417655,46.573918,0
                9.416749,46.578499,0
                9.421663,46.583441,0
                9.421117,46.593463,0
                9.428001,46.59761,0
                9.426679,46.600372,0
                9.422627,46.602842,0
                9.42254,46.605038,0
                9.425486,46.611375,0
                9.429807,46.61415,0
                9.431726,46.620785,0
                9.439696,46.629003,0
                9.43923,46.634653,0
                9.442805,46.639079,0
                9.441544,46.642064,0
                9.446047,46.645058,0
                9.447335,46.650373,0
                9.450709,46.654513,0
                9.447179,46.663816,0
                9.451073,46.669099,0
                9.450486,46.676121,0
                9.453862,46.677988,0
                9.452565,46.681153,0
                9.441752,46.691293,0
                9.447235,46.702819,0
                9.449349,46.712645,0
                9.444334,46.717654,0
                9.422268,46.761865,0
                9.420074,46.772082,0
                9.411776,46.786459,0
                9.407588,46.788504,0
                9.405258,46.792576,0
                9.405209,46.799061,0
                9.409707,46.801363,0
                9.416533,46.812021,0
                9.410016,46.813678,0
                9.407392,46.816198,0
                9.408825,46.820977,0
                9.4072,46.825195,0
                9.404091,46.825593,0
                9.391895,46.822732,0
                9.380305,46.822787,0
                9.378157,46.821322,0
                9.375427,46.823966,0
                9.3698,46.822795,0
                9.3641,46.819295,0
                9.3621,46.816395,0
                9.359135,46.815615,0
                9.3536,46.816995,0
                9.343352,46.810076,0
                9.341237,46.806972,0
                9.332463,46.806901,0
                9.328421,46.803878,0
                9.3252,46.804495,0
                9.321614,46.809227,0
                9.319695,46.80881,0
                9.321055,46.806266,0
                9.317158,46.805808,0
                9.315109,46.80621,0
                9.3146,46.808295,0
                9.310213,46.808956,0
                9.300553,46.805166,0
                9.299615,46.802985,0
                9.301199,46.797835,0
                9.2985,46.794395,0
                9.2817,46.796895,0
                9.277595,46.793272,0
                9.263592,46.787921,0
                9.259048,46.783333,0
                9.248772,46.783128,0
                9.240466,46.785802,0
                9.2358,46.781395,0
                9.227079,46.778032,0
                9.208497,46.776463,0
                9.185532,46.770378,0
                9.177997,46.771186,0
                9.165619,46.775561,0
                9.156355,46.776131,0
                9.138289,46.773118,0
                9.130188,46.774246,0
                9.11862,46.771041,0
                9.086735,46.757419,0
                9.070705,46.755028,0
                9.063279,46.756929,0
                9.058841,46.753428,0
                9.047039,46.751866,0
                9.031491,46.746712,0
                9.002069,46.744506,0
                8.997673,46.740536,0
                8.974648,46.735722,0
                8.969162,46.732969,0
                8.964904,46.728857,0
                8.960134,46.729153,0
                8.951693,46.725331,0
                8.935643,46.723318,0
                8.925627,46.720143,0
                8.913105,46.722177,0
                8.899588,46.720223,0
                8.896643,46.717282,0
                8.88613,46.713477,0
                8.881378,46.712943,0
                8.877274,46.709158,0
                8.869635,46.706644,0
                8.868305,46.704727,0
                8.864712,46.703547,0
                8.862533,46.699331,0
                8.855757,46.697724,0
                8.852906,46.69391,0
                8.848699,46.693003,0
                8.845199,46.694073,0
                8.841554,46.692695,0
                8.841808,46.688688,0
                8.831237,46.679676,0
                8.825786,46.679734,0
                8.821526,46.678321,0
                8.817087,46.679853,0
                8.811304,46.678497,0
                8.797568,46.678593,0
                8.794601,46.677529,0
                8.790052,46.678594,0
                8.787837,46.677281,0
                8.784809,46.678165,0
                8.778975,46.675617,0
                8.761671,46.67438,0
                8.752447,46.671822,0
                8.750955,46.669993,0
                8.747502,46.669724,0
                8.74641,46.667016,0
                8.741067,46.664315,0
                8.726578,46.661542,0
                8.718196,46.655311,0
                8.712213,46.652647,0
                8.704008,46.653812,0
                8.694344,46.6486,0
                8.686834,46.647943,0
                8.682298,46.649068,0
                8.66911,46.661217,0
                8.655258,46.659454,0
                8.650604,46.65688,0
                8.64412,46.656187,0
                8.637517,46.651374,0
                8.628696,46.647445,0
                8.622403,46.641837,0
                8.618812,46.641415,0
                8.618485,46.640095,0
                8.615378,46.639205,0
                8.607569,46.633438,0
                8.600999,46.634712,0
                8.596711,46.633791,0
                8.586195,46.637811,0
                8.584783,46.633659,0
                8.585882,46.630708,0
                8.578672,46.627262,0
                8.578923,46.624617,0
                8.559369,46.616849,0
                8.555807,46.617002,0
                8.540148,46.610934,0
                8.536345,46.611656,0
                8.530198,46.608473,0
                8.52212,46.60711,0
                8.515966,46.603079,0
                8.507997,46.601281,0
                8.502774,46.594661,0
                8.497709,46.591645,0
                8.494297,46.587469,0
                8.484522,46.583347,0
                8.477861,46.583713,0
                8.464123,46.588623,0
                8.458656,46.587718,0
                8.456218,46.588526,0
                8.45164,46.586035,0
                8.43588,46.581734,0
                8.429226,46.575387,0
                8.418193,46.573288,0
                8.406305,46.566769,0
                8.400451,46.570072,0
                8.395174,46.570958,0
                8.379286,46.570045,0
                8.355348,46.559082,0
                8.361721,46.548882,0
                8.362224,46.54257,0
                8.359935,46.538499,0
                8.358722,46.537323,0
                8.350637,46.53601,0
                8.330393,46.515428,0
                8.321493,46.509317,0
                8.312261,46.507831,0
                8.308986,46.504276,0
                8.283007,46.491904,0
                8.28044843595834,46.4894788170755,0
                8.275646,46.484926,0
                8.269322,46.483204,0
                8.265269,46.478688,0
                8.255437,46.476232,0
                8.250935,46.471674,0
                8.245632,46.470427,0
                8.24346,46.463538,0
                8.237714,46.462123,0
                8.227041,46.455082,0
                8.220348,46.454376,0
                8.216286,46.450373,0
                8.212528,46.449192,0
                8.211812,46.447215,0
                8.209819,46.447117,0
                8.208447,46.444011,0
                8.20441,46.443852,0
                8.204759,46.44169,0
                8.201064,46.439219,0
                8.200493,46.437112,0
                8.194252,46.436231,0
                8.189571,46.432277,0
                8.186469,46.432456,0
                8.181211,46.42953,0
                8.180016,46.426578,0
                8.176725,46.425695,0
                8.173121,46.421923,0
                8.162924,46.416294,0
                8.162414,46.414501,0
                8.154112,46.411016,0
                8.144648,46.403782,0
                8.138873,46.401209,0
                8.134296,46.396474,0
                8.124429,46.391051,0
                8.11949,46.384776,0
                8.112087,46.381993,0
                8.10116,46.37559,0
                8.09662,46.375564,0
                8.094389,46.377942,0
                8.091829,46.378123,0
                8.086196,46.37349,0
                8.07864,46.371412,0
                8.075966,46.372341,0
                8.072,46.369223,0
                8.069417,46.369427,0
                8.068403,46.367718,0
                8.054287,46.361705,0
                8.053278,46.359463,0
                8.051057,46.359442,0
                8.045985,46.354119,0
                8.041637,46.352987,0
                8.033855,46.346793,0
                8.027582,46.344459,0
                8.026284,46.340253,0
                8.015486,46.334275,0
                8.010198,46.326292,0
                7.979396,46.31846,0
                7.98838,46.315346,0
                7.996285,46.305431,0
                8.002073,46.306783,0
                8.003756,46.302404,0
                8.006601,46.301491,0
                8.006514,46.299941,0
                8.009684,46.299543,0
                8.016875,46.291635,0
                8.023531,46.289164,0
                8.03269,46.271483,0
                8.037378,46.25796,0
                8.033343,46.253344,0
                8.033654,46.251852,0
                8.03029,46.249327,0
                8.022835,46.245417,0
                8.020219,46.245871,0
                8.009857,46.241342,0
                8.007577,46.238478,0
                8.00881680336807,46.2358022459959,0
                8.010217,46.23278,0
                8.007925,46.232286,0
                8.007872,46.231208,0
                8.013888,46.224804,0
                8.019259,46.221994,0
                8.02948,46.2195,0
                8.036908,46.214715,0
                8.041801,46.210885,0
                8.041098,46.209253,0
                8.043784,46.203955,0
                8.057363,46.198806,0
                8.062671,46.192727,0
                8.069374,46.191314,0
                8.070898,46.186232,0
                8.073958,46.183595,0
                8.084167,46.186241,0
                8.087154,46.185325,0
                8.091972,46.185885,0
                8.104386,46.191784,0
                8.105456,46.193338,0
                8.113176,46.194851,0
                8.117509,46.197262,0
                8.132384,46.19875,0
                8.139053,46.195104,0
                8.155163,46.196634,0
                8.182881,46.201672,0
                8.187169,46.204302,0
                8.196731,46.205477,0
                8.19829740085102,46.2061280929568,0
                8.200643,46.207103,0
                8.21217,46.204364,0
                8.221423,46.205862,0
                8.234713,46.205034,0
                8.240304,46.206402,0
                8.243307,46.205923,0
                8.252046,46.201744,0
                8.260675,46.200164,0
                8.26909,46.195687,0
                8.278966,46.184774,0
                8.283119,46.165047,0
                8.286775,46.157414,0
                8.292262,46.15383,0
                8.295635,46.154015,0
                8.303081,46.150856,0
                8.309261,46.145494,0
                8.309187,46.143607,0
                8.304855,46.138744,0
                8.302644,46.130703,0
                8.302872,46.121561,0
                8.306486,46.110723,0
                8.304668,46.104914,0
                8.305856,46.098512,0
                8.302576,46.091396,0
                8.285212,46.084701,0
                8.284658,46.078654,0
                8.280752,46.074831,0
                8.283455,46.070223,0
                8.282332,46.067209,0
                8.275143,46.054054,0
                8.265281,46.044333,0
                8.2668,46.041027,0
                8.274411,46.03617,0
                8.274632,46.034789,0
                8.281627,46.032371,0
                8.283505,46.030517,0
                8.281926,46.021996,0
                8.283654,46.017257,0
                8.281875,46.011631,0
                8.282625,46.00627,0
                8.286814,46.001955,0
                8.303949,45.998308,0
                8.312475,45.992329,0
                8.326574,45.99174,0
                8.348254,45.994574,0
                8.3545,45.991267,0
                8.37226,45.986325,0
                8.383413,45.986723,0
                8.400442,45.99147,0
                8.408029,45.988932,0
                8.411602,45.986477,0
                8.410207,45.981346,0
                8.41176,45.976202,0
                8.414259,45.974949,0
                8.419542,45.976441,0
                8.429593,45.968555,0
                8.434945,45.961922,0
                8.42968,45.941787,0
                8.434131,45.938577,0
                8.446224,45.935262,0
                8.465875,45.935391,0
                8.468883,45.936217,0
                8.47163,45.94053,0
                8.478101,45.941818,0
                8.489139,45.939082,0
                8.493946,45.936336,0
                8.496672,45.938441,0
                8.505492,45.936808,0
                8.513458,45.939715,0
                8.515887,45.938098,0
                8.540004,45.930784,0
                8.54897,45.921457,0
                8.554378,45.92021,0
                8.556683,45.916983,0
                8.560797,45.915601,0
                8.566431,45.926767,0
                8.574357,45.93141,0
                8.572809,45.932145,0
                8.574631,45.933356,0
                8.573955,45.93475,0
                8.581127,45.937643,0
                8.581961,45.93913,0
                8.589534,45.939916,0
                8.620693,45.958512,0
                8.628422,45.971856,0
                8.640768,45.982678,0
                8.64431,45.988433,0
                8.65092,45.99132,0
                8.659615,46.005426,0
                8.670055,46.013579,0
                8.673394,46.018928,0
                8.676022,46.020648,0
                8.680028,46.018432,0
                8.682343,46.018914,0
                8.686574,46.022811,0
                8.700088,46.024696,0
                8.710605,46.030449,0
                8.711144,46.036052,0
                8.707389,46.038862,0
                8.704865,46.047685,0
                8.70673,46.053665,0
                8.704256,46.057606,0
                8.700873,46.059605,0
                8.700359,46.0681,0
                8.698854,46.069056,0
                8.695067,46.067893,0
                8.698191,46.070205,0
                8.692998,46.072387,0
                8.695383,46.076459,0
                8.693857,46.077443,0
                8.693221,46.082979,0
                8.691224,46.085999,0
                8.690796,46.091749,0
                8.69419,46.096358,0
                8.693784,46.098951,0
                8.697162,46.101294,0
                8.697779,46.104511,0
                8.70389,46.111133,0
                8.706934,46.112043,0
                8.709779,46.117908,0
                8.713802,46.12016,0
                8.713277,46.122602,0
                8.71506,46.123819,0
                8.720014,46.134884,0
                8.728792,46.141776,0
                8.731534,46.145844,0
                8.737212,46.148578,0
                8.75183,46.151198,0
                8.760206,46.154193,0
                8.763433,46.15287,0
                8.766813,46.154726,0
                8.77052,46.152852,0
                8.773147,46.149621,0
                8.779419,46.14713,0
                8.784791,46.145565,0
                8.791982,46.145711,0
                8.792311,46.147863,0
                8.794453,46.147457,0
                8.793999,46.148424,0
                8.796996,46.149582,0
                8.802847,46.150247,0
                8.804753,46.152493,0
                8.804327,46.154043,0
                8.800728,46.154622,0
                8.801522,46.155447,0
                8.803645,46.154591,0
                8.802681,46.155993,0
                8.804851,46.158384,0
                8.802217,46.158537,0
                8.804787,46.158646,0
                8.804789,46.163813,0
                8.801402,46.170745,0
                8.818847,46.172853,0
                8.823974,46.175171,0
                8.826619,46.175165,0
                8.833583,46.17995,0
                8.84037,46.178852,0
                8.841565,46.175478,0
                8.84676,46.170902,0
                8.848216,46.171013,0
                8.847241,46.170385,0
                8.852517,46.165173,0
                8.856497,46.166849,0
                8.859422,46.17088,0
                8.857733,46.165812,0
                8.855468,46.165117,0
                8.857636,46.164595,0
                8.857246,46.163774,0
                8.855296,46.162895,0
                8.853087,46.163609,0
                8.854982,46.161809,0
                8.861175,46.163952,0
                8.853956,46.160095,0
                8.855976,46.158374,0
                8.855691,46.157488,0
                8.854072,46.157794,0
                8.854886,46.157033,0
                8.861781,46.156823,0
                8.861944,46.155825,0
              </coordinates>
            </LinearRing>
          </outerBoundaryIs>
        </Polygon>
      </Placemark>
      <Placemark>
        <name>11</name>
        <description><![CDATA[SOIUSA SUBDIVISIONS 36 SECTIONS<br> Number = 11<br> Code = SZ.11<br> Name = Prealpi Luganesi<br> Perimeter = 297.75 km<br> Enclosed_Area = 1519.2 sq km<br> Island_Area = 97.472 sq km<br> Capleymar-Homoalpinus = https://www.homoalpinus.com/alpes/subdivisions/soiusa/<br> Created_By = Capleymar]]></description>
        <styleUrl>#poly-FF8080-1000-153</styleUrl>
        <MultiGeometry>
          <Polygon>
            <outerBoundaryIs>
              <LinearRing>
                <tessellate>1</tessellate>
                <coordinates>
                  9.078426,45.8132013,0
                  9.078957,45.813137,0
                  9.0793168,45.8132932,0
                  9.078965,45.813256,0
                  9.078725,45.81323,0
                  9.078426,45.8132013,0
                </coordinates>
              </LinearRing>
            </outerBoundaryIs>
          </Polygon>
          <Polygon>
            <outerBoundaryIs>
              <LinearRing>
                <tessellate>1</tessellate>
                <coordinates>
                  9.076639,45.8138261,0
                  9.0766655,45.8137958,0
                  9.07868,45.814669,0
                  9.080311,45.815406,0
                  9.080198,45.815362,0
                  9.08017,45.815347,0
                  9.076639,45.8138261,0
                </coordinates>
              </LinearRing>
            </outerBoundaryIs>
          </Polygon>
          <Polygon>
            <outerBoundaryIs>
              <LinearRing>
                <tessellate>1</tessellate>
                <coordinates>
                  9.0742108,45.8152576,0
                  9.07471,45.8152,0
                  9.0757642,45.8147549,0
                  9.075646,45.814972,0
                  9.074587,45.815254,0
                  9.074357,45.815255,0
                  9.0742108,45.8152576,0
                </coordinates>
              </LinearRing>
            </outerBoundaryIs>
          </Polygon>
          <Polygon>
            <outerBoundaryIs>
              <LinearRing>
                <tessellate>1</tessellate>
                <coordinates>
                  9.076639,45.8138261,0
                  9.076276,45.814241,0
                  9.075873,45.814709,0
                  9.0757642,45.8147549,0
                  9.076024,45.814278,0
                  9.076467,45.813752,0
                  9.076639,45.8138261,0
                </coordinates>
              </LinearRing>
            </outerBoundaryIs>
          </Polygon>
          <Polygon>
            <outerBoundaryIs>
              <LinearRing>
                <tessellate>1</tessellate>
                <coordinates>
                  9.078426,45.8132013,0
                  9.077569,45.813305,0
                  9.076877,45.813554,0
                  9.0766655,45.8137958,0
                  9.076493,45.813721,0
                  9.077572,45.813174,0
                  9.078007,45.813161,0
                  9.078426,45.8132013,0
                </coordinates>
              </LinearRing>
            </outerBoundaryIs>
          </Polygon>
          <Polygon>
            <outerBoundaryIs>
              <LinearRing>
                <tessellate>1</tessellate>
                <coordinates>
                  9.0793168,45.8132932,0
                  9.079495,45.813312,0
                  9.079763,45.813328,0
                  9.080516,45.813341,0
                  9.082993,45.815118,0
                  9.0829952,45.8151224,0
                  9.08209,45.814483,0
                  9.081521,45.814215,0
                  9.080882,45.813615,0
                  9.079973,45.813578,0
                  9.0793168,45.8132932,0
                </coordinates>
              </LinearRing>
            </outerBoundaryIs>
          </Polygon>
          <Polygon>
            <outerBoundaryIs>
              <LinearRing>
                <tessellate>1</tessellate>
                <coordinates>
                  9.0742108,45.8152576,0
                  9.073808,45.815304,0
                  9.072459,45.815157,0
                  9.069604,45.814493,0
                  9.067753,45.815745,0
                  9.0674611,45.8163252,0
                  9.067471,45.816237,0
                  9.067306,45.816018,0
                  9.069834,45.814317,0
                  9.074128,45.815259,0
                  9.0742108,45.8152576,0
                </coordinates>
              </LinearRing>
            </outerBoundaryIs>
          </Polygon>
          <Polygon>
            <outerBoundaryIs>
              <LinearRing>
                <tessellate>1</tessellate>
                <coordinates>
                  9.2345865901043,45.8356794016213,0
                  9.23621,45.83594,0
                  9.245021,45.839043,0
                  9.245107,45.841337,0
                  9.261588,45.849329,0
                  9.269001,45.855905,0
                  9.271886,45.854692,0
                  9.277578,45.855205,0
                  9.282397,45.85077,0
                  9.272925,45.845994,0
                  9.268252,45.845395,0
                  9.258365,45.839291,0
                  9.25597756708547,45.8339391738652,0
                  9.255531,45.832938,0
                  9.249088,45.826215,0
                  9.24841,45.822555,0
                  9.256113,45.82117,0
                  9.26366,45.828983,0
                  9.26904798169611,45.8328738336021,0
                  9.273141,45.835829,0
                  9.274527,45.834799,0
                  9.2734786039369,45.8325123560374,0
                  9.273395,45.83233,0
                  9.265986,45.827381,0
                  9.26798,45.822677,0
                  9.267085,45.819969,0
                  9.272144,45.816847,0
                  9.287722,45.813961,0
                  9.304759,45.816375,0
                  9.329579,45.824925,0
                  9.346574,45.824743,0
                  9.35045229332161,45.8262042836249,0
                  9.352214,45.826868,0
                  9.355601,45.826607,0
                  9.35699634174629,45.8256655422648,0
                  9.369694,45.817096,0
                  9.378554,45.813211,0
                  9.374085,45.801671,0
                  9.367896,45.793795,0
                  9.354346,45.76897,0
                  9.350653,45.758539,0
                  9.351832,45.754232,0
                  9.362868,45.746719,0
                  9.366506,45.745888,0
                  9.373621,45.747593,0
                  9.383837,45.741598,0
                  9.387631,45.741999,0
                  9.391813,45.739126,0
                  9.396799,45.740714,0
                  9.405563,45.738726,0
                  9.411766,45.739258,0
                  9.422383,45.741875,0
                  9.425052,45.74895,0
                  9.42299,45.755872,0
                  9.414289,45.770866,0
                  9.413573,45.789237,0
                  9.406762,45.79788,0
                  9.404619,45.806993,0
                  9.402128,45.808404,0
                  9.403639,45.81351,0
                  9.395607,45.82048,0
                  9.3959167600636,45.8224534697502,0
                  9.396917,45.828825,0
                  9.394529,45.8353,0
                  9.398201,45.836926,0
                  9.397964,45.838472,0
                  9.401117,45.839084,0
                  9.398778,45.843277,0
                  9.394605,45.847646,0
                  9.387704,45.849642,0
                  9.386992,45.84827,0
                  9.380426,45.850288,0
                  9.375408,45.852703,0
                  9.374797,45.856105,0
                  9.371736,45.85813,0
                  9.366449,45.859099,0
                  9.366232,45.85836,0
                  9.365572,45.864701,0
                  9.356818,45.874813,0
                  9.346466,45.879964,0
                  9.332019,45.884636,0
                  9.324349,45.885176,0
                  9.315272,45.891511,0
                  9.310754,45.898391,0
                  9.301632,45.90264,0
                  9.296919,45.908962,0
                  9.294673,45.910011,0
                  9.293385,45.914929,0
                  9.285707,45.925507,0
                  9.28228,45.940717,0
                  9.27921,45.943998,0
                  9.275844,45.95412,0
                  9.266264,45.961667,0
                  9.269885,45.970452,0
                  9.266232,45.974947,0
                  9.263572,45.982698,0
                  9.26621,45.983867,0
                  9.267283,45.986708,0
                  9.265548,45.991308,0
                  9.260558,45.989235,0
                  9.260361,45.985721,0
                  9.253933,45.981046,0
                  9.251858,45.977504,0
                  9.246811,45.977123,0
                  9.241447,45.972669,0
                  9.234717,45.970421,0
                  9.22665,45.962058,0
                  9.222286,45.961604,0
                  9.22074,45.957988,0
                  9.210703,45.950581,0
                  9.205919,45.949934,0
                  9.201031,45.946723,0
                  9.183152,45.946009,0
                  9.169151,45.940888,0
                  9.16062,45.939124,0
                  9.152094,45.935096,0
                  9.149588,45.929208,0
                  9.154449,45.911309,0
                  9.152712,45.908981,0
                  9.154055,45.905541,0
                  9.152247,45.900332,0
                  9.156551,45.880672,0
                  9.155089,45.87632,0
                  9.155872,45.869649,0
                  9.152561,45.865901,0
                  9.149545,45.865368,0
                  9.14851,45.863106,0
                  9.139952,45.857925,0
                  9.136052,45.857468,0
                  9.119134,45.859392,0
                  9.112677,45.858456,0
                  9.113575,45.854425,0
                  9.105439,45.847045,0
                  9.10509966596039,45.8461260889665,0
                  9.103043,45.840556,0
                  9.099057,45.836222,0
                  9.095266,45.834344,0
                  9.091008,45.829402,0
                  9.076559,45.823361,0
                  9.082626,45.817396,0
                  9.082128,45.815118,0
                  9.082636,45.816198,0
                  9.082979,45.815382,0
                  9.083026,45.815185,0
                  9.0829952,45.8151224,0
                  9.083197,45.815265,0
                  9.082723,45.817352,0
                  9.085619,45.817323,0
                  9.0908,45.814788,0
                  9.099283,45.805981,0
                  9.114535,45.80185,0
                  9.133967,45.800426,0
                  9.140354,45.797491,0
                  9.154962,45.798687,0
                  9.168721,45.79678,0
                  9.178657,45.796998,0
                  9.190587,45.804779,0
                  9.21039,45.813425,0
                  9.216283,45.818969,0
                  9.220908,45.821324,0
                  9.223399,45.824991,0
                  9.222285,45.828934,0
                  9.224502,45.83406,0
                  9.2345865901043,45.8356794016213,0
                </coordinates>
              </LinearRing>
            </outerBoundaryIs>
          </Polygon>
          <Polygon>
            <outerBoundaryIs>
              <LinearRing>
                <tessellate>1</tessellate>
                <coordinates>
                  8.675818,45.874934,0
                  8.691521,45.8598,0
                  8.718454,45.844655,0
                  8.729828,45.841755,0
                  8.74,45.840939,0
                  8.787899,45.839535,0
                  8.816645,45.842696,0
                  8.831062,45.846206,0
                  8.839824,45.851912,0
                  8.83985284399126,45.8519209019674,0
                  8.8539,45.856255,0
                  8.865775,45.862557,0
                  8.87415451606203,45.8643856039817,0
                  8.874303,45.864418,0
                  8.89016,45.863495,0
                  8.89075101623672,45.8630893256817,0
                  8.894692,45.860384,0
                  8.903535,45.856939,0
                  8.918702,45.856581,0
                  8.931119,45.857667,0
                  8.93807393237449,45.859379618887,0
                  8.957413,45.864139,0
                  8.967484,45.871139,0
                  8.972748,45.877121,0
                  8.971457,45.887444,0
                  8.97282,45.890806,0
                  8.97447,45.891184,0
                  8.981543,45.885509,0
                  8.989503,45.872376,0
                  8.988224,45.868469,0
                  8.981265,45.863325,0
                  8.980048,45.858109,0
                  8.98197958609344,45.8559198816972,0
                  8.985931,45.851441,0
                  9.012301,45.843242,0
                  9.024173,45.835027,0
                  9.047767,45.826126,0
                  9.060968,45.818578,0
                  9.066882,45.817353,0
                  9.067258,45.816729,0
                  9.0674611,45.8163252,0
                  9.067427,45.81663,0
                  9.066915,45.821166,0
                  9.068594,45.82587,0
                  9.071976,45.831773,0
                  9.076248,45.833552,0
                  9.07585,45.835713,0
                  9.07875,45.838776,0
                  9.078674,45.843482,0
                  9.080936,45.846311,0
                  9.089297,45.846022,0
                  9.08950256096029,45.8473742925048,0
                  9.090285,45.852521,0
                  9.094572,45.857529,0
                  9.097263,45.85925,0
                  9.10154,45.859656,0
                  9.112189,45.866948,0
                  9.124083,45.871061,0
                  9.136684,45.877751,0
                  9.142192,45.885206,0
                  9.145086,45.892425,0
                  9.137398,45.899108,0
                  9.131596,45.907103,0
                  9.131801,45.923371,0
                  9.128394,45.931942,0
                  9.129092,45.945422,0
                  9.145231,45.953672,0
                  9.159261,45.958887,0
                  9.169159,45.964646,0
                  9.169649,45.966023,0
                  9.172866,45.966369,0
                  9.174873,45.968742,0
                  9.185109,45.966498,0
                  9.190778,45.967596,0
                  9.202434,45.964714,0
                  9.201781,45.969355,0
                  9.196601,45.970658,0
                  9.195928,45.971839,0
                  9.197179,45.973656,0
                  9.199869,45.974209,0
                  9.20014,45.976031,0
                  9.207018,45.980466,0
                  9.212701,45.9804,0
                  9.215883,45.982488,0
                  9.222381,45.981447,0
                  9.235307,45.988021,0
                  9.237683,45.990775,0
                  9.23955,45.994631,0
                  9.234263,46.005964,0
                  9.23731,46.014549,0
                  9.237144,46.018725,0
                  9.242931,46.02174,0
                  9.241762,46.024279,0
                  9.237846,46.026801,0
                  9.237491,46.034769,0
                  9.244339,46.039486,0
                  9.251042,46.039826,0
                  9.255913,46.049082,0
                  9.260738,46.052595,0
                  9.260736,46.057437,0
                  9.269082,46.06259,0
                  9.26971,46.065322,0
                  9.272712,46.067984,0
                  9.278731,46.070125,0
                  9.278199,46.072012,0
                  9.279748,46.073781,0
                  9.277055,46.081622,0
                  9.277774,46.087774,0
                  9.280033,46.088823,0
                  9.280638,46.093582,0
                  9.27762,46.099446,0
                  9.278671,46.109932,0
                  9.277054,46.114097,0
                  9.280774,46.119058,0
                  9.279326,46.122026,0
                  9.286368,46.123959,0
                  9.286226,46.127325,0
                  9.290685,46.130472,0
                  9.290958,46.134026,0
                  9.300201,46.135418,0
                  9.304012,46.137256,0
                  9.29803,46.143015,0
                  9.294494,46.150847,0
                  9.287379,46.154695,0
                  9.284098,46.155189,0
                  9.282827,46.157726,0
                  9.277068,46.159157,0
                  9.26734,46.16058,0
                  9.257373,46.15892,0
                  9.251672,46.161016,0
                  9.24806,46.163863,0
                  9.238822,46.16661,0
                  9.23675,46.168639,0
                  9.229783,46.164865,0
                  9.226791,46.166666,0
                  9.220572,46.165972,0
                  9.216609,46.164026,0
                  9.211405,46.16395,0
                  9.209083,46.161475,0
                  9.196469,46.161183,0
                  9.191285,46.159355,0
                  9.173919,46.156881,0
                  9.168673,46.158283,0
                  9.164778,46.164076,0
                  9.158098,46.166916,0
                  9.141553,46.163638,0
                  9.13507,46.16485,0
                  9.128479,46.167953,0
                  9.112494,46.16779,0
                  9.104238,46.164903,0
                  9.097462,46.16644,0
                  9.092675,46.165359,0
                  9.088989,46.16637,0
                  9.084406,46.165359,0
                  9.080814,46.166506,0
                  9.077235,46.165584,0
                  9.07406,46.167886,0
                  9.072244,46.166714,0
                  9.065679,46.167028,0
                  9.062906,46.165234,0
                  9.059137,46.165449,0
                  9.05618,46.164162,0
                  9.050881,46.165204,0
                  9.048593,46.163536,0
                  9.045552,46.164814,0
                  9.038921,46.16468,0
                  9.039522,46.165646,0
                  9.036027,46.166971,0
                  9.027429,46.166102,0
                  9.024646,46.168364,0
                  9.014941,46.167735,0
                  9.009202,46.169434,0
                  9.004804,46.168295,0
                  8.998057,46.1703,0
                  8.994667,46.175347,0
                  8.984416,46.175391,0
                  8.966293,46.173907,0
                  8.93922826055985,46.169403410963,0
                  8.917604,46.1658,0
                  8.898473,46.160346,0
                  8.879543,46.15672,0
                  8.862364,46.156014,0
                  8.865583,46.150057,0
                  8.859767,46.148814,0
                  8.855836,46.149482,0
                  8.853825,46.147118,0
                  8.84714,46.145037,0
                  8.840937,46.144721,0
                  8.835133,46.141078,0
                  8.819866,46.139338,0
                  8.807551,46.135925,0
                  8.80395,46.132945,0
                  8.798861,46.131006,0
                  8.79797,46.129164,0
                  8.790605,46.126545,0
                  8.786575,46.123492,0
                  8.783319,46.123438,0
                  8.78222,46.120974,0
                  8.77349,46.116227,0
                  8.768967,46.111589,0
                  8.758537,46.104761,0
                  8.751344,46.103181,0
                  8.737634,46.102803,0
                  8.735248,46.095162,0
                  8.722279,46.085885,0
                  8.720502,46.081913,0
                  8.731823,46.068492,0
                  8.729441,46.061212,0
                  8.734039,46.052163,0
                  8.731835,46.048786,0
                  8.732148,46.046712,0
                  8.733948,46.045874,0
                  8.732136,46.044422,0
                  8.731765,46.039638,0
                  8.737371,46.036599,0
                  8.741962,46.036524,0
                  8.746527,46.033124,0
                  8.748559,46.026151,0
                  8.750997,46.025254,0
                  8.750661,46.020136,0
                  8.752203,46.017992,0
                  8.74817,46.00947,0
                  8.741464,46.002492,0
                  8.734629,45.999672,0
                  8.733542,45.997442,0
                  8.72403,45.997244,0
                  8.717931,45.990523,0
                  8.711277,45.988932,0
                  8.712012,45.983268,0
                  8.710151,45.979234,0
                  8.705045,45.975203,0
                  8.694095,45.968348,0
                  8.686887,45.964955,0
                  8.682293,45.96428,0
                  8.67954,45.961149,0
                  8.675088,45.960737,0
                  8.662283,45.953943,0
                  8.660555,45.950746,0
                  8.660634,45.942684,0
                  8.65486,45.939578,0
                  8.64878,45.939394,0
                  8.642523,45.935894,0
                  8.631946,45.926818,0
                  8.616944,45.922149,0
                  8.610749,45.914906,0
                  8.616722,45.912737,0
                  8.618491,45.90997,0
                  8.623953,45.907485,0
                  8.627469,45.90409,0
                  8.656647,45.896116,0
                  8.667695,45.894338,0
                  8.669355,45.893346,0
                  8.671452,45.883632,0
                  8.67333783838221,45.8798753635916,0
                  8.675818,45.874934,0
                </coordinates>
              </LinearRing>
            </outerBoundaryIs>
          </Polygon>
        </MultiGeometry>
      </Placemark>
      <Placemark>
        <name>12</name>
        <description><![CDATA[SOIUSA SUBDIVISIONS 36 SECTIONS<br> Number = 12<br> Code = SZ.12<br> Name = Berner Alpen i.w.S.<br> Perimeter = 389.68 km<br> Enclosed_Area = 3040.7 sq km<br> Island_Area = <br> Capleymar-Homoalpinus = https://www.homoalpinus.com/alpes/subdivisions/soiusa/<br> Created_By = Capleymar]]></description>
        <styleUrl>#poly-FF8080-1000-153</styleUrl>
        <Polygon>
          <outerBoundaryIs>
            <LinearRing>
              <tessellate>1</tessellate>
              <coordinates>
                8.28044843595834,46.4894788170755,0
                8.283007,46.491904,0
                8.308986,46.504276,0
                8.312261,46.507831,0
                8.320999,46.50907,0
                8.328073,46.51367,0
                8.3357355674727,46.5215452726728,0
                8.347284,46.533409,0
                8.350927,46.536191,0
                8.358722,46.537323,0
                8.359935,46.538499,0
                8.362224,46.54257,0
                8.361721,46.548882,0
                8.355348,46.559082,0
                8.379286,46.570045,0
                8.395174,46.570958,0
                8.400451,46.570072,0
                8.406305,46.566769,0
                8.418193,46.573288,0
                8.429226,46.575387,0
                8.43588,46.581734,0
                8.45164,46.586035,0
                8.456218,46.588526,0
                8.458656,46.587718,0
                8.464123,46.588623,0
                8.477861,46.583713,0
                8.484522,46.583347,0
                8.494297,46.587469,0
                8.497709,46.591645,0
                8.502774,46.594661,0
                8.507997,46.601281,0
                8.515966,46.603079,0
                8.52212,46.60711,0
                8.530198,46.608473,0
                8.536345,46.611656,0
                8.540148,46.610934,0
                8.555807,46.617002,0
                8.562273,46.617833,0
                8.567164,46.620721,0
                8.578923,46.624617,0
                8.578672,46.627262,0
                8.585882,46.630708,0
                8.58542,46.635752,0
                8.586816,46.63916,0
                8.591374,46.643003,0
                8.58979,46.645849,0
                8.591614,46.648079,0
                8.588268,46.650267,0
                8.586335,46.650134,0
                8.583327,46.655857,0
                8.590058,46.666068,0
                8.595486,46.669681,0
                8.594017,46.671997,0
                8.594711,46.681075,0
                8.592792,46.683954,0
                8.593615,46.693136,0
                8.59694,46.697187,0
                8.599239,46.697964,0
                8.598334,46.700096,0
                8.60375,46.70526,0
                8.604944,46.709565,0
                8.615655,46.7194,0
                8.620934,46.727461,0
                8.639535,46.740458,0
                8.639037,46.741469,0
                8.643717,46.745854,0
                8.642422,46.747744,0
                8.647957,46.757828,0
                8.650522,46.759275,0
                8.655605,46.759754,0
                8.660179,46.762942,0
                8.660838,46.764977,0
                8.668292,46.767054,0
                8.670071,46.768845,0
                8.669493,46.771949,0
                8.666077,46.776,0
                8.668356,46.782697,0
                8.665862,46.788604,0
                8.664464,46.79971,0
                8.66107,46.804245,0
                8.66215041694859,46.8083454504804,0
                8.662203,46.808545,0
                8.654075,46.815418,0
                8.646097,46.817602,0
                8.645265,46.823483,0
                8.638849,46.828075,0
                8.635828,46.833566,0
                8.635984,46.840978,0
                8.631001,46.847349,0
                8.635002,46.861284,0
                8.613708,46.896521,0
                8.610102,46.897402,0
                8.602388,46.888647,0
                8.598628,46.889864,0
                8.594164,46.895031,0
                8.595109,46.89782,0
                8.591896,46.905469,0
                8.591886,46.912897,0
                8.596916,46.918776,0
                8.592784,46.918485,0
                8.576627,46.912206,0
                8.563585,46.909997,0
                8.549021,46.912763,0
                8.529947,46.90917,0
                8.521418,46.900939,0
                8.518509,46.893323,0
                8.517791,46.884954,0
                8.515292,46.88226,0
                8.514958,46.880576,0
                8.516975,46.878661,0
                8.509567,46.872356,0
                8.510307,46.867043,0
                8.502807,46.860909,0
                8.503297,46.855874,0
                8.500203,46.852343,0
                8.495483,46.85016,0
                8.479738,46.84659,0
                8.468912,46.84102,0
                8.461468,46.841056,0
                8.453689,46.837826,0
                8.437453,46.837846,0
                8.434808,46.833585,0
                8.427776,46.829222,0
                8.42504089247986,46.826120015652,0
                8.420953,46.821483,0
                8.411578,46.816167,0
                8.401912,46.817838,0
                8.3947,46.816414,0
                8.390634,46.817209,0
                8.382884,46.821759,0
                8.382322,46.824402,0
                8.378992,46.824946,0
                8.37892583740319,46.8252172749089,0
                8.378532,46.826832,0
                8.376829,46.827072,0
                8.377235,46.821989,0
                8.368769,46.807604,0
                8.36842,46.799173,0
                8.37062857344508,46.7970932549037,0
                8.371112,46.796638,0
                8.373192,46.797291,0
                8.377288,46.795912,0
                8.383894,46.792298,0
                8.386643,46.778071,0
                8.38086,46.777558,0
                8.367986,46.773946,0
                8.36395087820945,46.7744370421653,0
                8.355549,46.775459,0
                8.345135,46.771678,0
                8.334807,46.773679,0
                8.329382,46.771943,0
                8.318484,46.762196,0
                8.319025,46.759829,0
                8.315437,46.755955,0
                8.307927,46.752674,0
                8.291612,46.741661,0
                8.289626,46.741954,0
                8.283748,46.738306,0
                8.276941,46.732475,0
                8.274934,46.728682,0
                8.267821,46.724563,0
                8.266902,46.719415,0
                8.264306,46.717465,0
                8.264993,46.713942,0
                8.25568,46.710761,0
                8.248204,46.710585,0
                8.244335,46.708133,0
                8.235196,46.710745,0
                8.233344,46.709699,0
                8.232576,46.710526,0
                8.225076,46.707821,0
                8.217004,46.712137,0
                8.211642,46.719718,0
                8.180664,46.723242,0
                8.185214,46.717122,0
                8.185078,46.714938,0
                8.179057,46.711635,0
                8.175034,46.704347,0
                8.175044,46.700877,0
                8.171314,46.698187,0
                8.167903,46.692925,0
                8.1627,46.689966,0
                8.160597,46.685762,0
                8.155299,46.680681,0
                8.152771,46.679478,0
                8.147175,46.681214,0
                8.141304,46.677646,0
                8.137062,46.677308,0
                8.136454,46.675504,0
                8.127699,46.670853,0
                8.126508,46.667515,0
                8.121649,46.66495,0
                8.109107,46.662122,0
                8.107176,46.65837,0
                8.104274,46.656403,0
                8.102071,46.655834,0
                8.089793,46.658131,0
                8.084563,46.656738,0
                8.078584,46.653267,0
                8.073849,46.649065,0
                8.071201,46.643613,0
                8.072263,46.641689,0
                8.069409,46.632865,0
                8.064053,46.625511,0
                8.052931,46.62583,0
                8.046078,46.620899,0
                8.03681,46.618736,0
                8.027597,46.619891,0
                8.017527,46.624711,0
                8.014584,46.616199,0
                8.007624,46.613707,0
                8.002469,46.609793,0
                7.999582,46.605292,0
                7.985436,46.598754,0
                7.982817,46.595909,0
                7.974361,46.591918,0
                7.972278,46.589401,0
                7.961592,46.586175,0
                7.953998,46.574629,0
                7.945705,46.572055,0
                7.944411,46.568598,0
                7.941296,46.567018,0
                7.932019,46.564527,0
                7.926872,46.565976,0
                7.920489,46.566071,0
                7.912376,46.570373,0
                7.911517,46.5722,0
                7.913667,46.576628,0
                7.912637,46.577234,0
                7.905853,46.563001,0
                7.901449,46.558244,0
                7.899516,46.544409,0
                7.896824,46.541339,0
                7.877305,46.54097,0
                7.855103,46.53414,0
                7.852033,46.534145,0
                7.843567,46.541601,0
                7.830823,46.544806,0
                7.828803,46.54168,0
                7.812975,46.531726,0
                7.808438,46.532259,0
                7.798504,46.536844,0
                7.790877,46.53806,0
                7.78862,46.539849,0
                7.780819,46.538629,0
                7.773897,46.540833,0
                7.770475,46.53604,0
                7.768478,46.524925,0
                7.765705,46.52175,0
                7.765484,46.513962,0
                7.760593,46.510059,0
                7.749654,46.505603,0
                7.74703,46.505812,0
                7.744195,46.507987,0
                7.733754,46.509205,0
                7.727637,46.502421,0
                7.717254,46.501468,0
                7.717262,46.498511,0
                7.703609,46.492921,0
                7.67446,46.496329,0
                7.672731,46.497316,0
                7.673899,46.494603,0
                7.66646,46.489378,0
                7.663188,46.489193,0
                7.665274,46.485795,0
                7.663786,46.48501,0
                7.665069,46.482701,0
                7.664098,46.477647,0
                7.662007,46.477461,0
                7.660072,46.474836,0
                7.654166,46.472976,0
                7.646377,46.473878,0
                7.642402,46.471775,0
                7.640482,46.477583,0
                7.632816,46.481256,0
                7.615295,46.484434,0
                7.607734,46.487043,0
                7.598611,46.488282,0
                7.587927,46.485462,0
                7.579753,46.491792,0
                7.576178,46.497906,0
                7.57231,46.496927,0
                7.568026,46.490544,0
                7.562423,46.487973,0
                7.552923,46.486546,0
                7.550399,46.48469,0
                7.543741,46.483411,0
                7.534286,46.469612,0
                7.535128,46.460943,0
                7.534005,46.457267,0
                7.531172,46.454932,0
                7.531786,46.452096,0
                7.526234,46.449745,0
                7.518234,46.441234,0
                7.51339,46.440356,0
                7.501616,46.428698,0
                7.500158,46.423871,0
                7.494734,46.421148,0
                7.489297,46.42101,0
                7.489748,46.422015,0
                7.486186,46.42465,0
                7.472638,46.426214,0
                7.468187,46.428342,0
                7.461986,46.432569,0
                7.455935,46.438446,0
                7.455048,46.441064,0
                7.443963,46.435311,0
                7.44294,46.431739,0
                7.440309,46.430117,0
                7.437941,46.42283,0
                7.435281,46.423231,0
                7.429275,46.419187,0
                7.420498,46.417482,0
                7.402841,46.404853,0
                7.400573,46.40114,0
                7.384504,46.398362,0
                7.375964,46.393092,0
                7.363758,46.392523,0
                7.361322,46.390534,0
                7.357202,46.39106,0
                7.356065,46.388255,0
                7.352632,46.387241,0
                7.342673,46.390455,0
                7.341097,46.393625,0
                7.33293,46.392876,0
                7.328891,46.394007,0
                7.323359,46.391108,0
                7.305679,46.386924,0
                7.301789,46.384082,0
                7.287986,46.379935,0
                7.27442,46.381179,0
                7.275281,46.384441,0
                7.271908,46.387241,0
                7.264077,46.384565,0
                7.260944,46.379299,0
                7.252525,46.375914,0
                7.249413,46.372561,0
                7.24234,46.368636,0
                7.23863,46.364126,0
                7.230471,46.36214,0
                7.226261,46.358949,0
                7.204847,46.353395,0
                7.198787,46.349303,0
                7.189998,46.348219,0
                7.18462,46.346082,0
                7.170402,46.347083,0
                7.162647,46.345784,0
                7.162054,46.33997,0
                7.152443,46.335741,0
                7.143202,46.327524,0
                7.125557,46.327445,0
                7.120675,46.326089,0
                7.121345,46.323798,0
                7.118171,46.314832,0
                7.111169,46.309943,0
                7.094798,46.306029,0
                7.088881,46.300925,0
                7.087227,46.301135,0
                7.082033,46.297765,0
                7.077661,46.292915,0
                7.072904,46.290978,0
                7.071148,46.28631,0
                7.067053,46.284385,0
                7.059442,46.282784,0
                7.053476,46.284129,0
                7.051752,46.285865,0
                7.043152,46.286629,0
                7.033337,46.281164,0
                7.028766,46.281106,0
                7.023275,46.275568,0
                7.015062,46.271406,0
                7.006906,46.268935,0
                6.989627,46.267888,0
                6.980175,46.265544,0
                6.972994,46.261782,0
                6.98712,46.252512,0
                6.989919,46.243715,0
                6.995889,46.236645,0
                7.002585,46.232265,0
                7.002625,46.225072,0
                7.007709,46.221173,0
                7.011414,46.206305,0
                7.020997,46.201248,0
                7.033761,46.186501,0
                7.034469,46.183542,0
                7.028953,46.179217,0
                7.027444,46.175513,0
                7.033142,46.161179,0
                7.03265,46.152548,0
                7.033992,46.149081,0
                7.047961,46.141057,0
                7.06416,46.127415,0
                7.069091,46.120511,0
                7.08128,46.122311,0
                7.09751,46.126562,0
                7.129196,46.137278,0
                7.14291,46.144956,0
                7.165974,46.155364,0
                7.194845,46.161642,0
                7.199105,46.166392,0
                7.201557,46.174627,0
                7.206325,46.177245,0
                7.224214,46.178479,0
                7.230373,46.176939,0
                7.234874,46.180782,0
                7.251673,46.184143,0
                7.263967,46.191599,0
                7.281455,46.198795,0
                7.299273,46.202841,0
                7.31111,46.209491,0
                7.330454,46.210108,0
                7.359134,46.219921,0
                7.369533,46.228193,0
                7.371896,46.235566,0
                7.379017,46.242245,0
                7.383222,46.24432,0
                7.403089,46.244586,0
                7.413778,46.240328,0
                7.419193,46.240326,0
                7.459307,46.264893,0
                7.493248,46.2742,0
                7.550834,46.284729,0
                7.554639,46.287823,0
                7.554522,46.295351,0
                7.566103,46.2977,0
                7.572816,46.302747,0
                7.583938,46.304202,0
                7.592022,46.306748,0
                7.597697,46.309255,0
                7.601489,46.312991,0
                7.613931,46.315163,0
                7.624842,46.315073,0
                7.63375,46.311806,0
                7.645625,46.312536,0
                7.649903,46.310297,0
                7.670951,46.305998,0
                7.679149,46.30622,0
                7.696327,46.309907,0
                7.703983,46.310206,0
                7.740562,46.30618,0
                7.758452,46.309103,0
                7.78253,46.306126,0
                7.828288,46.308566,0
                7.847686,46.306428,0
                7.859463,46.302832,0
                7.882552,46.301694,0
                7.898552,46.296031,0
                7.930449,46.298983,0
                7.941347,46.304849,0
                7.983505,46.320181,0
                8.009572,46.325959,0
                8.012433,46.328351,0
                8.015486,46.334275,0
                8.026284,46.340253,0
                8.027582,46.344459,0
                8.033855,46.346793,0
                8.041637,46.352987,0
                8.045403,46.353701,0
                8.051057,46.359442,0
                8.053278,46.359463,0
                8.054287,46.361705,0
                8.068403,46.367718,0
                8.069417,46.369427,0
                8.072,46.369223,0
                8.075526,46.372179,0
                8.07864,46.371412,0
                8.086196,46.37349,0
                8.091829,46.378123,0
                8.094389,46.377942,0
                8.09662,46.375564,0
                8.10116,46.37559,0
                8.112087,46.381993,0
                8.11949,46.384776,0
                8.124429,46.391051,0
                8.134296,46.396474,0
                8.138873,46.401209,0
                8.144648,46.403782,0
                8.154112,46.411016,0
                8.162414,46.414501,0
                8.162924,46.416294,0
                8.173121,46.421923,0
                8.176725,46.425695,0
                8.180016,46.426578,0
                8.181211,46.42953,0
                8.186469,46.432456,0
                8.189571,46.432277,0
                8.194252,46.436231,0
                8.200493,46.437112,0
                8.201064,46.439219,0
                8.204759,46.44169,0
                8.20441,46.443852,0
                8.208447,46.444011,0
                8.209819,46.447117,0
                8.211812,46.447215,0
                8.212528,46.449192,0
                8.216286,46.450373,0
                8.220348,46.454376,0
                8.227041,46.455082,0
                8.237714,46.462123,0
                8.24346,46.463538,0
                8.245632,46.470427,0
                8.250935,46.471674,0
                8.255437,46.476232,0
                8.265269,46.478688,0
                8.269322,46.483204,0
                8.275646,46.484926,0
                8.28044843595834,46.4894788170755,0
              </coordinates>
            </LinearRing>
          </outerBoundaryIs>
        </Polygon>
      </Placemark>
      <Placemark>
        <name>13</name>
        <description><![CDATA[SOIUSA SUBDIVISIONS 36 SECTIONS<br> Number = 13<br> Code = SZ.13<br> Name = Glarner Alpen i.w.S.<br> Perimeter = 242 km<br> Enclosed_Area = 2083.4 sq km<br> Island_Area = <br> Capleymar-Homoalpinus = https://www.homoalpinus.com/alpes/subdivisions/soiusa/<br> Created_By = Capleymar]]></description>
        <styleUrl>#poly-FF8080-1000-153</styleUrl>
        <Polygon>
          <outerBoundaryIs>
            <LinearRing>
              <tessellate>1</tessellate>
              <coordinates>
                9.138289,46.773118,0
                9.156355,46.776131,0
                9.165619,46.775561,0
                9.177997,46.771186,0
                9.185532,46.770378,0
                9.208497,46.776463,0
                9.227079,46.778032,0
                9.2358,46.781395,0
                9.240466,46.785802,0
                9.248772,46.783128,0
                9.259048,46.783333,0
                9.263592,46.787921,0
                9.277595,46.793272,0
                9.2817,46.796895,0
                9.2985,46.794395,0
                9.301199,46.797835,0
                9.299615,46.802985,0
                9.300553,46.805166,0
                9.310213,46.808956,0
                9.3146,46.808295,0
                9.315109,46.80621,0
                9.317158,46.805808,0
                9.321055,46.806266,0
                9.319695,46.80881,0
                9.321614,46.809227,0
                9.3252,46.804495,0
                9.329612,46.804117,0
                9.332463,46.806901,0
                9.341237,46.806972,0
                9.343352,46.810076,0
                9.3536,46.816995,0
                9.359135,46.815615,0
                9.3621,46.816395,0
                9.3641,46.819295,0
                9.3698,46.822795,0
                9.375427,46.823966,0
                9.378157,46.821322,0
                9.380305,46.822787,0
                9.391895,46.822732,0
                9.404091,46.825593,0
                9.4072,46.825195,0
                9.407804,46.823492,0
                9.413132,46.825322,0
                9.416574,46.830077,0
                9.432626,46.833817,0
                9.439069,46.838785,0
                9.459208,46.838296,0
                9.471396,46.842428,0
                9.486879,46.845826,0
                9.502547,46.860583,0
                9.52918,46.87233,0
                9.53357,46.884168,0
                9.539531,46.892972,0
                9.540476,46.900785,0
                9.544737,46.907158,0
                9.554502,46.914522,0
                9.558121,46.927472,0
                9.55803,46.932154,0
                9.548417,46.938246,0
                9.542605,46.947475,0
                9.547596,46.960038,0
                9.546113,46.963813,0
                9.549777,46.971674,0
                9.512386,47.006991,0
                9.505472,47.019641,0
                9.478252,47.047677,0
                9.47367799466493,47.0568504708998,0
                9.473186,47.057837,0
                9.472371,47.064702,0
                9.468684,47.062265,0
                9.46657730212239,47.0574411661881,0
                9.462536,47.048185,0
                9.459306,47.044409,0
                9.451536,47.041286,0
                9.442417,47.041048,0
                9.403793,47.055534,0
                9.38758255747423,47.0639821368084,0
                9.379334,47.068279,0
                9.355517,47.086974,0
                9.351238,47.093016,0
                9.340635,47.101044,0
                9.299262,47.119752,0
                9.299731,47.117508,0
                9.297572,47.115513,0
                9.289643,47.115621,0
                9.287125,47.113907,0
                9.280944,47.113054,0
                9.277447,47.113057,0
                9.273583,47.114753,0
                9.2713,47.114283,0
                9.266258,47.11607,0
                9.260668,47.115234,0
                9.259803,47.116304,0
                9.256326,47.116551,0
                9.250488,47.113326,0
                9.250458,47.11407,0
                9.245252,47.112499,0
                9.24144615118913,47.1123239586468,0
                9.225323,47.111581,0
                9.2208,47.112366,0
                9.215681,47.115517,0
                9.21148,47.113168,0
                9.206686,47.11295,0
                9.188124,47.116343,0
                9.184161,47.115282,0
                9.183271,47.116344,0
                9.175966,47.117021,0
                9.17392,47.118465,0
                9.169604,47.118188,0
                9.155772,47.122302,0
                9.143853,47.123311,0
                9.133652,47.126353,0
                9.12142,47.125754,0
                9.121047,47.12705,0
                9.103893,47.121381,0
                9.081598,47.117499,0
                9.079072,47.115645,0
                9.072582,47.10506,0
                9.07176,47.097659,0
                9.069627,47.093745,0
                9.06648286358384,47.0899948333124,0
                9.061012,47.083468,0
                9.060321,47.062654,0
                9.049583,47.056933,0
                9.050529,47.053328,0
                9.048845,47.048527,0
                9.035207,47.046262,0
                9.029502,47.049041,0
                9.022409,47.043695,0
                9.009766,47.038253,0
                9.005298,47.032164,0
                9.001903,47.031548,0
                8.995362,47.026907,0
                8.98996,47.02722,0
                8.985044,47.022826,0
                8.977636,47.022537,0
                8.973679,47.020859,0
                8.968132,47.021468,0
                8.966115,47.020864,0
                8.965438,47.018987,0
                8.955881,47.019387,0
                8.95304,47.021004,0
                8.950826,47.020566,0
                8.949551,47.022116,0
                8.939382,47.023204,0
                8.931941,47.020805,0
                8.927536,47.021118,0
                8.918893,47.024928,0
                8.916893,47.024761,0
                8.912953,47.022479,0
                8.896667,47.018728,0
                8.882884,47.012675,0
                8.876362,47.01132,0
                8.873123,47.008669,0
                8.870496,47.00022,0
                8.863483,46.992684,0
                8.855279,46.989115,0
                8.842543,46.987464,0
                8.837983,46.987936,0
                8.836943,46.989542,0
                8.816986,46.988336,0
                8.812205,46.98904,0
                8.802579,46.986346,0
                8.78052,46.976,0
                8.77921,46.973234,0
                8.803829,46.966849,0
                8.810043,46.962738,0
                8.813444,46.962023,0
                8.818871,46.957791,0
                8.823723,46.956618,0
                8.827652,46.94721,0
                8.832341,46.944903,0
                8.833829,46.940398,0
                8.835856,46.939173,0
                8.837447,46.931922,0
                8.84026,46.927862,0
                8.840165,46.922596,0
                8.849353,46.91135,0
                8.848809,46.895884,0
                8.842816,46.894006,0
                8.836532,46.886268,0
                8.830023,46.883224,0
                8.831095,46.882041,0
                8.829981,46.873035,0
                8.826593,46.871915,0
                8.825912,46.868488,0
                8.811844,46.866126,0
                8.808038,46.864503,0
                8.787585,46.86351,0
                8.783167,46.864445,0
                8.777342,46.862831,0
                8.768737,46.863517,0
                8.761285,46.862523,0
                8.759091,46.863848,0
                8.75407,46.864195,0
                8.741841,46.869385,0
                8.732923,46.869615,0
                8.72455,46.87147,0
                8.705948,46.878197,0
                8.695239,46.878876,0
                8.682474,46.876428,0
                8.678028,46.878788,0
                8.672197,46.879196,0
                8.661911,46.876764,0
                8.6524,46.870984,0
                8.637484,46.864433,0
                8.632711,46.86351,0
                8.635035,46.860276,0
                8.631001,46.847349,0
                8.636349,46.839944,0
                8.635828,46.833566,0
                8.639141,46.827711,0
                8.645724,46.822783,0
                8.646097,46.817602,0
                8.654075,46.815418,0
                8.662203,46.808545,0
                8.66107,46.804245,0
                8.664464,46.79971,0
                8.665862,46.788604,0
                8.668356,46.782697,0
                8.666077,46.776,0
                8.669493,46.771949,0
                8.670071,46.768845,0
                8.668292,46.767054,0
                8.660838,46.764977,0
                8.660179,46.762942,0
                8.655605,46.759754,0
                8.650522,46.759275,0
                8.647957,46.757828,0
                8.642422,46.747744,0
                8.643717,46.745854,0
                8.639037,46.741469,0
                8.639535,46.740458,0
                8.620934,46.727461,0
                8.615655,46.7194,0
                8.604944,46.709565,0
                8.60375,46.70526,0
                8.598334,46.700096,0
                8.599239,46.697964,0
                8.59694,46.697187,0
                8.593615,46.693136,0
                8.592792,46.683954,0
                8.594711,46.681075,0
                8.594017,46.671997,0
                8.595486,46.669681,0
                8.590058,46.666068,0
                8.583359,46.656107,0
                8.586335,46.650134,0
                8.588268,46.650267,0
                8.591614,46.648079,0
                8.58979,46.645849,0
                8.591374,46.643003,0
                8.586191,46.637805,0
                8.596711,46.633791,0
                8.600999,46.634712,0
                8.607569,46.633438,0
                8.615378,46.639205,0
                8.618485,46.640095,0
                8.618812,46.641415,0
                8.622403,46.641837,0
                8.628696,46.647445,0
                8.637517,46.651374,0
                8.64412,46.656187,0
                8.650604,46.65688,0
                8.655258,46.659454,0
                8.661882,46.660933,0
                8.66911,46.661217,0
                8.684022,46.648305,0
                8.692472,46.648245,0
                8.704008,46.653812,0
                8.712213,46.652647,0
                8.718196,46.655311,0
                8.726578,46.661542,0
                8.741067,46.664315,0
                8.74641,46.667016,0
                8.747502,46.669724,0
                8.750955,46.669993,0
                8.752447,46.671822,0
                8.761671,46.67438,0
                8.778975,46.675617,0
                8.784809,46.678165,0
                8.787837,46.677281,0
                8.790052,46.678594,0
                8.794601,46.677529,0
                8.797568,46.678593,0
                8.811304,46.678497,0
                8.817087,46.679853,0
                8.821526,46.678321,0
                8.825786,46.679734,0
                8.831237,46.679676,0
                8.841808,46.688688,0
                8.841554,46.692695,0
                8.845199,46.694073,0
                8.848699,46.693003,0
                8.852906,46.69391,0
                8.855757,46.697724,0
                8.862533,46.699331,0
                8.864712,46.703547,0
                8.868305,46.704727,0
                8.869635,46.706644,0
                8.877274,46.709158,0
                8.881378,46.712943,0
                8.88613,46.713477,0
                8.896643,46.717282,0
                8.899588,46.720223,0
                8.913105,46.722177,0
                8.925627,46.720143,0
                8.935643,46.723318,0
                8.951693,46.725331,0
                8.960134,46.729153,0
                8.964904,46.728857,0
                8.969162,46.732969,0
                8.974648,46.735722,0
                8.997673,46.740536,0
                9.002069,46.744506,0
                9.031491,46.746712,0
                9.047039,46.751866,0
                9.058841,46.753428,0
                9.063279,46.756929,0
                9.070705,46.755028,0
                9.086735,46.757419,0
                9.11862,46.771041,0
                9.130188,46.774246,0
                9.13177209653312,46.7740254757957,0
                9.138289,46.773118,0
              </coordinates>
            </LinearRing>
          </outerBoundaryIs>
        </Polygon>
      </Placemark>
      <Placemark>
        <name>14</name>
        <description><![CDATA[SOIUSA SUBDIVISIONS 36 SECTIONS<br> Number = 14<br> Code = SZ.14<br> Name = Préalpes Suisses - Schweizerische Voralpen<br> Perimeter = 827.33 km<br> Enclosed_Area = 5940.6 sq km<br> Island_Area = 123.76 sq km<br> Capleymar-Homoalpinus = https://www.homoalpinus.com/alpes/subdivisions/soiusa/<br> Created_By = Capleymar]]></description>
        <styleUrl>#poly-FF8080-1000-153</styleUrl>
        <MultiGeometry>
          <Polygon>
            <outerBoundaryIs>
              <LinearRing>
                <tessellate>1</tessellate>
                <coordinates>
                  8.6065542,46.8943037,0
                  8.606525,46.894292,0
                  8.6065339,46.8942872,0
                  8.6065542,46.8943037,0
                </coordinates>
              </LinearRing>
            </outerBoundaryIs>
          </Polygon>
          <Polygon>
            <outerBoundaryIs>
              <LinearRing>
                <tessellate>1</tessellate>
                <coordinates>
                  8.6065339,46.8942872,0
                  8.60653,46.894284,0
                  8.606677,46.894185,0
                  8.6067163,46.8941879,0
                  8.6065339,46.8942872,0
                </coordinates>
              </LinearRing>
            </outerBoundaryIs>
          </Polygon>
          <Polygon>
            <outerBoundaryIs>
              <LinearRing>
                <tessellate>1</tessellate>
                <coordinates>
                  8.602572,46.888693,0
                  8.602786,46.888861,0
                  8.602763,46.8888657,0
                  8.6024597,46.8886888,0
                  8.602572,46.888693,0
                </coordinates>
              </LinearRing>
            </outerBoundaryIs>
          </Polygon>
          <Polygon>
            <outerBoundaryIs>
              <LinearRing>
                <tessellate>1</tessellate>
                <coordinates>
                  8.606018,46.893092,0
                  8.6060329,46.893137,0
                  8.605941,46.893112,0
                  8.606017,46.893048,0
                  8.6060483,46.8930531,0
                  8.606018,46.893092,0
                </coordinates>
              </LinearRing>
            </outerBoundaryIs>
          </Polygon>
          <Polygon>
            <outerBoundaryIs>
              <LinearRing>
                <tessellate>1</tessellate>
                <coordinates>
                  8.60282,46.888899,0
                  8.603003,46.888992,0
                  8.6033237,46.8890167,0
                  8.603243,46.889022,0
                  8.602777,46.889033,0
                  8.602689,46.888881,0
                  8.602763,46.8888657,0
                  8.60282,46.888899,0
                </coordinates>
              </LinearRing>
            </outerBoundaryIs>
          </Polygon>
          <Polygon>
            <outerBoundaryIs>
              <LinearRing>
                <tessellate>1</tessellate>
                <coordinates>
                  8.601038,46.889088,0
                  8.602388,46.888647,0
                  8.6024597,46.8886888,0
                  8.602356,46.888685,0
                  8.60217,46.888755,0
                  8.601225,46.88912,0
                  8.6009218,46.8890988,0
                  8.601038,46.889088,0
                </coordinates>
              </LinearRing>
            </outerBoundaryIs>
          </Polygon>
          <Polygon>
            <outerBoundaryIs>
              <LinearRing>
                <tessellate>1</tessellate>
                <coordinates>
                  8.60674,46.894378,0
                  8.608113,46.895132,0
                  8.608457,46.895157,0
                  8.6084945,46.8951584,0
                  8.608472,46.895164,0
                  8.60815,46.895176,0
                  8.606573,46.894319,0
                  8.6065542,46.8943037,0
                  8.60674,46.894378,0
                </coordinates>
              </LinearRing>
            </outerBoundaryIs>
          </Polygon>
          <Polygon>
            <outerBoundaryIs>
              <LinearRing>
                <tessellate>1</tessellate>
                <coordinates>
                  8.606346,46.893222,0
                  8.607901,46.893709,0
                  8.606989,46.894208,0
                  8.6067163,46.8941879,0
                  8.60674,46.894175,0
                  8.607719,46.893691,0
                  8.606068,46.893243,0
                  8.6060329,46.893137,0
                  8.606346,46.893222,0
                </coordinates>
              </LinearRing>
            </outerBoundaryIs>
          </Polygon>
          <Polygon>
            <outerBoundaryIs>
              <LinearRing>
                <tessellate>1</tessellate>
                <coordinates>
                  8.591944,46.913379,0
                  8.591886,46.912897,0
                  8.592635,46.910693,0
                  8.59242,46.90792,0
                  8.592404,46.9078485,0
                  8.592447,46.907965,0
                  8.592671,46.91104,0
                  8.591986,46.913288,0
                  8.5919817,46.9134723,0
                  8.591944,46.913379,0
                </coordinates>
              </LinearRing>
            </outerBoundaryIs>
          </Polygon>
          <Polygon>
            <outerBoundaryIs>
              <LinearRing>
                <tessellate>1</tessellate>
                <coordinates>
                  8.593287,46.899622,0
                  8.595109,46.89782,0
                  8.594934,46.897443,0
                  8.5948648,46.8973904,0
                  8.595108,46.897522,0
                  8.595172,46.897624,0
                  8.595014,46.899012,0
                  8.593696,46.899389,0
                  8.5932778,46.8996422,0
                  8.593287,46.899622,0
                </coordinates>
              </LinearRing>
            </outerBoundaryIs>
          </Polygon>
          <Polygon>
            <outerBoundaryIs>
              <LinearRing>
                <tessellate>1</tessellate>
                <coordinates>
                  8.608564,46.895141,0
                  8.608697,46.895123,0
                  8.608988,46.895148,0
                  8.60925,46.895258,0
                  8.60918,46.895718,0
                  8.6088992,46.8958969,0
                  8.608919,46.895851,0
                  8.608972,46.895176,0
                  8.6084945,46.8951584,0
                  8.608564,46.895141,0
                </coordinates>
              </LinearRing>
            </outerBoundaryIs>
          </Polygon>
          <Polygon>
            <outerBoundaryIs>
              <LinearRing>
                <tessellate>1</tessellate>
                <coordinates>
                  8.59227,46.907486,0
                  8.591796,46.905584,0
                  8.593116,46.89974,0
                  8.59325,46.899659,0
                  8.5932778,46.8996422,0
                  8.59316,46.8999,0
                  8.593265,46.900395,0
                  8.593325,46.901631,0
                  8.591896,46.905469,0
                  8.59219,46.906895,0
                  8.592404,46.9078485,0
                  8.59227,46.907486,0
                </coordinates>
              </LinearRing>
            </outerBoundaryIs>
          </Polygon>
          <Polygon>
            <outerBoundaryIs>
              <LinearRing>
                <tessellate>1</tessellate>
                <coordinates>
                  8.59472,46.897312,0
                  8.593558,46.89641,0
                  8.593994,46.895208,0
                  8.598603,46.889868,0
                  8.600331,46.889093,0
                  8.600767,46.889088,0
                  8.6009218,46.8890988,0
                  8.600576,46.889131,0
                  8.598628,46.889864,0
                  8.594164,46.895031,0
                  8.59455,46.897151,0
                  8.5948648,46.8973904,0
                  8.59472,46.897312,0
                </coordinates>
              </LinearRing>
            </outerBoundaryIs>
          </Polygon>
          <Polygon>
            <outerBoundaryIs>
              <LinearRing>
                <tessellate>1</tessellate>
                <coordinates>
                  8.603533,46.889003,0
                  8.604098,46.889104,0
                  8.60478,46.889919,0
                  8.605819,46.89144,0
                  8.604589,46.891638,0
                  8.606446,46.892975,0
                  8.606184,46.893075,0
                  8.6060483,46.8930531,0
                  8.606163,46.892906,0
                  8.604584,46.891682,0
                  8.604068,46.889248,0
                  8.603574,46.889036,0
                  8.6033237,46.8890167,0
                  8.603533,46.889003,0
                </coordinates>
              </LinearRing>
            </outerBoundaryIs>
          </Polygon>
          <Polygon>
            <outerBoundaryIs>
              <LinearRing>
                <tessellate>1</tessellate>
                <coordinates>
                  8.596264,46.91829,0
                  8.595575,46.917328,0
                  8.594895,46.91698,0
                  8.593978,46.916423,0
                  8.59199,46.914018,0
                  8.591975,46.913764,0
                  8.5919817,46.9134723,0
                  8.592048,46.913636,0
                  8.594687,46.916811,0
                  8.595069,46.916989,0
                  8.595483,46.917225,0
                  8.595875,46.917644,0
                  8.596255,46.918264,0
                  8.5963149,46.9183147,0
                  8.596264,46.91829,0
                </coordinates>
              </LinearRing>
            </outerBoundaryIs>
          </Polygon>
          <Polygon>
            <outerBoundaryIs>
              <LinearRing>
                <tessellate>1</tessellate>
                <coordinates>
                  9.403793,47.055534,0
                  9.442417,47.041048,0
                  9.451536,47.041286,0
                  9.457073,47.042907,0
                  9.462536,47.048185,0
                  9.4670037564122,47.0574057028923,0
                  9.470134,47.063864,0
                  9.506566,47.081524,0
                  9.513268,47.085745,0
                  9.516471,47.089799,0
                  9.519598,47.101012,0
                  9.513221,47.127664,0
                  9.506605,47.142931,0
                  9.499778,47.14948,0
                  9.49156,47.162425,0
                  9.486738,47.178163,0
                  9.486488,47.185237,0
                  9.489812,47.196938,0
                  9.499911,47.212467,0
                  9.502208,47.221135,0
                  9.51881,47.242003,0
                  9.528702,47.259735,0
                  9.530818,47.270285,0
                  9.532538,47.272683,0
                  9.544434,47.278782,0
                  9.548483,47.282748,0
                  9.55649,47.297457,0
                  9.568301,47.307096,0
                  9.563626,47.309513,0
                  9.556968,47.310383,0
                  9.552043,47.313623,0
                  9.55181,47.315802,0
                  9.55696,47.323685,0
                  9.556086,47.33043,0
                  9.552463,47.331136,0
                  9.540135,47.326794,0
                  9.539506,47.329319,0
                  9.533446,47.33059,0
                  9.532358,47.334987,0
                  9.524646,47.334731,0
                  9.521365,47.337956,0
                  9.518372,47.338716,0
                  9.471297,47.333539,0
                  9.435355,47.327696,0
                  9.419082,47.328199,0
                  9.414339,47.33004,0
                  9.4072,47.335556,0
                  9.392207,47.336321,0
                  9.372876,47.332496,0
                  9.359636,47.332211,0
                  9.349415,47.33007,0
                  9.341155,47.324244,0
                  9.335331,47.321732,0
                  9.327814,47.320701,0
                  9.307573,47.322085,0
                  9.300037,47.320573,0
                  9.29747,47.321622,0
                  9.295769,47.324647,0
                  9.294164,47.32455,0
                  9.292476,47.323635,0
                  9.293124,47.321952,0
                  9.288543,47.319869,0
                  9.287022,47.317131,0
                  9.281044,47.315092,0
                  9.279872,47.311716,0
                  9.275223,47.308898,0
                  9.269619,47.308551,0
                  9.263148,47.30997,0
                  9.252281,47.309262,0
                  9.241056,47.306004,0
                  9.233358,47.305815,0
                  9.229624,47.303665,0
                  9.210663,47.29842,0
                  9.204065,47.29842,0
                  9.200843,47.295854,0
                  9.195741,47.296034,0
                  9.193678,47.298041,0
                  9.189089,47.298692,0
                  9.182193,47.295525,0
                  9.178662,47.295359,0
                  9.16392,47.297802,0
                  9.152937,47.297882,0
                  9.137999,47.29677,0
                  9.117922,47.293252,0
                  9.114007,47.292187,0
                  9.109015,47.288327,0
                  9.08833,47.284956,0
                  9.083951,47.282116,0
                  9.076132,47.279817,0
                  9.056042,47.267729,0
                  9.047981,47.264772,0
                  9.042815,47.261476,0
                  9.039263,47.254851,0
                  9.026235,47.24742,0
                  9.031548,47.228845,0
                  9.030658,47.223682,0
                  9.033134,47.221704,0
                  9.030692,47.215691,0
                  9.046754,47.198815,0
                  9.04736,47.19368,0
                  9.055253,47.173329,0
                  9.056814,47.165071,0
                  9.055076,47.161644,0
                  9.056978,47.158358,0
                  9.056719,47.154417,0
                  9.052376,47.152541,0
                  9.052912,47.150044,0
                  9.050319,47.145393,0
                  9.050962,47.141743,0
                  9.065267,47.132241,0
                  9.056985,47.129439,0
                  9.051356,47.12998,0
                  9.042059,47.13448,0
                  9.039593,47.137107,0
                  9.025509,47.143001,0
                  9.019555,47.146749,0
                  9.019918,47.148142,0
                  9.017552,47.149505,0
                  9.018502,47.151018,0
                  9.014167,47.152677,0
                  9.006968,47.158469,0
                  8.986182,47.166926,0
                  8.971418,47.17083,0
                  8.950755,47.173022,0
                  8.927758,47.168506,0
                  8.913691,47.168582,0
                  8.901178,47.17136,0
                  8.890448,47.17224,0
                  8.877878,47.175961,0
                  8.869584,47.177065,0
                  8.854907,47.180816,0
                  8.845706,47.186529,0
                  8.841288,47.187872,0
                  8.813618,47.193738,0
                  8.802585,47.194268,0
                  8.788102,47.193153,0
                  8.758952,47.188176,0
                  8.741094,47.183478,0
                  8.710268,47.172939,0
                  8.692215,47.179776,0
                  8.688202,47.178079,0
                  8.677377,47.176614,0
                  8.673474,47.174101,0
                  8.670807,47.174414,0
                  8.669143,47.172604,0
                  8.656453,47.169733,0
                  8.651446,47.170718,0
                  8.642219,47.168808,0
                  8.639255,47.169414,0
                  8.63853,47.171732,0
                  8.621752,47.172491,0
                  8.6111,47.169077,0
                  8.603533,47.168912,0
                  8.574308,47.173919,0
                  8.562832,47.171253,0
                  8.540593,47.172182,0
                  8.527943,47.16664,0
                  8.520685,47.16002,0
                  8.507337,47.137844,0
                  8.50340147088996,47.1333860792482,0
                  8.494764,47.123599,0
                  8.503616,47.107966,0
                  8.508131,47.106035,0
                  8.509285,47.103116,0
                  8.523545,47.089305,0
                  8.522383,47.084076,0
                  8.528136,47.071706,0
                  8.520995,47.062588,0
                  8.51419,47.061633,0
                  8.508722,47.068547,0
                  8.495698,47.073461,0
                  8.488692,47.078377,0
                  8.485488,47.07924,0
                  8.477193,47.085827,0
                  8.469636,47.088402,0
                  8.464005,47.095904,0
                  8.466548,47.098504,0
                  8.45987628582112,47.0980344489577,0
                  8.459103,47.09798,0
                  8.455373,47.095408,0
                  8.450796,47.086885,0
                  8.441488,47.082311,0
                  8.438485,47.077898,0
                  8.434889,47.077128,0
                  8.431295,47.069335,0
                  8.430421,47.06224,0
                  8.426753,47.059146,0
                  8.427035,47.052384,0
                  8.418138,47.044166,0
                  8.403875,47.037485,0
                  8.39562,47.0289,0
                  8.397207,47.026843,0
                  8.400863,47.028316,0
                  8.401205,47.02614,0
                  8.409354,47.030023,0
                  8.420723,47.028636,0
                  8.42604,47.031331,0
                  8.435902,47.032125,0
                  8.439511,47.030433,0
                  8.43976066770982,47.0305061727463,0
                  8.44192,47.031139,0
                  8.445849,47.029621,0
                  8.45407,47.023756,0
                  8.462352,47.024525,0
                  8.464379,47.023405,0
                  8.467969,47.023589,0
                  8.468506,47.02134,0
                  8.473498,47.016933,0
                  8.476437,47.016255,0
                  8.477745,47.01457,0
                  8.481811,47.013935,0
                  8.482626,47.007116,0
                  8.485415,47.002365,0
                  8.476689,46.999025,0
                  8.477098,46.997826,0
                  8.473589,46.995414,0
                  8.47994,46.993554,0
                  8.484011,46.994511,0
                  8.492672,46.990466,0
                  8.496881,46.990058,0
                  8.501397,46.99199,0
                  8.516801,46.99407,0
                  8.523008,46.992517,0
                  8.524086,46.990771,0
                  8.529937,46.990654,0
                  8.534482,46.988369,0
                  8.54805,46.988921,0
                  8.556424,46.990547,0
                  8.563471,46.995257,0
                  8.569151,46.996617,0
                  8.572964,46.999169,0
                  8.585853,47.001216,0
                  8.590274,46.99867,0
                  8.591998,46.995282,0
                  8.598334,46.994982,0
                  8.60122,46.993779,0
                  8.600172,46.993154,0
                  8.605541,46.993533,0
                  8.608016,46.992571,0
                  8.61184,46.986617,0
                  8.610356,46.972982,0
                  8.612846,46.969274,0
                  8.614616,46.959182,0
                  8.620769,46.952531,0
                  8.618336,46.949329,0
                  8.620109,46.944834,0
                  8.615518,46.940653,0
                  8.610665,46.929132,0
                  8.612085,46.927854,0
                  8.61145,46.926063,0
                  8.620484,46.921487,0
                  8.623528,46.917155,0
                  8.621231,46.91422,0
                  8.62134,46.910472,0
                  8.624701,46.907378,0
                  8.624999,46.904727,0
                  8.624175,46.902209,0
                  8.620872,46.901992,0
                  8.621659,46.899943,0
                  8.616479,46.898222,0
                  8.614793,46.899722,0
                  8.609384,46.898352,0
                  8.608815,46.896043,0
                  8.608888,46.895904,0
                  8.6088992,46.8958969,0
                  8.608852,46.896006,0
                  8.609025,46.896458,0
                  8.610102,46.897402,0
                  8.613708,46.896521,0
                  8.632711,46.86351,0
                  8.637484,46.864433,0
                  8.6524,46.870984,0
                  8.661911,46.876764,0
                  8.672197,46.879196,0
                  8.678028,46.878788,0
                  8.682474,46.876428,0
                  8.695239,46.878876,0
                  8.705948,46.878197,0
                  8.72455,46.87147,0
                  8.732923,46.869615,0
                  8.741841,46.869385,0
                  8.75407,46.864195,0
                  8.759091,46.863848,0
                  8.761285,46.862523,0
                  8.768737,46.863517,0
                  8.777342,46.862831,0
                  8.783167,46.864445,0
                  8.787585,46.86351,0
                  8.794188,46.864533,0
                  8.805028,46.864086,0
                  8.824908,46.867893,0
                  8.826593,46.871915,0
                  8.829981,46.873035,0
                  8.831095,46.882041,0
                  8.830023,46.883224,0
                  8.836532,46.886268,0
                  8.842816,46.894006,0
                  8.848809,46.895884,0
                  8.849353,46.91135,0
                  8.840165,46.922596,0
                  8.84026,46.927862,0
                  8.837447,46.931922,0
                  8.835856,46.939173,0
                  8.833829,46.940398,0
                  8.832341,46.944903,0
                  8.827652,46.94721,0
                  8.823723,46.956618,0
                  8.818871,46.957791,0
                  8.813444,46.962023,0
                  8.810043,46.962738,0
                  8.803829,46.966849,0
                  8.77921,46.973234,0
                  8.78052,46.976,0
                  8.802579,46.986346,0
                  8.812205,46.98904,0
                  8.816986,46.988336,0
                  8.836943,46.989542,0
                  8.837983,46.987936,0
                  8.842543,46.987464,0
                  8.855279,46.989115,0
                  8.863483,46.992684,0
                  8.870496,47.00022,0
                  8.873123,47.008669,0
                  8.876362,47.01132,0
                  8.882884,47.012675,0
                  8.896667,47.018728,0
                  8.912953,47.022479,0
                  8.916893,47.024761,0
                  8.918893,47.024928,0
                  8.924877,47.021726,0
                  8.931941,47.020805,0
                  8.939382,47.023204,0
                  8.9492,47.022464,0
                  8.947344,47.023664,0
                  8.948734,47.025347,0
                  8.946261,47.026068,0
                  8.948767,47.025483,0
                  8.949516,47.026949,0
                  8.961689,47.025616,0
                  8.969943,47.025962,0
                  8.989298,47.032479,0
                  8.994326,47.03588,0
                  9.000376,47.036779,0
                  9.004693,47.035846,0
                  9.006826,47.033998,0
                  9.009766,47.038253,0
                  9.022409,47.043695,0
                  9.03005,47.049217,0
                  9.035207,47.046262,0
                  9.048845,47.048527,0
                  9.050529,47.053328,0
                  9.049583,47.056933,0
                  9.060321,47.062654,0
                  9.061012,47.083468,0
                  9.06617347780252,47.0900194522031,0
                  9.071089,47.096257,0
                  9.072582,47.10506,0
                  9.079072,47.115645,0
                  9.081598,47.117499,0
                  9.103893,47.121381,0
                  9.119649,47.126632,0
                  9.113409,47.128334,0
                  9.10697,47.128184,0
                  9.098323,47.133544,0
                  9.100603,47.13534,0
                  9.10587,47.133314,0
                  9.114445,47.139532,0
                  9.141963,47.137378,0
                  9.145822,47.134364,0
                  9.153192,47.135573,0
                  9.158458,47.13371,0
                  9.191275,47.132278,0
                  9.212776,47.128777,0
                  9.246858,47.129303,0
                  9.250182,47.13045,0
                  9.260262,47.129011,0
                  9.299688,47.128838,0
                  9.302234,47.127225,0
                  9.302595,47.124436,0
                  9.299703,47.119806,0
                  9.340635,47.101044,0
                  9.351238,47.093016,0
                  9.355517,47.086974,0
                  9.379334,47.068279,0
                  9.38758255747422,47.0639821368084,0
                  9.403793,47.055534,0
                </coordinates>
              </LinearRing>
            </outerBoundaryIs>
          </Polygon>
          <Polygon>
            <outerBoundaryIs>
              <LinearRing>
                <tessellate>1</tessellate>
                <coordinates>
                  8.42440640163007,46.9788441525384,0
                  8.422552,46.978862,0
                  8.418265,46.981444,0
                  8.41834,46.986873,0
                  8.42767571810228,46.9898528663572,0
                  8.439511,46.993629,0
                  8.459141,46.995294,0
                  8.463456,46.99749,0
                  8.459783,47.000335,0
                  8.447535,47.002103,0
                  8.442584,47.000897,0
                  8.43143404085823,47.0025024871214,0
                  8.431229,47.002532,0
                  8.419075,47.001868,0
                  8.406258,47.003743,0
                  8.392339,47.004131,0
                  8.377784,47.00288,0
                  8.368278,47.003563,0
                  8.362603,46.996282,0
                  8.355382,46.993264,0
                  8.351646,46.98951,0
                  8.351965,46.985855,0
                  8.348843,46.985162,0
                  8.346483,46.982247,0
                  8.336529,46.980906,0
                  8.334754,46.979954,0
                  8.336478,46.97971,0
                  8.332971,46.979331,0
                  8.332595,46.976704,0
                  8.337209,46.973608,0
                  8.335624,46.969349,0
                  8.324328,46.963008,0
                  8.320627,46.962392,0
                  8.30082,46.953137,0
                  8.297917,46.953212,0
                  8.296917,46.951216,0
                  8.292683,46.952904,0
                  8.295481,46.95425,0
                  8.296596,46.953579,0
                  8.295772,46.954508,0
                  8.290408,46.953142,0
                  8.291148,46.956093,0
                  8.289198,46.95561,0
                  8.290213,46.953268,0
                  8.287887,46.953144,0
                  8.288526,46.956455,0
                  8.286317,46.953702,0
                  8.284833,46.953708,0
                  8.284535,46.955149,0
                  8.283772,46.95418,0
                  8.280042,46.954081,0
                  8.278796,46.955674,0
                  8.280877,46.957663,0
                  8.294104,46.963565,0
                  8.293784,46.965539,0
                  8.295589,46.966562,0
                  8.307978,46.969609,0
                  8.311807,46.968751,0
                  8.31681,46.96976,0
                  8.329846,46.973666,0
                  8.331379,46.978442,0
                  8.328392,46.980193,0
                  8.322311,46.978946,0
                  8.312395,46.979403,0
                  8.312737,46.986476,0
                  8.316991,46.989784,0
                  8.311652,47.001168,0
                  8.306005,47.005435,0
                  8.30661,47.008733,0
                  8.302218,47.015204,0
                  8.296002,47.018567,0
                  8.291513,47.024671,0
                  8.285997,47.027753,0
                  8.271415,47.030759,0
                  8.263242,47.034196,0
                  8.251612,47.033324,0
                  8.242712,47.034881,0
                  8.24009,47.040707,0
                  8.225177,47.045374,0
                  8.200342,47.042674,0
                  8.176934,47.042954,0
                  8.161714,47.03732,0
                  8.142457,47.04066,0
                  8.129324,47.044546,0
                  8.119045,47.045222,0
                  8.113173,47.051287,0
                  8.108203,47.049656,0
                  8.103202,47.056494,0
                  8.102411,47.054857,0
                  8.099249,47.055765,0
                  8.093444,47.053505,0
                  8.070321,47.057946,0
                  8.066066,47.049859,0
                  8.068984,47.042194,0
                  8.066882,47.030241,0
                  8.067968,47.020339,0
                  8.058758,47.004238,0
                  8.059379,47.000012,0
                  8.061822,47.000856,0
                  8.064013,46.999689,0
                  8.063208,46.996579,0
                  8.059733,46.995204,0
                  8.050947,46.985839,0
                  8.046288,46.984084,0
                  8.047131,46.982318,0
                  8.041632,46.978073,0
                  8.037717,46.972219,0
                  8.03837,46.970854,0
                  8.031292,46.969432,0
                  8.019336,46.961828,0
                  8.017204,46.95397,0
                  8.007646,46.947606,0
                  8.005852,46.940021,0
                  7.997323,46.935272,0
                  7.991024,46.93469,0
                  7.973939,46.929281,0
                  7.959917,46.927385,0
                  7.938434,46.919478,0
                  7.930267,46.905544,0
                  7.926021,46.9024,0
                  7.909268,46.894757,0
                  7.910341,46.889304,0
                  7.914245,46.883581,0
                  7.903845,46.869315,0
                  7.899056,46.859898,0
                  7.897369,46.851969,0
                  7.888963,46.844576,0
                  7.879872,46.838967,0
                  7.870923,46.826202,0
                  7.858942,46.821955,0
                  7.864589,46.817288,0
                  7.862475,46.810293,0
                  7.852064,46.805386,0
                  7.836781,46.788598,0
                  7.824634,46.785344,0
                  7.816118,46.785753,0
                  7.806762,46.788019,0
                  7.790791,46.786736,0
                  7.777876,46.784034,0
                  7.771906,46.786458,0
                  7.763423,46.786696,0
                  7.757566,46.78589,0
                  7.756142,46.784155,0
                  7.734256,46.779788,0
                  7.725112,46.783817,0
                  7.721318,46.784249,0
                  7.716488,46.787199,0
                  7.704339,46.78995,0
                  7.698922,46.789485,0
                  7.694144,46.787551,0
                  7.684521,46.789481,0
                  7.673414,46.788039,0
                  7.672582,46.786278,0
                  7.667602,46.786563,0
                  7.65672,46.783464,0
                  7.650304,46.782977,0
                  7.636535,46.776995,0
                  7.628954,46.761598,0
                  7.629301,46.759185,0
                  7.635771,46.754463,0
                  7.636434,46.749094,0
                  7.640858,46.744808,0
                  7.64553,46.74198,0
                  7.650957,46.741701,0
                  7.653851,46.737272,0
                  7.655946,46.736843,0
                  7.654297,46.736828,0
                  7.663278,46.731411,0
                  7.667625,46.730818,0
                  7.670827,46.727382,0
                  7.676743,46.727488,0
                  7.682181,46.72414,0
                  7.688606,46.716368,0
                  7.696872,46.714376,0
                  7.701771,46.711616,0
                  7.704335,46.712502,0
                  7.724703,46.707485,0
                  7.735697,46.700241,0
                  7.738198,46.694834,0
                  7.742938,46.693953,0
                  7.742997,46.690605,0
                  7.746932,46.685863,0
                  7.746457,46.683897,0
                  7.75259,46.680729,0
                  7.757985,46.680434,0
                  7.763546,46.682008,0
                  7.776615,46.681725,0
                  7.792002,46.685773,0
                  7.795524,46.683911,0
                  7.800365,46.684911,0
                  7.806201,46.682573,0
                  7.811484,46.68227,0
                  7.81428,46.68059,0
                  7.81303,46.678557,0
                  7.816517,46.679088,0
                  7.815115,46.678687,0
                  7.81672,46.678619,0
                  7.818828,46.675296,0
                  7.822406,46.673144,0
                  7.827994,46.671151,0
                  7.832122,46.672095,0
                  7.82861,46.671076,0
                  7.829896,46.669211,0
                  7.827519,46.667512,0
                  7.831015,46.668391,0
                  7.826784,46.665922,0
                  7.827534,46.664283,0
                  7.82384,46.661679,0
                  7.815838,46.659731,0
                  7.807423,46.66425,0
                  7.804095,46.664536,0
                  7.790296,46.659926,0
                  7.78817,46.65818,0
                  7.780389,46.658242,0
                  7.773161,46.65562,0
                  7.766793,46.656102,0
                  7.760483,46.654356,0
                  7.752313,46.656486,0
                  7.740613,46.662913,0
                  7.728507,46.664437,0
                  7.724082,46.667822,0
                  7.717345,46.668542,0
                  7.703872,46.673504,0
                  7.703005,46.675348,0
                  7.704918,46.680459,0
                  7.703612,46.682689,0
                  7.697443,46.685587,0
                  7.685967,46.687644,0
                  7.689918,46.688355,0
                  7.688397,46.689976,0
                  7.688972,46.691807,0
                  7.686925,46.692819,0
                  7.671695,46.694601,0
                  7.663404,46.697265,0
                  7.65937,46.703421,0
                  7.643885,46.711043,0
                  7.64408,46.71514,0
                  7.641913,46.715044,0
                  7.644084,46.71546,0
                  7.644279,46.717536,0
                  7.637339,46.716298,0
                  7.63101,46.709301,0
                  7.633107,46.706445,0
                  7.629656,46.705211,0
                  7.611384,46.704425,0
                  7.602068,46.702689,0
                  7.593208,46.704035,0
                  7.588414,46.705724,0
                  7.58526,46.709103,0
                  7.57904,46.711944,0
                  7.563227,46.715924,0
                  7.54706,46.72226,0
                  7.5261,46.736502,0
                  7.520421,46.742348,0
                  7.522124,46.74843,0
                  7.520632,46.753707,0
                  7.51648,46.759057,0
                  7.516289,46.76248,0
                  7.508321,46.772161,0
                  7.484456,46.774173,0
                  7.475243,46.780252,0
                  7.474297,46.784254,0
                  7.46705,46.785849,0
                  7.462085,46.785542,0
                  7.453664,46.781528,0
                  7.441725,46.782791,0
                  7.432991,46.782266,0
                  7.427309,46.785356,0
                  7.416785,46.786428,0
                  7.408289,46.790868,0
                  7.404026,46.795698,0
                  7.385065,46.784635,0
                  7.382346,46.778164,0
                  7.37681,46.776661,0
                  7.363141,46.769678,0
                  7.359128,46.76916,0
                  7.350195,46.762773,0
                  7.329358,46.755602,0
                  7.321472,46.755687,0
                  7.314064,46.754039,0
                  7.304946,46.756372,0
                  7.294384,46.749585,0
                  7.290483,46.744819,0
                  7.280446,46.742523,0
                  7.271949,46.739008,0
                  7.24777,46.734926,0
                  7.245676,46.736989,0
                  7.234815,46.738114,0
                  7.222015,46.738663,0
                  7.209965,46.737286,0
                  7.206587,46.742541,0
                  7.198357,46.746902,0
                  7.194009,46.744162,0
                  7.176278,46.741636,0
                  7.161879,46.730359,0
                  7.156625,46.714756,0
                  7.149551,46.704089,0
                  7.14245,46.699416,0
                  7.125958,46.694921,0
                  7.118099,46.684505,0
                  7.114786,46.683102,0
                  7.111353,46.683249,0
                  7.111616,46.681748,0
                  7.110063,46.683664,0
                  7.107524,46.684029,0
                  7.110445,46.679326,0
                  7.107005,46.677029,0
                  7.106264,46.674691,0
                  7.106372,46.676129,0
                  7.104403,46.676999,0
                  7.098943,46.671616,0
                  7.1034,46.663363,0
                  7.096612,46.660697,0
                  7.098896,46.65885,0
                  7.096174,46.655722,0
                  7.098536,46.650492,0
                  7.098056,46.645699,0
                  7.100595,46.643631,0
                  7.101943,46.635663,0
                  7.104893,46.631282,0
                  7.105653,46.617655,0
                  7.104871,46.614512,0
                  7.097927,46.608278,0
                  7.094372,46.600309,0
                  7.087743,46.596837,0
                  7.078048,46.594805,0
                  7.058396,46.59463,0
                  7.056216,46.595955,0
                  7.048699,46.609182,0
                  7.04166,46.612294,0
                  7.019644,46.610149,0
                  7.005063,46.611848,0
                  6.990664,46.612072,0
                  6.982573,46.611002,0
                  6.968841,46.606956,0
                  6.963289,46.603943,0
                  6.946217,46.591171,0
                  6.917152,46.564622,0
                  6.905709,46.545115,0
                  6.903198,46.529811,0
                  6.9028347,46.5284725,0
                  6.901721,46.526948,0
                  6.901555,46.526799,0
                  6.897079,46.518127,0
                  6.895058,46.509327,0
                  6.896265,46.506856,0
                  6.886902,46.500718,0
                  6.874533,46.486903,0
                  6.868552,46.483636,0
                  6.865631,46.480485,0
                  6.865348,46.481458,0
                  6.858705,46.47899,0
                  6.844081,46.464638,0
                  6.841947,46.459757,0
                  6.852196,46.456075,0
                  6.860041,46.446876,0
                  6.865682,46.448545,0
                  6.869723,46.448215,0
                  6.876239,46.44633,0
                  6.883245,46.44008,0
                  6.886657,46.440939,0
                  6.890343,46.439002,0
                  6.900441,46.440512,0
                  6.903337,46.439658,0
                  6.909495,46.434627,0
                  6.908791,46.430381,0
                  6.912097,46.428592,0
                  6.916232,46.429843,0
                  6.9204,46.428342,0
                  6.92329,46.424669,0
                  6.923581,46.421233,0
                  6.927347,46.418362,0
                  6.927231,46.414073,0
                  6.930389,46.411324,0
                  6.930566,46.407089,0
                  6.925269,46.402307,0
                  6.924983,46.39841,0
                  6.922728,46.396839,0
                  6.920049,46.396979,0
                  6.918187,46.395158,0
                  6.901127,46.3966,0
                  6.89247,46.394765,0
                  6.886824,46.396345,0
                  6.883288,46.394825,0
                  6.872868,46.39507,0
                  6.867208,46.392987,0
                  6.863197,46.392836,0
                  6.858528,46.395009,0
                  6.87332,46.382659,0
                  6.880015,46.379539,0
                  6.885582,46.374741,0
                  6.886944,46.363756,0
                  6.881832,46.357439,0
                  6.882612,46.352792,0
                  6.88833,46.349268,0
                  6.895769,46.340561,0
                  6.900645,46.338669,0
                  6.918054,46.339467,0
                  6.921922,46.337607,0
                  6.929513,46.330574,0
                  6.932398,46.323989,0
                  6.931791,46.317008,0
                  6.936851,46.297921,0
                  6.959361,46.284739,0
                  6.965297,46.26845,0
                  6.972998,46.26182,0
                  6.980175,46.265544,0
                  6.986857,46.267396,0
                  7.006906,46.268935,0
                  7.015062,46.271406,0
                  7.023275,46.275568,0
                  7.028766,46.281106,0
                  7.033337,46.281164,0
                  7.043152,46.286629,0
                  7.051752,46.285865,0
                  7.053476,46.284129,0
                  7.059442,46.282784,0
                  7.067053,46.284385,0
                  7.071148,46.28631,0
                  7.072904,46.290978,0
                  7.077661,46.292915,0
                  7.082033,46.297765,0
                  7.087227,46.301135,0
                  7.088881,46.300925,0
                  7.094798,46.306029,0
                  7.111169,46.309943,0
                  7.118171,46.314832,0
                  7.121345,46.323798,0
                  7.120675,46.326089,0
                  7.125557,46.327445,0
                  7.143202,46.327524,0
                  7.152443,46.335741,0
                  7.162054,46.33997,0
                  7.162647,46.345784,0
                  7.170402,46.347083,0
                  7.18462,46.346082,0
                  7.189998,46.348219,0
                  7.198787,46.349303,0
                  7.204847,46.353395,0
                  7.226261,46.358949,0
                  7.230471,46.36214,0
                  7.23863,46.364126,0
                  7.24234,46.368636,0
                  7.249413,46.372561,0
                  7.252525,46.375914,0
                  7.260944,46.379299,0
                  7.264077,46.384565,0
                  7.271908,46.387241,0
                  7.275281,46.384441,0
                  7.27442,46.381179,0
                  7.287986,46.379935,0
                  7.301789,46.384082,0
                  7.305679,46.386924,0
                  7.323359,46.391108,0
                  7.328891,46.394007,0
                  7.33293,46.392876,0
                  7.341097,46.393625,0
                  7.342673,46.390455,0
                  7.352632,46.387241,0
                  7.356065,46.388255,0
                  7.357202,46.39106,0
                  7.361322,46.390534,0
                  7.363758,46.392523,0
                  7.375964,46.393092,0
                  7.384504,46.398362,0
                  7.400573,46.40114,0
                  7.402841,46.404853,0
                  7.420498,46.417482,0
                  7.429275,46.419187,0
                  7.435281,46.423231,0
                  7.437941,46.42283,0
                  7.440309,46.430117,0
                  7.44294,46.431739,0
                  7.443963,46.435311,0
                  7.455048,46.441064,0
                  7.455935,46.438446,0
                  7.461986,46.432569,0
                  7.468187,46.428342,0
                  7.472638,46.426214,0
                  7.486186,46.42465,0
                  7.489748,46.422015,0
                  7.489297,46.42101,0
                  7.494734,46.421148,0
                  7.500158,46.423871,0
                  7.501616,46.428698,0
                  7.51339,46.440356,0
                  7.518234,46.441234,0
                  7.526234,46.449745,0
                  7.531786,46.452096,0
                  7.531172,46.454932,0
                  7.534005,46.457267,0
                  7.535128,46.460943,0
                  7.534286,46.469612,0
                  7.543741,46.483411,0
                  7.550399,46.48469,0
                  7.552923,46.486546,0
                  7.562423,46.487973,0
                  7.568026,46.490544,0
                  7.57231,46.496927,0
                  7.576178,46.497906,0
                  7.579753,46.491792,0
                  7.587927,46.485462,0
                  7.598611,46.488282,0
                  7.607734,46.487043,0
                  7.615295,46.484434,0
                  7.632816,46.481256,0
                  7.640482,46.477583,0
                  7.642402,46.471775,0
                  7.646377,46.473878,0
                  7.654166,46.472976,0
                  7.660072,46.474836,0
                  7.662007,46.477461,0
                  7.664098,46.477647,0
                  7.665069,46.482701,0
                  7.663786,46.48501,0
                  7.665274,46.485795,0
                  7.663188,46.489193,0
                  7.66646,46.489378,0
                  7.673899,46.494603,0
                  7.672731,46.497316,0
                  7.67446,46.496329,0
                  7.703609,46.492921,0
                  7.717262,46.498511,0
                  7.717254,46.501468,0
                  7.727637,46.502421,0
                  7.733754,46.509205,0
                  7.744195,46.507987,0
                  7.74703,46.505812,0
                  7.749654,46.505603,0
                  7.760593,46.510059,0
                  7.765484,46.513962,0
                  7.765705,46.52175,0
                  7.768478,46.524925,0
                  7.770475,46.53604,0
                  7.773897,46.540833,0
                  7.780819,46.538629,0
                  7.78862,46.539849,0
                  7.790877,46.53806,0
                  7.798504,46.536844,0
                  7.808438,46.532259,0
                  7.812975,46.531726,0
                  7.828803,46.54168,0
                  7.830823,46.544806,0
                  7.843567,46.541601,0
                  7.852033,46.534145,0
                  7.855103,46.53414,0
                  7.877305,46.54097,0
                  7.896824,46.541339,0
                  7.899516,46.544409,0
                  7.901449,46.558244,0
                  7.905853,46.563001,0
                  7.912637,46.577234,0
                  7.913667,46.576628,0
                  7.911517,46.5722,0
                  7.912376,46.570373,0
                  7.920489,46.566071,0
                  7.926872,46.565976,0
                  7.932019,46.564527,0
                  7.941296,46.567018,0
                  7.944411,46.568598,0
                  7.945705,46.572055,0
                  7.953998,46.574629,0
                  7.961592,46.586175,0
                  7.972278,46.589401,0
                  7.974361,46.591918,0
                  7.982817,46.595909,0
                  7.985436,46.598754,0
                  7.999582,46.605292,0
                  8.002469,46.609793,0
                  8.007624,46.613707,0
                  8.014584,46.616199,0
                  8.017527,46.624711,0
                  8.027597,46.619891,0
                  8.03681,46.618736,0
                  8.046078,46.620899,0
                  8.052931,46.62583,0
                  8.064053,46.625511,0
                  8.069409,46.632865,0
                  8.072263,46.641689,0
                  8.071201,46.643613,0
                  8.073849,46.649065,0
                  8.078584,46.653267,0
                  8.084563,46.656738,0
                  8.089793,46.658131,0
                  8.102071,46.655834,0
                  8.104274,46.656403,0
                  8.107176,46.65837,0
                  8.109107,46.662122,0
                  8.121649,46.66495,0
                  8.126508,46.667515,0
                  8.127699,46.670853,0
                  8.136454,46.675504,0
                  8.137062,46.677308,0
                  8.141304,46.677646,0
                  8.147175,46.681214,0
                  8.152771,46.679478,0
                  8.155299,46.680681,0
                  8.160597,46.685762,0
                  8.1627,46.689966,0
                  8.167903,46.692925,0
                  8.171314,46.698187,0
                  8.175044,46.700877,0
                  8.175034,46.704347,0
                  8.179057,46.711635,0
                  8.185078,46.714938,0
                  8.185214,46.717122,0
                  8.180664,46.723242,0
                  8.211642,46.719718,0
                  8.217004,46.712137,0
                  8.225076,46.707821,0
                  8.232576,46.710526,0
                  8.233344,46.709699,0
                  8.235196,46.710745,0
                  8.244335,46.708133,0
                  8.248204,46.710585,0
                  8.25568,46.710761,0
                  8.264993,46.713942,0
                  8.264306,46.717465,0
                  8.266902,46.719415,0
                  8.267821,46.724563,0
                  8.274934,46.728682,0
                  8.276941,46.732475,0
                  8.283748,46.738306,0
                  8.289626,46.741954,0
                  8.291612,46.741661,0
                  8.307927,46.752674,0
                  8.315437,46.755955,0
                  8.319025,46.759829,0
                  8.318484,46.762196,0
                  8.329382,46.771943,0
                  8.334807,46.773679,0
                  8.345135,46.771678,0
                  8.355549,46.775459,0
                  8.36395087820945,46.7744370421653,0
                  8.367986,46.773946,0
                  8.38086,46.777558,0
                  8.386643,46.778071,0
                  8.383894,46.792298,0
                  8.377288,46.795912,0
                  8.373192,46.797291,0
                  8.371112,46.796638,0
                  8.37062857344508,46.7970932549037,0
                  8.36842,46.799173,0
                  8.368769,46.807604,0
                  8.377235,46.821989,0
                  8.376829,46.827072,0
                  8.378532,46.826832,0
                  8.37892583740319,46.8252172749089,0
                  8.378992,46.824946,0
                  8.382322,46.824402,0
                  8.382884,46.821759,0
                  8.390634,46.817209,0
                  8.3947,46.816414,0
                  8.401912,46.817838,0
                  8.411578,46.816167,0
                  8.420953,46.821483,0
                  8.427776,46.829222,0
                  8.434808,46.833585,0
                  8.437453,46.837846,0
                  8.453689,46.837826,0
                  8.461468,46.841056,0
                  8.468912,46.84102,0
                  8.479738,46.84659,0
                  8.495483,46.85016,0
                  8.500203,46.852343,0
                  8.503297,46.855874,0
                  8.502807,46.860909,0
                  8.510307,46.867043,0
                  8.509567,46.872356,0
                  8.516975,46.878661,0
                  8.514958,46.880576,0
                  8.515292,46.88226,0
                  8.517791,46.884954,0
                  8.518509,46.893323,0
                  8.521418,46.900939,0
                  8.527798,46.907903,0
                  8.532614,46.910397,0
                  8.549021,46.912763,0
                  8.563585,46.909997,0
                  8.576627,46.912206,0
                  8.592784,46.918485,0
                  8.596916,46.918776,0
                  8.596391,46.918379,0
                  8.5963149,46.9183147,0
                  8.596553,46.91843,0
                  8.597225,46.918847,0
                  8.586806,46.923902,0
                  8.579918,46.928906,0
                  8.578459,46.932174,0
                  8.585711,46.946044,0
                  8.584596,46.947813,0
                  8.587743,46.955378,0
                  8.589799,46.955674,0
                  8.588285,46.95617,0
                  8.590215,46.95789,0
                  8.588895,46.959733,0
                  8.590734,46.96003,0
                  8.593133,46.963021,0
                  8.594099,46.968029,0
                  8.591274,46.975797,0
                  8.596282,46.982783,0
                  8.595127,46.985849,0
                  8.592645,46.98708,0
                  8.588152,46.987983,0
                  8.573061,46.983858,0
                  8.549768,46.973343,0
                  8.523516,46.968192,0
                  8.513508,46.964095,0
                  8.495286,46.962056,0
                  8.479207,46.964008,0
                  8.472895,46.968991,0
                  8.466131,46.972126,0
                  8.453488,46.971316,0
                  8.447106,46.97226,0
                  8.440834,46.974757,0
                  8.426744,46.975365,0
                  8.424367,46.977559,0
                  8.425771,46.978831,0
                  8.42440640163007,46.9788441525384,0
                </coordinates>
              </LinearRing>
            </outerBoundaryIs>
            <innerBoundaryIs>
              <LinearRing>
                <tessellate>1</tessellate>
                <coordinates>
                  6.902646,46.527777,0
                  6.902887,46.528544,0
                  6.9028347,46.5284725,0
                  6.902646,46.527777,0
                </coordinates>
              </LinearRing>
            </innerBoundaryIs>
          </Polygon>
        </MultiGeometry>
      </Placemark>
      <Placemark>
        <name>15</name>
        <description><![CDATA[SOIUSA SUBDIVISIONS 36 SECTIONS<br> Number = 15<br> Code = SZ.15<br> Name = Alpi Retiche Occidentali - Westliche Rätische Alpen<br> Perimeter = 465.28 km<br> Enclosed_Area = 8727.5 sq km<br> Island_Area = <br> Capleymar-Homoalpinus = https://www.homoalpinus.com/alpes/subdivisions/soiusa/<br> Created_By = Capleymar]]></description>
        <styleUrl>#poly-80FF80-1000-153</styleUrl>
        <Polygon>
          <outerBoundaryIs>
            <LinearRing>
              <tessellate>1</tessellate>
              <coordinates>
                9.69899702400329,46.1601827513733,0
                9.728605,46.160247,0
                9.733975,46.159215,0
                9.756115,46.158756,0
                9.774368,46.15496,0
                9.77986,46.156708,0
                9.784869,46.155959,0
                9.800256,46.160947,0
                9.819081,46.159995,0
                9.830574,46.160493,0
                9.842005,46.162537,0
                9.848925,46.161006,0
                9.85478,46.161061,0
                9.861636,46.157986,0
                9.884772,46.16086,0
                9.891547,46.159148,0
                9.899779,46.164392,0
                9.90188,46.167172,0
                9.909207,46.167866,0
                9.913741,46.166347,0
                9.933775,46.164445,0
                9.944722,46.161968,0
                9.949994,46.157536,0
                9.955194,46.156316,0
                9.958877,46.157221,0
                9.960512,46.159611,0
                9.967864,46.161352,0
                9.97546,46.160203,0
                9.981158,46.161739,0
                9.983535,46.159524,0
                9.986612,46.161597,0
                9.993813,46.159632,0
                9.997746,46.161061,0
                10.003705,46.157603,0
                10.013188,46.156396,0
                10.01848,46.1577,0
                10.023452,46.156903,0
                10.030998,46.158984,0
                10.037369,46.158565,0
                10.047886,46.155594,0
                10.05169,46.15148,0
                10.065488,46.150748,0
                10.080334,46.157413,0
                10.084856,46.16197,0
                10.089673,46.162187,0
                10.094179,46.163953,0
                10.098298,46.165853,0
                10.099807,46.168073,0
                10.118948,46.175505,0
                10.121798,46.179263,0
                10.124196,46.180236,0
                10.126149,46.185445,0
                10.13448,46.193463,0
                10.182981,46.222207,0
                10.199065,46.230012,0
                10.206352,46.230675,0
                10.212016,46.232465,0
                10.212891,46.233927,0
                10.217137,46.234058,0
                10.228684,46.237755,0
                10.251679,46.260264,0
                10.258921,46.272458,0
                10.259861,46.277852,0
                10.266422,46.282339,0
                10.273307,46.292422,0
                10.290817,46.305996,0
                10.301947,46.317748,0
                10.307679,46.321694,0
                10.313152,46.322297,0
                10.317018,46.3255,0
                10.323609,46.327565,0
                10.336808,46.327065,0
                10.346936,46.331582,0
                10.349336,46.337568,0
                10.349746,46.34481,0
                10.358148,46.353825,0
                10.355009,46.363345,0
                10.357485,46.367837,0
                10.358066,46.376573,0
                10.355625,46.387006,0
                10.352574,46.391479,0
                10.353485,46.399019,0
                10.349553,46.406294,0
                10.349976,46.4106,0
                10.348773,46.411595,0
                10.352292,46.417961,0
                10.351317,46.421059,0
                10.355311,46.424582,0
                10.357641,46.432558,0
                10.359737,46.434526,0
                10.356931,46.439254,0
                10.358518,46.442448,0
                10.357936,46.451246,0
                10.359256,46.454042,0
                10.356928,46.461036,0
                10.359296,46.463127,0
                10.356485,46.465975,0
                10.358269,46.468058,0
                10.358903,46.475028,0
                10.353365,46.483762,0
                10.358341,46.4866,0
                10.359391,46.489585,0
                10.353728,46.50209,0
                10.354953,46.504915,0
                10.357836,46.505218,0
                10.364786,46.509126,0
                10.367001,46.508898,0
                10.37289,46.512234,0
                10.386289,46.510822,0
                10.404173,46.515309,0
                10.407759,46.520611,0
                10.408759,46.526934,0
                10.415695,46.536506,0
                10.418605,46.538976,0
                10.42346,46.540293,0
                10.42672,46.540342,0
                10.43428,46.536315,0
                10.436794,46.53626,0
                10.44165,46.53134,0
                10.445557,46.529545,0
                10.453599,46.52842,0
                10.466818,46.531165,0
                10.48067,46.532435,0
                10.488764,46.531229,0
                10.50005,46.534958,0
                10.505178,46.534576,0
                10.509592,46.540741,0
                10.5113,46.551667,0
                10.51582,46.557723,0
                10.516236,46.560762,0
                10.524504,46.568997,0
                10.539951,46.57417,0
                10.542937,46.576755,0
                10.547401,46.584459,0
                10.549297,46.59148,0
                10.557363,46.602524,0
                10.580675,46.612627,0
                10.596534,46.626179,0
                10.60554,46.62911,0
                10.611727,46.633362,0
                10.578372,46.646378,0
                10.560838,46.665609,0
                10.552594,46.670009,0
                10.544522,46.670107,0
                10.542495,46.672826,0
                10.53166,46.679502,0
                10.521206,46.691737,0
                10.527196,46.708054,0
                10.531546,46.71328,0
                10.529679,46.71682,0
                10.530265,46.726192,0
                10.53344,46.73663,0
                10.527134,46.753224,0
                10.531776,46.764539,0
                10.52812,46.777654,0
                10.528692,46.781533,0
                10.52672,46.78839,0
                10.527672,46.791344,0
                10.525002,46.799684,0
                10.516868,46.811839,0
                10.517177,46.814059,0
                10.508285,46.825529,0
                10.512269,46.829039,0
                10.505066,46.840773,0
                10.506449,46.844667,0
                10.504306,46.847254,0
                10.504339,46.850868,0
                10.507943,46.855179,0
                10.506779,46.857248,0
                10.510219,46.864175,0
                10.505343,46.875218,0
                10.506959,46.878715,0
                10.504217,46.884987,0
                10.496714,46.890048,0
                10.493565,46.896382,0
                10.494559,46.899459,0
                10.492808,46.901594,0
                10.496622,46.907526,0
                10.495468,46.911758,0
                10.492563,46.913782,0
                10.485875,46.914787,0
                10.485324,46.918553,0
                10.48831,46.926139,0
                10.485898,46.930384,0
                10.4865,46.93294,0
                10.490755,46.934991,0
                10.495276,46.939943,0
                10.50647,46.945628,0
                10.506849,46.948427,0
                10.513767,46.953249,0
                10.516165,46.957874,0
                10.518598,46.958679,0
                10.523228,46.957755,0
                10.525685,46.963128,0
                10.5280750702859,46.9641090136404,0
                10.532132,46.965774,0
                10.538735,46.96612,0
                10.538752,46.970905,0
                10.546454,46.972277,0
                10.551592,46.97569,0
                10.557119,46.977372,0
                10.562969,46.983743,0
                10.571233,46.985689,0
                10.577867,46.993911,0
                10.590223,46.999346,0
                10.598167,47.004906,0
                10.600076,47.00913,0
                10.599552,47.012614,0
                10.6043,47.016361,0
                10.604324,47.018341,0
                10.619621,47.02457,0
                10.621148,47.028627,0
                10.626565,47.032588,0
                10.627974,47.038524,0
                10.640887,47.046772,0
                10.643128,47.05266,0
                10.65001,47.05716,0
                10.65655,47.059644,0
                10.659049,47.065934,0
                10.662839,47.069643,0
                10.660174,47.080805,0
                10.666359,47.094926,0
                10.65771,47.110413,0
                10.653066,47.112987,0
                10.643384,47.113035,0
                10.638239,47.114194,0
                10.634155,47.113154,0
                10.630062,47.114365,0
                10.620518,47.114543,0
                10.611792,47.11702,0
                10.60622,47.117237,0
                10.595929,47.123172,0
                10.58164,47.124485,0
                10.568688,47.133358,0
                10.565492,47.137898,0
                10.564756,47.143894,0
                10.553773,47.140612,0
                10.541049,47.140708,0
                10.529143,47.136196,0
                10.520315,47.13531,0
                10.5158,47.133192,0
                10.51159,47.134376,0
                10.506733,47.130389,0
                10.499024,47.128096,0
                10.494574,47.119311,0
                10.488093,47.117136,0
                10.478984,47.118415,0
                10.456327,47.12715,0
                10.428805,47.131026,0
                10.418483,47.136776,0
                10.418202,47.139774,0
                10.413778,47.144348,0
                10.410056,47.144847,0
                10.405674,47.148372,0
                10.395348,47.150027,0
                10.388062,47.149457,0
                10.38385,47.151291,0
                10.380785,47.15021,0
                10.363969,47.150692,0
                10.360862,47.147981,0
                10.347168,47.145607,0
                10.332606,47.145657,0
                10.323598,47.142671,0
                10.31475,47.142986,0
                10.310615,47.141459,0
                10.305465,47.142062,0
                10.302874,47.14088,0
                10.297859,47.141277,0
                10.285498,47.138165,0
                10.282691,47.138467,0
                10.282494,47.135413,0
                10.275898,47.134816,0
                10.274117,47.131879,0
                10.264631,47.126032,0
                10.257193,47.12385,0
                10.254895,47.12115,0
                10.245909,47.119757,0
                10.239583,47.117187,0
                10.228669,47.108998,0
                10.224652,47.10879,0
                10.223632,47.11113,0
                10.220887,47.112493,0
                10.212346,47.130719,0
                10.196846,47.137201,0
                10.183993,47.13835,0
                10.178447,47.13736,0
                10.156409,47.137533,0
                10.138124,47.134256,0
                10.133044,47.134671,0
                10.126302,47.133193,0
                10.124394,47.131081,0
                10.121446,47.130617,0
                10.114126,47.131388,0
                10.102383,47.129192,0
                10.093049,47.130697,0
                10.086565,47.129841,0
                10.080144,47.130962,0
                10.068811,47.130587,0
                10.060551,47.128525,0
                10.040193,47.127015,0
                10.0359648116065,47.1272522641255,0
                10.030655,47.12755,0
                10.023349,47.125487,0
                10.005689,47.124532,0
                9.990883,47.122379,0
                9.984419,47.12401,0
                9.978605,47.127442,0
                9.970096,47.128841,0
                9.962077,47.128331,0
                9.959775,47.130273,0
                9.94733,47.134927,0
                9.928721,47.137948,0
                9.919918,47.141774,0
                9.912697,47.142869,0
                9.906442,47.141921,0
                9.890853,47.143849,0
                9.871189,47.142146,0
                9.865088,47.143043,0
                9.85055,47.140054,0
                9.836886,47.134817,0
                9.831122,47.13801,0
                9.816164,47.152424,0
                9.809161,47.155032,0
                9.807061,47.158922,0
                9.77759,47.173594,0
                9.737155,47.177509,0
                9.725839,47.182601,0
                9.711352,47.193681,0
                9.692448,47.196933,0
                9.676232,47.201506,0
                9.651698,47.22014,0
                9.641114,47.225728,0
                9.625802,47.225273,0
                9.618661,47.227365,0
                9.605344,47.229008,0
                9.590746,47.237795,0
                9.565048,47.285192,0
                9.557293,47.294191,0
                9.559229,47.300204,0
                9.552956,47.292426,0
                9.548483,47.282753,0
                9.544434,47.278787,0
                9.532539,47.272687,0
                9.530818,47.27029,0
                9.530121,47.262966,0
                9.521584,47.246594,0
                9.502209,47.221139,0
                9.499911,47.212472,0
                9.489812,47.196943,0
                9.485891,47.182216,0
                9.49156,47.16243,0
                9.499778,47.149485,0
                9.508976,47.139115,0
                9.51831,47.108039,0
                9.519599,47.101016,0
                9.518579,47.09512,0
                9.513269,47.085749,0
                9.493992,47.074677,0
                9.475549,47.067226,0
                9.47151,47.063133,0
                9.47427329615218,47.056800928185,0
                9.478252,47.047681,0
                9.505472,47.019646,0
                9.512387,47.006995,0
                9.548774,46.973571,0
                9.549805,46.969774,0
                9.546113,46.963818,0
                9.547597,46.960042,0
                9.542605,46.947479,0
                9.548418,46.938251,0
                9.55803,46.932158,0
                9.556026,46.918834,0
                9.554503,46.914526,0
                9.544737,46.907163,0
                9.540476,46.90079,0
                9.539531,46.892976,0
                9.53357,46.884173,0
                9.52918,46.872334,0
                9.502548,46.860587,0
                9.486879,46.845831,0
                9.471396,46.842433,0
                9.459208,46.8383,0
                9.439069,46.838789,0
                9.432626,46.833822,0
                9.416574,46.830082,0
                9.413132,46.825327,0
                9.407863,46.823521,0
                9.408825,46.820982,0
                9.407392,46.816203,0
                9.410016,46.813683,0
                9.416533,46.812026,0
                9.409707,46.801367,0
                9.405209,46.799065,0
                9.405259,46.792581,0
                9.407588,46.788509,0
                9.411776,46.786463,0
                9.420075,46.772087,0
                9.422269,46.76187,0
                9.444334,46.717658,0
                9.44935,46.71265,0
                9.447236,46.702823,0
                9.441752,46.691298,0
                9.452565,46.681158,0
                9.453862,46.677993,0
                9.450486,46.676126,0
                9.451074,46.669103,0
                9.447179,46.66382,0
                9.449411,46.660738,0
                9.45057,46.654067,0
                9.447335,46.650377,0
                9.446047,46.645063,0
                9.441545,46.642068,0
                9.442805,46.639083,0
                9.439231,46.634658,0
                9.439697,46.629008,0
                9.431726,46.620789,0
                9.429807,46.614155,0
                9.425486,46.61138,0
                9.42254,46.605042,0
                9.422627,46.602846,0
                9.426679,46.600377,0
                9.428002,46.597615,0
                9.421118,46.593467,0
                9.421663,46.583445,0
                9.416749,46.578504,0
                9.417655,46.573922,0
                9.416471,46.57102,0
                9.40312,46.5667,0
                9.396464,46.566501,0
                9.390816,46.568775,0
                9.364526,46.564423,0
                9.352542,46.563518,0
                9.342139,46.560308,0
                9.336193,46.555856,0
                9.321247,46.551945,0
                9.322974,46.547941,0
                9.328206,46.543094,0
                9.326104,46.539783,0
                9.326249,46.532127,0
                9.33065,46.524835,0
                9.329736,46.52361,0
                9.332988,46.515223,0
                9.32968,46.50837,0
                9.33065,46.493146,0
                9.33685,46.489236,0
                9.34565,46.477128,0
                9.342836,46.469171,0
                9.337378,46.465711,0
                9.326381,46.463663,0
                9.327396,46.45308,0
                9.337022,46.439818,0
                9.341395,46.415993,0
                9.345009,46.412499,0
                9.349265,46.40203,0
                9.354362,46.38182,0
                9.35369,46.379227,0
                9.357598,46.37505,0
                9.35826,46.36916,0
                9.362909,46.365804,0
                9.36249,46.359662,0
                9.36495,46.351142,0
                9.37006,46.343862,0
                9.368502,46.342202,0
                9.368479,46.336679,0
                9.372293,46.332414,0
                9.374474,46.326385,0
                9.383509,46.322759,0
                9.386958,46.315238,0
                9.391148,46.310661,0
                9.390946,46.30742,0
                9.37765,46.293548,0
                9.378678,46.289778,0
                9.374942,46.276696,0
                9.386828,46.266884,0
                9.407761,46.239898,0
                9.417087,46.232604,0
                9.418947,46.225107,0
                9.42876,46.219196,0
                9.441697,46.214872,0
                9.444978,46.212294,0
                9.444125,46.211342,0
                9.438043,46.2114,0
                9.429726,46.202604,0
                9.424612,46.199705,0
                9.426384,46.198425,0
                9.424315,46.191967,0
                9.418745,46.187402,0
                9.41119,46.175868,0
                9.394089,46.169569,0
                9.382826,46.169697,0
                9.378055,46.167881,0
                9.377255,46.165891,0
                9.38035,46.162612,0
                9.38093,46.158881,0
                9.374945,46.151577,0
                9.42826,46.149418,0
                9.434512,46.148162,0
                9.44293,46.153336,0
                9.445515,46.146747,0
                9.448057,46.143857,0
                9.450399,46.143433,0
                9.453575,46.144491,0
                9.456422,46.148463,0
                9.459313,46.149945,0
                9.465446,46.147082,0
                9.494323,46.152045,0
                9.516136,46.14066,0
                9.523021,46.138751,0
                9.540304,46.139179,0
                9.546114,46.140579,0
                9.552287,46.14416,0
                9.575326,46.146434,0
                9.579048,46.14156,0
                9.582036,46.140019,0
                9.596606,46.143555,0
                9.604998,46.14404,0
                9.610662,46.143052,0
                9.622742,46.146317,0
                9.626662,46.146165,0
                9.632528,46.153422,0
                9.660203,46.160087,0
                9.69899702400329,46.1601827513733,0
              </coordinates>
            </LinearRing>
          </outerBoundaryIs>
        </Polygon>
      </Placemark>
      <Placemark>
        <name>16</name>
        <description><![CDATA[SOIUSA SUBDIVISIONS 36 SECTIONS<br> Number = 16<br> Code = SZ.16<br> Name = Alpi Retiche Orientali - Östliche Rätische Alpen<br> Perimeter = 353.29 km<br> Enclosed_Area = 5326.9 sq km<br> Island_Area = <br> Capleymar-Homoalpinus = https://www.homoalpinus.com/alpes/subdivisions/soiusa/<br> Created_By = Capleymar]]></description>
        <styleUrl>#poly-80FF80-1000-153</styleUrl>
        <Polygon>
          <outerBoundaryIs>
            <LinearRing>
              <tessellate>1</tessellate>
              <coordinates>
                10.525685,46.963128,0
                10.523228,46.957755,0
                10.518598,46.958679,0
                10.516165,46.957874,0
                10.513767,46.953249,0
                10.506849,46.948427,0
                10.50647,46.945628,0
                10.495276,46.939943,0
                10.485903,46.931538,0
                10.48831,46.926139,0
                10.485324,46.918553,0
                10.485875,46.914787,0
                10.492563,46.913782,0
                10.495468,46.911758,0
                10.496622,46.907526,0
                10.492808,46.901594,0
                10.494559,46.899459,0
                10.493565,46.896382,0
                10.496714,46.890048,0
                10.504975,46.883933,0
                10.506967,46.878652,0
                10.505343,46.875218,0
                10.509945,46.866527,0
                10.510056,46.862643,0
                10.506779,46.857248,0
                10.507943,46.855179,0
                10.504334,46.850804,0
                10.504312,46.847202,0
                10.506473,46.844437,0
                10.505066,46.840773,0
                10.512269,46.829039,0
                10.508285,46.825529,0
                10.516601,46.814996,0
                10.516868,46.811839,0
                10.526449,46.796368,0
                10.52812,46.777654,0
                10.531776,46.764539,0
                10.527134,46.753224,0
                10.53344,46.73663,0
                10.530265,46.726192,0
                10.529679,46.71682,0
                10.531585,46.713487,0
                10.527196,46.708054,0
                10.521206,46.691737,0
                10.53166,46.679502,0
                10.542495,46.672826,0
                10.544522,46.670107,0
                10.552594,46.670009,0
                10.560838,46.665609,0
                10.578372,46.646378,0
                10.638563,46.623329,0
                10.696075,46.617027,0
                10.708129,46.613893,0
                10.711179,46.610823,0
                10.725482,46.610359,0
                10.733203,46.613414,0
                10.740042,46.613439,0
                10.746771,46.615188,0
                10.750426,46.618152,0
                10.757327,46.618541,0
                10.763085,46.620698,0
                10.770789,46.619515,0
                10.776082,46.616587,0
                10.786037,46.616105,0
                10.829793,46.620812,0
                10.840507,46.618066,0
                10.848742,46.621254,0
                10.853975,46.62101,0
                10.860869,46.622434,0
                10.865869,46.621079,0
                10.874865,46.623774,0
                10.879033,46.623465,0
                10.888389,46.626141,0
                10.891788,46.625751,0
                10.90025,46.627623,0
                10.915903,46.625655,0
                10.969698,46.64674,0
                10.991967,46.648451,0
                11.004834,46.64538,0
                11.014015,46.646637,0
                11.045566,46.660521,0
                11.059531,46.66218,0
                11.073481,46.66794,0
                11.084827,46.676806,0
                11.092883,46.681264,0
                11.099346,46.681245,0
                11.103755,46.679857,0
                11.113998,46.680241,0
                11.122762,46.678485,0
                11.132551,46.673538,0
                11.142756,46.66437,0
                11.146224,46.657001,0
                11.168543,46.640181,0
                11.173027,46.63391,0
                11.179136,46.629234,0
                11.184454,46.619281,0
                11.183869,46.614972,0
                11.180686,46.61005,0
                11.184356,46.603859,0
                11.190381,46.582325,0
                11.199377,46.573709,0
                11.211656,46.56743,0
                11.218112,46.561451,0
                11.217407,46.556282,0
                11.22379,46.548662,0
                11.224911,46.544417,0
                11.233267,46.540046,0
                11.247746,46.519237,0
                11.253352,46.514629,0
                11.263385,46.509662,0
                11.270432,46.498953,0
                11.279033,46.496897,0
                11.285752,46.492781,0
                11.28901,46.487973,0
                11.30634,46.481712,0
                11.309205,46.473911,0
                11.311406,46.473807,0
                11.329136,46.48572,0
                11.345948,46.489752,0
                11.350029,46.493379,0
                11.352968,46.494212,0
                11.364072,46.49204,0
                11.3938236248054,46.4953509538012,0
                11.393941,46.495364,0
                11.398824,46.492703,0
                11.410943,46.493985,0
                11.420621,46.489458,0
                11.425306,46.489016,0
                11.429103,46.490514,0
                11.432577,46.494248,0
                11.437334,46.49241,0
                11.442898,46.49601,0
                11.449621,46.497303,0
                11.452349,46.500656,0
                11.457622,46.501465,0
                11.460254,46.504872,0
                11.466602,46.507825,0
                11.470609,46.511857,0
                11.477304,46.512156,0
                11.479904,46.517741,0
                11.489163,46.524949,0
                11.488323,46.532674,0
                11.492594,46.532444,0
                11.493708,46.534251,0
                11.499936,46.537473,0
                11.514535,46.551515,0
                11.512522,46.560208,0
                11.521055,46.568962,0
                11.523591,46.579961,0
                11.523204,46.584904,0
                11.529594,46.593685,0
                11.529213,46.597738,0
                11.534169,46.604848,0
                11.53455,46.611292,0
                11.538702,46.614045,0
                11.540382,46.619994,0
                11.548544,46.625682,0
                11.553919,46.634033,0
                11.564636,46.636917,0
                11.571549,46.644462,0
                11.582281,46.645061,0
                11.586923,46.650389,0
                11.591108,46.652681,0
                11.592759,46.655639,0
                11.606343,46.657754,0
                11.609375,46.663357,0
                11.615018,46.665606,0
                11.619299,46.66976,0
                11.623081,46.679788,0
                11.625503,46.682448,0
                11.628418,46.683786,0
                11.635224,46.683104,0
                11.642823,46.687776,0
                11.646477,46.695928,0
                11.659662,46.70994,0
                11.660651,46.714426,0
                11.653857,46.727794,0
                11.652912,46.733271,0
                11.648408,46.73537,0
                11.646231,46.744066,0
                11.641044,46.749663,0
                11.64209,46.754863,0
                11.651729,46.761758,0
                11.650969,46.764838,0
                11.647231,46.766052,0
                11.638286,46.774722,0
                11.633508,46.77441,0
                11.632284,46.777902,0
                11.62469,46.77948,0
                11.61698,46.783703,0
                11.606508,46.794007,0
                11.596573,46.798645,0
                11.593245,46.801496,0
                11.589627,46.8014,0
                11.585258,46.804161,0
                11.577063,46.80514,0
                11.570028,46.809033,0
                11.564681,46.808868,0
                11.557879,46.812028,0
                11.550354,46.812613,0
                11.546995,46.814849,0
                11.540793,46.814041,0
                11.536514,46.822725,0
                11.538291,46.8249,0
                11.535441,46.827572,0
                11.534481,46.832612,0
                11.5317717381965,46.8349273464281,0
                11.530575,46.83595,0
                11.52784,46.841314,0
                11.524955,46.84298,0
                11.523214,46.846736,0
                11.51708,46.848114,0
                11.514934,46.851216,0
                11.515098,46.853971,0
                11.507986,46.860021,0
                11.508736,46.861631,0
                11.506183,46.86228,0
                11.503725,46.859797,0
                11.500864,46.862815,0
                11.497999,46.863398,0
                11.496924,46.861093,0
                11.495497,46.86359,0
                11.487933,46.864265,0
                11.487719,46.865387,0
                11.489912,46.866326,0
                11.48586,46.86977,0
                11.477981,46.87059,0
                11.4725178042367,46.8725195478155,0
                11.452478,46.879594,0
                11.445114,46.891137,0
                11.431069,46.900616,0
                11.431276,46.905956,0
                11.439121,46.912725,0
                11.442725,46.913519,0
                11.444501,46.919982,0
                11.446468,46.921869,0
                11.44506,46.922676,0
                11.445826,46.924732,0
                11.449333,46.926489,0
                11.449194,46.931836,0
                11.441817,46.935181,0
                11.444375,46.937231,0
                11.44462,46.94086,0
                11.461826,46.959946,0
                11.46732,46.968058,0
                11.478441,46.976209,0
                11.489979,46.981402,0
                11.493661,46.984475,0
                11.508601,47.007248,0
                11.499908,47.025687,0
                11.490105,47.029384,0
                11.478543,47.037614,0
                11.481972,47.040368,0
                11.485253,47.049471,0
                11.484601,47.055535,0
                11.487722,47.065022,0
                11.485102,47.066681,0
                11.485143,47.070914,0
                11.482424,47.074327,0
                11.483345,47.076361,0
                11.480721,47.078716,0
                11.475678,47.080273,0
                11.46916,47.086666,0
                11.467283,47.093781,0
                11.468331,47.095046,0
                11.464862,47.099252,0
                11.462968,47.105268,0
                11.459265,47.105746,0
                11.45293,47.11154,0
                11.452555,47.113241,0
                11.454839,47.115724,0
                11.451805,47.118294,0
                11.454429,47.120668,0
                11.451557,47.122994,0
                11.455461,47.13056,0
                11.452735,47.132894,0
                11.454031,47.133815,0
                11.452705,47.1362,0
                11.454124,47.137989,0
                11.457037,47.138729,0
                11.456602,47.140229,0
                11.452257,47.141264,0
                11.451905,47.14373,0
                11.449485,47.145668,0
                11.451279,47.149906,0
                11.447213,47.154197,0
                11.447831,47.157123,0
                11.440007,47.16435,0
                11.432793,47.173998,0
                11.430473,47.17569,0
                11.422217,47.177564,0
                11.418228,47.182653,0
                11.415606,47.183735,0
                11.419111,47.188145,0
                11.419077,47.19068,0
                11.414477,47.192719,0
                11.411196,47.192262,0
                11.403496,47.196106,0
                11.404957,47.198356,0
                11.402949,47.201993,0
                11.398049,47.203184,0
                11.400151,47.2047,0
                11.399177,47.208951,0
                11.394141,47.212827,0
                11.392693,47.212176,0
                11.390201,47.213558,0
                11.388559,47.21573,0
                11.390757,47.220227,0
                11.387181,47.227198,0
                11.390297,47.231988,0
                11.388678,47.236863,0
                11.389597,47.237878,0
                11.394918,47.238137,0
                11.392186,47.241262,0
                11.393179,47.24279,0
                11.39521,47.243256,0
                11.396422,47.245323,0
                11.401728,47.245424,0
                11.404648,47.248255,0
                11.402549,47.251191,0
                11.40457,47.254393,0
                11.403618,47.257333,0
                11.405352,47.267077,0
                11.408673,47.271889,0
                11.418165,47.278265,0
                11.406802,47.280364,0
                11.400348,47.278711,0
                11.391536,47.268872,0
                11.383528,47.264452,0
                11.372987,47.253966,0
                11.369321,47.253022,0
                11.356935,47.255123,0
                11.344088,47.252608,0
                11.338761,47.25296,0
                11.327562,47.258857,0
                11.323215,47.264384,0
                11.319832,47.265302,0
                11.291226,47.263636,0
                11.282198,47.266175,0
                11.269467,47.265619,0
                11.262277,47.26697,0
                11.250614,47.262804,0
                11.243678,47.262459,0
                11.238451,47.264402,0
                11.234313,47.270684,0
                11.227597,47.274621,0
                11.215917,47.276618,0
                11.206717,47.280158,0
                11.192741,47.280318,0
                11.189276,47.283148,0
                11.182633,47.285344,0
                11.167273,47.283268,0
                11.163243,47.283945,0
                11.123959,47.299974,0
                11.119026,47.308134,0
                11.115225,47.310267,0
                11.110218,47.310897,0
                11.097048,47.307809,0
                11.080811,47.301933,0
                11.071501,47.301276,0
                11.060122,47.298333,0
                11.045572,47.297683,0
                11.025957,47.294458,0
                11.015456,47.29136,0
                10.978337,47.285048,0
                10.966287,47.280263,0
                10.960042,47.279402,0
                10.954581,47.273713,0
                10.948041,47.273122,0
                10.94251,47.274445,0
                10.93444,47.271897,0
                10.923135,47.272346,0
                10.916687,47.267583,0
                10.910225,47.266752,0
                10.903478,47.264184,0
                10.895639,47.263834,0
                10.889052,47.260238,0
                10.8889604392139,47.2602373252838,0
                10.880545,47.260175,0
                10.874436,47.258582,0
                10.864621,47.251805,0
                10.860237,47.250576,0
                10.86151,47.248517,0
                10.856969,47.246412,0
                10.857248,47.241421,0
                10.845927,47.235213,0
                10.841119,47.234778,0
                10.836154,47.230436,0
                10.835552,47.228283,0
                10.827517,47.225943,0
                10.821581,47.227435,0
                10.82078,47.223162,0
                10.817463,47.220011,0
                10.816553,47.216661,0
                10.808278,47.211874,0
                10.803489,47.212265,0
                10.795442,47.210774,0
                10.787459,47.211296,0
                10.761489,47.220086,0
                10.750493,47.21655,0
                10.706805,47.215191,0
                10.69891,47.209721,0
                10.689752,47.206563,0
                10.684601,47.203324,0
                10.677868,47.202633,0
                10.66902,47.203668,0
                10.664712,47.20257,0
                10.658376,47.19938,0
                10.649683,47.197017,0
                10.644369,47.188778,0
                10.640617,47.18619,0
                10.619891,47.182219,0
                10.613311,47.175951,0
                10.609224,47.175099,0
                10.602253,47.170494,0
                10.594606,47.168653,0
                10.591084,47.164149,0
                10.572059,47.155644,0
                10.572318,47.154227,0
                10.579891,47.153156,0
                10.580602,47.150589,0
                10.564756,47.143891,0
                10.565492,47.137898,0
                10.568688,47.133358,0
                10.58164,47.124485,0
                10.595929,47.123172,0
                10.60622,47.117237,0
                10.611792,47.11702,0
                10.620518,47.114543,0
                10.630062,47.114365,0
                10.634155,47.113154,0
                10.638239,47.114194,0
                10.643384,47.113035,0
                10.653066,47.112987,0
                10.658708,47.109551,0
                10.661736,47.105006,0
                10.662314,47.100491,0
                10.666359,47.094926,0
                10.660174,47.080805,0
                10.662839,47.069643,0
                10.659049,47.065934,0
                10.65655,47.059644,0
                10.65001,47.05716,0
                10.643128,47.05266,0
                10.640887,47.046772,0
                10.627974,47.038524,0
                10.626565,47.032588,0
                10.621148,47.028627,0
                10.618878,47.023972,0
                10.604324,47.018341,0
                10.6043,47.016361,0
                10.599552,47.012614,0
                10.600076,47.00913,0
                10.598167,47.004906,0
                10.590223,46.999346,0
                10.577867,46.993911,0
                10.571233,46.985689,0
                10.562969,46.983743,0
                10.557119,46.977372,0
                10.551592,46.97569,0
                10.546454,46.972277,0
                10.538752,46.970905,0
                10.538735,46.96612,0
                10.532132,46.965774,0
                10.5280750702859,46.9641090136404,0
                10.525685,46.963128,0
              </coordinates>
            </LinearRing>
          </outerBoundaryIs>
        </Polygon>
      </Placemark>
      <Placemark>
        <name>17</name>
        <description><![CDATA[SOIUSA SUBDIVISIONS 36 SECTIONS<br> Number = 17<br> Code = SZ.17<br> Name = Westliche Tauernalpen<br> Perimeter = 490.95 km<br> Enclosed_Area = 7863.4 sq km<br> Island_Area = <br> Capleymar-Homoalpinus = https://www.homoalpinus.com/alpes/subdivisions/soiusa/<br> Created_By = Capleymar]]></description>
        <styleUrl>#poly-80FF80-1000-153</styleUrl>
        <Polygon>
          <outerBoundaryIs>
            <LinearRing>
              <tessellate>1</tessellate>
              <coordinates>
                12.552524,46.758168,0
                12.555486,46.759828,0
                12.559801,46.759553,0
                12.565742,46.760938,0
                12.569371,46.764546,0
                12.578355,46.769052,0
                12.587005,46.76718,0
                12.601601,46.769241,0
                12.642737,46.77957,0
                12.65199,46.780176,0
                12.657279,46.782836,0
                12.662969,46.781913,0
                12.681517,46.785308,0
                12.690883,46.785364,0
                12.709384,46.791194,0
                12.716568,46.791499,0
                12.722581,46.793694,0
                12.729934,46.793711,0
                12.737979,46.798551,0
                12.744508,46.800286,0
                12.753791,46.807166,0
                12.763534,46.824418,0
                12.776428,46.828698,0
                12.789079,46.822329,0
                12.798058,46.82164,0
                12.817882,46.815725,0
                12.837459,46.812182,0
                12.849417,46.803408,0
                12.872176,46.792115,0
                12.882781,46.783212,0
                12.911274,46.772021,0
                12.918857,46.766133,0
                12.932536,46.763616,0
                12.940554,46.7567,0
                12.950027,46.745324,0
                12.978866,46.748016,0
                12.986873,46.741263,0
                13.002786,46.739979,0
                13.007495,46.740905,0
                13.012814,46.738901,0
                13.022578,46.738221,0
                13.029241,46.734559,0
                13.044115,46.736845,0
                13.057517,46.7329,0
                13.071858,46.734233,0
                13.090998,46.732582,0
                13.100222,46.73459,0
                13.108231,46.738747,0
                13.122752,46.743556,0
                13.12722,46.742198,0
                13.134226,46.73491,0
                13.154089,46.738657,0
                13.176862,46.7359,0
                13.190163,46.739325,0
                13.212402,46.748927,0
                13.220971,46.748112,0
                13.229947,46.750107,0
                13.241604,46.747868,0
                13.249143,46.75062,0
                13.256978,46.750218,0
                13.265187,46.754617,0
                13.2777,46.751967,0
                13.289669,46.753894,0
                13.30235,46.752144,0
                13.323246,46.758318,0
                13.329269,46.758263,0
                13.337907,46.761735,0
                13.344389,46.771116,0
                13.345604,46.775702,0
                13.360497,46.797128,0
                13.358961,46.80535,0
                13.360212,46.81048,0
                13.34655,46.829199,0
                13.350718,46.832821,0
                13.361714,46.831705,0
                13.367744,46.826929,0
                13.377905,46.827473,0
                13.390004,46.824795,0
                13.402666,46.820186,0
                13.408784,46.820202,0
                13.420506,46.822794,0
                13.430233,46.820367,0
                13.447379,46.818485,0
                13.458351,46.812068,0
                13.469208,46.809711,0
                13.470547,46.80331,0
                13.466924,46.796434,0
                13.467881,46.793962,0
                13.483571,46.790761,0
                13.488678,46.783959,0
                13.490442,46.783243,0
                13.495598,46.784016,0
                13.499487,46.780954,0
                13.500123,46.789529,0
                13.497914,46.792361,0
                13.501126,46.799463,0
                13.499975,46.801639,0
                13.496366,46.80287,0
                13.496407,46.808195,0
                13.494216,46.810071,0
                13.492129,46.810139,0
                13.490351,46.813406,0
                13.496395,46.817417,0
                13.49613,46.822792,0
                13.492262,46.827546,0
                13.493008,46.831921,0
                13.49044,46.833112,0
                13.494281,46.833437,0
                13.497292,46.836981,0
                13.496863,46.839042,0
                13.500597,46.840318,0
                13.49923,46.843158,0
                13.503241,46.848414,0
                13.499977,46.851053,0
                13.501027,46.855389,0
                13.503733,46.856412,0
                13.501273,46.858741,0
                13.503629,46.859779,0
                13.504595,46.86336,0
                13.507065,46.864316,0
                13.506777,46.872429,0
                13.51397,46.87959,0
                13.515043,46.883706,0
                13.521041,46.8869,0
                13.519737,46.889612,0
                13.523791,46.890771,0
                13.531253,46.902124,0
                13.535489,46.903543,0
                13.543754,46.909344,0
                13.546747,46.908964,0
                13.547426,46.910348,0
                13.559429,46.914448,0
                13.563097,46.918159,0
                13.567728,46.918181,0
                13.571047,46.921255,0
                13.579732,46.922829,0
                13.586316,46.92897,0
                13.590815,46.92888,0
                13.591615,46.930614,0
                13.598923,46.932831,0
                13.606191,46.940485,0
                13.606994,46.944029,0
                13.610441,46.947509,0
                13.613081,46.957007,0
                13.619339,46.963987,0
                13.619806,46.968336,0
                13.621803,46.968777,0
                13.623556,46.978974,0
                13.621122,46.981036,0
                13.623048,46.984333,0
                13.618433,46.997324,0
                13.619135,47.000982,0
                13.617756,47.002744,0
                13.619627,47.004975,0
                13.617858,47.007618,0
                13.617972,47.011468,0
                13.613872,47.013777,0
                13.611237,47.019079,0
                13.604153,47.024119,0
                13.601645,47.028206,0
                13.605549,47.035077,0
                13.613594,47.041413,0
                13.617418,47.04659,0
                13.61309,47.063405,0
                13.622445,47.09221,0
                13.606155,47.091351,0
                13.606015,47.089349,0
                13.602088,47.088893,0
                13.603837,47.088875,0
                13.604599,47.087428,0
                13.600103,47.086646,0
                13.599647,47.084228,0
                13.596606,47.083381,0
                13.597083,47.081879,0
                13.594733,47.081094,0
                13.594085,47.082391,0
                13.591053,47.082218,0
                13.587926,47.079953,0
                13.586166,47.081426,0
                13.57929,47.07975,0
                13.577396,47.080787,0
                13.572949,47.080199,0
                13.563625,47.085368,0
                13.559166,47.085049,0
                13.553644,47.088124,0
                13.551546,47.08773,0
                13.544768,47.090528,0
                13.54269,47.089923,0
                13.536455,47.092564,0
                13.533834,47.09208,0
                13.526368,47.094317,0
                13.51992,47.093877,0
                13.514532,47.096328,0
                13.511399,47.095624,0
                13.501849,47.096723,0
                13.489056,47.102953,0
                13.476592,47.105718,0
                13.471965,47.107695,0
                13.471244,47.109654,0
                13.457017,47.112212,0
                13.453808,47.113781,0
                13.440427,47.113608,0
                13.438471,47.116171,0
                13.432096,47.117598,0
                13.419847,47.123511,0
                13.414762,47.127292,0
                13.408217,47.129496,0
                13.40583,47.131997,0
                13.398969,47.134051,0
                13.397553,47.136518,0
                13.39103,47.13881,0
                13.387082,47.14459,0
                13.376803,47.148821,0
                13.366654,47.144866,0
                13.35425,47.136737,0
                13.347185,47.137803,0
                13.335518,47.134784,0
                13.315952,47.139574,0
                13.31604,47.144313,0
                13.309739,47.147508,0
                13.295061,47.147151,0
                13.288779,47.145702,0
                13.278603,47.155982,0
                13.274604,47.163233,0
                13.267434,47.166228,0
                13.262745,47.166184,0
                13.243509,47.170924,0
                13.238982,47.174541,0
                13.229673,47.178479,0
                13.228204,47.180739,0
                13.224144,47.181047,0
                13.211193,47.191771,0
                13.209922,47.194905,0
                13.205333,47.198246,0
                13.203394,47.203167,0
                13.199726,47.206203,0
                13.199604,47.212336,0
                13.195462,47.226477,0
                13.198412,47.232064,0
                13.196253,47.238991,0
                13.199788,47.248215,0
                13.197252,47.252699,0
                13.198533,47.259933,0
                13.200429,47.263846,0
                13.209991,47.270621,0
                13.218499,47.283612,0
                13.212476,47.292722,0
                13.202229,47.298523,0
                13.199315,47.305378,0
                13.191355,47.309613,0
                13.18911,47.313111,0
                13.19213,47.31544,0
                13.188786,47.318757,0
                13.189428,47.320434,0
                13.181657,47.321976,0
                13.17941,47.320855,0
                13.174817,47.321161,0
                13.164042,47.323601,0
                13.160766,47.319745,0
                13.148171,47.319658,0
                13.142466,47.315721,0
                13.132952,47.316371,0
                13.128544,47.311343,0
                13.116565,47.309554,0
                13.107827,47.302805,0
                13.086736,47.299673,0
                13.074245,47.299069,0
                13.059815,47.296474,0
                13.051764,47.29701,0
                13.046652,47.298112,0
                13.041085,47.301219,0
                13.036716,47.301606,0
                13.035064,47.304313,0
                13.030167,47.306742,0
                13.022229,47.308047,0
                13.01375,47.305873,0
                13.008888,47.306532,0
                12.999371,47.301277,0
                12.995638,47.300882,0
                12.988067,47.296005,0
                12.981582,47.293989,0
                12.977365,47.294069,0
                12.974611,47.291786,0
                12.967635,47.289956,0
                12.959596,47.290024,0
                12.95168,47.292402,0
                12.946361,47.29233,0
                12.937229,47.291032,0
                12.933348,47.288531,0
                12.926285,47.2893,0
                12.924228,47.287413,0
                12.894412,47.288662,0
                12.884903,47.287554,0
                12.873046,47.283815,0
                12.858582,47.28313,0
                12.853302,47.283957,0
                12.845062,47.281862,0
                12.83801,47.284784,0
                12.82808,47.285811,0
                12.822526,47.287655,0
                12.816503,47.285319,0
                12.80385,47.283267,0
                12.782552,47.28216,0
                12.772871,47.283801,0
                12.76626,47.286995,0
                12.759855,47.288346,0
                12.748469,47.282662,0
                12.737001,47.279366,0
                12.7132,47.278202,0
                12.706844,47.278375,0
                12.696488,47.281354,0
                12.676559,47.284327,0
                12.664746,47.28186,0
                12.656606,47.285579,0
                12.650899,47.28475,0
                12.645565,47.280763,0
                12.630697,47.281927,0
                12.621874,47.279097,0
                12.61351,47.280519,0
                12.593825,47.280083,0
                12.585935,47.281307,0
                12.570417,47.279701,0
                12.511171,47.284271,0
                12.493854,47.282592,0
                12.474551,47.283945,0
                12.454804,47.283536,0
                12.44327,47.279002,0
                12.417273,47.27817,0
                12.397416,47.278817,0
                12.371838,47.272093,0
                12.357407,47.273245,0
                12.34643,47.268108,0
                12.334703,47.265792,0
                12.329301,47.260128,0
                12.323844,47.257282,0
                12.315527,47.256681,0
                12.301415,47.252835,0
                12.287766,47.251961,0
                12.269105,47.241961,0
                12.262638,47.241818,0
                12.252646,47.244249,0
                12.248337,47.243131,0
                12.227915,47.243455,0
                12.225294,47.244322,0
                12.218297,47.241911,0
                12.21148,47.24175,0
                12.198628,47.236759,0
                12.188607,47.239017,0
                12.181473,47.24261,0
                12.177929,47.242063,0
                12.170271,47.244763,0
                12.166007,47.244435,0
                12.164832,47.246271,0
                12.15767,47.247804,0
                12.15575,47.246824,0
                12.153942,47.248481,0
                12.149237,47.247654,0
                12.138423,47.249401,0
                12.130425,47.245289,0
                12.112258,47.240353,0
                12.110883,47.240929,0
                12.100658,47.23737,0
                12.095634,47.238016,0
                12.079444,47.236322,0
                12.070747,47.238179,0
                12.064022,47.237895,0
                12.055862,47.234821,0
                12.047396,47.227525,0
                12.039887,47.225483,0
                12.032692,47.225004,0
                12.03134,47.22232,0
                12.01984,47.21858,0
                12.016944,47.215998,0
                12.006889,47.213104,0
                12.005295,47.211019,0
                11.984696,47.209966,0
                11.976053,47.207764,0
                11.966036,47.210712,0
                11.953906,47.211821,0
                11.94561,47.215403,0
                11.937939,47.215286,0
                11.922907,47.218758,0
                11.919465,47.21787,0
                11.910617,47.221041,0
                11.907335,47.220939,0
                11.905253,47.222788,0
                11.887677,47.226327,0
                11.892826,47.228253,0
                11.895496,47.231629,0
                11.897747,47.241822,0
                11.8898,47.239877,0
                11.877081,47.23271,0
                11.876067,47.226185,0
                11.869415,47.219042,0
                11.868717,47.202605,0
                11.871021,47.198126,0
                11.866751,47.190994,0
                11.862241,47.172414,0
                11.85473,47.164803,0
                11.840931,47.159718,0
                11.838291,47.156756,0
                11.811244,47.148942,0
                11.796488,47.148806,0
                11.775399,47.152147,0
                11.77301,47.154388,0
                11.761896,47.159178,0
                11.747938,47.16109,0
                11.739261,47.160503,0
                11.726195,47.153773,0
                11.721516,47.149775,0
                11.71802,47.140787,0
                11.713711,47.137729,0
                11.709476,47.137538,0
                11.704062,47.134335,0
                11.703906,47.131445,0
                11.700277,47.126817,0
                11.695353,47.124091,0
                11.691161,47.119234,0
                11.683925,47.115301,0
                11.676123,47.107523,0
                11.67381,47.107673,0
                11.672549,47.109684,0
                11.669061,47.111162,0
                11.657986,47.110814,0
                11.654587,47.112827,0
                11.651709,47.113105,0
                11.645359653967,47.111231067946,0
                11.644316,47.110923,0
                11.64226,47.109444,0
                11.641438,47.105652,0
                11.6423650766115,47.103984744998,0
                11.644928,47.099375,0
                11.645544,47.095224,0
                11.644225,47.094353,0
                11.6384689166326,47.0945536881782,0
                11.636479,47.094623,0
                11.626695,47.092054,0
                11.623791,47.093344,0
                11.616461,47.101136,0
                11.605174,47.105695,0
                11.600223,47.104394,0
                11.594587,47.100736,0
                11.57968,47.086679,0
                11.56858,47.083009,0
                11.564386,47.079158,0
                11.558142,47.076962,0
                11.554583,47.073174,0
                11.549824,47.071967,0
                11.545557,47.072674,0
                11.540503,47.070693,0
                11.522556,47.068369,0
                11.517937,47.068547,0
                11.50877,47.06448,0
                11.498089,47.062304,0
                11.487461,47.06394,0
                11.485767,47.060796,0
                11.48458,47.055358,0
                11.485871,47.051394,0
                11.481972,47.040368,0
                11.478543,47.037614,0
                11.490105,47.029384,0
                11.499908,47.025687,0
                11.508523,47.006685,0
                11.493661,46.984475,0
                11.489979,46.981402,0
                11.478441,46.976209,0
                11.46732,46.968058,0
                11.461826,46.959946,0
                11.44462,46.94086,0
                11.444375,46.937231,0
                11.441817,46.935181,0
                11.449194,46.931836,0
                11.449333,46.926489,0
                11.445826,46.924732,0
                11.44506,46.922676,0
                11.446468,46.921869,0
                11.444501,46.919982,0
                11.442725,46.913519,0
                11.439121,46.912725,0
                11.431276,46.905956,0
                11.431131,46.900487,0
                11.445114,46.891137,0
                11.452478,46.879594,0
                11.4725178042367,46.8725195478155,0
                11.477981,46.87059,0
                11.48586,46.86977,0
                11.489912,46.866326,0
                11.487719,46.865387,0
                11.487933,46.864265,0
                11.495497,46.86359,0
                11.496924,46.861093,0
                11.497999,46.863398,0
                11.500864,46.862815,0
                11.503725,46.859797,0
                11.506183,46.86228,0
                11.508736,46.861631,0
                11.507986,46.860021,0
                11.515098,46.853971,0
                11.514934,46.851216,0
                11.51708,46.848114,0
                11.523214,46.846736,0
                11.524955,46.84298,0
                11.52784,46.841314,0
                11.530575,46.83595,0
                11.5317717381965,46.8349273464281,0
                11.534481,46.832612,0
                11.535441,46.827572,0
                11.538291,46.8249,0
                11.536514,46.822725,0
                11.540793,46.814041,0
                11.546995,46.814849,0
                11.550354,46.812613,0
                11.557879,46.812028,0
                11.564681,46.808868,0
                11.570028,46.809033,0
                11.577063,46.80514,0
                11.585258,46.804161,0
                11.589627,46.8014,0
                11.593245,46.801496,0
                11.596573,46.798645,0
                11.606508,46.794007,0
                11.61698,46.783703,0
                11.62469,46.77948,0
                11.632284,46.777902,0
                11.633508,46.77441,0
                11.638286,46.774722,0
                11.647231,46.766052,0
                11.650969,46.764838,0
                11.651729,46.761758,0
                11.64209,46.754863,0
                11.641044,46.749663,0
                11.646231,46.744066,0
                11.648408,46.73537,0
                11.652912,46.733271,0
                11.653857,46.727794,0
                11.658372,46.720386,0
                11.660574,46.712553,0
                11.661912,46.715804,0
                11.664777,46.717438,0
                11.671813,46.717405,0
                11.672465,46.720355,0
                11.675884,46.724117,0
                11.675691,46.728817,0
                11.679374,46.734754,0
                11.679301,46.737336,0
                11.68895,46.745197,0
                11.689712,46.748275,0
                11.693896,46.750214,0
                11.693774,46.754477,0
                11.696677,46.759299,0
                11.701036,46.761194,0
                11.700537,46.763759,0
                11.697341,46.766043,0
                11.698421,46.769776,0
                11.69553,46.771931,0
                11.691002,46.772219,0
                11.686501,46.769437,0
                11.681372,46.771389,0
                11.678819,46.776443,0
                11.681435,46.778285,0
                11.670938,46.784295,0
                11.667621,46.7908,0
                11.671408,46.797474,0
                11.681059,46.805629,0
                11.685835,46.811971,0
                11.699957,46.815886,0
                11.706913,46.815937,0
                11.711754,46.81335,0
                11.723355,46.810909,0
                11.730415,46.814477,0
                11.733801,46.814874,0
                11.739402,46.81434,0
                11.746877,46.810294,0
                11.761795,46.808816,0
                11.773816,46.809565,0
                11.781689,46.811722,0
                11.802151,46.810566,0
                11.811246,46.805459,0
                11.817934,46.807574,0
                11.826241,46.805747,0
                11.830535,46.807489,0
                11.843611,46.802525,0
                11.847368,46.798202,0
                11.856187,46.794547,0
                11.860775,46.788771,0
                11.870026,46.785566,0
                11.872689,46.786286,0
                11.873164,46.789155,0
                11.875389,46.79049,0
                11.878809,46.790336,0
                11.883033,46.788286,0
                11.885497,46.788621,0
                11.888114,46.785255,0
                11.890803,46.784416,0
                11.903042,46.784699,0
                11.919424,46.789373,0
                11.924041,46.794003,0
                11.928909,46.795307,0
                11.931301,46.797472,0
                11.937293,46.798372,0
                11.940264,46.795792,0
                11.944166,46.795235,0
                11.94983,46.791567,0
                11.951447,46.786937,0
                11.954807,46.784513,0
                11.956475,46.784958,0
                11.960603,46.782979,0
                11.966687,46.784423,0
                11.966473,46.786215,0
                11.968394,46.785714,0
                11.972775,46.788664,0
                11.982207,46.789606,0
                12.000754,46.785403,0
                12.002389,46.78325,0
                12.011999,46.780628,0
                12.013341,46.779418,0
                12.012541,46.775763,0
                12.014784,46.773499,0
                12.022475,46.772308,0
                12.025361,46.773771,0
                12.041284,46.768681,0
                12.042059,46.765854,0
                12.045851,46.764848,0
                12.046509,46.760992,0
                12.050144,46.761432,0
                12.051464,46.760145,0
                12.05363,46.760795,0
                12.06432,46.759326,0
                12.070014,46.76226,0
                12.074881,46.760699,0
                12.082686,46.762148,0
                12.084857,46.760178,0
                12.097717,46.760101,0
                12.099798,46.756426,0
                12.11778,46.750206,0
                12.124185,46.745149,0
                12.128605,46.745407,0
                12.150839,46.74009,0
                12.19416,46.735774,0
                12.201276,46.7309,0
                12.206698,46.730267,0
                12.216668,46.726583,0
                12.229406,46.724653,0
                12.25792,46.726747,0
                12.264269,46.729405,0
                12.27123,46.730186,0
                12.277462,46.733928,0
                12.282294,46.7352,0
                12.284596,46.735319,0
                12.302051,46.729101,0
                12.318784,46.727968,0
                12.32464,46.731135,0
                12.348057,46.735272,0
                12.354015,46.73756,0
                12.381638,46.743484,0
                12.393085,46.744319,0
                12.399486,46.743272,0
                12.431191,46.747606,0
                12.44225,46.745922,0
                12.465614,46.747856,0
                12.483857,46.74532,0
                12.505847,46.747892,0
                12.517886,46.752777,0
                12.528045,46.754395,0
                12.532523,46.754009,0
                12.5515022486804,46.757955637447,0
                12.552524,46.758168,0
              </coordinates>
            </LinearRing>
          </outerBoundaryIs>
        </Polygon>
      </Placemark>
      <Placemark>
        <name>18</name>
        <description><![CDATA[SOIUSA SUBDIVISIONS 36 SECTIONS<br> Number = 18<br> Code = SZ.18<br> Name = Östliche Tauern Alpen<br> Perimeter = 383.93 km<br> Enclosed_Area = 4448.8 sq km<br> Island_Area = <br> Capleymar-Homoalpinus = https://www.homoalpinus.com/alpes/subdivisions/soiusa/<br> Created_By = Capleymar]]></description>
        <styleUrl>#poly-80FF80-1000-153</styleUrl>
        <Polygon>
          <outerBoundaryIs>
            <LinearRing>
              <tessellate>1</tessellate>
              <coordinates>
                13.181657,47.321974,0
                13.189428,47.320434,0
                13.188786,47.318757,0
                13.1896518867081,47.3178981538896,0
                13.19213,47.31544,0
                13.18911,47.313111,0
                13.191355,47.309613,0
                13.199315,47.305378,0
                13.202229,47.298523,0
                13.212476,47.292722,0
                13.218499,47.283612,0
                13.209991,47.270621,0
                13.200429,47.263846,0
                13.198533,47.259933,0
                13.197252,47.252699,0
                13.199788,47.248215,0
                13.196253,47.238991,0
                13.198412,47.232064,0
                13.195462,47.226477,0
                13.199604,47.212336,0
                13.199726,47.206203,0
                13.203394,47.203167,0
                13.205333,47.198246,0
                13.209922,47.194905,0
                13.211193,47.191771,0
                13.224144,47.181047,0
                13.228204,47.180739,0
                13.229673,47.178479,0
                13.238982,47.174541,0
                13.243509,47.170924,0
                13.262745,47.166184,0
                13.267434,47.166228,0
                13.274604,47.163233,0
                13.278603,47.155982,0
                13.288779,47.145702,0
                13.295061,47.147151,0
                13.309739,47.147508,0
                13.31604,47.144313,0
                13.315952,47.139574,0
                13.3236978327512,47.1376782254365,0
                13.335518,47.134784,0
                13.347185,47.137803,0
                13.35425,47.136737,0
                13.366654,47.144866,0
                13.376803,47.148821,0
                13.387082,47.14459,0
                13.39103,47.13881,0
                13.397553,47.136518,0
                13.398969,47.134051,0
                13.40583,47.131997,0
                13.408217,47.129496,0
                13.414762,47.127292,0
                13.419847,47.123511,0
                13.432096,47.117598,0
                13.438471,47.116171,0
                13.440427,47.113608,0
                13.453808,47.113781,0
                13.457017,47.112212,0
                13.471244,47.109654,0
                13.471965,47.107695,0
                13.476592,47.105718,0
                13.489056,47.102953,0
                13.501849,47.096723,0
                13.511399,47.095624,0
                13.514532,47.096328,0
                13.51992,47.093877,0
                13.526368,47.094317,0
                13.533834,47.09208,0
                13.536455,47.092564,0
                13.54269,47.089923,0
                13.544768,47.090528,0
                13.551546,47.08773,0
                13.553644,47.088124,0
                13.559166,47.085049,0
                13.563625,47.085368,0
                13.572117,47.080389,0
                13.577396,47.080787,0
                13.57929,47.07975,0
                13.586166,47.081426,0
                13.587926,47.079953,0
                13.591053,47.082218,0
                13.596643,47.081583,0
                13.596606,47.083381,0
                13.599647,47.084228,0
                13.600103,47.086646,0
                13.604599,47.087428,0
                13.603837,47.088875,0
                13.602088,47.088893,0
                13.606015,47.089349,0
                13.606627,47.091464,0
                13.639068,47.093654,0
                13.645034,47.092266,0
                13.660801,47.09331,0
                13.68352,47.090012,0
                13.690367,47.087464,0
                13.703065,47.08999,0
                13.708015,47.089563,0
                13.713481,47.092137,0
                13.716047,47.096079,0
                13.723953,47.099615,0
                13.727052,47.104051,0
                13.735977,47.108781,0
                13.743055,47.109872,0
                13.74968,47.113387,0
                13.759389,47.115628,0
                13.765171,47.11981,0
                13.771504,47.120155,0
                13.780161,47.125857,0
                13.793434,47.127139,0
                13.803655,47.125559,0
                13.812043,47.121997,0
                13.816321,47.11374,0
                13.820943,47.096233,0
                13.819332,47.094501,0
                13.819965,47.091159,0
                13.812147,47.082944,0
                13.814083,47.080489,0
                13.813188,47.078159,0
                13.818334,47.077699,0
                13.824322,47.074535,0
                13.835478,47.076035,0
                13.849393,47.076117,0
                13.855178,47.073483,0
                13.860558,47.073759,0
                13.868255,47.071227,0
                13.874392,47.071782,0
                13.878826,47.068937,0
                13.882304,47.069536,0
                13.887791,47.067288,0
                13.89929,47.066662,0
                13.904332,47.067538,0
                13.911377,47.073018,0
                13.921915,47.075641,0
                13.923025,47.078808,0
                13.929805,47.079706,0
                13.933465,47.083764,0
                13.958366,47.086788,0
                13.966054,47.084872,0
                13.971335,47.084975,0
                13.987696,47.090207,0
                13.993427,47.089086,0
                13.996249,47.093762,0
                14.003627,47.093324,0
                14.009481,47.101622,0
                14.014215,47.102134,0
                14.017,47.108286,0
                14.01943,47.10894,0
                14.022132,47.107405,0
                14.030193,47.111663,0
                14.035914,47.110761,0
                14.046073,47.111688,0
                14.053454,47.108755,0
                14.062606,47.108873,0
                14.071091,47.104928,0
                14.073168,47.10572,0
                14.076783,47.104209,0
                14.083992,47.105535,0
                14.092823,47.103491,0
                14.100989,47.103086,0
                14.105682,47.101141,0
                14.105677,47.103482,0
                14.112599,47.105752,0
                14.123525,47.103925,0
                14.132433,47.107211,0
                14.140322,47.106152,0
                14.142544,47.111261,0
                14.151258,47.113846,0
                14.160686,47.113018,0
                14.164156,47.111756,0
                14.164472,47.109992,0
                14.181318,47.109546,0
                14.19883,47.105165,0
                14.2011,47.106054,0
                14.203289,47.110944,0
                14.211255,47.110983,0
                14.217959,47.113627,0
                14.222658,47.112586,0
                14.227345,47.119258,0
                14.226947,47.122677,0
                14.228398,47.124173,0
                14.233964,47.125844,0
                14.240673,47.125654,0
                14.2491,47.133274,0
                14.256152,47.134981,0
                14.263715,47.136203,0
                14.275679,47.134869,0
                14.283455,47.130997,0
                14.304452,47.136763,0
                14.326183,47.138884,0
                14.334197,47.134929,0
                14.345307,47.131718,0
                14.347424,47.131929,0
                14.350863,47.135035,0
                14.36452,47.137931,0
                14.369778,47.137922,0
                14.375938,47.13596,0
                14.383376,47.143641,0
                14.392172,47.146494,0
                14.397406,47.150679,0
                14.403645,47.152936,0
                14.403278,47.157024,0
                14.420246,47.157935,0
                14.42076,47.161437,0
                14.417596,47.164636,0
                14.423772,47.167973,0
                14.424125,47.169952,0
                14.421621,47.173328,0
                14.426754,47.177555,0
                14.429158,47.183711,0
                14.433163,47.185698,0
                14.436757,47.193099,0
                14.437391,47.19819,0
                14.448135,47.201724,0
                14.449052,47.203801,0
                14.452262,47.204761,0
                14.459239,47.211169,0
                14.470029,47.211384,0
                14.475507,47.213864,0
                14.482243,47.212469,0
                14.486376,47.208626,0
                14.492578,47.209165,0
                14.497324,47.212026,0
                14.51307,47.209886,0
                14.515935,47.207896,0
                14.517642,47.204144,0
                14.521327,47.20283,0
                14.529216,47.20981,0
                14.535142,47.208254,0
                14.542252,47.209718,0
                14.551597,47.20591,0
                14.559309,47.209335,0
                14.56714,47.206845,0
                14.567892,47.203267,0
                14.577608,47.202651,0
                14.582363,47.203933,0
                14.585976,47.199821,0
                14.585175,47.194542,0
                14.587133,47.192484,0
                14.59562,47.189197,0
                14.599531,47.190448,0
                14.602166,47.189459,0
                14.610352,47.182329,0
                14.617229,47.18411,0
                14.622111,47.180702,0
                14.622664,47.175614,0
                14.627593,47.177573,0
                14.631826,47.176247,0
                14.636772,47.177199,0
                14.650778,47.172619,0
                14.663889,47.172809,0
                14.669157,47.170015,0
                14.676748,47.171876,0
                14.676259,47.173144,0
                14.672112,47.174094,0
                14.670344,47.176403,0
                14.671743,47.180714,0
                14.68962,47.179527,0
                14.69358,47.177407,0
                14.702769,47.175979,0
                14.709952,47.178552,0
                14.711109,47.181103,0
                14.709416,47.184509,0
                14.712008,47.186359,0
                14.717788,47.183007,0
                14.722619,47.185143,0
                14.725349,47.184572,0
                14.725656,47.182969,0
                14.722272,47.180195,0
                14.723839,47.175116,0
                14.727128,47.172359,0
                14.732993,47.170711,0
                14.739795,47.174741,0
                14.739463,47.181538,0
                14.750337,47.183127,0
                14.754743,47.186531,0
                14.759963,47.186436,0
                14.7668,47.183099,0
                14.769689,47.182858,0
                14.7767,47.19062,0
                14.779401,47.190571,0
                14.782569,47.186697,0
                14.785817,47.186238,0
                14.78895,47.18779,0
                14.790651,47.191009,0
                14.801689,47.196552,0
                14.812174,47.19268,0
                14.819693,47.194754,0
                14.825358,47.198036,0
                14.844045,47.201022,0
                14.847021,47.203711,0
                14.846963,47.205459,0
                14.842129,47.211207,0
                14.842989,47.214745,0
                14.846627,47.21802,0
                14.842778,47.227428,0
                14.843455,47.230135,0
                14.840367,47.233913,0
                14.84146,47.237146,0
                14.845566,47.237409,0
                14.848941,47.235156,0
                14.851259,47.235138,0
                14.857255,47.240294,0
                14.864737,47.242814,0
                14.867129,47.247942,0
                14.871868,47.248802,0
                14.874592,47.251549,0
                14.885064,47.25437,0
                14.912209,47.252825,0
                14.913468,47.255644,0
                14.909788,47.261343,0
                14.911042,47.262308,0
                14.916276,47.261933,0
                14.917767,47.264009,0
                14.912448,47.265992,0
                14.913263,47.270889,0
                14.919719,47.278144,0
                14.93854,47.282193,0
                14.942418,47.284217,0
                14.944064,47.286121,0
                14.942925,47.299837,0
                14.949903,47.299219,0
                14.953437,47.302031,0
                14.954684,47.306477,0
                14.958206,47.310425,0
                14.954449,47.313369,0
                14.954911,47.315456,0
                14.957858,47.315414,0
                14.96225,47.3134,0
                14.964338,47.31384,0
                14.969959,47.321661,0
                14.977716,47.322896,0
                14.981467,47.330564,0
                14.98526,47.332724,0
                14.991446,47.332722,0
                14.997313,47.328642,0
                15.008671,47.33342,0
                15.018889,47.334551,0
                15.021429,47.333754,0
                15.020966,47.336118,0
                15.014105,47.339306,0
                15.013371,47.344258,0
                15.010025,47.348494,0
                15.008165,47.357104,0
                15.005047,47.362792,0
                14.993974,47.366169,0
                14.989663,47.369267,0
                14.983991,47.37094,0
                14.983807,47.37203,0
                14.974413,47.37293,0
                14.96257,47.376775,0
                14.958633,47.376373,0
                14.953907,47.378457,0
                14.947551,47.379319,0
                14.940502,47.387424,0
                14.936447,47.389957,0
                14.923277,47.390165,0
                14.920352,47.390923,0
                14.920693,47.392224,0
                14.919248,47.392648,0
                14.911289,47.38936,0
                14.908063,47.389687,0
                14.901533,47.387357,0
                14.89085,47.386538,0
                14.880268,47.389557,0
                14.878887,47.392035,0
                14.870733,47.393759,0
                14.869126,47.392617,0
                14.86267,47.395786,0
                14.85996,47.395033,0
                14.856278,47.395726,0
                14.854943,47.397218,0
                14.836569,47.394856,0
                14.832421,47.396278,0
                14.826709,47.395743,0
                14.816822,47.397235,0
                14.802563,47.401971,0
                14.797428,47.401162,0
                14.795327,47.402748,0
                14.790912,47.403143,0
                14.789226,47.40723,0
                14.779804,47.409922,0
                14.774992,47.415805,0
                14.766268,47.416969,0
                14.764163,47.418413,0
                14.754125,47.420572,0
                14.751419,47.423982,0
                14.746184,47.424346,0
                14.737993,47.422872,0
                14.734131,47.424329,0
                14.720035,47.425366,0
                14.710249,47.428749,0
                14.698835,47.435763,0
                14.689578,47.437416,0
                14.686039,47.442398,0
                14.676137,47.449497,0
                14.667298,47.44997,0
                14.664288,47.45331,0
                14.655091,47.456705,0
                14.647888,47.461665,0
                14.638366,47.46567,0
                14.636331,47.468017,0
                14.609837,47.469586,0
                14.608003,47.471682,0
                14.601031,47.473545,0
                14.595082,47.47198,0
                14.59167,47.472357,0
                14.584699,47.475241,0
                14.576489,47.47613,0
                14.56248,47.482467,0
                14.555355,47.481883,0
                14.540489,47.483847,0
                14.531391,47.483632,0
                14.525852,47.486029,0
                14.505492,47.489305,0
                14.489668,47.497442,0
                14.472154,47.4973,0
                14.467431,47.501154,0
                14.464958,47.505447,0
                14.455735,47.509035,0
                14.437346,47.51136,0
                14.430868,47.511146,0
                14.423699,47.51426,0
                14.368808,47.525478,0
                14.365801,47.527445,0
                14.354434,47.526712,0
                14.352173,47.52521,0
                14.344114,47.525648,0
                14.333842,47.526789,0
                14.327421,47.530279,0
                14.313623,47.532638,0
                14.308472,47.53589,0
                14.305874,47.548119,0
                14.330845,47.570916,0
                14.334415,47.571508,0
                14.336628,47.573347,0
                14.331277,47.574486,0
                14.326577,47.572315,0
                14.31917,47.572706,0
                14.31334,47.570556,0
                14.309593,47.565879,0
                14.292582,47.557903,0
                14.286012,47.561618,0
                14.283164,47.561823,0
                14.267168,47.554301,0
                14.247607,47.551849,0
                14.207112,47.555555,0
                14.180187,47.544935,0
                14.152423,47.545345,0
                14.144151,47.544311,0
                14.134927,47.539563,0
                14.12074,47.52911,0
                14.111359,47.525352,0
                14.104241,47.524137,0
                14.095442,47.526523,0
                14.092498,47.526113,0
                14.087059,47.515309,0
                14.079434,47.508476,0
                14.068657,47.506412,0
                14.061162,47.507375,0
                14.048389,47.505969,0
                14.033441,47.491194,0
                14.023334,47.48772,0
                14.015675,47.488448,0
                14.013095,47.48714,0
                14.001379,47.477282,0
                14.001103,47.470602,0
                13.981923,47.462538,0
                13.97922,47.458332,0
                13.965182,47.456118,0
                13.94815,47.448971,0
                13.944591,47.443714,0
                13.93714,47.443154,0
                13.93129,47.43748,0
                13.910678,47.428813,0
                13.908196,47.428577,0
                13.899857,47.431306,0
                13.890926,47.430691,0
                13.881197,47.425652,0
                13.875118,47.425728,0
                13.864443,47.419988,0
                13.854209,47.419512,0
                13.84494,47.42325,0
                13.83622,47.417198,0
                13.817501,47.421379,0
                13.804568,47.419309,0
                13.795096,47.419669,0
                13.788227,47.417212,0
                13.783434,47.418924,0
                13.776491,47.417793,0
                13.771171,47.418274,0
                13.759404,47.413758,0
                13.756546,47.411142,0
                13.739895,47.410635,0
                13.732035,47.408455,0
                13.726296,47.405286,0
                13.717487,47.404059,0
                13.714783,47.401868,0
                13.699534,47.396636,0
                13.695253,47.398264,0
                13.687706,47.397604,0
                13.682017,47.39168,0
                13.67499,47.392642,0
                13.660453,47.388922,0
                13.655426,47.389376,0
                13.650926,47.38773,0
                13.641176,47.38831,0
                13.638119,47.387379,0
                13.634067,47.389062,0
                13.622623,47.387553,0
                13.618036,47.388597,0
                13.61094,47.386331,0
                13.600658,47.387763,0
                13.591312,47.392362,0
                13.58244,47.399355,0
                13.577141,47.401462,0
                13.57118,47.401718,0
                13.549963,47.399997,0
                13.536501,47.396361,0
                13.520059,47.395062,0
                13.513035,47.392851,0
                13.505146,47.388024,0
                13.496701,47.385473,0
                13.482727,47.385905,0
                13.43897757826,47.3792233930349,0
                13.436582,47.378857,0
                13.430719,47.379764,0
                13.405117,47.390557,0
                13.399162,47.3891,0
                13.395869,47.385776,0
                13.391421,47.376844,0
                13.39319,47.373862,0
                13.385062,47.362231,0
                13.369515,47.361458,0
                13.353516,47.357926,0
                13.343899,47.359151,0
                13.338737,47.357023,0
                13.324685,47.354468,0
                13.317725,47.34977,0
                13.312077,47.347723,0
                13.301952,47.335411,0
                13.29442,47.333547,0
                13.292044,47.333747,0
                13.291577,47.335087,0
                13.286634,47.334666,0
                13.284332,47.336048,0
                13.265211,47.336084,0
                13.261008,47.333692,0
                13.243372,47.333776,0
                13.236032,47.330286,0
                13.229341,47.33008,0
                13.213246,47.335919,0
                13.207875,47.342027,0
                13.204879,47.341884,0
                13.19591,47.345117,0
                13.19338,47.340151,0
                13.198147,47.337118,0
                13.195593,47.33474,0
                13.190247,47.333476,0
                13.187967,47.328234,0
                13.182226,47.327712,0
                13.181657,47.321974,0
              </coordinates>
            </LinearRing>
          </outerBoundaryIs>
        </Polygon>
      </Placemark>
      <Placemark>
        <name>19</name>
        <description><![CDATA[SOIUSA SUBDIVISIONS 36 SECTIONS<br> Number = 19<br> Code = SZ.19<br> Name = Steirische-Kärntnerishe Alpen<br> Perimeter = 437.95 km<br> Enclosed_Area = 4695.6 sq km<br> Island_Area = 47.784 sq km<br> Capleymar-Homoalpinus = https://www.homoalpinus.com/alpes/subdivisions/soiusa/<br> Created_By = Capleymar]]></description>
        <styleUrl>#poly-80FF80-1000-153</styleUrl>
        <Polygon>
          <outerBoundaryIs>
            <LinearRing>
              <tessellate>1</tessellate>
              <coordinates>
                14.4217347032986,47.1669764933987,0
                14.417545,47.164296,0
                14.42076,47.161438,0
                14.420246,47.157936,0
                14.403278,47.157026,0
                14.403645,47.152938,0
                14.397406,47.150681,0
                14.392172,47.146495,0
                14.383376,47.143641,0
                14.375938,47.135961,0
                14.369778,47.137924,0
                14.36452,47.137933,0
                14.350863,47.135036,0
                14.347425,47.13193,0
                14.345307,47.131718,0
                14.334198,47.13493,0
                14.326183,47.138886,0
                14.304452,47.136763,0
                14.283455,47.130999,0
                14.275679,47.134871,0
                14.263715,47.136204,0
                14.256153,47.134982,0
                14.249101,47.133276,0
                14.240674,47.125656,0
                14.233965,47.125846,0
                14.228398,47.124174,0
                14.226948,47.122678,0
                14.227346,47.119259,0
                14.222659,47.112586,0
                14.21796,47.113627,0
                14.211256,47.110984,0
                14.203289,47.110946,0
                14.201101,47.106056,0
                14.198831,47.105167,0
                14.181319,47.109546,0
                14.164472,47.109993,0
                14.164157,47.111758,0
                14.164070986472,47.1117892751312,0
                14.160686,47.11302,0
                14.151259,47.113848,0
                14.142544,47.111262,0
                14.140322,47.106152,0
                14.132434,47.107212,0
                14.123526,47.103927,0
                14.1126,47.105754,0
                14.105677,47.103484,0
                14.105682,47.101142,0
                14.100989,47.103086,0
                14.092823,47.103492,0
                14.083992,47.105537,0
                14.076784,47.104211,0
                14.073168,47.105722,0
                14.071092,47.10493,0
                14.062607,47.108874,0
                14.053454,47.108756,0
                14.046074,47.111689,0
                14.035914,47.110763,0
                14.030194,47.111665,0
                14.022132,47.107406,0
                14.01943,47.108941,0
                14.017,47.108286,0
                14.014215,47.102135,0
                14.009481,47.101623,0
                14.003627,47.093326,0
                13.996249,47.093764,0
                13.993427,47.089088,0
                13.987696,47.090209,0
                13.971335,47.084975,0
                13.966055,47.084873,0
                13.958366,47.08679,0
                13.933465,47.083765,0
                13.929806,47.079707,0
                13.923026,47.078809,0
                13.921916,47.075643,0
                13.911378,47.07302,0
                13.904333,47.067539,0
                13.900227,47.066758,0
                13.887791,47.067289,0
                13.882304,47.069538,0
                13.878826,47.068939,0
                13.874393,47.071784,0
                13.868255,47.071228,0
                13.860558,47.07376,0
                13.855179,47.073484,0
                13.849393,47.076117,0
                13.835478,47.076037,0
                13.824323,47.074536,0
                13.818335,47.0777,0
                13.813189,47.078159,0
                13.814083,47.08049,0
                13.812147,47.082944,0
                13.819965,47.091161,0
                13.819332,47.094502,0
                13.820943,47.096235,0
                13.816322,47.113741,0
                13.812044,47.121997,0
                13.803655,47.12556,0
                13.793435,47.127141,0
                13.780161,47.125858,0
                13.771504,47.120156,0
                13.765172,47.119811,0
                13.759389,47.115629,0
                13.749681,47.113389,0
                13.743055,47.109873,0
                13.735977,47.108782,0
                13.727052,47.104051,0
                13.723953,47.099616,0
                13.716047,47.096081,0
                13.713481,47.092139,0
                13.708015,47.089564,0
                13.703065,47.089992,0
                13.690367,47.087464,0
                13.683519,47.090013,0
                13.661674,47.09329,0
                13.645034,47.092266,0
                13.639068,47.093655,0
                13.622445,47.092212,0
                13.61309,47.063406,0
                13.617418,47.046591,0
                13.613594,47.041414,0
                13.605549,47.035077,0
                13.601645,47.028206,0
                13.604153,47.02412,0
                13.611237,47.01908,0
                13.613872,47.013778,0
                13.617972,47.011469,0
                13.617858,47.007619,0
                13.619627,47.004977,0
                13.617756,47.002746,0
                13.619135,47.000984,0
                13.618433,46.997326,0
                13.623048,46.984335,0
                13.621122,46.981038,0
                13.623556,46.978976,0
                13.621803,46.968779,0
                13.619806,46.968338,0
                13.619339,46.963989,0
                13.613081,46.957008,0
                13.610441,46.94751,0
                13.606994,46.944029,0
                13.606191,46.940485,0
                13.598923,46.932832,0
                13.591615,46.930615,0
                13.590815,46.928881,0
                13.586316,46.928972,0
                13.579732,46.922831,0
                13.571047,46.921256,0
                13.567728,46.918181,0
                13.563097,46.91816,0
                13.559429,46.914449,0
                13.547426,46.91035,0
                13.546747,46.908965,0
                13.543754,46.909346,0
                13.535489,46.903545,0
                13.531253,46.902125,0
                13.523791,46.890771,0
                13.519738,46.889613,0
                13.521041,46.886901,0
                13.515043,46.883708,0
                13.51397,46.879592,0
                13.506777,46.872431,0
                13.507065,46.864318,0
                13.504595,46.863361,0
                13.503629,46.859781,0
                13.501273,46.858743,0
                13.503733,46.856414,0
                13.501027,46.855391,0
                13.499977,46.851055,0
                13.503241,46.848416,0
                13.49923,46.84316,0
                13.500597,46.84032,0
                13.496863,46.839044,0
                13.497292,46.836982,0
                13.494281,46.833438,0
                13.49044,46.833114,0
                13.493008,46.831923,0
                13.492262,46.827548,0
                13.49613,46.822794,0
                13.496395,46.817419,0
                13.490351,46.813407,0
                13.492129,46.81014,0
                13.494216,46.810072,0
                13.496407,46.808197,0
                13.496366,46.802872,0
                13.499975,46.80164,0
                13.501126,46.799465,0
                13.497914,46.792362,0
                13.500123,46.78953,0
                13.499487,46.780955,0
                13.501411,46.779792,0
                13.50906,46.779459,0
                13.52128,46.774461,0
                13.531677,46.774392,0
                13.540984,46.771219,0
                13.551431,46.770619,0
                13.555635,46.765724,0
                13.562242,46.761654,0
                13.56799,46.751597,0
                13.593552,46.742701,0
                13.608063,46.742459,0
                13.613962,46.736646,0
                13.620778,46.734312,0
                13.63614,46.722887,0
                13.650808,46.720107,0
                13.66317,46.713915,0
                13.681001,46.700818,0
                13.685711,46.694731,0
                13.689018,46.694366,0
                13.695516,46.696385,0
                13.699411,46.694749,0
                13.701712,46.688201,0
                13.697519,46.681331,0
                13.700511,46.6778,0
                13.709271,46.676539,0
                13.717633,46.672091,0
                13.729597,46.668631,0
                13.745466,46.667087,0
                13.748448,46.662441,0
                13.763574,46.661956,0
                13.765271,46.653595,0
                13.774841,46.649862,0
                13.77704,46.649641,0
                13.782544,46.652345,0
                13.789078,46.650673,0
                13.79546,46.650622,0
                13.80147,46.643468,0
                13.811061,46.638724,0
                13.826339,46.634439,0
                13.830427,46.632251,0
                13.834129,46.627307,0
                13.833957,46.620926,0
                13.836264,46.616865,0
                13.839482,46.615589,0
                13.846724,46.616244,0
                13.852593,46.61015,0
                13.85697,46.608013,0
                13.861047,46.608655,0
                13.868204,46.614684,0
                13.874308,46.616195,0
                13.879029,46.615339,0
                13.881926,46.617002,0
                13.880728,46.621101,0
                13.876324,46.625173,0
                13.876033,46.631769,0
                13.877085,46.633378,0
                13.880357,46.633558,0
                13.889002,46.644583,0
                13.894444,46.639812,0
                13.899033,46.628659,0
                13.910398,46.623625,0
                13.9197238132086,46.6243313498941,0
                13.9392,46.625804,0
                13.954201,46.628556,0
                13.961231,46.632489,0
                13.97252,46.633382,0
                13.977496,46.631057,0
                13.980674,46.625411,0
                13.990096,46.620758,0
                13.995616,46.619862,0
                14.010249,46.621537,0
                14.01328,46.625373,0
                14.026667,46.623129,0
                14.054654,46.624523,0
                14.063717,46.622806,0
                14.072706,46.622985,0
                14.089555,46.625912,0
                14.093977,46.628021,0
                14.101088,46.628545,0
                14.100678,46.62953,0
                14.107103,46.632418,0
                14.11084,46.632037,0
                14.130005,46.636718,0
                14.136306,46.636352,0
                14.138628,46.633795,0
                14.142349,46.633876,0
                14.143769,46.6285,0
                14.14606,46.628686,0
                14.144745,46.630139,0
                14.148105,46.633421,0
                14.15215,46.634349,0
                14.156341,46.633591,0
                14.159143,46.63104,0
                14.158757,46.629926,0
                14.156812,46.630132,0
                14.15801,46.628552,0
                14.160938,46.627434,0
                14.173127,46.626946,0
                14.177474,46.625112,0
                14.177725,46.623651,0
                14.171502,46.621484,0
                14.173067,46.619713,0
                14.177479,46.618739,0
                14.189198,46.619816,0
                14.19031,46.618985,0
                14.18916,46.617132,0
                14.190818,46.616084,0
                14.198796,46.617681,0
                14.201906,46.620275,0
                14.204587,46.619903,0
                14.204361,46.618711,0
                14.208031,46.61995,0
                14.210058,46.619185,0
                14.215132,46.619922,0
                14.223364,46.622993,0
                14.225674,46.625888,0
                14.231856,46.627159,0
                14.279607,46.625443,0
                14.292332,46.627619,0
                14.294264,46.630194,0
                14.293221,46.63307,0
                14.294271,46.638112,0
                14.288889,46.642873,0
                14.285013,46.650101,0
                14.280124,46.653616,0
                14.26261,46.656881,0
                14.25986,46.662265,0
                14.260445,46.666498,0
                14.26937,46.668238,0
                14.283603,46.666659,0
                14.297154,46.669139,0
                14.304377,46.671193,0
                14.319249,46.682825,0
                14.338448,46.688525,0
                14.345509,46.693663,0
                14.348168,46.699106,0
                14.360685,46.709979,0
                14.361324,46.716338,0
                14.364059,46.722369,0
                14.369423,46.727067,0
                14.376683,46.729724,0
                14.379586,46.733488,0
                14.383642,46.734978,0
                14.386287,46.740591,0
                14.383475,46.746558,0
                14.38772,46.751268,0
                14.388341,46.754818,0
                14.38476,46.760281,0
                14.379887,46.762746,0
                14.374881,46.763343,0
                14.365419,46.76139,0
                14.358104,46.758049,0
                14.35174,46.762735,0
                14.353517,46.76995,0
                14.349454,46.772214,0
                14.34874,46.774154,0
                14.345905,46.774221,0
                14.328882,46.780204,0
                14.325091,46.785891,0
                14.328851,46.789337,0
                14.337156,46.790706,0
                14.33984,46.792692,0
                14.351101,46.795992,0
                14.352106,46.801047,0
                14.360182,46.80953,0
                14.373072,46.813802,0
                14.383075,46.822011,0
                14.390847,46.824137,0
                14.398657,46.828919,0
                14.402439,46.833831,0
                14.404901,46.845779,0
                14.407679,46.849779,0
                14.427263,46.850969,0
                14.433859,46.855387,0
                14.43457,46.853353,0
                14.431653,46.848824,0
                14.430938,46.842438,0
                14.429344,46.841221,0
                14.425638,46.84099,0
                14.424719,46.837892,0
                14.428517,46.834051,0
                14.432706,46.834728,0
                14.44232,46.839891,0
                14.449455,46.83789,0
                14.452554,46.838001,0
                14.454684,46.839492,0
                14.457019,46.837566,0
                14.455672,46.829168,0
                14.453162,46.827613,0
                14.447927,46.829487,0
                14.444282,46.828474,0
                14.447737,46.823921,0
                14.444285,46.821902,0
                14.44331,46.814112,0
                14.451067,46.809336,0
                14.450012,46.807057,0
                14.454397,46.806595,0
                14.462569,46.809368,0
                14.46329,46.804381,0
                14.470708,46.803494,0
                14.467088,46.801028,0
                14.470343,46.799511,0
                14.470214,46.797867,0
                14.465598,46.793501,0
                14.466721,46.790071,0
                14.471754,46.7893,0
                14.474154,46.78705,0
                14.473928,46.785565,0
                14.469742,46.783136,0
                14.474553,46.78204,0
                14.475732,46.77828,0
                14.47052,46.771896,0
                14.476322,46.768562,0
                14.474274,46.766136,0
                14.46935,46.765506,0
                14.467424,46.763039,0
                14.473798,46.759801,0
                14.478591,46.760977,0
                14.481499,46.758985,0
                14.488716,46.761846,0
                14.493714,46.761197,0
                14.497327,46.753502,0
                14.504677,46.753463,0
                14.514022,46.745856,0
                14.528153,46.748278,0
                14.532048,46.747305,0
                14.533054,46.74442,0
                14.531541,46.740618,0
                14.532967,46.739711,0
                14.535326,46.740974,0
                14.532129,46.737816,0
                14.528944,46.736723,0
                14.531094,46.732159,0
                14.530379,46.727634,0
                14.537333,46.724701,0
                14.548598,46.72422,0
                14.561024,46.717074,0
                14.569513,46.700546,0
                14.578891,46.700301,0
                14.584945,46.702458,0
                14.595634,46.702507,0
                14.610459,46.699897,0
                14.631894,46.691716,0
                14.665741,46.696282,0
                14.699051,46.691313,0
                14.701868,46.692428,0
                14.704153,46.698531,0
                14.70989,46.702032,0
                14.729304,46.702772,0
                14.733005,46.706912,0
                14.741015,46.705151,0
                14.743818,46.703242,0
                14.743212,46.700938,0
                14.747479,46.696075,0
                14.755456,46.691038,0
                14.763161,46.689985,0
                14.768014,46.682932,0
                14.776357,46.678166,0
                14.775646,46.673407,0
                14.771736,46.667118,0
                14.772237,46.655502,0
                14.768295,46.649107,0
                14.768793,46.645457,0
                14.772221,46.643018,0
                14.771773,46.635034,0
                14.7751975414931,46.6334442009805,0
                14.77657,46.632807,0
                14.785996,46.632728,0
                14.799317,46.641272,0
                14.812671,46.646755,0
                14.818083,46.647536,0
                14.826225,46.645918,0
                14.836504,46.647918,0
                14.840274,46.653692,0
                14.841593,46.665719,0
                14.845234,46.668219,0
                14.854577,46.668059,0
                14.869819,46.660539,0
                14.874106,46.654028,0
                14.88269,46.64867,0
                14.887153,46.647721,0
                14.897358,46.652258,0
                14.903997,46.651836,0
                14.919855,46.654013,0
                14.936116,46.64482,0
                14.943915,46.638777,0
                14.94182,46.643529,0
                14.942592,46.645486,0
                14.949416,46.650086,0
                14.955136,46.65102,0
                14.956768,46.649527,0
                14.958179,46.651899,0
                14.957181,46.653893,0
                14.953361,46.654707,0
                14.95089,46.659133,0
                14.942574,46.664715,0
                14.934486,46.668146,0
                14.924075,46.675635,0
                14.91428,46.679164,0
                14.907083,46.68987,0
                14.907921,46.694027,0
                14.906493,46.696527,0
                14.893888,46.701139,0
                14.887279,46.700681,0
                14.880855,46.701957,0
                14.871717,46.707373,0
                14.869903,46.71232,0
                14.864905,46.715062,0
                14.859395,46.722758,0
                14.859872,46.724497,0
                14.854999,46.726453,0
                14.852512,46.729638,0
                14.852802,46.731763,0
                14.848565,46.736128,0
                14.843962,46.740472,0
                14.8345819752103,46.745590681234,0
                14.830976,46.747558,0
                14.829125,46.750291,0
                14.831138,46.759423,0
                14.827235,46.765811,0
                14.834616,46.774188,0
                14.836564,46.788983,0
                14.840802,46.798746,0
                14.842362,46.814146,0
                14.839724,46.820752,0
                14.840851,46.829346,0
                14.838748,46.832866,0
                14.845648,46.843009,0
                14.846323,46.849447,0
                14.854469,46.854914,0
                14.85578,46.857844,0
                14.862167,46.860258,0
                14.866474,46.864152,0
                14.869654,46.864394,0
                14.871394,46.866121,0
                14.875249,46.867076,0
                14.876492,46.872751,0
                14.866127,46.884512,0
                14.866567,46.888833,0
                14.870362,46.891965,0
                14.870177,46.894881,0
                14.859592,46.899776,0
                14.851404,46.900106,0
                14.84403,46.89831,0
                14.841725,46.903044,0
                14.844302,46.909671,0
                14.841839,46.91453,0
                14.843938,46.91714,0
                14.84204,46.919031,0
                14.842644,46.921159,0
                14.837062,46.920913,0
                14.833871,46.92374,0
                14.830351,46.930652,0
                14.819374,46.944209,0
                14.820543,46.946069,0
                14.80993,46.951627,0
                14.807344,46.951537,0
                14.805171,46.953453,0
                14.789427,46.958539,0
                14.786366,46.962103,0
                14.783399,46.970304,0
                14.778136,46.975555,0
                14.777097,46.983147,0
                14.768116,46.989741,0
                14.765968,46.989985,0
                14.765641,46.991521,0
                14.762927,46.992197,0
                14.761959,46.995494,0
                14.755227,46.999976,0
                14.747873,47.007993,0
                14.737501,47.014211,0
                14.73079,47.0149,0
                14.729002,47.016183,0
                14.723729,47.04019,0
                14.720319,47.043568,0
                14.712793,47.047426,0
                14.712187,47.05026,0
                14.693768,47.068095,0
                14.693142,47.07119,0
                14.695496,47.074951,0
                14.69453,47.077183,0
                14.683604,47.089143,0
                14.685117,47.094171,0
                14.694925,47.098963,0
                14.699382,47.103432,0
                14.703085,47.104249,0
                14.707195,47.113008,0
                14.719007,47.11839,0
                14.721473,47.120748,0
                14.723474,47.121079,0
                14.725525,47.119621,0
                14.73121,47.123641,0
                14.732401,47.122285,0
                14.737303,47.122804,0
                14.7370959607584,47.1260792189325,0
                14.736972,47.12804,0
                14.741082,47.130529,0
                14.738443,47.134048,0
                14.742768,47.139787,0
                14.74172,47.145824,0
                14.743125,47.147034,0
                14.740666,47.151274,0
                14.741802,47.155448,0
                14.739185,47.157439,0
                14.740958,47.158689,0
                14.739546,47.160686,0
                14.740106,47.163881,0
                14.750855,47.16512,0
                14.752276,47.167995,0
                14.749152,47.16849,0
                14.753762,47.170607,0
                14.753407,47.172789,0
                14.755919,47.174599,0
                14.754882,47.176468,0
                14.757664,47.179824,0
                14.767925,47.182833,0
                14.759964,47.186437,0
                14.756394,47.186762,0
                14.753521,47.186192,0
                14.750337,47.183127,0
                14.740558,47.182196,0
                14.738712,47.180319,0
                14.74067,47.177336,0
                14.739796,47.174743,0
                14.73232,47.170664,0
                14.727129,47.172361,0
                14.72384,47.175118,0
                14.722273,47.180196,0
                14.725657,47.182971,0
                14.72535,47.184574,0
                14.72262,47.185144,0
                14.717789,47.183008,0
                14.712009,47.186359,0
                14.709417,47.18451,0
                14.711109,47.181103,0
                14.709953,47.178552,0
                14.70277,47.17598,0
                14.693581,47.177409,0
                14.689621,47.179529,0
                14.671743,47.180714,0
                14.670345,47.176403,0
                14.672113,47.174094,0
                14.67626,47.173145,0
                14.676749,47.171876,0
                14.668534,47.169985,0
                14.66389,47.17281,0
                14.650779,47.172621,0
                14.636773,47.1772,0
                14.631826,47.176248,0
                14.627593,47.177573,0
                14.622665,47.175615,0
                14.622111,47.180703,0
                14.617229,47.184112,0
                14.610352,47.182331,0
                14.602166,47.189461,0
                14.599532,47.190449,0
                14.59562,47.189198,0
                14.587133,47.192484,0
                14.585175,47.194543,0
                14.585976,47.199822,0
                14.582363,47.203934,0
                14.577608,47.202652,0
                14.567892,47.203269,0
                14.56714,47.206847,0
                14.559309,47.209336,0
                14.551597,47.20591,0
                14.542252,47.209719,0
                14.535142,47.208256,0
                14.528358,47.20973,0
                14.521969,47.202796,0
                14.517642,47.204145,0
                14.515935,47.207897,0
                14.51307,47.209887,0
                14.497324,47.212027,0
                14.492578,47.209167,0
                14.486376,47.208628,0
                14.482243,47.212471,0
                14.475507,47.213865,0
                14.470029,47.211385,0
                14.459239,47.21117,0
                14.452262,47.204763,0
                14.449053,47.203803,0
                14.448135,47.201726,0
                14.437778,47.19849,0
                14.433163,47.185699,0
                14.429158,47.183712,0
                14.426754,47.177555,0
                14.421621,47.173328,0
                14.424035,47.168448,0
                14.4217347032986,47.1669764933987,0
              </coordinates>
            </LinearRing>
          </outerBoundaryIs>
        </Polygon>
      </Placemark>
      <Placemark>
        <name>20</name>
        <description><![CDATA[SOIUSA SUBDIVISIONS 36 SECTIONS<br> Number = 20<br> Code = SZ.20<br> Name = Steirisches Randgebirge<br> Perimeter = 766.42 km<br> Enclosed_Area = 6664.9 sq km<br> Island_Area = <br> Capleymar-Homoalpinus = https://www.homoalpinus.com/alpes/subdivisions/soiusa/<br> Created_By = Capleymar]]></description>
        <styleUrl>#poly-80FF80-1000-153</styleUrl>
        <Polygon>
          <outerBoundaryIs>
            <LinearRing>
              <tessellate>1</tessellate>
              <coordinates>
                16.4109976536343,47.5347574345246,0
                16.412028,47.536256,0
                16.416992,47.549666,0
                16.417227,47.553161,0
                16.412483,47.567068,0
                16.414453,47.576638,0
                16.412965,47.583897,0
                16.39235,47.59604,0
                16.387717,47.600964,0
                16.380147,47.605508,0
                16.375152,47.611968,0
                16.387673,47.61993,0
                16.395517,47.622176,0
                16.418843,47.624999,0
                16.436893,47.624933,0
                16.439074,47.62351,0
                16.445054,47.61233,0
                16.453808,47.602676,0
                16.46547,47.598826,0
                16.473069,47.592196,0
                16.477766,47.589889,0
                16.49709,47.589457,0
                16.505721,47.592345,0
                16.50703,47.595645,0
                16.510691,47.597663,0
                16.549333,47.604916,0
                16.562206,47.612974,0
                16.574143,47.618008,0
                16.582966,47.632454,0
                16.58516,47.64146,0
                16.583034,47.647762,0
                16.584234,47.655146,0
                16.589923,47.666774,0
                16.578392,47.671884,0
                16.563501,47.673764,0
                16.559216,47.675513,0
                16.541438,47.678453,0
                16.536514,47.682637,0
                16.526855,47.68673,0
                16.514644,47.688539,0
                16.510578,47.687644,0
                16.504102,47.683755,0
                16.488429,47.682008,0
                16.486364,47.683324,0
                16.484858,47.693805,0
                16.480159,47.697158,0
                16.449171,47.707371,0
                16.441567,47.707678,0
                16.438029,47.711453,0
                16.432402,47.713798,0
                16.42664,47.710791,0
                16.425734,47.706622,0
                16.42209,47.705296,0
                16.41571,47.70562,0
                16.412635,47.706919,0
                16.410029,47.710115,0
                16.405608,47.710976,0
                16.393248,47.709865,0
                16.387768,47.71205,0
                16.38227,47.720037,0
                16.375358,47.726759,0
                16.372815,47.731758,0
                16.370835,47.758492,0
                16.378761,47.780642,0
                16.37944,47.789698,0
                16.366007,47.801877,0
                16.360283,47.81243,0
                16.352284,47.817761,0
                16.342444,47.818696,0
                16.315689,47.804644,0
                16.311054,47.803333,0
                16.304016,47.79622,0
                16.296014,47.792357,0
                16.284314,47.788846,0
                16.27564,47.7808,0
                16.262877,47.757995,0
                16.25082,47.748318,0
                16.241079,47.741879,0
                16.229582,47.736398,0
                16.220784,47.728805,0
                16.213675,47.726998,0
                16.20876,47.721611,0
                16.20527,47.721218,0
                16.199193,47.722886,0
                16.18542,47.721062,0
                16.185421,47.715273,0
                16.179711,47.709421,0
                16.163724,47.708261,0
                16.146602,47.708724,0
                16.131869,47.711215,0
                16.107123,47.710885,0
                16.102544,47.711553,0
                16.09376,47.721099,0
                16.087384,47.724187,0
                16.06866,47.725812,0
                16.054152,47.724646,0
                16.047807,47.718399,0
                16.04334,47.716778,0
                16.042776,47.713017,0
                16.031448,47.709369,0
                16.01253,47.693268,0
                15.991602,47.68878,0
                15.980349,47.680405,0
                15.971343,47.67701,0
                15.957185,47.673779,0
                15.953583,47.674144,0
                15.948846,47.676952,0
                15.933029,47.675771,0
                15.931238,47.674778,0
                15.931362,47.672148,0
                15.933655,47.669889,0
                15.932046,47.667424,0
                15.926195,47.666193,0
                15.92396,47.663428,0
                15.915941,47.660117,0
                15.908131,47.659921,0
                15.902479,47.657943,0
                15.890065,47.659568,0
                15.883079,47.658057,0
                15.873631,47.659765,0
                15.868833,47.650695,0
                15.86407,47.64716,0
                15.857433,47.644926,0
                15.851575,47.639892,0
                15.842897,47.635341,0
                15.83766,47.633683,0
                15.830268,47.633211,0
                15.804283,47.62263,0
                15.8022677564968,47.6222911232509,0
                15.777108,47.618057,0
                15.771312,47.615045,0
                15.759898,47.613966,0
                15.753911,47.615894,0
                15.744616,47.613192,0
                15.73078,47.604753,0
                15.727746,47.599497,0
                15.716367,47.601648,0
                15.711189,47.605897,0
                15.700534,47.604404,0
                15.696579,47.606403,0
                15.690147,47.607583,0
                15.67441,47.606505,0
                15.664969,47.598787,0
                15.663693,47.594324,0
                15.661539,47.592424,0
                15.654199,47.589469,0
                15.652588,47.587093,0
                15.654389,47.583958,0
                15.646907,47.583309,0
                15.642619,47.579761,0
                15.631413,47.57468,0
                15.629998,47.572415,0
                15.621665,47.571569,0
                15.614336,47.567146,0
                15.609607,47.566166,0
                15.606869,47.563015,0
                15.607468,47.559502,0
                15.600171,47.55878,0
                15.597289,47.560889,0
                15.592454,47.559198,0
                15.589338,47.562532,0
                15.584193,47.562554,0
                15.577891,47.557616,0
                15.565648,47.555982,0
                15.565359,47.552177,0
                15.553834,47.544718,0
                15.550097,47.5451,0
                15.55065,47.547509,0
                15.54688,47.550516,0
                15.543004,47.549767,0
                15.536605,47.551721,0
                15.534225,47.548174,0
                15.526529,47.549588,0
                15.515235,47.539988,0
                15.514957,47.537533,0
                15.509912,47.53648,0
                15.505987,47.536975,0
                15.500921,47.535321,0
                15.497451,47.535783,0
                15.496179,47.532898,0
                15.492518,47.531934,0
                15.494665,47.528286,0
                15.492007,47.528216,0
                15.490402,47.526465,0
                15.478937,47.525556,0
                15.473797,47.526295,0
                15.470637,47.524821,0
                15.464344,47.524443,0
                15.465124,47.521771,0
                15.470871,47.516006,0
                15.470382,47.514376,0
                15.46529,47.512038,0
                15.460837,47.512699,0
                15.452956,47.511142,0
                15.451654,47.504432,0
                15.442592,47.49805,0
                15.43986,47.498743,0
                15.439236,47.501333,0
                15.436786,47.502257,0
                15.430431,47.499629,0
                15.421304,47.498757,0
                15.417905,47.493134,0
                15.413082,47.489769,0
                15.407145,47.489179,0
                15.397115,47.479851,0
                15.391892,47.481112,0
                15.390002,47.480547,0
                15.38897,47.475946,0
                15.378587,47.46917,0
                15.378419,47.466421,0
                15.360094,47.463326,0
                15.355033,47.465994,0
                15.349556,47.466333,0
                15.339292,47.463446,0
                15.3331,47.458775,0
                15.323431,47.459024,0
                15.322351,47.456782,0
                15.327501,47.453337,0
                15.327737,47.450226,0
                15.312974,47.447616,0
                15.308865,47.444242,0
                15.297589,47.445403,0
                15.294871,47.44184,0
                15.287278,47.440671,0
                15.28892,47.434161,0
                15.281742,47.437128,0
                15.273383,47.431842,0
                15.269233,47.430772,0
                15.269007,47.429248,0
                15.273191,47.427243,0
                15.274368,47.424571,0
                15.279839,47.42042,0
                15.280268,47.418418,0
                15.277923,47.414924,0
                15.273707,47.413241,0
                15.275539,47.409633,0
                15.254318,47.40565,0
                15.247832,47.402425,0
                15.241197,47.403467,0
                15.234823,47.399993,0
                15.231267,47.401347,0
                15.227986,47.405105,0
                15.213612,47.40752,0
                15.210642,47.412077,0
                15.206736,47.413246,0
                15.201393,47.411465,0
                15.193071,47.404942,0
                15.1881391765296,47.4031036570789,0
                15.186021,47.402314,0
                15.175564,47.403375,0
                15.155384,47.398148,0
                15.149972,47.400736,0
                15.148074,47.397399,0
                15.137892,47.392435,0
                15.126396,47.393635,0
                15.129074,47.3915,0
                15.128631,47.386664,0
                15.104976,47.388282,0
                15.103297,47.385332,0
                15.104677,47.380945,0
                15.102331,47.379474,0
                15.099694,47.379654,0
                15.096521,47.383146,0
                15.097909,47.387931,0
                15.093489,47.388154,0
                15.087192,47.381957,0
                15.093376,47.378331,0
                15.09758,47.367254,0
                15.096324,47.365975,0
                15.089983,47.365354,0
                15.088527,47.36412,0
                15.091331,47.359162,0
                15.090592,47.356978,0
                15.085688,47.356665,0
                15.081825,47.3578,0
                15.078011,47.357079,0
                15.072395,47.359849,0
                15.066574,47.355345,0
                15.061899,47.357948,0
                15.058324,47.357764,0
                15.052176,47.353868,0
                15.055035,47.345799,0
                15.053963,47.341758,0
                15.044551,47.336886,0
                15.040281,47.340479,0
                15.031089,47.340857,0
                15.033424,47.336081,0
                15.026758,47.332264,0
                15.018889,47.334551,0
                15.008671,47.33342,0
                14.997313,47.328642,0
                14.991446,47.332722,0
                14.983378,47.33209,0
                14.977716,47.322896,0
                14.969959,47.321661,0
                14.964338,47.31384,0
                14.96225,47.3134,0
                14.957858,47.315414,0
                14.954911,47.315456,0
                14.954449,47.313369,0
                14.958206,47.310425,0
                14.954684,47.306477,0
                14.953437,47.302031,0
                14.949903,47.299219,0
                14.942925,47.299837,0
                14.944064,47.286121,0
                14.942418,47.284217,0
                14.93854,47.282193,0
                14.922081,47.279054,0
                14.916663,47.27553,0
                14.91211,47.267507,0
                14.912448,47.265992,0
                14.917381,47.264555,0
                14.917634,47.263048,0
                14.916276,47.261933,0
                14.911042,47.262308,0
                14.909788,47.261343,0
                14.913468,47.255644,0
                14.912209,47.252825,0
                14.885064,47.25437,0
                14.874592,47.251549,0
                14.871868,47.248802,0
                14.867129,47.247942,0
                14.864737,47.242814,0
                14.857255,47.240294,0
                14.851259,47.235138,0
                14.848941,47.235156,0
                14.845566,47.237409,0
                14.84146,47.237146,0
                14.840367,47.233913,0
                14.843455,47.230135,0
                14.842778,47.227428,0
                14.846627,47.21802,0
                14.842989,47.214745,0
                14.842129,47.211207,0
                14.846963,47.205459,0
                14.847021,47.203711,0
                14.844045,47.201022,0
                14.825358,47.198036,0
                14.819693,47.194754,0
                14.812174,47.19268,0
                14.801689,47.196552,0
                14.790651,47.191009,0
                14.78895,47.18779,0
                14.785817,47.186238,0
                14.782569,47.186697,0
                14.779401,47.190571,0
                14.7767,47.19062,0
                14.772299,47.186691,0
                14.771023,47.183522,0
                14.757664,47.179823,0
                14.754882,47.176468,0
                14.75592,47.174599,0
                14.753407,47.172789,0
                14.753762,47.170607,0
                14.749152,47.168489,0
                14.752276,47.167995,0
                14.750951,47.165206,0
                14.740106,47.16388,0
                14.739546,47.160684,0
                14.740958,47.158687,0
                14.739185,47.157437,0
                14.741802,47.155447,0
                14.740666,47.151272,0
                14.743125,47.147033,0
                14.741721,47.145823,0
                14.742768,47.139786,0
                14.738443,47.134046,0
                14.741082,47.130527,0
                14.736972,47.128038,0
                14.7370958571161,47.1260792325258,0
                14.737303,47.122803,0
                14.732401,47.122283,0
                14.73121,47.12364,0
                14.725525,47.119619,0
                14.723474,47.121077,0
                14.721473,47.120746,0
                14.719007,47.118389,0
                14.707195,47.113007,0
                14.703085,47.104248,0
                14.699382,47.103431,0
                14.694925,47.098961,0
                14.686942,47.095482,0
                14.683838,47.092343,0
                14.684596,47.086919,0
                14.691857,47.081174,0
                14.695439,47.075133,0
                14.693142,47.071189,0
                14.693768,47.068093,0
                14.712187,47.05026,0
                14.712793,47.047426,0
                14.720319,47.043566,0
                14.723729,47.040188,0
                14.729003,47.016181,0
                14.73079,47.014898,0
                14.737501,47.014209,0
                14.747873,47.007992,0
                14.755227,46.999976,0
                14.761959,46.995493,0
                14.762927,46.992196,0
                14.765642,46.991519,0
                14.765968,46.989983,0
                14.768116,46.98974,0
                14.777097,46.983145,0
                14.778136,46.975553,0
                14.783399,46.970303,0
                14.786366,46.962102,0
                14.789427,46.958538,0
                14.805171,46.953452,0
                14.807344,46.951535,0
                14.80993,46.951625,0
                14.820544,46.946067,0
                14.819374,46.944207,0
                14.830351,46.930652,0
                14.833872,46.92374,0
                14.837062,46.920912,0
                14.842545,46.921308,0
                14.842041,46.91903,0
                14.843938,46.917139,0
                14.843432,46.91556,0
                14.8432552,46.9154239,0
                14.843255,46.915425,0
                14.843141,46.915443,0
                14.842264,46.915088,0
                14.84184,46.914529,0
                14.844303,46.90967,0
                14.841725,46.903043,0
                14.84403,46.898309,0
                14.851404,46.900105,0
                14.859592,46.899775,0
                14.870177,46.89488,0
                14.870362,46.891964,0
                14.866567,46.888832,0
                14.866127,46.884511,0
                14.876599,46.872535,0
                14.874571,46.866209,0
                14.871979,46.866377,0
                14.869654,46.864393,0
                14.865274,46.863492,0
                14.862168,46.860256,0
                14.85578,46.857842,0
                14.854469,46.854912,0
                14.846323,46.849446,0
                14.845647,46.843007,0
                14.838848,46.833146,0
                14.840952,46.828607,0
                14.839724,46.820751,0
                14.842362,46.814145,0
                14.840802,46.798745,0
                14.836564,46.788982,0
                14.834617,46.774187,0
                14.827236,46.76581,0
                14.831138,46.759422,0
                14.829459,46.749478,0
                14.83201,46.746818,0
                14.8345246849021,46.7454827285159,0
                14.843963,46.74047,0
                14.848566,46.736126,0
                14.852802,46.731762,0
                14.852513,46.729636,0
                14.854999,46.726452,0
                14.859872,46.724495,0
                14.859395,46.722757,0
                14.864905,46.715061,0
                14.869904,46.712319,0
                14.871717,46.707372,0
                14.880855,46.701956,0
                14.887279,46.70068,0
                14.893888,46.701137,0
                14.906493,46.696525,0
                14.907921,46.694026,0
                14.907083,46.689868,0
                14.914281,46.679163,0
                14.924075,46.675634,0
                14.934486,46.668145,0
                14.942574,46.664713,0
                14.95089,46.659132,0
                14.953362,46.654706,0
                14.957181,46.653893,0
                14.958179,46.651899,0
                14.956768,46.649527,0
                14.955136,46.651019,0
                14.949416,46.650085,0
                14.942592,46.645484,0
                14.94182,46.643527,0
                14.943915,46.638776,0
                14.967071,46.627851,0
                14.970273,46.624963,0
                14.973859,46.617132,0
                14.974788,46.608455,0
                14.980838,46.600101,0
                14.988563,46.596417,0
                15.006004,46.59457,0
                15.012336,46.590694,0
                15.013776,46.584398,0
                15.018736,46.58668,0
                15.027867,46.588337,0
                15.033063,46.592715,0
                15.04019,46.595953,0
                15.055398,46.599579,0
                15.06516,46.604798,0
                15.067894,46.605066,0
                15.075076,46.604899,0
                15.080727,46.602902,0
                15.087671,46.602476,0
                15.099349,46.605428,0
                15.110686,46.606291,0
                15.11942,46.6021,0
                15.123318,46.597254,0
                15.128635,46.594112,0
                15.142105,46.591756,0
                15.148375,46.591844,0
                15.158596,46.596465,0
                15.16839,46.604049,0
                15.170567,46.60964,0
                15.174519,46.611245,0
                15.179753,46.615792,0
                15.183238,46.616141,0
                15.190068,46.612758,0
                15.197895,46.603899,0
                15.205992,46.604344,0
                15.21863,46.597836,0
                15.226889,46.596426,0
                15.231235,46.597758,0
                15.240586,46.597731,0
                15.245689,46.600363,0
                15.251805,46.601017,0
                15.257428,46.597411,0
                15.266229,46.595314,0
                15.268299,46.589471,0
                15.271319,46.587627,0
                15.282947,46.587644,0
                15.291466,46.589663,0
                15.298783,46.588369,0
                15.304277,46.590993,0
                15.306697,46.596528,0
                15.311323,46.598189,0
                15.314107,46.596953,0
                15.315227,46.593319,0
                15.319381,46.589959,0
                15.324864,46.589255,0
                15.335992,46.593128,0
                15.345162,46.591125,0
                15.351586,46.586298,0
                15.354204,46.581987,0
                15.358892,46.580308,0
                15.363976,46.580282,0
                15.374356,46.585215,0
                15.383753,46.582996,0
                15.397425,46.582756,0
                15.402474,46.581106,0
                15.406413,46.575741,0
                15.420669,46.565597,0
                15.426159,46.563272,0
                15.435751,46.564997,0
                15.439829,46.567525,0
                15.438565,46.578713,0
                15.440799,46.581828,0
                15.444101,46.582358,0
                15.455202,46.573569,0
                15.45719,46.567498,0
                15.454927,46.550626,0
                15.450462,46.542384,0
                15.458712,46.534125,0
                15.471379,46.532752,0
                15.482811,46.533857,0
                15.488529,46.540916,0
                15.511983,46.54791,0
                15.523332,46.556356,0
                15.528529,46.55777,0
                15.569762,46.564504,0
                15.592621,46.565439,0
                15.603339,46.569065,0
                15.609858,46.566162,0
                15.618001,46.56434,0
                15.624987,46.569386,0
                15.631993,46.569105,0
                15.645677,46.566349,0
                15.657327,46.566646,0
                15.658751,46.56824,0
                15.65825,46.576825,0
                15.660499,46.579771,0
                15.66815,46.582315,0
                15.669692,46.583977,0
                15.667122,46.588716,0
                15.666871,46.593443,0
                15.655869,46.601723,0
                15.647662,46.602899,0
                15.645261,46.604428,0
                15.641093,46.610683,0
                15.642604,46.616574,0
                15.636048,46.61966,0
                15.63164,46.626408,0
                15.618036,46.636292,0
                15.597087,46.637825,0
                15.564335,46.646597,0
                15.554594,46.645109,0
                15.549988,46.648066,0
                15.541265,46.649993,0
                15.521887,46.650924,0
                15.519214,46.64918,0
                15.500135,46.644519,0
                15.491435,46.648005,0
                15.484284,46.657436,0
                15.478295,46.659958,0
                15.474237,46.663698,0
                15.429313,46.670476,0
                15.417794,46.669678,0
                15.411385,46.674659,0
                15.403817,46.675837,0
                15.399011,46.679542,0
                15.391269,46.690379,0
                15.390028,46.695783,0
                15.374548,46.694297,0
                15.370854,46.695437,0
                15.363206,46.695297,0
                15.359558,46.693109,0
                15.359343,46.689354,0
                15.348803,46.686983,0
                15.346249,46.687964,0
                15.343639,46.687388,0
                15.337912,46.689775,0
                15.334219,46.688741,0
                15.329403,46.683677,0
                15.32056,46.677651,0
                15.317743,46.670898,0
                15.317365,46.65865,0
                15.313786,46.65906,0
                15.308555,46.662055,0
                15.287344,46.664555,0
                15.280423,46.667286,0
                15.271562,46.662659,0
                15.255244,46.665752,0
                15.231513,46.658016,0
                15.225424,46.657165,0
                15.215168,46.659169,0
                15.21441,46.663282,0
                15.22449,46.676659,0
                15.225625,46.680261,0
                15.231409,46.684726,0
                15.235605,46.684376,0
                15.235728,46.686011,0
                15.238232,46.686499,0
                15.238105,46.688603,0
                15.245189,46.688993,0
                15.246062,46.693459,0
                15.243164,46.70028,0
                15.248155,46.704549,0
                15.254294,46.717147,0
                15.24889,46.722851,0
                15.238516,46.72201,0
                15.229127,46.728751,0
                15.232043,46.738258,0
                15.229285,46.746903,0
                15.226676,46.750189,0
                15.219137,46.75278,0
                15.207702,46.753164,0
                15.202806,46.756187,0
                15.203122,46.761494,0
                15.206678,46.762118,0
                15.211544,46.768806,0
                15.217809,46.770419,0
                15.221558,46.77301,0
                15.23396,46.775377,0
                15.235602,46.778424,0
                15.235788,46.788848,0
                15.235498,46.792811,0
                15.232464,46.795795,0
                15.217334,46.800933,0
                15.21488,46.803729,0
                15.209494,46.804473,0
                15.205461,46.807079,0
                15.205625,46.810824,0
                15.207838,46.81303,0
                15.221134,46.823839,0
                15.228026,46.825594,0
                15.215726,46.83856,0
                15.198833,46.853182,0
                15.190054,46.858363,0
                15.185775,46.865591,0
                15.179477,46.870275,0
                15.177734,46.874342,0
                15.179148,46.879325,0
                15.185756,46.886117,0
                15.200437,46.887231,0
                15.204021,46.889473,0
                15.205484,46.89233,0
                15.204088,46.894768,0
                15.200137,46.896778,0
                15.181719,46.901798,0
                15.176325,46.907439,0
                15.178399,46.909176,0
                15.19489,46.911858,0
                15.204439,46.916685,0
                15.21115,46.917897,0
                15.211663,46.918976,0
                15.209318,46.922002,0
                15.19962,46.924156,0
                15.188975,46.930765,0
                15.189237,46.945189,0
                15.198222,46.966505,0
                15.197038,46.968615,0
                15.193401,46.969828,0
                15.182028,46.970605,0
                15.167708,46.969506,0
                15.16263,46.970441,0
                15.154304,46.972601,0
                15.149075,46.976149,0
                15.141972,46.991689,0
                15.14225,47.002573,0
                15.139801,47.008093,0
                15.141284,47.009572,0
                15.145996,47.010487,0
                15.14804,47.013394,0
                15.154357,47.014558,0
                15.156114,47.018596,0
                15.163448,47.018352,0
                15.163278,47.022825,0
                15.159458,47.023519,0
                15.158362,47.026066,0
                15.155716,47.024787,0
                15.153969,47.025791,0
                15.150253,47.02541,0
                15.146454,47.027149,0
                15.143498,47.026071,0
                15.134563,47.026198,0
                15.129821,47.029688,0
                15.13046,47.030548,0
                15.128212,47.030953,0
                15.123299,47.029124,0
                15.113461,47.028691,0
                15.110938,47.033122,0
                15.104526,47.032568,0
                15.096137,47.025868,0
                15.093838,47.025812,0
                15.08994,47.030016,0
                15.08957,47.032852,0
                15.085338,47.034719,0
                15.079252,47.036522,0
                15.073309,47.034529,0
                15.066884,47.034098,0
                15.057004,47.043266,0
                15.046843,47.045494,0
                15.037905,47.051447,0
                15.039229,47.053376,0
                15.036034,47.059158,0
                15.04663,47.060271,0
                15.051194,47.063217,0
                15.063714,47.064526,0
                15.071648,47.06349,0
                15.073353,47.068668,0
                15.077531,47.06832,0
                15.081981,47.070322,0
                15.092952,47.06928,0
                15.100024,47.07241,0
                15.102427,47.07236,0
                15.108096,47.070399,0
                15.118561,47.069037,0
                15.121792,47.078493,0
                15.127726,47.08522,0
                15.123157,47.094428,0
                15.119175,47.097576,0
                15.120412,47.106821,0
                15.122565,47.109632,0
                15.133579,47.114463,0
                15.138795,47.115022,0
                15.14558,47.111033,0
                15.152337,47.109423,0
                15.159645,47.111143,0
                15.168592,47.108361,0
                15.183173,47.112418,0
                15.196566,47.10942,0
                15.205471,47.111383,0
                15.222976,47.111353,0
                15.22672,47.112387,0
                15.242798,47.107634,0
                15.253128,47.112928,0
                15.280273,47.102342,0
                15.287494,47.103232,0
                15.289963,47.102524,0
                15.29201,47.099095,0
                15.292007,47.093767,0
                15.297422,47.085723,0
                15.302254,47.081211,0
                15.310111,47.076884,0
                15.311453,47.073234,0
                15.324353,47.06768,0
                15.330569,47.06082,0
                15.329348,47.055664,0
                15.331903,47.051422,0
                15.338444,47.044982,0
                15.347892,47.039914,0
                15.355879,47.015912,0
                15.361174,47.008599,0
                15.374863,47.004924,0
                15.391621,47.006545,0
                15.394813,47.008094,0
                15.398449,47.014087,0
                15.39904,47.02273,0
                15.393124,47.029016,0
                15.393466,47.03329,0
                15.391261,47.036542,0
                15.384554,47.043329,0
                15.388698,47.051873,0
                15.386278,47.053256,0
                15.384145,47.063297,0
                15.391968,47.080185,0
                15.400953,47.080411,0
                15.402234,47.08191,0
                15.402222,47.086911,0
                15.395581,47.092247,0
                15.393363,47.100764,0
                15.394409,47.106053,0
                15.397005,47.107234,0
                15.401112,47.106604,0
                15.403739,47.111317,0
                15.407605,47.112863,0
                15.416079,47.114527,0
                15.423142,47.113737,0
                15.428523,47.115691,0
                15.43931,47.121586,0
                15.452282,47.132652,0
                15.461088,47.135659,0
                15.469811,47.136219,0
                15.475189,47.13885,0
                15.497823,47.143974,0
                15.509769,47.151512,0
                15.521167,47.162047,0
                15.522424,47.166789,0
                15.527469,47.170415,0
                15.533698,47.179266,0
                15.534111,47.183438,0
                15.546336,47.186151,0
                15.557343,47.183905,0
                15.565123,47.187451,0
                15.573356,47.188965,0
                15.579635,47.194315,0
                15.580662,47.203042,0
                15.588464,47.205263,0
                15.592189,47.213723,0
                15.602543,47.221443,0
                15.613249,47.223392,0
                15.619593,47.222249,0
                15.626124,47.225224,0
                15.635369,47.220946,0
                15.648053,47.223367,0
                15.670559,47.224982,0
                15.675868,47.226895,0
                15.683011,47.232437,0
                15.68521,47.2368,0
                15.691254,47.237229,0
                15.688718,47.244041,0
                15.693603,47.245942,0
                15.699117,47.254556,0
                15.702026,47.256389,0
                15.700176,47.261751,0
                15.701443,47.26423,0
                15.708385,47.264832,0
                15.72308,47.254355,0
                15.726275,47.247271,0
                15.732782,47.24402,0
                15.740056,47.242357,0
                15.7453,47.242993,0
                15.754371,47.242036,0
                15.758211,47.24067,0
                15.764569,47.244074,0
                15.769024,47.244154,0
                15.773043,47.242822,0
                15.776258,47.244225,0
                15.78205,47.242623,0
                15.785714,47.243883,0
                15.790545,47.238994,0
                15.808778,47.23806,0
                15.821611,47.234595,0
                15.835133,47.235055,0
                15.841767,47.231816,0
                15.852699,47.223596,0
                15.857599,47.221728,0
                15.863531,47.221954,0
                15.870867,47.220041,0
                15.87551,47.220816,0
                15.897119,47.21686,0
                15.899846,47.217883,0
                15.903714,47.222414,0
                15.901614,47.225781,0
                15.902269,47.230743,0
                15.899367,47.233542,0
                15.897059,47.242087,0
                15.892176,47.245354,0
                15.893122,47.256833,0
                15.885677,47.266002,0
                15.88682,47.27142,0
                15.893547,47.273564,0
                15.901356,47.267854,0
                15.906155,47.268605,0
                15.912536,47.26703,0
                15.937892,47.266051,0
                15.942697,47.269304,0
                15.945359,47.277128,0
                15.960605,47.279943,0
                15.975283,47.285822,0
                15.978961,47.292701,0
                15.978408,47.296082,0
                15.973007,47.301534,0
                15.970091,47.306964,0
                15.964879,47.310603,0
                15.965747,47.311915,0
                15.96396,47.316631,0
                15.966935,47.324646,0
                15.965367,47.327884,0
                15.966077,47.336788,0
                15.979362,47.351851,0
                15.980935,47.358433,0
                15.992066,47.359502,0
                16.003867,47.372033,0
                16.001515,47.381616,0
                15.996401,47.387845,0
                15.990788,47.390701,0
                15.987719,47.399936,0
                15.975344,47.403141,0
                15.97245,47.40708,0
                15.968939,47.406818,0
                15.964522,47.408702,0
                15.952152,47.420547,0
                15.93385,47.434072,0
                15.917903,47.436815,0
                15.915592,47.44701,0
                15.917809,47.448727,0
                15.942203,47.447694,0
                15.948622,47.445342,0
                15.962644,47.437177,0
                15.983785,47.43038,0
                16.00584,47.425112,0
                16.017713,47.424224,0
                16.038935,47.425283,0
                16.051149,47.431028,0
                16.05809,47.428775,0
                16.07079,47.431251,0
                16.079991,47.430906,0
                16.081103,47.429051,0
                16.083956,47.429665,0
                16.085298,47.426943,0
                16.091271,47.423145,0
                16.096065,47.417729,0
                16.101187,47.415679,0
                16.097764,47.410476,0
                16.101712,47.4003,0
                16.105598,47.396373,0
                16.105466,47.394134,0
                16.108739,47.391878,0
                16.109317,47.386175,0
                16.117855,47.382926,0
                16.11926,47.376874,0
                16.117357,47.372712,0
                16.119448,47.370115,0
                16.119542,47.364042,0
                16.121109,47.361974,0
                16.124605,47.362035,0
                16.126648,47.360601,0
                16.126826,47.355548,0
                16.130224,47.348315,0
                16.141172,47.337579,0
                16.141479,47.334384,0
                16.146285,47.331839,0
                16.150093,47.325632,0
                16.15984,47.317366,0
                16.16463,47.307208,0
                16.168429,47.304512,0
                16.187839,47.297467,0
                16.20396,47.294984,0
                16.216034,47.299426,0
                16.221295,47.300148,0
                16.245623,47.294456,0
                16.254965,47.296117,0
                16.269994,47.300816,0
                16.294657,47.310852,0
                16.30907,47.307434,0
                16.311688,47.30527,0
                16.331638,47.303892,0
                16.337257,47.304304,0
                16.342196,47.306874,0
                16.345239,47.305738,0
                16.354017,47.309961,0
                16.36413,47.309857,0
                16.367105,47.308675,0
                16.356574,47.300793,0
                16.359414,47.297464,0
                16.366084,47.297317,0
                16.377624,47.293635,0
                16.403973,47.293463,0
                16.419923,47.295639,0
                16.436508,47.302295,0
                16.471703,47.312898,0
                16.48923,47.325168,0
                16.498947,47.330161,0
                16.504953,47.331037,0
                16.515964,47.335726,0
                16.524589,47.345884,0
                16.531055,47.359061,0
                16.542401,47.373632,0
                16.543229,47.379118,0
                16.538079,47.389354,0
                16.536375,47.399104,0
                16.532366,47.40229,0
                16.521682,47.406043,0
                16.51184,47.406669,0
                16.490801,47.41246,0
                16.485605,47.412906,0
                16.476247,47.411221,0
                16.45759,47.413637,0
                16.436465,47.409372,0
                16.426912,47.409793,0
                16.421807,47.40689,0
                16.410097,47.413149,0
                16.402416,47.414458,0
                16.395697,47.414547,0
                16.388557,47.411202,0
                16.380291,47.40955,0
                16.373917,47.409626,0
                16.370194,47.411166,0
                16.365356,47.416374,0
                16.359611,47.420024,0
                16.351637,47.428212,0
                16.349068,47.433782,0
                16.34541,47.436118,0
                16.340022,47.445495,0
                16.340165,47.45288,0
                16.336154,47.45706,0
                16.335697,47.461707,0
                16.332048,47.464817,0
                16.329847,47.469947,0
                16.334553,47.47422,0
                16.341134,47.475675,0
                16.346802,47.4792,0
                16.351984,47.479819,0
                16.353077,47.49366,0
                16.364438,47.505979,0
                16.373234,47.511269,0
                16.396933,47.521905,0
                16.406019,47.527515,0
                16.4109976536343,47.5347574345246,0
              </coordinates>
            </LinearRing>
          </outerBoundaryIs>
          <innerBoundaryIs>
            <LinearRing>
              <tessellate>1</tessellate>
              <coordinates>
                14.843254,46.915423,0
                14.841888,46.914575,0
                14.843606,46.912952,0
                14.8432552,46.9154239,0
                14.843254,46.915423,0
              </coordinates>
            </LinearRing>
          </innerBoundaryIs>
        </Polygon>
      </Placemark>
      <Placemark>
        <name>21</name>
        <description><![CDATA[SOIUSA SUBDIVISIONS 36 SECTIONS<br> Number = 21<br> Code = SZ.21<br> Name = Tiroler Kalkalpen<br> Perimeter = 558.54 km<br> Enclosed_Area = 3900.9 sq km<br> Island_Area = <br> Capleymar-Homoalpinus = https://www.homoalpinus.com/alpes/subdivisions/soiusa/<br> Created_By = Capleymar]]></description>
        <styleUrl>#poly-71B8FF-1000-153</styleUrl>
        <Polygon>
          <outerBoundaryIs>
            <LinearRing>
              <tessellate>1</tessellate>
              <coordinates>
                11.950594,47.536929,0
                11.931726,47.535438,0
                11.923786,47.536111,0
                11.920667,47.534488,0
                11.915066,47.534381,0
                11.916716,47.535883,0
                11.916674,47.542208,0
                11.907705,47.549884,0
                11.897814,47.551582,0
                11.892773,47.556397,0
                11.889886,47.557466,0
                11.887776,47.561534,0
                11.885275,47.561169,0
                11.884249,47.564274,0
                11.885925,47.566389,0
                11.884899,47.56972,0
                11.881404,47.571726,0
                11.880631,47.578079,0
                11.872897,47.583201,0
                11.866026,47.584712,0
                11.861905,47.583576,0
                11.857752,47.584718,0
                11.844105,47.581204,0
                11.8415358494009,47.5815024199317,0
                11.840334,47.581642,0
                11.839842,47.580698,0
                11.826596,47.577837,0
                11.806951,47.579347,0
                11.800609,47.577657,0
                11.794644,47.577574,0
                11.790531,47.578922,0
                11.7714,47.576996,0
                11.766375,47.57441,0
                11.76227,47.563098,0
                11.754677,47.559855,0
                11.749579,47.553767,0
                11.743961,47.55139,0
                11.741075,47.552367,0
                11.73275,47.551332,0
                11.72768,47.552383,0
                11.72638,47.550618,0
                11.718779,47.546966,0
                11.709959,47.545107,0
                11.709109,47.543112,0
                11.706094,47.54382,0
                11.703185,47.542391,0
                11.701473,47.545201,0
                11.698232,47.545882,0
                11.691731,47.551239,0
                11.68217,47.555224,0
                11.678632,47.560669,0
                11.67052,47.56611,0
                11.668358,47.570758,0
                11.663998,47.569426,0
                11.644015,47.576005,0
                11.63951,47.575836,0
                11.637507,47.578393,0
                11.628136,47.581199,0
                11.623079,47.584145,0
                11.618187,47.584062,0
                11.616662,47.581526,0
                11.612381,47.579752,0
                11.601249,47.583764,0
                11.598175,47.58344,0
                11.596513,47.581296,0
                11.591554,47.582183,0
                11.585416,47.579878,0
                11.57513,47.584911,0
                11.555829,47.584401,0
                11.550595,47.586193,0
                11.547952,47.584187,0
                11.548491,47.580999,0
                11.546722,47.579216,0
                11.535462,47.577244,0
                11.528757,47.574341,0
                11.514663,47.57231,0
                11.507843,47.567156,0
                11.507933,47.562635,0
                11.506063,47.561282,0
                11.501693,47.560943,0
                11.495769,47.562642,0
                11.487287,47.560857,0
                11.476618,47.562875,0
                11.474711,47.561825,0
                11.471336,47.562606,0
                11.458414,47.562044,0
                11.453364,47.559402,0
                11.438768,47.560314,0
                11.429412,47.556376,0
                11.427754,47.553011,0
                11.418452,47.553343,0
                11.406296,47.549186,0
                11.389988,47.549187,0
                11.380032,47.546986,0
                11.378487,47.544089,0
                11.375912,47.542815,0
                11.367118,47.543138,0
                11.364926,47.541887,0
                11.361038,47.543446,0
                11.353057,47.54091,0
                11.350335,47.53831,0
                11.345356,47.539337,0
                11.339863,47.538295,0
                11.334542,47.536093,0
                11.332482,47.53111,0
                11.33025,47.530414,0
                11.322706,47.531095,0
                11.320307,47.528721,0
                11.317654,47.528585,0
                11.314972,47.529022,0
                11.313587,47.530768,0
                11.310026,47.531063,0
                11.300038,47.520444,0
                11.29601,47.518362,0
                11.289374,47.518108,0
                11.281195,47.51493,0
                11.274394,47.510269,0
                11.257159,47.494932,0
                11.249608,47.48615,0
                11.241788,47.482617,0
                11.230312,47.485227,0
                11.219611,47.489278,0
                11.203746,47.489526,0
                11.193861,47.487967,0
                11.166893,47.487363,0
                11.159769,47.484362,0
                11.148859,47.483505,0
                11.146427,47.481721,0
                11.13887,47.483222,0
                11.132842,47.482729,0
                11.12887,47.484792,0
                11.121313,47.483831,0
                11.118957,47.487583,0
                11.115793,47.489528,0
                11.103687,47.494886,0
                11.090674,47.497749,0
                11.088384,47.499719,0
                11.089274,47.497331,0
                11.087738,47.495829,0
                11.080506,47.492477,0
                11.066695,47.489822,0
                11.064908,47.488618,0
                11.066184,47.48576,0
                11.061549,47.481122,0
                11.057882,47.480161,0
                11.05354,47.481457,0
                11.051612,47.479001,0
                11.041281,47.483944,0
                11.034828,47.485044,0
                11.026574,47.48235,0
                10.997871,47.480642,0
                10.995429,47.481678,0
                10.988726,47.480904,0
                10.98624,47.483599,0
                10.97868,47.484408,0
                10.972336,47.480576,0
                10.963441,47.478711,0
                10.950877,47.47997,0
                10.944278,47.474897,0
                10.933954,47.471346,0
                10.931545,47.466789,0
                10.927682,47.466703,0
                10.923952,47.463829,0
                10.924864,47.462019,0
                10.922806,47.459188,0
                10.923937,47.45288,0
                10.921523,47.450216,0
                10.919062,47.450006,0
                10.917326,47.444818,0
                10.921817,47.438582,0
                10.917022,47.432131,0
                10.919723,47.423661,0
                10.914456,47.415884,0
                10.911816,47.407661,0
                10.90547,47.401362,0
                10.903897,47.401216,0
                10.887691,47.402037,0
                10.872822,47.40429,0
                10.853172,47.414722,0
                10.842893,47.417367,0
                10.827385,47.419126,0
                10.822351,47.422078,0
                10.803528,47.419243,0
                10.800597,47.417323,0
                10.798634,47.420091,0
                10.793577,47.421568,0
                10.787862,47.425518,0
                10.784734,47.425674,0
                10.779792,47.42832,0
                10.773502,47.428786,0
                10.768491,47.43218,0
                10.768286,47.43388,0
                10.763646,47.435568,0
                10.763126,47.441171,0
                10.758028,47.451403,0
                10.767462,47.458699,0
                10.788579,47.461218,0
                10.79191,47.463684,0
                10.79276,47.468492,0
                10.784395,47.473663,0
                10.776366,47.476027,0
                10.769789,47.481992,0
                10.761239,47.486677,0
                10.754724,47.48751,0
                10.755227,47.489874,0
                10.752352,47.490867,0
                10.750409,47.493367,0
                10.741985,47.495751,0
                10.735752,47.495894,0
                10.733519,47.504336,0
                10.730376,47.506994,0
                10.725129,47.506976,0
                10.721875,47.509572,0
                10.718766,47.508914,0
                10.711985,47.513055,0
                10.708089,47.483329,0
                10.705923,47.482719,0
                10.69713,47.473616,0
                10.671968,47.45653,0
                10.662924,47.445834,0
                10.659671,47.443658,0
                10.648379,47.441539,0
                10.628029,47.433843,0
                10.618825,47.431727,0
                10.609278,47.432734,0
                10.601969,47.430527,0
                10.591652,47.431428,0
                10.582721,47.426444,0
                10.579961,47.423378,0
                10.577414,47.406912,0
                10.559529,47.386537,0
                10.549776,47.379259,0
                10.552595,47.36985,0
                10.551298,47.36495,0
                10.54734,47.360437,0
                10.546392,47.35393,0
                10.542153,47.350721,0
                10.535784,47.340384,0
                10.534438,47.334503,0
                10.527337,47.331602,0
                10.51931,47.323985,0
                10.50836,47.320082,0
                10.504294,47.316567,0
                10.498187,47.31422,0
                10.493538,47.309739,0
                10.493375,47.306328,0
                10.481099,47.295703,0
                10.475592,47.295335,0
                10.464987,47.298042,0
                10.458285,47.296829,0
                10.448885,47.28903,0
                10.438254,47.284255,0
                10.433538,47.283761,0
                10.431311,47.280948,0
                10.421892,47.28196,0
                10.416116,47.280817,0
                10.412071,47.273053,0
                10.4046,47.271616,0
                10.393821,47.266596,0
                10.38376,47.26564,0
                10.374748,47.260597,0
                10.361378,47.257439,0
                10.339527,47.254044,0
                10.332666,47.256356,0
                10.323188,47.252807,0
                10.314026,47.245581,0
                10.30724,47.244325,0
                10.300121,47.245654,0
                10.288631,47.239971,0
                10.282851,47.241058,0
                10.281075,47.242555,0
                10.276572,47.242029,0
                10.269864,47.246731,0
                10.258587,47.249888,0
                10.250969,47.247683,0
                10.251992,47.246411,0
                10.24991,47.245129,0
                10.244527,47.244389,0
                10.235998,47.245198,0
                10.22928,47.24929,0
                10.224093,47.249364,0
                10.2222,47.253504,0
                10.218087,47.255274,0
                10.213615,47.255324,0
                10.205497,47.257554,0
                10.197192,47.257421,0
                10.192067,47.261126,0
                10.189478,47.260892,0
                10.187456,47.262131,0
                10.182352,47.261374,0
                10.180133,47.262897,0
                10.170495,47.264178,0
                10.163739,47.267778,0
                10.150582,47.266844,0
                10.147971,47.2685,0
                10.137964,47.269843,0
                10.137098,47.270793,0
                10.124391,47.267239,0
                10.114181,47.267283,0
                10.094561,47.257636,0
                10.089854,47.260214,0
                10.086145,47.259081,0
                10.0830864553584,47.2596763260831,0
                10.076865,47.260887,0
                10.065095,47.267235,0
                10.05975,47.279937,0
                10.053858,47.281397,0
                10.04437,47.287609,0
                10.046278,47.292519,0
                10.037937,47.30031,0
                10.038033,47.303569,0
                10.022589,47.305643,0
                9.990724,47.319793,0
                9.982476,47.322658,0
                9.97675,47.323304,0
                9.97583,47.325003,0
                9.965282,47.319999,0
                9.948782,47.30761,0
                9.947827,47.304032,0
                9.944512,47.302005,0
                9.945168,47.301275,0
                9.94326,47.301391,0
                9.941753,47.296196,0
                9.918827,47.28369,0
                9.912954,47.284357,0
                9.904658,47.281324,0
                9.906861,47.27854,0
                9.908732,47.263297,0
                9.917652,47.250612,0
                9.918106,47.245058,0
                9.913862,47.236898,0
                9.907795,47.237453,0
                9.896982,47.235276,0
                9.894239,47.233736,0
                9.890504,47.233919,0
                9.885403,47.22973,0
                9.880423,47.228995,0
                9.873873,47.225317,0
                9.864639,47.223793,0
                9.861453,47.221904,0
                9.842505,47.220488,0
                9.83787,47.217537,0
                9.832675,47.217793,0
                9.831248,47.215951,0
                9.824649,47.216037,0
                9.819244,47.213628,0
                9.81445,47.213685,0
                9.808478,47.211931,0
                9.797594,47.21165,0
                9.77929,47.199118,0
                9.762691,47.190052,0
                9.753019,47.181929,0
                9.735053,47.178358,0
                9.74097,47.176905,0
                9.77759,47.173596,0
                9.807061,47.158922,0
                9.809161,47.155032,0
                9.816165,47.152425,0
                9.831122,47.138013,0
                9.836886,47.134819,0
                9.85055,47.140054,0
                9.865088,47.143045,0
                9.871189,47.142148,0
                9.890853,47.14385,0
                9.906442,47.141923,0
                9.912697,47.142871,0
                9.919918,47.141776,0
                9.928721,47.13795,0
                9.94733,47.134927,0
                9.959775,47.130275,0
                9.962077,47.128333,0
                9.970096,47.128843,0
                9.978244,47.127601,0
                9.984419,47.124012,0
                9.990521,47.122405,0
                10.011626,47.125126,0
                10.023349,47.125489,0
                10.030655,47.127552,0
                10.035965120122,47.1272531333628,0
                10.040193,47.127015,0
                10.060551,47.128527,0
                10.06881,47.13059,0
                10.080144,47.130964,0
                10.086565,47.129841,0
                10.093049,47.130698,0
                10.102383,47.129194,0
                10.114126,47.131391,0
                10.121458,47.130616,0
                10.131845,47.134536,0
                10.138103,47.134304,0
                10.156123,47.137512,0
                10.178741,47.137105,0
                10.184467,47.138115,0
                10.196729,47.136687,0
                10.207929,47.132226,0
                10.215887,47.123117,0
                10.221061,47.11279,0
                10.22469,47.108812,0
                10.228571,47.108967,0
                10.239583,47.117188,0
                10.245909,47.119759,0
                10.254895,47.121152,0
                10.256822,47.123655,0
                10.264631,47.126034,0
                10.274117,47.13188,0
                10.275898,47.134816,0
                10.282494,47.135415,0
                10.282691,47.138469,0
                10.285498,47.138167,0
                10.297859,47.141279,0
                10.302874,47.140882,0
                10.305465,47.142064,0
                10.310615,47.141461,0
                10.31475,47.142987,0
                10.323598,47.142672,0
                10.332606,47.145659,0
                10.347168,47.145609,0
                10.360862,47.147983,0
                10.363969,47.150693,0
                10.380785,47.150212,0
                10.38385,47.151293,0
                10.388062,47.149459,0
                10.395348,47.150029,0
                10.405953,47.148255,0
                10.410056,47.144848,0
                10.412878,47.145009,0
                10.414284,47.143908,0
                10.418202,47.139775,0
                10.418482,47.136777,0
                10.428805,47.131028,0
                10.449138,47.127788,0
                10.451256,47.128331,0
                10.460794,47.12603,0
                10.462615,47.123905,0
                10.474299,47.121001,0
                10.478984,47.118417,0
                10.489789,47.117206,0
                10.49577,47.12058,0
                10.499024,47.128097,0
                10.506733,47.130389,0
                10.51159,47.134377,0
                10.515799,47.133193,0
                10.520353,47.135296,0
                10.529143,47.136199,0
                10.541677,47.140813,0
                10.555459,47.140978,0
                10.578337,47.149192,0
                10.580602,47.150592,0
                10.580316,47.152845,0
                10.572318,47.15423,0
                10.572059,47.155646,0
                10.590437,47.163679,0
                10.594605,47.168655,0
                10.603419,47.170949,0
                10.60889,47.174823,0
                10.613311,47.175953,0
                10.620236,47.182241,0
                10.640617,47.186191,0
                10.644369,47.188779,0
                10.649683,47.197017,0
                10.658376,47.199381,0
                10.664712,47.202573,0
                10.66902,47.20367,0
                10.677868,47.202635,0
                10.684601,47.203326,0
                10.689752,47.206564,0
                10.69887,47.209778,0
                10.706804,47.215193,0
                10.750493,47.216551,0
                10.761489,47.220088,0
                10.787458,47.211296,0
                10.795442,47.210775,0
                10.803489,47.212267,0
                10.808253,47.211955,0
                10.816553,47.216663,0
                10.817463,47.220013,0
                10.82078,47.223164,0
                10.821581,47.227437,0
                10.827517,47.225945,0
                10.835552,47.228283,0
                10.836153,47.230437,0
                10.841119,47.234778,0
                10.845927,47.235215,0
                10.857248,47.241424,0
                10.856969,47.246415,0
                10.86151,47.248519,0
                10.860237,47.250578,0
                10.864621,47.251807,0
                10.874436,47.258584,0
                10.880545,47.260176,0
                10.889052,47.260239,0
                10.895639,47.263836,0
                10.903478,47.264187,0
                10.910225,47.266754,0
                10.916687,47.267585,0
                10.923135,47.272347,0
                10.93444,47.271898,0
                10.94251,47.274447,0
                10.948041,47.273124,0
                10.954581,47.273716,0
                10.960042,47.279404,0
                10.966287,47.280265,0
                10.978337,47.285048,0
                11.015456,47.291362,0
                11.025957,47.294458,0
                11.045572,47.297685,0
                11.060122,47.298335,0
                11.071501,47.301276,0
                11.080811,47.301935,0
                11.097048,47.307811,0
                11.110218,47.310898,0
                11.115225,47.310267,0
                11.119026,47.308134,0
                11.123959,47.299976,0
                11.163243,47.283946,0
                11.167273,47.283269,0
                11.182633,47.285346,0
                11.189276,47.28315,0
                11.192741,47.280321,0
                11.206717,47.280159,0
                11.215917,47.276619,0
                11.227597,47.274623,0
                11.234313,47.270686,0
                11.238451,47.264404,0
                11.243678,47.262461,0
                11.250614,47.262805,0
                11.262276,47.266971,0
                11.269467,47.265621,0
                11.282198,47.266177,0
                11.291226,47.263638,0
                11.319832,47.265304,0
                11.323215,47.264387,0
                11.329682,47.257496,0
                11.340397,47.252651,0
                11.356935,47.255124,0
                11.368019,47.253028,0
                11.37192,47.253496,0
                11.383528,47.264454,0
                11.391536,47.268874,0
                11.399266,47.277966,0
                11.405386,47.280284,0
                11.421831,47.277413,0
                11.45049,47.267144,0
                11.481692,47.272694,0
                11.497053,47.272667,0
                11.508755,47.276874,0
                11.517397,47.276491,0
                11.530207,47.278186,0
                11.551402,47.283035,0
                11.558336,47.288209,0
                11.565922,47.296504,0
                11.570821,47.298994,0
                11.58342,47.301414,0
                11.601313,47.300283,0
                11.615838,47.30772,0
                11.628428,47.309773,0
                11.642366,47.316655,0
                11.658211,47.320882,0
                11.675627,47.321845,0
                11.686495,47.326724,0
                11.693279,47.327632,0
                11.705381,47.339853,0
                11.706466,47.344985,0
                11.704948,47.351793,0
                11.707565,47.354767,0
                11.722705,47.362741,0
                11.730149,47.36529,0
                11.758045,47.382751,0
                11.7582002246813,47.38279531611,0
                11.767483,47.385445,0
                11.779148,47.383781,0
                11.783208,47.386781,0
                11.794832,47.391303,0
                11.803748,47.400481,0
                11.809048,47.401865,0
                11.821615,47.40239,0
                11.843126,47.410354,0
                11.851916,47.416574,0
                11.85894,47.423771,0
                11.870312,47.428169,0
                11.877353,47.436661,0
                11.882908,47.438781,0
                11.889835,47.438955,0
                11.897777,47.446182,0
                11.906275,47.450388,0
                11.917212,47.45847,0
                11.9194135275034,47.458849688538,0
                11.935125,47.461558,0
                11.984658,47.480368,0
                12.002536,47.48213,0
                12.018913,47.485472,0
                12.037581,47.486586,0
                12.051064,47.49064,0
                12.055861,47.494654,0
                12.061989,47.504212,0
                12.071109,47.506756,0
                12.079142,47.511697,0
                12.078123,47.516204,0
                12.071519,47.520466,0
                12.071953,47.523035,0
                12.075929,47.525265,0
                12.08086,47.52502,0
                12.087299,47.517962,0
                12.090493,47.517521,0
                12.09253,47.520313,0
                12.093405,47.52945,0
                12.114492,47.540442,0
                12.124798,47.552732,0
                12.140963,47.561781,0
                12.149223,47.575538,0
                12.153697,47.575822,0
                12.159062,47.564802,0
                12.151623,47.557593,0
                12.166803,47.550899,0
                12.169966,47.544141,0
                12.177008,47.543203,0
                12.178912,47.540906,0
                12.178766,47.533159,0
                12.180378,47.530873,0
                12.192362,47.522954,0
                12.193319,47.520629,0
                12.199941,47.517738,0
                12.211776,47.517213,0
                12.229406,47.519481,0
                12.236252,47.522117,0
                12.243658,47.521061,0
                12.246189,47.51957,0
                12.259881,47.522409,0
                12.269364,47.520527,0
                12.279439,47.521807,0
                12.298524,47.515338,0
                12.340365,47.513701,0
                12.357384,47.518041,0
                12.359873,47.517671,0
                12.386081,47.522829,0
                12.38952,47.521604,0
                12.39284,47.522342,0
                12.412985,47.517544,0
                12.424029,47.521703,0
                12.429611,47.530301,0
                12.436525,47.535783,0
                12.442918,47.55212,0
                12.467188,47.56921,0
                12.472549,47.576426,0
                12.476604,47.589543,0
                12.469655,47.60203,0
                12.472509,47.610782,0
                12.466311,47.616059,0
                12.464666,47.621859,0
                12.458446,47.631149,0
                12.459278,47.635291,0
                12.451623,47.639558,0
                12.44896,47.644875,0
                12.439749,47.645864,0
                12.432153,47.650952,0
                12.427192,47.651321,0
                12.425224,47.656413,0
                12.420209,47.66197,0
                12.40397,47.661222,0
                12.401025,47.662541,0
                12.399979,47.665377,0
                12.395985,47.663189,0
                12.394596,47.658835,0
                12.392024,47.656551,0
                12.385414,47.656161,0
                12.385018,47.653358,0
                12.382679,47.651412,0
                12.376823,47.653578,0
                12.372225,47.65325,0
                12.367945,47.65178,0
                12.340731,47.648829,0
                12.335748,47.647042,0
                12.330114,47.648281,0
                12.329646,47.65098,0
                12.324711,47.650811,0
                12.317071,47.649254,0
                12.317063,47.647838,0
                12.314524,47.646837,0
                12.304183,47.646752,0
                12.303094,47.645493,0
                12.275079,47.639189,0
                12.267411,47.641622,0
                12.263342,47.645649,0
                12.248729,47.644548,0
                12.24611,47.646458,0
                12.238878,47.645459,0
                12.23599,47.64737,0
                12.229757,47.646842,0
                12.207672,47.639875,0
                12.200631,47.639583,0
                12.203704,47.622973,0
                12.20825,47.613472,0
                12.207311,47.609709,0
                12.203961,47.606766,0
                12.202012,47.606168,0
                12.200265,47.607166,0
                12.189225,47.615477,0
                12.176803,47.616943,0
                12.173444,47.615563,0
                12.166403,47.615334,0
                12.160048,47.613022,0
                12.155309,47.613945,0
                12.148303,47.612477,0
                12.141814,47.609093,0
                12.142125,47.605571,0
                12.131379,47.602846,0
                12.129021,47.600695,0
                12.126245,47.601174,0
                12.122589,47.597621,0
                12.117458,47.598106,0
                12.112265,47.596297,0
                12.103559,47.597063,0
                12.095389,47.593831,0
                12.09482,47.594777,0
                12.086699,47.594707,0
                12.086513,47.596253,0
                12.082832,47.596828,0
                12.079693,47.596335,0
                12.079079,47.594375,0
                12.075351,47.594013,0
                12.073172,47.595008,0
                12.060058,47.592347,0
                12.056138,47.592819,0
                12.05198,47.591284,0
                12.051465,47.589415,0
                12.044368,47.585382,0
                12.042537,47.573111,0
                12.036279,47.570054,0
                12.038168,47.56571,0
                12.031417,47.559954,0
                12.021982,47.559765,0
                12.013775,47.553755,0
                12.002402,47.550854,0
                11.995428,47.54554,0
                11.969658,47.542434,0
                11.95896,47.537658,0
                11.950594,47.536929,0
              </coordinates>
            </LinearRing>
          </outerBoundaryIs>
        </Polygon>
      </Placemark>
      <Placemark>
        <name>22</name>
        <description><![CDATA[SOIUSA SUBDIVISIONS 36 SECTIONS<br> Number = 22<br> Code = SZ.22<br> Name = Bayerische Alpen<br> Perimeter = 769.38 km<br> Enclosed_Area = 5551.2 sq km<br> Island_Area = 32.39 sq km<br> Capleymar-Homoalpinus = https://www.homoalpinus.com/alpes/subdivisions/soiusa/<br> Created_By = Capleymar]]></description>
        <styleUrl>#poly-71B8FF-1000-153</styleUrl>
        <Polygon>
          <outerBoundaryIs>
            <LinearRing>
              <tessellate>1</tessellate>
              <coordinates>
                12.681403637025,47.5794873750123,0
                12.68236,47.579529,0
                12.690184,47.585317,0
                12.699194,47.585129,0
                12.699349,47.586321,0
                12.695221,47.588336,0
                12.695431,47.590883,0
                12.700031,47.596417,0
                12.702727,47.597665,0
                12.704626,47.604244,0
                12.708257,47.60602,0
                12.705564,47.608062,0
                12.708381,47.616471,0
                12.711548,47.619998,0
                12.719995,47.623732,0
                12.722174,47.627376,0
                12.729292,47.631157,0
                12.727661,47.642287,0
                12.731112,47.643045,0
                12.73133,47.648893,0
                12.735889,47.654797,0
                12.742371,47.655524,0
                12.745974,47.659772,0
                12.755466,47.663346,0
                12.758605,47.663284,0
                12.763103,47.667048,0
                12.772791,47.665864,0
                12.783992,47.6773,0
                12.790245,47.67937,0
                12.796332,47.685495,0
                12.801989,47.688132,0
                12.808505,47.686075,0
                12.812103,47.687243,0
                12.814745,47.6843,0
                12.825841,47.680402,0
                12.830073,47.679675,0
                12.832288,47.680549,0
                12.837909,47.686778,0
                12.844492,47.691436,0
                12.845711,47.698458,0
                12.851414,47.70557,0
                12.873226,47.716117,0
                12.873327,47.717621,0
                12.865531,47.723901,0
                12.867339,47.729868,0
                12.875296,47.735179,0
                12.901642,47.747789,0
                12.921255,47.763113,0
                12.925846,47.767008,0
                12.92969,47.773769,0
                12.939042,47.779331,0
                12.938988,47.784974,0
                12.947184,47.788548,0
                12.950999,47.792737,0
                12.956816,47.800681,0
                12.95715,47.804309,0
                12.951921,47.812367,0
                12.946859,47.816315,0
                12.946012,47.819688,0
                12.947772,47.822144,0
                12.945947,47.827075,0
                12.921898,47.835748,0
                12.905951,47.83263,0
                12.89453,47.832438,0
                12.877121,47.829725,0
                12.869965,47.824384,0
                12.86072,47.808822,0
                12.85651,47.808662,0
                12.846431,47.815664,0
                12.843547,47.820214,0
                12.833714,47.820712,0
                12.830616,47.826492,0
                12.833483,47.830636,0
                12.83282,47.832124,0
                12.829338,47.83419,0
                12.827606,47.839229,0
                12.824208,47.841326,0
                12.803120348973,47.8474062320892,0
                12.800949,47.848032,0
                12.787865,47.850336,0
                12.782257,47.84789,0
                12.785252,47.844122,0
                12.783813,47.839239,0
                12.779,47.837613,0
                12.775153,47.834549,0
                12.752209,47.830891,0
                12.74154,47.831323,0
                12.723243,47.829153,0
                12.696028,47.82803,0
                12.677379,47.82432,0
                12.658763,47.825143,0
                12.641649,47.820144,0
                12.628519,47.810311,0
                12.609744,47.804357,0
                12.587524,47.804119,0
                12.562165,47.800919,0
                12.544999,47.796131,0
                12.535945,47.795004,0
                12.524396,47.790944,0
                12.513914,47.789694,0
                12.499813,47.784552,0
                12.488854,47.775543,0
                12.483684,47.774557,0
                12.474658,47.768551,0
                12.47011,47.758998,0
                12.471089,47.757766,0
                12.467443,47.756735,0
                12.468926,47.753641,0
                12.463225,47.754472,0
                12.457081,47.76094,0
                12.445835,47.761483,0
                12.443571,47.765397,0
                12.445244,47.767596,0
                12.444447,47.775318,0
                12.441962,47.779123,0
                12.424411,47.786673,0
                12.419967,47.790197,0
                12.407482,47.794916,0
                12.381437,47.80401,0
                12.369485,47.806002,0
                12.356152,47.805961,0
                12.35262,47.799681,0
                12.343428,47.794027,0
                12.340297,47.788879,0
                12.334456,47.785774,0
                12.306668,47.794766,0
                12.302558,47.797171,0
                12.301727,47.800218,0
                12.293703,47.801527,0
                12.27246,47.80029,0
                12.263878,47.798334,0
                12.233082,47.795859,0
                12.188032,47.796448,0
                12.172674,47.79372,0
                12.164293,47.789447,0
                12.156893,47.780833,0
                12.156045,47.773706,0
                12.141517,47.761433,0
                12.14563,47.758404,0
                12.145927,47.755972,0
                12.151226,47.754891,0
                12.151613,47.752089,0
                12.156365,47.746879,0
                12.161132,47.743932,0
                12.164018,47.743974,0
                12.166163,47.738795,0
                12.168921,47.738207,0
                12.168971,47.73638,0
                12.163534,47.732762,0
                12.161873,47.725788,0
                12.165803,47.721438,0
                12.164663,47.713233,0
                12.168211,47.707975,0
                12.166723,47.704277,0
                12.151011,47.704747,0
                12.147405,47.709757,0
                12.132678,47.719776,0
                12.12174,47.719578,0
                12.118856,47.720556,0
                12.114415,47.725109,0
                12.112552,47.731705,0
                12.104099,47.741519,0
                12.103098,47.746101,0
                12.098242,47.753166,0
                12.092339,47.75788,0
                12.074051,47.759634,0
                12.049672,47.765047,0
                12.028802,47.773555,0
                12.007128,47.771546,0
                11.995609,47.764484,0
                11.986408,47.761823,0
                11.965857,47.763141,0
                11.939076,47.756834,0
                11.929871,47.756163,0
                11.920504,47.756888,0
                11.9161549676444,47.7581041283868,0
                11.909581,47.759942,0
                11.904863,47.764814,0
                11.890729,47.761212,0
                11.874148,47.753856,0
                11.862401,47.752318,0
                11.856378,47.74397,0
                11.868121,47.730815,0
                11.869177,47.716071,0
                11.870758,47.714016,0
                11.864664,47.710862,0
                11.862539,47.711144,0
                11.858541,47.71544,0
                11.857697,47.720096,0
                11.846343,47.731522,0
                11.842378,47.740865,0
                11.836447,47.744067,0
                11.829104,47.747266,0
                11.809142,47.7527,0
                11.78719,47.74876,0
                11.757863,47.739911,0
                11.746504,47.734634,0
                11.749826,47.72929,0
                11.747958,47.724807,0
                11.748967,47.720765,0
                11.753132,47.715379,0
                11.751204,47.710324,0
                11.75489,47.70669,0
                11.759112,47.705015,0
                11.758065,47.699779,0
                11.764129,47.700197,0
                11.7689,47.69923,0
                11.770059,47.696606,0
                11.769029,47.694977,0
                11.759916,47.695477,0
                11.758342,47.697752,0
                11.753031,47.698737,0
                11.747796,47.696638,0
                11.738114,47.695939,0
                11.737135,47.694567,0
                11.738414,47.692401,0
                11.735596,47.693194,0
                11.733078,47.695978,0
                11.738222,47.69734,0
                11.740448,47.706003,0
                11.735732,47.707555,0
                11.726379,47.713403,0
                11.729635,47.717101,0
                11.726658,47.718631,0
                11.727217,47.722291,0
                11.720319,47.723637,0
                11.721199,47.725898,0
                11.718826,47.730754,0
                11.71799,47.738843,0
                11.699944,47.75383,0
                11.691241,47.75449,0
                11.685493,47.752144,0
                11.683585,47.749333,0
                11.679809,47.748419,0
                11.669944,47.750062,0
                11.666215,47.749572,0
                11.660999,47.746605,0
                11.654424,47.745064,0
                11.635355,47.747503,0
                11.608148,47.746762,0
                11.602417,47.745711,0
                11.596506,47.741082,0
                11.592577,47.740045,0
                11.573364,47.742523,0
                11.570124,47.744494,0
                11.568067,47.749104,0
                11.564391,47.752275,0
                11.551815,47.754783,0
                11.541787,47.754295,0
                11.533713,47.75175,0
                11.52752,47.751383,0
                11.517642,47.748059,0
                11.486559,47.747828,0
                11.461214,47.744027,0
                11.435891,47.728528,0
                11.430685,47.720077,0
                11.430155,47.711706,0
                11.423698,47.699745,0
                11.404387,47.683691,0
                11.397984,47.672588,0
                11.377505,47.659942,0
                11.372676,47.651163,0
                11.362339,47.64688,0
                11.355962,47.640034,0
                11.350229,47.640567,0
                11.346122,47.637304,0
                11.338206,47.633975,0
                11.332189,47.634236,0
                11.327851,47.637722,0
                11.32198,47.638759,0
                11.319958,47.643212,0
                11.307306,47.652908,0
                11.303551,47.658662,0
                11.295195,47.661662,0
                11.288834,47.660255,0
                11.276143,47.660992,0
                11.247784,47.642099,0
                11.245529,47.638837,0
                11.246358,47.635818,0
                11.240109,47.627014,0
                11.233617,47.624436,0
                11.201085,47.616337,0
                11.195554,47.611916,0
                11.196766,47.608289,0
                11.19117,47.602623,0
                11.178021,47.596794,0
                11.174738,47.597563,0
                11.164387,47.596815,0
                11.153792,47.598426,0
                11.147599,47.604551,0
                11.15094,47.61705,0
                11.163849,47.632781,0
                11.162274,47.639417,0
                11.157903,47.642939,0
                11.152242,47.643904,0
                11.140219,47.643658,0
                11.126819,47.647902,0
                11.110306,47.657068,0
                11.079552,47.663659,0
                11.062487,47.666019,0
                11.051426,47.665392,0
                11.034283,47.660783,0
                11.025869,47.66051,0
                11.020633,47.652749,0
                11.01815,47.651234,0
                11.004845,47.649666,0
                11.001019,47.650863,0
                10.996762,47.655929,0
                10.994527,47.65612,0
                10.996801,47.659592,0
                10.996044,47.66065,0
                10.98974,47.660171,0
                10.988341,47.661179,0
                10.987247,47.669034,0
                10.991915,47.672971,0
                10.990275,47.674989,0
                10.984154,47.676358,0
                10.976589,47.675581,0
                10.963855,47.671283,0
                10.932613,47.66756,0
                10.919833,47.660845,0
                10.894313,47.657059,0
                10.875522,47.655697,0
                10.849553,47.648601,0
                10.810839,47.621169,0
                10.797231,47.606591,0
                10.7883,47.599341,0
                10.767779,47.588448,0
                10.758602,47.579105,0
                10.737877,47.570618,0
                10.708114,47.567717,0
                10.701161,47.568457,0
                10.694044,47.567524,0
                10.685385,47.568362,0
                10.671302,47.567612,0
                10.655315,47.56971,0
                10.645982,47.569219,0
                10.640867,47.567398,0
                10.632693,47.567493,0
                10.629673,47.570142,0
                10.598974,47.583147,0
                10.575319,47.589425,0
                10.55896,47.591258,0
                10.552186,47.593483,0
                10.540861,47.600093,0
                10.534609,47.605815,0
                10.525819,47.611243,0
                10.512636,47.61797,0
                10.49639,47.621969,0
                10.493139,47.622,0
                10.479847,47.617278,0
                10.458795,47.61523,0
                10.435898,47.6094,0
                10.410625,47.600552,0
                10.385496,47.600367,0
                10.359102,47.593655,0
                10.352049,47.592964,0
                10.3467,47.590766,0
                10.341189,47.591007,0
                10.33918,47.592536,0
                10.334,47.593326,0
                10.326459,47.593063,0
                10.301768,47.576166,0
                10.295658,47.568927,0
                10.281448,47.561479,0
                10.265404,47.555045,0
                10.252747,47.553441,0
                10.245052,47.553985,0
                10.237495,47.552239,0
                10.225341,47.557219,0
                10.207503,47.560644,0
                10.198583,47.563845,0
                10.1933926336557,47.5670193320924,0
                10.191071,47.568439,0
                10.183574,47.569628,0
                10.176349,47.568127,0
                10.17251,47.569313,0
                10.169806,47.567689,0
                10.161906,47.56677,0
                10.15068,47.567074,0
                10.123373,47.560292,0
                10.089373,47.55369,0
                10.073023,47.552754,0
                10.053158,47.553955,0
                10.044512,47.556247,0
                10.038262,47.560912,0
                10.037562,47.564527,0
                10.030412,47.569328,0
                10.030561,47.576392,0
                10.02876,47.579399,0
                10.022946,47.581829,0
                10.010176,47.574805,0
                10.000364,47.563411,0
                9.993497,47.559514,0
                9.985697,47.556721,0
                9.976885,47.555972,0
                9.963617,47.564533,0
                9.944172,47.56766,0
                9.929988,47.567149,0
                9.924894,47.571141,0
                9.925325,47.576523,0
                9.921827,47.580952,0
                9.908259,47.582713,0
                9.877244,47.570447,0
                9.866958,47.568269,0
                9.862102,47.568623,0
                9.857268,47.572251,0
                9.855124,47.588396,0
                9.851697,47.590441,0
                9.839456,47.591794,0
                9.82732,47.5896,0
                9.823479,47.587308,0
                9.817753,47.588855,0
                9.814111,47.588086,0
                9.802379,47.596037,0
                9.799854,47.596061,0
                9.795807,47.593698,0
                9.776703,47.594975,0
                9.769423,47.587658,0
                9.765634,47.589124,0
                9.766022,47.585628,0
                9.763654,47.586502,0
                9.76075,47.583447,0
                9.762085,47.581302,0
                9.756584,47.579796,0
                9.755934,47.572309,0
                9.753158,47.572383,0
                9.748213,47.570347,0
                9.751868,47.567746,0
                9.747884,47.565002,0
                9.746482,47.560757,0
                9.743672,47.558486,0
                9.746382,47.557522,0
                9.747017,47.55575,0
                9.74576,47.554738,0
                9.741667,47.555131,0
                9.738984,47.551896,0
                9.740706,47.546604,0
                9.747318,47.543582,0
                9.753109,47.537935,0
                9.75458,47.530398,0
                9.751222,47.524526,0
                9.754092,47.515226,0
                9.753341,47.512,0
                9.746926,47.505926,0
                9.741188,47.496319,0
                9.741526,47.486088,0
                9.754208,47.479193,0
                9.750894,47.471683,0
                9.751734,47.465949,0
                9.749894,47.459586,0
                9.753891,47.456609,0
                9.761485,47.45419,0
                9.763858,47.44829,0
                9.760795,47.439884,0
                9.756238,47.435982,0
                9.754345,47.418128,0
                9.751724,47.415209,0
                9.751866,47.410838,0
                9.744873,47.396334,0
                9.736365,47.38827,0
                9.727958,47.386971,0
                9.716436,47.382727,0
                9.706501,47.375156,0
                9.696059,47.370793,0
                9.682198,47.354259,0
                9.671022,47.348409,0
                9.655372,47.344662,0
                9.650092,47.337145,0
                9.643065,47.33249,0
                9.63829,47.327163,0
                9.63037,47.322532,0
                9.629082,47.319431,0
                9.62118,47.313252,0
                9.621416,47.310336,0
                9.623502,47.308534,0
                9.638217,47.310932,0
                9.648927,47.30967,0
                9.650409,47.292294,0
                9.656723,47.285086,0
                9.654112,47.278143,0
                9.644836,47.273038,0
                9.634336,47.264083,0
                9.627142,47.26082,0
                9.622394,47.256848,0
                9.616987,47.256835,0
                9.601277,47.264328,0
                9.594649,47.265262,0
                9.590967,47.268011,0
                9.591608,47.273542,0
                9.590028,47.278564,0
                9.581214,47.281323,0
                9.571281,47.289019,0
                9.567016,47.298449,0
                9.568076,47.302323,0
                9.5645,47.303411,0
                9.559229,47.300204,0
                9.557125,47.294573,0
                9.565048,47.285192,0
                9.59084,47.237726,0
                9.607662,47.228144,0
                9.618661,47.227365,0
                9.625802,47.225273,0
                9.641114,47.225728,0
                9.651698,47.22014,0
                9.676232,47.201506,0
                9.692448,47.196933,0
                9.711352,47.193681,0
                9.723875,47.183846,0
                9.735053,47.178358,0
                9.753019,47.181929,0
                9.762691,47.190052,0
                9.77929,47.199118,0
                9.797594,47.21165,0
                9.808478,47.211931,0
                9.81445,47.213685,0
                9.819244,47.213628,0
                9.824649,47.216037,0
                9.831248,47.215951,0
                9.832675,47.217793,0
                9.83787,47.217537,0
                9.842505,47.220488,0
                9.861453,47.221904,0
                9.864639,47.223793,0
                9.873873,47.225317,0
                9.880423,47.228995,0
                9.885403,47.22973,0
                9.890504,47.233919,0
                9.894239,47.233736,0
                9.896982,47.235276,0
                9.907795,47.237453,0
                9.913862,47.236898,0
                9.918106,47.245058,0
                9.917652,47.250612,0
                9.908732,47.263297,0
                9.906861,47.27854,0
                9.904658,47.281324,0
                9.912954,47.284357,0
                9.918827,47.28369,0
                9.941753,47.296196,0
                9.94326,47.301391,0
                9.945168,47.301275,0
                9.944512,47.302005,0
                9.947827,47.304032,0
                9.948782,47.30761,0
                9.965282,47.319999,0
                9.97583,47.325003,0
                9.97675,47.323304,0
                9.982476,47.322658,0
                9.990724,47.319793,0
                10.022589,47.305643,0
                10.038033,47.303569,0
                10.037937,47.30031,0
                10.046278,47.292519,0
                10.04437,47.287609,0
                10.053858,47.281397,0
                10.05975,47.279937,0
                10.065095,47.267235,0
                10.076865,47.260887,0
                10.0830864553584,47.2596763260831,0
                10.086145,47.259081,0
                10.089854,47.260214,0
                10.094561,47.257636,0
                10.114181,47.267283,0
                10.124391,47.267239,0
                10.137098,47.270793,0
                10.137964,47.269843,0
                10.147971,47.2685,0
                10.150582,47.266844,0
                10.163739,47.267778,0
                10.170495,47.264178,0
                10.180133,47.262897,0
                10.182352,47.261374,0
                10.187456,47.262131,0
                10.189478,47.260892,0
                10.192067,47.261126,0
                10.197192,47.257421,0
                10.205497,47.257554,0
                10.213615,47.255324,0
                10.218087,47.255274,0
                10.2222,47.253504,0
                10.224093,47.249364,0
                10.22928,47.24929,0
                10.235998,47.245198,0
                10.244527,47.244389,0
                10.24991,47.245129,0
                10.251992,47.246411,0
                10.250969,47.247683,0
                10.258587,47.249888,0
                10.269864,47.246731,0
                10.276572,47.242029,0
                10.281075,47.242555,0
                10.282851,47.241058,0
                10.288631,47.239971,0
                10.300121,47.245654,0
                10.30724,47.244325,0
                10.314026,47.245581,0
                10.323188,47.252807,0
                10.332666,47.256356,0
                10.339527,47.254044,0
                10.361378,47.257439,0
                10.374748,47.260597,0
                10.38376,47.26564,0
                10.393821,47.266596,0
                10.4046,47.271616,0
                10.412071,47.273053,0
                10.416116,47.280817,0
                10.421892,47.28196,0
                10.431311,47.280948,0
                10.433538,47.283761,0
                10.438254,47.284255,0
                10.448885,47.28903,0
                10.458285,47.296829,0
                10.464987,47.298042,0
                10.475592,47.295335,0
                10.481099,47.295703,0
                10.493375,47.306328,0
                10.493538,47.309739,0
                10.498187,47.31422,0
                10.504294,47.316567,0
                10.50836,47.320082,0
                10.51931,47.323985,0
                10.527337,47.331602,0
                10.534438,47.334503,0
                10.535784,47.340384,0
                10.542153,47.350721,0
                10.546392,47.35393,0
                10.54734,47.360437,0
                10.551298,47.36495,0
                10.552595,47.36985,0
                10.549776,47.379259,0
                10.559529,47.386537,0
                10.577414,47.406912,0
                10.579961,47.423378,0
                10.582721,47.426444,0
                10.591652,47.431428,0
                10.601969,47.430527,0
                10.609278,47.432734,0
                10.618825,47.431727,0
                10.628029,47.433843,0
                10.648379,47.441539,0
                10.659671,47.443658,0
                10.662924,47.445834,0
                10.671968,47.45653,0
                10.69713,47.473616,0
                10.705923,47.482719,0
                10.708089,47.483329,0
                10.711985,47.513055,0
                10.718766,47.508914,0
                10.721875,47.509572,0
                10.725129,47.506976,0
                10.730376,47.506994,0
                10.733519,47.504336,0
                10.735752,47.495894,0
                10.741985,47.495751,0
                10.750409,47.493367,0
                10.752352,47.490867,0
                10.755227,47.489874,0
                10.754724,47.48751,0
                10.761239,47.486677,0
                10.769789,47.481992,0
                10.776366,47.476027,0
                10.784395,47.473663,0
                10.79276,47.468492,0
                10.79191,47.463684,0
                10.788579,47.461218,0
                10.767462,47.458699,0
                10.758028,47.451403,0
                10.763126,47.441171,0
                10.763646,47.435568,0
                10.768286,47.43388,0
                10.768491,47.43218,0
                10.773502,47.428786,0
                10.779792,47.42832,0
                10.784734,47.425674,0
                10.787862,47.425518,0
                10.793577,47.421568,0
                10.798634,47.420091,0
                10.800597,47.417323,0
                10.803528,47.419243,0
                10.822351,47.422078,0
                10.827385,47.419126,0
                10.842893,47.417367,0
                10.853172,47.414722,0
                10.872822,47.40429,0
                10.887691,47.402037,0
                10.903897,47.401216,0
                10.90547,47.401362,0
                10.911816,47.407661,0
                10.914456,47.415884,0
                10.919723,47.423661,0
                10.917022,47.432131,0
                10.921817,47.438582,0
                10.917326,47.444818,0
                10.919062,47.450006,0
                10.921523,47.450216,0
                10.923937,47.45288,0
                10.922806,47.459188,0
                10.924864,47.462019,0
                10.923952,47.463829,0
                10.927682,47.466703,0
                10.931545,47.466789,0
                10.933954,47.471346,0
                10.944278,47.474897,0
                10.950877,47.47997,0
                10.963441,47.478711,0
                10.972336,47.480576,0
                10.97868,47.484408,0
                10.98624,47.483599,0
                10.988726,47.480904,0
                10.995429,47.481678,0
                10.997871,47.480642,0
                11.026574,47.48235,0
                11.034828,47.485044,0
                11.041281,47.483944,0
                11.051612,47.479001,0
                11.05354,47.481457,0
                11.057882,47.480161,0
                11.061549,47.481122,0
                11.066184,47.48576,0
                11.064908,47.488618,0
                11.066695,47.489822,0
                11.080506,47.492477,0
                11.087738,47.495829,0
                11.089274,47.497331,0
                11.088384,47.499719,0
                11.090674,47.497749,0
                11.103687,47.494886,0
                11.115793,47.489528,0
                11.118957,47.487583,0
                11.121313,47.483831,0
                11.12887,47.484792,0
                11.132842,47.482729,0
                11.13887,47.483222,0
                11.146427,47.481721,0
                11.148859,47.483505,0
                11.159769,47.484362,0
                11.166893,47.487363,0
                11.193861,47.487967,0
                11.203746,47.489526,0
                11.219611,47.489278,0
                11.230312,47.485227,0
                11.241788,47.482617,0
                11.249608,47.48615,0
                11.257159,47.494932,0
                11.274394,47.510269,0
                11.281195,47.51493,0
                11.289374,47.518108,0
                11.29601,47.518362,0
                11.300038,47.520444,0
                11.310026,47.531063,0
                11.313587,47.530768,0
                11.314972,47.529022,0
                11.317654,47.528585,0
                11.320307,47.528721,0
                11.322706,47.531095,0
                11.33025,47.530414,0
                11.332482,47.53111,0
                11.334542,47.536093,0
                11.339863,47.538295,0
                11.345356,47.539337,0
                11.350335,47.53831,0
                11.353057,47.54091,0
                11.361038,47.543446,0
                11.364926,47.541887,0
                11.367118,47.543138,0
                11.375912,47.542815,0
                11.378487,47.544089,0
                11.380032,47.546986,0
                11.389988,47.549187,0
                11.406296,47.549186,0
                11.418452,47.553343,0
                11.427754,47.553011,0
                11.429412,47.556376,0
                11.438768,47.560314,0
                11.453364,47.559402,0
                11.458414,47.562044,0
                11.471336,47.562606,0
                11.474711,47.561825,0
                11.476618,47.562875,0
                11.487287,47.560857,0
                11.495769,47.562642,0
                11.501693,47.560943,0
                11.506063,47.561282,0
                11.507933,47.562635,0
                11.507843,47.567156,0
                11.514663,47.57231,0
                11.528757,47.574341,0
                11.535462,47.577244,0
                11.546722,47.579216,0
                11.548491,47.580999,0
                11.547952,47.584187,0
                11.550595,47.586193,0
                11.555829,47.584401,0
                11.57513,47.584911,0
                11.585416,47.579878,0
                11.591554,47.582183,0
                11.596513,47.581296,0
                11.598175,47.58344,0
                11.601249,47.583764,0
                11.612381,47.579752,0
                11.616662,47.581526,0
                11.618187,47.584062,0
                11.623079,47.584145,0
                11.628136,47.581199,0
                11.637507,47.578393,0
                11.63951,47.575836,0
                11.644015,47.576005,0
                11.663998,47.569426,0
                11.668358,47.570758,0
                11.67052,47.56611,0
                11.678632,47.560669,0
                11.68217,47.555224,0
                11.691731,47.551239,0
                11.698232,47.545882,0
                11.701473,47.545201,0
                11.703185,47.542391,0
                11.706094,47.54382,0
                11.709109,47.543112,0
                11.709959,47.545107,0
                11.718779,47.546966,0
                11.72638,47.550618,0
                11.72768,47.552383,0
                11.73275,47.551332,0
                11.741075,47.552367,0
                11.743961,47.55139,0
                11.749579,47.553767,0
                11.754677,47.559855,0
                11.76227,47.563098,0
                11.766375,47.57441,0
                11.7714,47.576996,0
                11.790531,47.578922,0
                11.794644,47.577574,0
                11.800609,47.577657,0
                11.806951,47.579347,0
                11.826596,47.577837,0
                11.839842,47.580698,0
                11.840334,47.581642,0
                11.8415358494009,47.5815024199317,0
                11.844105,47.581204,0
                11.857752,47.584718,0
                11.861905,47.583576,0
                11.866026,47.584712,0
                11.872897,47.583201,0
                11.880631,47.578079,0
                11.881404,47.571726,0
                11.884899,47.56972,0
                11.885925,47.566389,0
                11.884249,47.564274,0
                11.885275,47.561169,0
                11.887776,47.561534,0
                11.889886,47.557466,0
                11.892773,47.556397,0
                11.897814,47.551582,0
                11.907705,47.549884,0
                11.916674,47.542208,0
                11.916716,47.535883,0
                11.915353,47.534225,0
                11.920667,47.534488,0
                11.923786,47.536111,0
                11.931726,47.535438,0
                11.952211,47.537379,0
                11.95442,47.536757,0
                11.960493,47.538179,0
                11.969658,47.542434,0
                11.995428,47.54554,0
                12.002402,47.550854,0
                12.013775,47.553755,0
                12.021982,47.559765,0
                12.031417,47.559954,0
                12.038168,47.56571,0
                12.036279,47.570054,0
                12.042537,47.573111,0
                12.044368,47.585382,0
                12.051465,47.589415,0
                12.05198,47.591284,0
                12.056138,47.592819,0
                12.060058,47.592347,0
                12.073172,47.595008,0
                12.075351,47.594013,0
                12.079079,47.594375,0
                12.079693,47.596335,0
                12.082832,47.596828,0
                12.086513,47.596253,0
                12.086699,47.594707,0
                12.09482,47.594777,0
                12.095389,47.593831,0
                12.103559,47.597063,0
                12.112265,47.596297,0
                12.117458,47.598106,0
                12.122589,47.597621,0
                12.126245,47.601174,0
                12.129021,47.600695,0
                12.131379,47.602846,0
                12.142125,47.605571,0
                12.141814,47.609093,0
                12.148303,47.612477,0
                12.155309,47.613945,0
                12.160048,47.613022,0
                12.166403,47.615334,0
                12.173444,47.615563,0
                12.176803,47.616943,0
                12.189225,47.615477,0
                12.200265,47.607166,0
                12.202012,47.606168,0
                12.203961,47.606766,0
                12.207311,47.609709,0
                12.20825,47.613472,0
                12.203704,47.622973,0
                12.200631,47.639583,0
                12.206798,47.639667,0
                12.229174,47.646758,0
                12.235891,47.647383,0
                12.238878,47.645459,0
                12.24611,47.646458,0
                12.248729,47.644548,0
                12.263679,47.64559,0
                12.267411,47.641622,0
                12.274926,47.639184,0
                12.303094,47.645493,0
                12.304183,47.646752,0
                12.314524,47.646837,0
                12.317063,47.647838,0
                12.317071,47.649254,0
                12.324711,47.650811,0
                12.329646,47.65098,0
                12.330114,47.648281,0
                12.335748,47.647042,0
                12.340731,47.648829,0
                12.367945,47.65178,0
                12.372225,47.65325,0
                12.376823,47.653578,0
                12.382499,47.651383,0
                12.385018,47.653358,0
                12.385517,47.656233,0
                12.389856,47.655722,0
                12.392024,47.656551,0
                12.394596,47.658835,0
                12.395985,47.663189,0
                12.399979,47.665377,0
                12.401025,47.662541,0
                12.40397,47.661222,0
                12.417502,47.662477,0
                12.420966,47.661594,0
                12.427192,47.651321,0
                12.432153,47.650952,0
                12.439749,47.645864,0
                12.448506,47.645145,0
                12.451623,47.639558,0
                12.458869,47.635783,0
                12.458446,47.631149,0
                12.464666,47.621859,0
                12.466311,47.616059,0
                12.472509,47.610782,0
                12.469655,47.60203,0
                12.476335,47.5907,0
                12.476096,47.585935,0
                12.484642,47.581363,0
                12.491691,47.579756,0
                12.498523,47.581687,0
                12.503546,47.581204,0
                12.516844,47.587786,0
                12.525594,47.588826,0
                12.5324,47.592365,0
                12.545476,47.591739,0
                12.57646,47.58532,0
                12.582224,47.585448,0
                12.58928,47.587451,0
                12.607454,47.587506,0
                12.627918,47.583388,0
                12.651069,47.581083,0
                12.654869,47.581551,0
                12.666645,47.578844,0
                12.681403637025,47.5794873750123,0
              </coordinates>
            </LinearRing>
          </outerBoundaryIs>
        </Polygon>
      </Placemark>
      <Placemark>
        <name>23</name>
        <description><![CDATA[SOIUSA SUBDIVISIONS 36 SECTIONS<br> Number = 23<br> Code = SZ.23<br> Name = Tiroler Schieferalpen<br> Perimeter = 310.61 km<br> Enclosed_Area = 2654.4 sq km<br> Island_Area = <br> Capleymar-Homoalpinus = https://www.homoalpinus.com/alpes/subdivisions/soiusa/<br> Created_By = Capleymar]]></description>
        <styleUrl>#poly-71B8FF-1000-153</styleUrl>
        <Polygon>
          <outerBoundaryIs>
            <LinearRing>
              <tessellate>1</tessellate>
              <coordinates>
                11.6384689166326,47.0945536881782,0
                11.644225,47.094353,0
                11.645544,47.095224,0
                11.644928,47.099375,0
                11.6423650766115,47.103984744998,0
                11.641438,47.105652,0
                11.64226,47.109444,0
                11.644316,47.110923,0
                11.645359653967,47.111231067946,0
                11.651709,47.113105,0
                11.654587,47.112827,0
                11.657986,47.110814,0
                11.669061,47.111162,0
                11.672549,47.109684,0
                11.67381,47.107673,0
                11.676123,47.107523,0
                11.683925,47.115301,0
                11.691161,47.119234,0
                11.695353,47.124091,0
                11.700277,47.126817,0
                11.703906,47.131445,0
                11.704062,47.134335,0
                11.709476,47.137538,0
                11.713711,47.137729,0
                11.71802,47.140787,0
                11.721516,47.149775,0
                11.726195,47.153773,0
                11.739261,47.160503,0
                11.747938,47.16109,0
                11.761896,47.159178,0
                11.77301,47.154388,0
                11.775399,47.152147,0
                11.796488,47.148806,0
                11.811244,47.148942,0
                11.838291,47.156756,0
                11.840931,47.159718,0
                11.85473,47.164803,0
                11.862241,47.172414,0
                11.866751,47.190994,0
                11.871021,47.198126,0
                11.868717,47.202605,0
                11.869415,47.219042,0
                11.876067,47.226185,0
                11.877081,47.23271,0
                11.8898,47.239877,0
                11.897747,47.241822,0
                11.895496,47.231629,0
                11.892826,47.228253,0
                11.887677,47.226327,0
                11.905253,47.222788,0
                11.907335,47.220939,0
                11.910617,47.221041,0
                11.919465,47.21787,0
                11.922907,47.218758,0
                11.937939,47.215286,0
                11.94561,47.215403,0
                11.953906,47.211821,0
                11.966036,47.210712,0
                11.976053,47.207764,0
                11.984696,47.209966,0
                12.005295,47.211019,0
                12.006889,47.213104,0
                12.016944,47.215998,0
                12.01984,47.21858,0
                12.03134,47.22232,0
                12.032692,47.225004,0
                12.039887,47.225483,0
                12.047396,47.227525,0
                12.055862,47.234821,0
                12.064022,47.237895,0
                12.070747,47.238179,0
                12.079444,47.236322,0
                12.095634,47.238016,0
                12.100658,47.23737,0
                12.110883,47.240929,0
                12.112258,47.240353,0
                12.130425,47.245289,0
                12.138423,47.249401,0
                12.149237,47.247654,0
                12.153942,47.248481,0
                12.15575,47.246824,0
                12.15767,47.247804,0
                12.164832,47.246271,0
                12.166007,47.244435,0
                12.170271,47.244763,0
                12.177929,47.242063,0
                12.181473,47.24261,0
                12.188607,47.239017,0
                12.198628,47.236759,0
                12.21148,47.24175,0
                12.218297,47.241911,0
                12.225294,47.244322,0
                12.227915,47.243455,0
                12.248337,47.243131,0
                12.252646,47.244249,0
                12.262638,47.241818,0
                12.269105,47.241961,0
                12.287766,47.251961,0
                12.301415,47.252835,0
                12.315527,47.256681,0
                12.323844,47.257282,0
                12.329301,47.260128,0
                12.334703,47.265792,0
                12.34643,47.268108,0
                12.357407,47.273245,0
                12.371838,47.272093,0
                12.397416,47.278817,0
                12.417273,47.27817,0
                12.44327,47.279002,0
                12.454804,47.283536,0
                12.474551,47.283945,0
                12.493854,47.282592,0
                12.511171,47.284271,0
                12.570417,47.279701,0
                12.585935,47.281307,0
                12.593825,47.280083,0
                12.61351,47.280519,0
                12.621874,47.279097,0
                12.630697,47.281927,0
                12.645565,47.280763,0
                12.650899,47.28475,0
                12.656606,47.285579,0
                12.664746,47.28186,0
                12.676559,47.284327,0
                12.696488,47.281354,0
                12.706844,47.278375,0
                12.7132,47.278202,0
                12.737001,47.279366,0
                12.749863,47.283227,0
                12.758837,47.288328,0
                12.76626,47.286995,0
                12.772871,47.283801,0
                12.782552,47.28216,0
                12.80385,47.283267,0
                12.816503,47.285319,0
                12.821672,47.287583,0
                12.813755,47.287349,0
                12.809325,47.291034,0
                12.812018,47.300723,0
                12.809995,47.304479,0
                12.804751,47.306416,0
                12.800343,47.311079,0
                12.795988,47.312114,0
                12.794573,47.313843,0
                12.794963,47.318904,0
                12.801794,47.324018,0
                12.796688,47.329375,0
                12.800228,47.348868,0
                12.800477,47.36148,0
                12.803889,47.364156,0
                12.811876,47.367272,0
                12.817654,47.367963,0
                12.823512,47.371121,0
                12.828507,47.385618,0
                12.835094,47.389866,0
                12.835926,47.392648,0
                12.83437,47.395099,0
                12.829043,47.397671,0
                12.8262,47.420742,0
                12.82267,47.425189,0
                12.820142,47.436638,0
                12.822901,47.439557,0
                12.819807,47.44073,0
                12.809511,47.441861,0
                12.798258,47.440151,0
                12.787048,47.440797,0
                12.768635,47.439754,0
                12.759537,47.440839,0
                12.754087,47.4389,0
                12.740864,47.440568,0
                12.728855,47.440697,0
                12.72505,47.438925,0
                12.720322,47.438962,0
                12.714221,47.441438,0
                12.708177,47.441002,0
                12.702405,47.442763,0
                12.69611,47.442678,0
                12.686052,47.448238,0
                12.678034,47.449197,0
                12.672335,47.454355,0
                12.662656,47.455145,0
                12.649919,47.458296,0
                12.630761,47.469271,0
                12.609067,47.469779,0
                12.604356,47.466404,0
                12.59844,47.465299,0
                12.595065,47.463044,0
                12.5886,47.465867,0
                12.582062,47.462258,0
                12.574214,47.462714,0
                12.572048,47.466403,0
                12.562249,47.468172,0
                12.556418,47.472837,0
                12.545335,47.476513,0
                12.539358,47.479722,0
                12.53685,47.482656,0
                12.533914,47.482594,0
                12.533714,47.484988,0
                12.528233,47.487589,0
                12.527097,47.489452,0
                12.520379,47.491347,0
                12.506318,47.491728,0
                12.499438,47.494941,0
                12.491946,47.495717,0
                12.483492,47.502996,0
                12.459655,47.511555,0
                12.4514,47.517319,0
                12.441586,47.5194,0
                12.432383,47.523218,0
                12.429077,47.526346,0
                12.428668,47.528749,0
                12.423205,47.52092,0
                12.412985,47.517544,0
                12.392374,47.522433,0
                12.389683,47.521593,0
                12.385589,47.522812,0
                12.359873,47.517671,0
                12.357384,47.518041,0
                12.340365,47.513701,0
                12.298524,47.515338,0
                12.279439,47.521807,0
                12.269364,47.520527,0
                12.259881,47.522409,0
                12.246189,47.51957,0
                12.243658,47.521061,0
                12.236252,47.522117,0
                12.229406,47.519481,0
                12.211776,47.517213,0
                12.199941,47.517738,0
                12.193319,47.520629,0
                12.192362,47.522954,0
                12.180378,47.530873,0
                12.178766,47.533159,0
                12.178912,47.540906,0
                12.177008,47.543203,0
                12.169966,47.544141,0
                12.166803,47.550899,0
                12.151623,47.557593,0
                12.159062,47.564802,0
                12.153697,47.575822,0
                12.151108,47.575814,0
                12.147654,47.574557,0
                12.140963,47.561781,0
                12.124798,47.552732,0
                12.115867,47.541408,0
                12.093405,47.52945,0
                12.09253,47.520313,0
                12.090493,47.517521,0
                12.087299,47.517962,0
                12.08086,47.52502,0
                12.075929,47.525265,0
                12.071953,47.523035,0
                12.071519,47.520466,0
                12.078123,47.516204,0
                12.079142,47.511697,0
                12.071109,47.506756,0
                12.061989,47.504212,0
                12.05309,47.491681,0
                12.037581,47.486586,0
                12.018913,47.485472,0
                12.002536,47.48213,0
                11.984658,47.480368,0
                11.935125,47.461558,0
                11.917212,47.45847,0
                11.906275,47.450388,0
                11.897777,47.446182,0
                11.889835,47.438955,0
                11.882908,47.438781,0
                11.877353,47.436661,0
                11.870312,47.428169,0
                11.85894,47.423771,0
                11.851916,47.416574,0
                11.843126,47.410354,0
                11.821615,47.40239,0
                11.809048,47.401865,0
                11.803748,47.400481,0
                11.794832,47.391303,0
                11.783208,47.386781,0
                11.779148,47.383781,0
                11.767483,47.385445,0
                11.7582002246813,47.38279531611,0
                11.758045,47.382751,0
                11.730149,47.36529,0
                11.722705,47.362741,0
                11.707565,47.354767,0
                11.704948,47.351793,0
                11.706466,47.344985,0
                11.705381,47.339853,0
                11.693279,47.327632,0
                11.686495,47.326724,0
                11.675627,47.321845,0
                11.658211,47.320882,0
                11.642366,47.316655,0
                11.628428,47.309773,0
                11.615838,47.30772,0
                11.601313,47.300283,0
                11.58342,47.301414,0
                11.570821,47.298994,0
                11.565922,47.296504,0
                11.558336,47.288209,0
                11.551402,47.283035,0
                11.530207,47.278186,0
                11.517397,47.276491,0
                11.508755,47.276874,0
                11.497053,47.272667,0
                11.481692,47.272694,0
                11.451545,47.267086,0
                11.418165,47.278267,0
                11.408673,47.271889,0
                11.405352,47.267077,0
                11.403618,47.257333,0
                11.40457,47.254393,0
                11.402549,47.251191,0
                11.404648,47.248255,0
                11.401728,47.245424,0
                11.396422,47.245323,0
                11.39521,47.243256,0
                11.393179,47.24279,0
                11.392186,47.241262,0
                11.394918,47.238137,0
                11.389597,47.237878,0
                11.388678,47.236863,0
                11.390297,47.231988,0
                11.387181,47.227198,0
                11.390757,47.220227,0
                11.388559,47.21573,0
                11.390201,47.213558,0
                11.392693,47.212176,0
                11.394141,47.212827,0
                11.399177,47.208951,0
                11.400151,47.2047,0
                11.398049,47.203184,0
                11.402949,47.201993,0
                11.404957,47.198356,0
                11.403496,47.196106,0
                11.4069926854633,47.1943605149256,0
                11.411196,47.192262,0
                11.414477,47.192719,0
                11.419077,47.19068,0
                11.419111,47.188145,0
                11.415606,47.183735,0
                11.418228,47.182653,0
                11.422217,47.177564,0
                11.430473,47.17569,0
                11.432793,47.173998,0
                11.440007,47.16435,0
                11.447728,47.157295,0
                11.447213,47.154197,0
                11.451279,47.149906,0
                11.449485,47.145668,0
                11.451905,47.14373,0
                11.452257,47.141264,0
                11.456602,47.140229,0
                11.457037,47.138729,0
                11.454124,47.137989,0
                11.452705,47.1362,0
                11.454031,47.133815,0
                11.452735,47.132894,0
                11.455461,47.13056,0
                11.451557,47.122994,0
                11.454429,47.120668,0
                11.451805,47.118294,0
                11.454839,47.115724,0
                11.452555,47.113241,0
                11.45293,47.11154,0
                11.459265,47.105746,0
                11.462968,47.105268,0
                11.464862,47.099252,0
                11.468331,47.095046,0
                11.467283,47.093781,0
                11.46916,47.086666,0
                11.475678,47.080273,0
                11.480721,47.078716,0
                11.483345,47.076361,0
                11.482424,47.074327,0
                11.487461,47.06394,0
                11.498089,47.062304,0
                11.50877,47.06448,0
                11.517937,47.068547,0
                11.522556,47.068369,0
                11.540503,47.070693,0
                11.545557,47.072674,0
                11.549824,47.071967,0
                11.554583,47.073174,0
                11.558142,47.076962,0
                11.564386,47.079158,0
                11.56858,47.083009,0
                11.57968,47.086679,0
                11.594587,47.100736,0
                11.600223,47.104394,0
                11.605174,47.105695,0
                11.616461,47.101136,0
                11.623791,47.093344,0
                11.626695,47.092054,0
                11.636479,47.094623,0
                11.6384689166326,47.0945536881782,0
              </coordinates>
            </LinearRing>
          </outerBoundaryIs>
        </Polygon>
      </Placemark>
      <Placemark>
        <name>24</name>
        <description><![CDATA[SOIUSA SUBDIVISIONS 36 SECTIONS<br> Number = 24<br> Code = SZ.24<br> Name = Salzburger Nordalpen<br> Perimeter = 303.7 km<br> Enclosed_Area = 2317.2 sq km<br> Island_Area = <br> Capleymar-Homoalpinus = https://www.homoalpinus.com/alpes/subdivisions/soiusa/<br> Created_By = Capleymar]]></description>
        <styleUrl>#poly-71B8FF-1000-153</styleUrl>
        <Polygon>
          <outerBoundaryIs>
            <LinearRing>
              <tessellate>1</tessellate>
              <coordinates>
                13.50725,47.462234,0
                13.504196,47.459451,0
                13.496515,47.455841,0
                13.48734,47.454472,0
                13.48365,47.464591,0
                13.492919,47.474991,0
                13.488195,47.4777,0
                13.4865156549064,47.4781563810263,0
                13.473439,47.481709,0
                13.454124,47.482751,0
                13.449895,47.484658,0
                13.443579,47.490137,0
                13.43862,47.491544,0
                13.425051,47.487816,0
                13.422878,47.488887,0
                13.413073,47.488956,0
                13.408539,47.490821,0
                13.404597,47.496629,0
                13.407906,47.497804,0
                13.411051,47.497073,0
                13.41409,47.499842,0
                13.420269,47.500943,0
                13.421206,47.502379,0
                13.424068,47.502817,0
                13.425067,47.504969,0
                13.431818,47.506795,0
                13.434058,47.509443,0
                13.430127,47.510857,0
                13.430899,47.523174,0
                13.425707,47.526964,0
                13.425293,47.531775,0
                13.421395,47.537189,0
                13.42181,47.541619,0
                13.418651,47.54487,0
                13.412891,47.546202,0
                13.41441,47.549472,0
                13.40841,47.557188,0
                13.405139,47.557393,0
                13.402764,47.560534,0
                13.398595,47.561861,0
                13.39206,47.57014,0
                13.383543,47.57477,0
                13.378808,47.574472,0
                13.372632,47.578131,0
                13.365187,47.579642,0
                13.361422,47.582234,0
                13.352983,47.582736,0
                13.34783,47.585531,0
                13.343567,47.585766,0
                13.340198,47.58928,0
                13.333347,47.590103,0
                13.324482,47.59349,0
                13.319451,47.592494,0
                13.299798,47.595598,0
                13.293472,47.594048,0
                13.285538,47.58738,0
                13.282341,47.590199,0
                13.279125,47.589242,0
                13.273523,47.5898,0
                13.267585,47.587028,0
                13.265782,47.582642,0
                13.26864,47.578077,0
                13.265297,47.576507,0
                13.259124,47.579313,0
                13.250556,47.577771,0
                13.244455,47.581076,0
                13.238237,47.579935,0
                13.223307,47.58526,0
                13.213652,47.58674,0
                13.200745,47.590888,0
                13.186982,47.58861,0
                13.185039,47.582871,0
                13.1741,47.585115,0
                13.169658,47.584189,0
                13.16822,47.582677,0
                13.162112,47.583639,0
                13.16111,47.58559,0
                13.164051,47.596347,0
                13.161002,47.603625,0
                13.155687,47.609795,0
                13.147371,47.611234,0
                13.14683,47.618514,0
                13.140206,47.621194,0
                13.138464,47.62447,0
                13.138221,47.6316,0
                13.130934,47.635536,0
                13.129777,47.642909,0
                13.122663,47.64746,0
                13.121282,47.653615,0
                13.116448,47.659073,0
                13.116453,47.661885,0
                13.121297,47.667414,0
                13.121163,47.669421,0
                13.114911,47.672826,0
                13.106808,47.673145,0
                13.100561,47.675433,0
                13.097397,47.682173,0
                13.090799,47.684533,0
                13.085567,47.688942,0
                13.077363,47.70126,0
                13.077125,47.704473,0
                13.08309,47.719958,0
                13.080733,47.744149,0
                13.075717,47.742593,0
                13.069444,47.743317,0
                13.066059,47.741276,0
                13.056813,47.742728,0
                13.052809,47.742573,0
                13.050115,47.740748,0
                13.041694,47.740812,0
                13.040235,47.741527,0
                13.040712,47.744078,0
                13.032649,47.747634,0
                13.014981,47.75228,0
                13.000865,47.754536,0
                12.985885,47.766155,0
                12.967102,47.769148,0
                12.932568,47.767599,0
                12.926701,47.76826,0
                12.901642,47.747789,0
                12.870576,47.732483,0
                12.866717,47.729202,0
                12.865363,47.72454,0
                12.873327,47.717621,0
                12.873226,47.716117,0
                12.851414,47.70557,0
                12.845711,47.698458,0
                12.844492,47.691436,0
                12.831202,47.679948,0
                12.825841,47.680402,0
                12.816531,47.683534,0
                12.812103,47.687243,0
                12.808505,47.686075,0
                12.801989,47.688132,0
                12.796332,47.685495,0
                12.790245,47.67937,0
                12.783992,47.6773,0
                12.772791,47.665864,0
                12.763103,47.667048,0
                12.758605,47.663284,0
                12.755466,47.663346,0
                12.745974,47.659772,0
                12.742371,47.655524,0
                12.736351,47.655151,0
                12.73133,47.648893,0
                12.731112,47.643045,0
                12.727661,47.642287,0
                12.729292,47.631157,0
                12.722174,47.627376,0
                12.719995,47.623732,0
                12.711548,47.619998,0
                12.708381,47.616471,0
                12.705564,47.608062,0
                12.708257,47.60602,0
                12.704626,47.604244,0
                12.702727,47.597665,0
                12.700031,47.596417,0
                12.695431,47.590883,0
                12.695221,47.588336,0
                12.699349,47.586321,0
                12.699028,47.584896,0
                12.691548,47.58567,0
                12.68266,47.579578,0
                12.6814087564758,47.5794987045389,0
                12.668676,47.578691,0
                12.662874,47.58015,0
                12.660166,47.579622,0
                12.654869,47.581551,0
                12.651069,47.581083,0
                12.627918,47.583388,0
                12.609073,47.587407,0
                12.58928,47.587451,0
                12.582224,47.585448,0
                12.57646,47.58532,0
                12.545476,47.591739,0
                12.5324,47.592365,0
                12.525594,47.588826,0
                12.516844,47.587786,0
                12.503546,47.581204,0
                12.498523,47.581687,0
                12.491691,47.579756,0
                12.484642,47.581363,0
                12.476512,47.585217,0
                12.475883,47.586969,0
                12.472549,47.576426,0
                12.467853,47.569836,0
                12.442918,47.55212,0
                12.436984,47.536535,0
                12.428668,47.528748,0
                12.429077,47.526346,0
                12.432383,47.523218,0
                12.441586,47.5194,0
                12.4514,47.517319,0
                12.459655,47.511555,0
                12.483492,47.502996,0
                12.491946,47.495717,0
                12.499438,47.494941,0
                12.506318,47.491728,0
                12.520379,47.491347,0
                12.527097,47.489452,0
                12.528233,47.487589,0
                12.533714,47.484988,0
                12.533914,47.482594,0
                12.53685,47.482656,0
                12.539358,47.479722,0
                12.545335,47.476513,0
                12.556418,47.472837,0
                12.562249,47.468172,0
                12.572048,47.466403,0
                12.574214,47.462714,0
                12.582062,47.462258,0
                12.5886,47.465867,0
                12.595065,47.463044,0
                12.59844,47.465299,0
                12.604356,47.466404,0
                12.609067,47.469779,0
                12.630761,47.469271,0
                12.6315154304213,47.4688389581763,0
                12.649919,47.458296,0
                12.662656,47.455145,0
                12.672335,47.454355,0
                12.678034,47.449197,0
                12.686052,47.448238,0
                12.69611,47.442678,0
                12.702405,47.442763,0
                12.708177,47.441002,0
                12.714221,47.441438,0
                12.720322,47.438962,0
                12.72505,47.438925,0
                12.728855,47.440697,0
                12.740864,47.440568,0
                12.754087,47.4389,0
                12.759537,47.440839,0
                12.768635,47.439754,0
                12.787048,47.440797,0
                12.798258,47.440151,0
                12.809511,47.441861,0
                12.822901,47.439557,0
                12.820142,47.436638,0
                12.82267,47.425189,0
                12.8262,47.420742,0
                12.829043,47.397671,0
                12.83437,47.395099,0
                12.835947,47.391584,0
                12.828507,47.385618,0
                12.823512,47.371121,0
                12.817654,47.367963,0
                12.811876,47.367272,0
                12.801046,47.362797,0
                12.8010194552948,47.362593554204,0
                12.796688,47.329375,0
                12.801794,47.324018,0
                12.794963,47.318904,0
                12.794573,47.313843,0
                12.795988,47.312114,0
                12.800343,47.311079,0
                12.804751,47.306416,0
                12.809995,47.304479,0
                12.812018,47.300723,0
                12.809325,47.291034,0
                12.813755,47.287349,0
                12.822889,47.287629,0
                12.82808,47.285811,0
                12.83801,47.284784,0
                12.844403,47.281836,0
                12.853302,47.283957,0
                12.858582,47.28313,0
                12.873046,47.283815,0
                12.884903,47.287554,0
                12.894412,47.288662,0
                12.924228,47.287413,0
                12.926285,47.2893,0
                12.933348,47.288531,0
                12.937229,47.291032,0
                12.946361,47.29233,0
                12.95168,47.292402,0
                12.959596,47.290024,0
                12.967635,47.289956,0
                12.974611,47.291786,0
                12.977365,47.294069,0
                12.981582,47.293989,0
                12.988067,47.296005,0
                12.995638,47.300882,0
                12.999371,47.301277,0
                13.008888,47.306532,0
                13.01375,47.305873,0
                13.022229,47.308047,0
                13.030167,47.306742,0
                13.035064,47.304313,0
                13.036716,47.301606,0
                13.041085,47.301219,0
                13.046652,47.298112,0
                13.051764,47.29701,0
                13.059815,47.296474,0
                13.074245,47.299069,0
                13.103007,47.301801,0
                13.109838,47.303613,0
                13.1116,47.306642,0
                13.117237,47.309821,0
                13.12793,47.311033,0
                13.132952,47.316371,0
                13.142466,47.315721,0
                13.148171,47.319658,0
                13.160766,47.319745,0
                13.1616746184302,47.3211621623366,0
                13.163232,47.323591,0
                13.169669,47.321809,0
                13.180498,47.32117,0
                13.182553,47.323174,0
                13.182226,47.327712,0
                13.187967,47.328234,0
                13.190247,47.333476,0
                13.194731,47.334344,0
                13.19777,47.336513,0
                13.197692,47.338057,0
                13.193264,47.340592,0
                13.19591,47.345117,0
                13.204879,47.341884,0
                13.207875,47.342027,0
                13.213246,47.335919,0
                13.229164,47.330099,0
                13.236032,47.330286,0
                13.243372,47.333776,0
                13.261008,47.333692,0
                13.265211,47.336084,0
                13.28231,47.336208,0
                13.286634,47.334666,0
                13.291456,47.335102,0
                13.292404,47.333621,0
                13.295642,47.333777,0
                13.303102,47.335955,0
                13.307895,47.343998,0
                13.312077,47.347723,0
                13.317725,47.34977,0
                13.324685,47.354468,0
                13.338737,47.357023,0
                13.343899,47.359151,0
                13.353516,47.357926,0
                13.369515,47.361458,0
                13.385062,47.362231,0
                13.39319,47.373862,0
                13.391421,47.376844,0
                13.395869,47.385776,0
                13.399162,47.3891,0
                13.405117,47.390557,0
                13.430719,47.379764,0
                13.436582,47.378857,0
                13.43897757826,47.3792233930349,0
                13.482727,47.385905,0
                13.496701,47.385473,0
                13.505146,47.388024,0
                13.513035,47.392851,0
                13.520059,47.395062,0
                13.536501,47.396361,0
                13.549963,47.399997,0
                13.57118,47.401718,0
                13.577141,47.401462,0
                13.58244,47.399355,0
                13.591312,47.392362,0
                13.600658,47.387763,0
                13.61094,47.386331,0
                13.618036,47.388597,0
                13.622623,47.387553,0
                13.634067,47.389062,0
                13.638119,47.387379,0
                13.641176,47.38831,0
                13.650926,47.38773,0
                13.655426,47.389376,0
                13.660453,47.388922,0
                13.67499,47.392642,0
                13.682017,47.39168,0
                13.687706,47.397604,0
                13.695253,47.398264,0
                13.699534,47.396636,0
                13.714783,47.401868,0
                13.717487,47.404059,0
                13.726296,47.405286,0
                13.732035,47.408455,0
                13.739895,47.410635,0
                13.74833,47.411506,0
                13.754972,47.4107,0
                13.762267,47.415098,0
                13.771171,47.418274,0
                13.776491,47.417793,0
                13.783434,47.418924,0
                13.783027,47.42146,0
                13.778182,47.424063,0
                13.768949,47.425377,0
                13.765407,47.42356,0
                13.752761,47.423071,0
                13.740279,47.418933,0
                13.732397,47.417742,0
                13.72385,47.420792,0
                13.721364,47.427689,0
                13.717939,47.428991,0
                13.678073,47.417451,0
                13.675323,47.418438,0
                13.665676,47.417456,0
                13.652669,47.418166,0
                13.641996,47.422445,0
                13.630506,47.421388,0
                13.613553,47.426197,0
                13.604112,47.42707,0
                13.596136,47.425609,0
                13.579042,47.427161,0
                13.570843,47.425495,0
                13.562832,47.42067,0
                13.559445,47.422788,0
                13.551576,47.42358,0
                13.541836,47.427495,0
                13.529483,47.429885,0
                13.527978,47.431499,0
                13.522358,47.431671,0
                13.520979,47.433947,0
                13.522524,47.440227,0
                13.517314,47.446698,0
                13.514748,47.455049,0
                13.517782,47.460408,0
                13.512705,47.462042,0
                13.50725,47.462234,0
              </coordinates>
            </LinearRing>
          </outerBoundaryIs>
        </Polygon>
      </Placemark>
      <Placemark>
        <name>25</name>
        <description><![CDATA[SOIUSA SUBDIVISIONS 36 SECTIONS<br> Number = 25<br> Code = SZ.25<br> Name = Oberösterreichisch-Salzkammmerguter Alpen<br> Perimeter = 514.31 km<br> Enclosed_Area = 5399.7 sq km<br> Island_Area = <br> Capleymar-Homoalpinus = https://www.homoalpinus.com/alpes/subdivisions/soiusa/<br> Created_By = Capleymar]]></description>
        <styleUrl>#poly-71B8FF-1000-153</styleUrl>
        <Polygon>
          <outerBoundaryIs>
            <LinearRing>
              <tessellate>1</tessellate>
              <coordinates>
                14.438688,47.707775,0
                14.438689,47.707775,0
                14.450715,47.706567,0
                14.455472,47.710498,0
                14.474951,47.710919,0
                14.48466,47.708211,0
                14.497869,47.707265,0
                14.511392,47.702736,0
                14.518123,47.70276,0
                14.522133,47.704384,0
                14.524026,47.707441,0
                14.526694,47.708249,0
                14.532402,47.713738,0
                14.536934,47.71369,0
                14.553382,47.719913,0
                14.571248,47.716369,0
                14.577919,47.718052,0
                14.581031,47.717175,0
                14.583219,47.718738,0
                14.586724,47.718319,0
                14.591179,47.721481,0
                14.592038,47.723801,0
                14.595734,47.723695,0
                14.603489,47.729768,0
                14.603996,47.728059,0
                14.610202,47.728387,0
                14.613962,47.730669,0
                14.618334,47.730813,0
                14.622878,47.729449,0
                14.62728,47.729841,0
                14.630789,47.728564,0
                14.631031,47.726224,0
                14.633766,47.726591,0
                14.63456,47.728235,0
                14.64344,47.727509,0
                14.646266,47.725337,0
                14.648281,47.72606,0
                14.647179,47.730428,0
                14.652269,47.738387,0
                14.650708,47.740199,0
                14.638906,47.744276,0
                14.640166,47.74823,0
                14.638832,47.750207,0
                14.641024,47.753396,0
                14.644247,47.755055,0
                14.643136,47.759749,0
                14.647769,47.768164,0
                14.651846,47.771063,0
                14.649243,47.774879,0
                14.6528514801496,47.7780437872874,0
                14.653301,47.778438,0
                14.651938,47.780856,0
                14.647242,47.78331,0
                14.645113,47.788044,0
                14.639664,47.793198,0
                14.645175,47.805009,0
                14.639117,47.813435,0
                14.639191,47.817134,0
                14.643249,47.823619,0
                14.641828,47.829313,0
                14.643823,47.835584,0
                14.637422,47.842503,0
                14.638731,47.852405,0
                14.648025,47.85377,0
                14.656611,47.85352,0
                14.667768,47.861121,0
                14.670472,47.863392,0
                14.67044,47.866668,0
                14.676354,47.870302,0
                14.676571,47.87373,0
                14.681174,47.877977,0
                14.681078,47.880632,0
                14.694615,47.892098,0
                14.704935,47.892955,0
                14.705756,47.89175,0
                14.708734,47.891283,0
                14.709506,47.892125,0
                14.709868,47.890936,0
                14.71254,47.89085,0
                14.723755,47.895504,0
                14.73227,47.894254,0
                14.738353,47.898748,0
                14.750874,47.90261,0
                14.756005,47.906717,0
                14.76836,47.910095,0
                14.769727,47.918906,0
                14.767708,47.921774,0
                14.766765,47.928605,0
                14.764065,47.932022,0
                14.765801,47.941514,0
                14.76347,47.951171,0
                14.771914,47.958017,0
                14.773313,47.963673,0
                14.765122,47.970147,0
                14.758592,47.972516,0
                14.752295,47.979023,0
                14.753141,47.983218,0
                14.751603,47.985707,0
                14.740773,47.987882,0
                14.736384,47.990887,0
                14.737241,48.000324,0
                14.733003,48.005098,0
                14.739851,48.013945,0
                14.746759,48.016139,0
                14.746574,48.019086,0
                14.751223,48.020679,0
                14.752807,48.022976,0
                14.776587,48.026575,0
                14.781881,48.032929,0
                14.780221,48.036195,0
                14.785077,48.040177,0
                14.773123,48.037964,0
                14.75185,48.037044,0
                14.712216,48.030072,0
                14.692834,48.032233,0
                14.678258,48.035449,0
                14.645422,48.037923,0
                14.569695,48.048431,0
                14.559882,48.049351,0
                14.524261,48.049308,0
                14.518302,48.048803,0
                14.498022,48.040619,0
                14.489983,48.040867,0
                14.47202,48.038439,0
                14.464436,48.038945,0
                14.451134,48.044249,0
                14.444537,48.043608,0
                14.440401,48.042352,0
                14.432431,48.028154,0
                14.426888,48.028698,0
                14.423464,48.027446,0
                14.418254,48.024787,0
                14.41627,48.018848,0
                14.40604,48.01692,0
                14.403208,48.01801,0
                14.400525,48.022465,0
                14.408396,48.028085,0
                14.408218,48.03966,0
                14.398539,48.040047,0
                14.395603,48.042103,0
                14.38632,48.041623,0
                14.373744,48.045101,0
                14.366035,48.049399,0
                14.34159,48.05144,0
                14.339227,48.05016,0
                14.336263,48.043787,0
                14.330628,48.043334,0
                14.329499,48.042233,0
                14.32998,48.03968,0
                14.335496,48.036846,0
                14.336936,48.033885,0
                14.334971,48.027668,0
                14.312587,48.016837,0
                14.306643,48.008422,0
                14.284351,47.999697,0
                14.276849,47.99377,0
                14.256742,47.988493,0
                14.22474,47.982605,0
                14.204721,47.976073,0
                14.185854,47.975042,0
                14.171104,47.972416,0
                14.165291,47.974095,0
                14.160006,47.972506,0
                14.154708,47.972602,0
                14.149328,47.970808,0
                14.141531,47.965169,0
                14.135916,47.958604,0
                14.126273,47.94055,0
                14.113477,47.930309,0
                14.112153,47.926441,0
                14.121631,47.912733,0
                14.124562,47.910419,0
                14.130024,47.910433,0
                14.131943,47.909169,0
                14.131705,47.905198,0
                14.138004,47.89267,0
                14.139126,47.881567,0
                14.133792,47.875066,0
                14.125781,47.871755,0
                14.11714,47.874948,0
                14.108891,47.880951,0
                14.101898,47.896613,0
                14.085803,47.918521,0
                14.06231,47.939189,0
                14.054833,47.943552,0
                14.039326,47.949148,0
                14.027267,47.950951,0
                14.022596,47.95132,0
                14.012069,47.947683,0
                14.004531,47.947619,0
                13.998556,47.953398,0
                13.980666,47.965457,0
                13.962877,47.970594,0
                13.954383,47.969323,0
                13.938107,47.970152,0
                13.920098,47.974305,0
                13.91216,47.974311,0
                13.905122,47.969582,0
                13.885578,47.950025,0
                13.882675,47.949214,0
                13.880213,47.940658,0
                13.875123,47.933837,0
                13.86349,47.931469,0
                13.85114,47.934614,0
                13.831872,47.933306,0
                13.829421,47.931746,0
                13.822518,47.920322,0
                13.806988,47.906375,0
                13.803878,47.900111,0
                13.803442,47.893998,0
                13.806502,47.892347,0
                13.808544,47.888381,0
                13.8077062670036,47.8846877671219,0
                13.807267,47.882751,0
                13.813808,47.878574,0
                13.814094,47.869292,0
                13.81594,47.864474,0
                13.814154,47.861237,0
                13.814147,47.85341,0
                13.810354,47.848876,0
                13.807822,47.842487,0
                13.807528,47.83759,0
                13.809341,47.835244,0
                13.807565,47.832896,0
                13.808333,47.827075,0
                13.806517,47.824062,0
                13.802621,47.822001,0
                13.794863,47.809804,0
                13.791166,47.810914,0
                13.784061,47.80976,0
                13.782201,47.811622,0
                13.785232,47.812579,0
                13.782233,47.814568,0
                13.777879,47.813102,0
                13.774516,47.813798,0
                13.777058,47.818391,0
                13.786788,47.823436,0
                13.791464,47.828857,0
                13.786216,47.833186,0
                13.784801,47.837392,0
                13.786623,47.838274,0
                13.789288,47.843748,0
                13.792486,47.844243,0
                13.792155,47.846203,0
                13.782461,47.846559,0
                13.776904,47.850817,0
                13.778285,47.85255,0
                13.766124,47.856815,0
                13.745784,47.858159,0
                13.740373,47.859746,0
                13.736684,47.870851,0
                13.713648,47.874405,0
                13.709672,47.877084,0
                13.709625,47.8797,0
                13.712912,47.88113,0
                13.712357,47.883744,0
                13.714365,47.887251,0
                13.719746,47.890099,0
                13.713794,47.895162,0
                13.7131294398857,47.8962093900127,0
                13.711049,47.899488,0
                13.713113,47.902494,0
                13.709412,47.904057,0
                13.709233,47.906666,0
                13.713463,47.909173,0
                13.715692,47.91247,0
                13.719527,47.913463,0
                13.724259,47.9172,0
                13.730335,47.917628,0
                13.736264,47.921368,0
                13.745847,47.922258,0
                13.75361,47.925367,0
                13.75745,47.938652,0
                13.752793,47.949036,0
                13.744321,47.954925,0
                13.740367,47.956044,0
                13.735281,47.954543,0
                13.734887,47.950344,0
                13.73074,47.948194,0
                13.722308,47.948381,0
                13.718098,47.951003,0
                13.7162982152448,47.9508848671293,0
                13.713376,47.950693,0
                13.7092,47.947814,0
                13.702056,47.947413,0
                13.698725,47.948064,0
                13.695122,47.950988,0
                13.69142,47.951553,0
                13.675947,47.948016,0
                13.664115,47.949002,0
                13.652039,47.948305,0
                13.641274,47.949832,0
                13.630859,47.944469,0
                13.624283,47.938991,0
                13.599925,47.935574,0
                13.599206,47.936705,0
                13.593178,47.936235,0
                13.585586,47.932071,0
                13.5765609486227,47.9127005607626,0
                13.575273,47.909935,0
                13.569341,47.90913,0
                13.565837,47.903205,0
                13.567543,47.899911,0
                13.570649,47.89943,0
                13.571277,47.897768,0
                13.568505,47.889059,0
                13.569121,47.878756,0
                13.566594,47.877031,0
                13.566037,47.874423,0
                13.566592,47.869853,0
                13.556147,47.852255,0
                13.547843,47.84495,0
                13.546671,47.841845,0
                13.542876,47.840052,0
                13.546581,47.835273,0
                13.545135,47.830537,0
                13.547414,47.820513,0
                13.546303,47.813098,0
                13.547508,47.805664,0
                13.543538,47.801257,0
                13.535267,47.801339,0
                13.528701,47.797644,0
                13.510289,47.796726,0
                13.508106,47.794997,0
                13.508252,47.791373,0
                13.502345,47.78952,0
                13.49839,47.789555,0
                13.494576,47.792144,0
                13.490717,47.789565,0
                13.488281,47.790097,0
                13.484258,47.793528,0
                13.48389,47.799291,0
                13.492474,47.806406,0
                13.505526,47.812274,0
                13.509549,47.822737,0
                13.516907,47.82698,0
                13.521102,47.832638,0
                13.527014,47.835223,0
                13.526703,47.838509,0
                13.520854,47.8428,0
                13.528093,47.848237,0
                13.529053,47.857569,0
                13.528389,47.860863,0
                13.522139,47.866462,0
                13.524828,47.875134,0
                13.52722,47.878344,0
                13.530037,47.87954,0
                13.531703,47.882018,0
                13.531125,47.885821,0
                13.533755,47.888244,0
                13.531439,47.891101,0
                13.532217,47.90133,0
                13.52874,47.90475,0
                13.528854,47.90879,0
                13.540968,47.915809,0
                13.5414403873319,47.9169136392139,0
                13.542304,47.918933,0
                13.546491,47.922322,0
                13.544288,47.92839,0
                13.539806,47.932519,0
                13.533593,47.935225,0
                13.524779,47.9357,0
                13.509152,47.930912,0
                13.497957,47.925642,0
                13.495914,47.923043,0
                13.4960304433616,47.9223441493381,0
                13.496435,47.919916,0
                13.490995,47.915832,0
                13.481933,47.914114,0
                13.47052,47.917208,0
                13.468546,47.91936,0
                13.4697588412711,47.9254772390083,0
                13.471461,47.93406,0
                13.47011,47.93687,0
                13.459239,47.943645,0
                13.450742,47.94675,0
                13.446045,47.950412,0
                13.438576,47.953166,0
                13.430018,47.953284,0
                13.429147,47.95943,0
                13.419171,47.962011,0
                13.411243,47.970574,0
                13.405437,47.973692,0
                13.391804,47.97265,0
                13.390894,47.968498,0
                13.387336,47.966848,0
                13.377933,47.965441,0
                13.374501,47.962591,0
                13.364725,47.958893,0
                13.35974,47.954471,0
                13.360789,47.946426,0
                13.355651,47.943393,0
                13.348161,47.945875,0
                13.347596,47.953016,0
                13.341398,47.957142,0
                13.340825,47.962485,0
                13.338067,47.963989,0
                13.324141,47.959914,0
                13.314082,47.955056,0
                13.3169506952593,47.9435745412734,0
                13.320296,47.930179,0
                13.317512,47.928154,0
                13.310032,47.928966,0
                13.310325,47.920377,0
                13.308686,47.916341,0
                13.314358,47.907583,0
                13.311948,47.904161,0
                13.312238,47.896873,0
                13.315374,47.891301,0
                13.309598,47.890524,0
                13.308086,47.892531,0
                13.303517,47.892159,0
                13.302533,47.893486,0
                13.302407,47.900127,0
                13.300292,47.902729,0
                13.302848,47.905171,0
                13.301356,47.910581,0
                13.301805,47.918848,0
                13.297643,47.923684,0
                13.298411,47.930813,0
                13.292457,47.940566,0
                13.2910276986519,47.9466232809801,0
                13.290771,47.947711,0
                13.288322,47.950058,0
                13.289551,47.954828,0
                13.288445,47.95964,0
                13.284759,47.962715,0
                13.28091,47.96388,0
                13.267298,47.96474,0
                13.265334,47.963525,0
                13.263945,47.95815,0
                13.25629,47.955942,0
                13.2557603379824,47.9507610458751,0
                13.255745,47.950611,0
                13.251535,47.944241,0
                13.228488,47.930351,0
                13.226602,47.926967,0
                13.227937,47.920675,0
                13.208081,47.910188,0
                13.20007,47.90313,0
                13.199701,47.90039,0
                13.204174,47.897201,0
                13.208232,47.889302,0
                13.211153,47.887744,0
                13.21095,47.884942,0
                13.208056,47.884045,0
                13.20484,47.874806,0
                13.207891,47.871417,0
                13.215517,47.868048,0
                13.215366,47.867117,0
                13.176971,47.859047,0
                13.157719,47.861623,0
                13.145865,47.864534,0
                13.137066,47.863492,0
                13.118544,47.855212,0
                13.113445,47.850028,0
                13.112344,47.843443,0
                13.106047,47.838828,0
                13.096222,47.835199,0
                13.094885,47.833129,0
                13.086898,47.831134,0
                13.083646,47.826713,0
                13.071141,47.816375,0
                13.077669,47.813363,0
                13.075069,47.809627,0
                13.07279,47.809745,0
                13.073146,47.808303,0
                13.081128,47.80772,0
                13.07987,47.803416,0
                13.083151,47.799866,0
                13.08767,47.799533,0
                13.092543,47.795814,0
                13.092322,47.79449,0
                13.090074,47.794369,0
                13.089759,47.790398,0
                13.092875,47.784374,0
                13.092872,47.775654,0
                13.088537,47.771703,0
                13.092745,47.76985,0
                13.092953,47.768348,0
                13.088859,47.763636,0
                13.087519,47.759312,0
                13.092075,47.755661,0
                13.089808,47.749458,0
                13.087018,47.747413,0
                13.079979,47.745883,0
                13.082418,47.735185,0
                13.08309,47.719958,0
                13.077125,47.704473,0
                13.077363,47.70126,0
                13.085567,47.688942,0
                13.090799,47.684533,0
                13.097397,47.682173,0
                13.100561,47.675433,0
                13.106808,47.673145,0
                13.114911,47.672826,0
                13.121163,47.669421,0
                13.121297,47.667414,0
                13.116453,47.661885,0
                13.116448,47.659073,0
                13.121282,47.653615,0
                13.122663,47.64746,0
                13.129777,47.642909,0
                13.130934,47.635536,0
                13.138221,47.6316,0
                13.138464,47.62447,0
                13.140206,47.621194,0
                13.14683,47.618514,0
                13.147371,47.611234,0
                13.155687,47.609795,0
                13.161002,47.603625,0
                13.164051,47.596347,0
                13.16111,47.58559,0
                13.162112,47.583639,0
                13.16822,47.582677,0
                13.169658,47.584189,0
                13.1741,47.585115,0
                13.185039,47.582871,0
                13.186982,47.58861,0
                13.200745,47.590888,0
                13.213652,47.58674,0
                13.223307,47.58526,0
                13.238237,47.579935,0
                13.244455,47.581076,0
                13.250556,47.577771,0
                13.259124,47.579313,0
                13.265297,47.576507,0
                13.26864,47.578077,0
                13.265782,47.582642,0
                13.267585,47.587028,0
                13.273523,47.5898,0
                13.279125,47.589242,0
                13.282341,47.590199,0
                13.285538,47.58738,0
                13.293472,47.594048,0
                13.299798,47.595598,0
                13.319451,47.592494,0
                13.324482,47.59349,0
                13.333347,47.590103,0
                13.340198,47.58928,0
                13.343567,47.585766,0
                13.34783,47.585531,0
                13.352983,47.582736,0
                13.361422,47.582234,0
                13.365187,47.579642,0
                13.372632,47.578131,0
                13.378808,47.574472,0
                13.383543,47.57477,0
                13.39206,47.57014,0
                13.398595,47.561861,0
                13.402764,47.560534,0
                13.405139,47.557393,0
                13.40841,47.557188,0
                13.41441,47.549472,0
                13.412891,47.546202,0
                13.418651,47.54487,0
                13.42181,47.541619,0
                13.421395,47.537189,0
                13.425293,47.531775,0
                13.425707,47.526964,0
                13.430899,47.523174,0
                13.430127,47.510857,0
                13.434058,47.509443,0
                13.431818,47.506795,0
                13.425067,47.504969,0
                13.424068,47.502817,0
                13.421206,47.502379,0
                13.420269,47.500943,0
                13.41409,47.499842,0
                13.411051,47.497073,0
                13.407906,47.497804,0
                13.404597,47.496629,0
                13.408539,47.490821,0
                13.413073,47.488956,0
                13.422878,47.488887,0
                13.425051,47.487816,0
                13.43862,47.491544,0
                13.443579,47.490137,0
                13.449895,47.484658,0
                13.454124,47.482751,0
                13.473439,47.481709,0
                13.4865156549064,47.4781563810263,0
                13.488195,47.4777,0
                13.492919,47.474991,0
                13.48365,47.464591,0
                13.48734,47.454472,0
                13.496515,47.455841,0
                13.507505,47.462309,0
                13.517004,47.460951,0
                13.517908,47.459128,0
                13.514748,47.455049,0
                13.517314,47.446698,0
                13.522524,47.440227,0
                13.520979,47.433947,0
                13.522229,47.431774,0
                13.527978,47.431499,0
                13.529483,47.429885,0
                13.541836,47.427495,0
                13.551576,47.42358,0
                13.559445,47.422788,0
                13.562832,47.42067,0
                13.570843,47.425495,0
                13.579042,47.427161,0
                13.596136,47.425609,0
                13.604112,47.42707,0
                13.613553,47.426197,0
                13.630506,47.421388,0
                13.641996,47.422445,0
                13.652669,47.418166,0
                13.665676,47.417456,0
                13.675323,47.418438,0
                13.678073,47.417451,0
                13.717939,47.428991,0
                13.721364,47.427689,0
                13.72385,47.420792,0
                13.732397,47.417742,0
                13.740279,47.418933,0
                13.752761,47.423071,0
                13.765407,47.42356,0
                13.768123,47.425252,0
                13.772275,47.42539,0
                13.782101,47.422402,0
                13.783434,47.418924,0
                13.787549,47.417227,0
                13.795096,47.419669,0
                13.804568,47.419309,0
                13.817501,47.421379,0
                13.83622,47.417198,0
                13.84494,47.42325,0
                13.854209,47.419512,0
                13.864443,47.419988,0
                13.875118,47.425728,0
                13.881197,47.425652,0
                13.890926,47.430691,0
                13.899857,47.431306,0
                13.908196,47.428577,0
                13.910678,47.428813,0
                13.93129,47.43748,0
                13.93714,47.443154,0
                13.944591,47.443714,0
                13.94815,47.448971,0
                13.965182,47.456118,0
                13.97922,47.458332,0
                13.981923,47.462538,0
                14.001103,47.470602,0
                14.001379,47.477282,0
                14.013095,47.48714,0
                14.015675,47.488448,0
                14.023334,47.48772,0
                14.033441,47.491194,0
                14.048389,47.505969,0
                14.061162,47.507375,0
                14.068657,47.506412,0
                14.079434,47.508476,0
                14.087059,47.515309,0
                14.092498,47.526113,0
                14.095442,47.526523,0
                14.104241,47.524137,0
                14.111359,47.525352,0
                14.12074,47.52911,0
                14.134927,47.539563,0
                14.144151,47.544311,0
                14.152423,47.545345,0
                14.180993,47.545079,0
                14.205507,47.555374,0
                14.247607,47.551849,0
                14.244423,47.555536,0
                14.246646,47.559147,0
                14.246723,47.564229,0
                14.244781,47.56542,0
                14.24552,47.568011,0
                14.243791,47.568819,0
                14.245854,47.571716,0
                14.26523,47.578932,0
                14.273905,47.583612,0
                14.276182,47.58766,0
                14.284203,47.594104,0
                14.281508,47.603115,0
                14.284891,47.608073,0
                14.285096,47.611255,0
                14.292165,47.613673,0
                14.298843,47.619611,0
                14.304875,47.622832,0
                14.325315,47.631694,0
                14.329994,47.638042,0
                14.332157,47.644269,0
                14.336308,47.648752,0
                14.335787,47.65315,0
                14.339753,47.66436,0
                14.347788,47.67093,0
                14.349056,47.675432,0
                14.346589,47.690335,0
                14.343424,47.694789,0
                14.344081,47.698954,0
                14.342524,47.702633,0
                14.343743,47.706646,0
                14.340556,47.710945,0
                14.335061,47.713332,0
                14.333375,47.716206,0
                14.334392,47.718091,0
                14.346926,47.718073,0
                14.349184,47.715991,0
                14.356966,47.719704,0
                14.359839,47.719309,0
                14.367512,47.721327,0
                14.374378,47.718409,0
                14.377088,47.718729,0
                14.376706,47.716121,0
                14.381664,47.712838,0
                14.396303,47.71243,0
                14.401675,47.714441,0
                14.40792,47.713361,0
                14.420565,47.713824,0
                14.427761,47.712387,0
                14.438688,47.707775,0
              </coordinates>
            </LinearRing>
          </outerBoundaryIs>
        </Polygon>
      </Placemark>
      <Placemark>
        <name>26</name>
        <description><![CDATA[SOIUSA SUBDIVISIONS 36 SECTIONS<br> Number = 26<br> Code = SZ.26<br> Name = Steirische Nordalpen<br> Perimeter = 406.75 km<br> Enclosed_Area = 3509.2 sq km<br> Island_Area = <br> Capleymar-Homoalpinus = https://www.homoalpinus.com/alpes/subdivisions/soiusa/<br> Created_By = Capleymar]]></description>
        <styleUrl>#poly-71B8FF-1000-153</styleUrl>
        <Polygon>
          <outerBoundaryIs>
            <LinearRing>
              <tessellate>1</tessellate>
              <coordinates>
                14.438688,47.707777,0
                14.427761,47.712389,0
                14.420565,47.713826,0
                14.40792,47.713362,0
                14.401675,47.714443,0
                14.396303,47.712433,0
                14.381664,47.71284,0
                14.376706,47.716123,0
                14.377088,47.71873,0
                14.374378,47.71841,0
                14.367512,47.721327,0
                14.359839,47.719311,0
                14.356966,47.719705,0
                14.349184,47.715993,0
                14.346926,47.718075,0
                14.334392,47.718093,0
                14.333375,47.716208,0
                14.335061,47.713334,0
                14.340556,47.710947,0
                14.343743,47.706648,0
                14.342524,47.702636,0
                14.344081,47.698956,0
                14.343424,47.694791,0
                14.346589,47.690338,0
                14.349056,47.675434,0
                14.347788,47.670932,0
                14.339753,47.664362,0
                14.335787,47.653152,0
                14.336308,47.648754,0
                14.332157,47.644271,0
                14.329994,47.638044,0
                14.325315,47.631694,0
                14.304875,47.622834,0
                14.298843,47.619613,0
                14.292165,47.613675,0
                14.285096,47.611257,0
                14.284891,47.608074,0
                14.281508,47.603116,0
                14.284202,47.594106,0
                14.276182,47.58766,0
                14.273905,47.583612,0
                14.26523,47.578933,0
                14.245854,47.571718,0
                14.243791,47.56882,0
                14.24552,47.568013,0
                14.24478,47.565422,0
                14.246722,47.564231,0
                14.246646,47.559149,0
                14.244423,47.555538,0
                14.247608,47.551851,0
                14.267168,47.554302,0
                14.283164,47.561824,0
                14.286012,47.56162,0
                14.29048,47.558171,0
                14.293116,47.558036,0
                14.309593,47.565881,0
                14.31334,47.570557,0
                14.317456,47.572225,0
                14.325346,47.572157,0
                14.329953,47.574324,0
                14.335391,47.574262,0
                14.336628,47.573349,0
                14.334999,47.571851,0
                14.330846,47.570917,0
                14.305942,47.548274,0
                14.308473,47.535891,0
                14.313623,47.532639,0
                14.327421,47.53028,0
                14.333842,47.52679,0
                14.344114,47.52565,0
                14.352173,47.525212,0
                14.354435,47.526714,0
                14.365802,47.527446,0
                14.368809,47.525479,0
                14.423699,47.514262,0
                14.430868,47.511148,0
                14.437346,47.511362,0
                14.455735,47.509036,0
                14.464958,47.505448,0
                14.467432,47.501156,0
                14.472154,47.497302,0
                14.489668,47.497443,0
                14.505493,47.489306,0
                14.525853,47.486031,0
                14.531391,47.483634,0
                14.54049,47.483848,0
                14.555356,47.481885,0
                14.56248,47.482469,0
                14.576489,47.476132,0
                14.584699,47.475242,0
                14.591671,47.472357,0
                14.595082,47.471981,0
                14.601031,47.473546,0
                14.608003,47.471684,0
                14.609837,47.469588,0
                14.636331,47.468017,0
                14.638366,47.46567,0
                14.647889,47.461666,0
                14.655091,47.456707,0
                14.664289,47.453312,0
                14.667298,47.449972,0
                14.676138,47.449498,0
                14.68604,47.442399,0
                14.689579,47.437417,0
                14.698836,47.435765,0
                14.71025,47.428751,0
                14.720035,47.425368,0
                14.734132,47.42433,0
                14.737994,47.422873,0
                14.746185,47.424348,0
                14.75142,47.423984,0
                14.754126,47.420574,0
                14.764164,47.418415,0
                14.766268,47.416971,0
                14.774993,47.415805,0
                14.779805,47.409924,0
                14.789227,47.407232,0
                14.790913,47.403145,0
                14.795328,47.40275,0
                14.797429,47.401164,0
                14.802564,47.401973,0
                14.816823,47.397235,0
                14.82671,47.395744,0
                14.832422,47.39628,0
                14.83657,47.394858,0
                14.854944,47.397219,0
                14.856279,47.395727,0
                14.859961,47.395034,0
                14.862671,47.395786,0
                14.869127,47.392618,0
                14.870734,47.39376,0
                14.878888,47.392037,0
                14.880269,47.389559,0
                14.890851,47.38654,0
                14.901534,47.387358,0
                14.908064,47.389687,0
                14.91129,47.389361,0
                14.91925,47.39265,0
                14.920694,47.392226,0
                14.920353,47.390925,0
                14.923278,47.390167,0
                14.936448,47.389959,0
                14.940504,47.387426,0
                14.947552,47.37932,0
                14.953907,47.378457,0
                14.958634,47.376374,0
                14.962571,47.376776,0
                14.974414,47.372932,0
                14.983808,47.372032,0
                14.983992,47.370942,0
                14.989664,47.369268,0
                14.993975,47.36617,0
                15.005048,47.362793,0
                15.008166,47.357105,0
                15.010027,47.348496,0
                15.013372,47.34426,0
                15.014106,47.339308,0
                15.020967,47.33612,0
                15.021429,47.333756,0
                15.026759,47.332266,0
                15.033426,47.336082,0
                15.03109,47.340859,0
                15.040282,47.34048,0
                15.044552,47.336886,0
                15.053964,47.341759,0
                15.055037,47.3458,0
                15.052177,47.353869,0
                15.058326,47.357766,0
                15.0619,47.35795,0
                15.066575,47.355347,0
                15.072396,47.359851,0
                15.078013,47.357081,0
                15.091027,47.357261,0
                15.088528,47.364121,0
                15.089984,47.365354,0
                15.096326,47.365976,0
                15.097446,47.368973,0
                15.093377,47.378332,0
                15.087193,47.381957,0
                15.09349,47.388155,0
                15.09791,47.387932,0
                15.096522,47.383147,0
                15.099695,47.379655,0
                15.102332,47.379475,0
                15.104678,47.380947,0
                15.103298,47.385334,0
                15.104978,47.388284,0
                15.128632,47.386665,0
                15.129075,47.391501,0
                15.126398,47.393636,0
                15.137894,47.392435,0
                15.148075,47.397401,0
                15.149974,47.400738,0
                15.155386,47.39815,0
                15.175565,47.403376,0
                15.186022,47.402315,0
                15.1881397342054,47.4031046806015,0
                15.193073,47.404944,0
                15.201394,47.411467,0
                15.206738,47.413248,0
                15.210643,47.412079,0
                15.213614,47.407522,0
                15.227987,47.405105,0
                15.231268,47.401348,0
                15.234824,47.399995,0
                15.241198,47.403469,0
                15.247834,47.402427,0
                15.25432,47.405653,0
                15.27554,47.409634,0
                15.273708,47.413241,0
                15.277925,47.414925,0
                15.280269,47.41842,0
                15.27984,47.420421,0
                15.27437,47.424572,0
                15.273192,47.427243,0
                15.269009,47.429248,0
                15.269234,47.430772,0
                15.273385,47.431843,0
                15.281744,47.43713,0
                15.288922,47.434163,0
                15.28728,47.440673,0
                15.294873,47.441842,0
                15.297591,47.445405,0
                15.308867,47.444243,0
                15.312976,47.447616,0
                15.327739,47.450227,0
                15.327503,47.453339,0
                15.322353,47.456783,0
                15.323432,47.459025,0
                15.333102,47.458777,0
                15.339294,47.463448,0
                15.349557,47.466334,0
                15.355035,47.465995,0
                15.360096,47.463326,0
                15.37842,47.466423,0
                15.378589,47.469172,0
                15.388972,47.475948,0
                15.390004,47.480549,0
                15.391894,47.481114,0
                15.397117,47.479852,0
                15.407147,47.48918,0
                15.413084,47.48977,0
                15.417907,47.493136,0
                15.421306,47.498759,0
                15.430433,47.499631,0
                15.436788,47.502259,0
                15.439238,47.501335,0
                15.439862,47.498744,0
                15.442593,47.498052,0
                15.451655,47.504432,0
                15.452957,47.511142,0
                15.460839,47.5127,0
                15.465292,47.51204,0
                15.470384,47.514379,0
                15.470873,47.516008,0
                15.465126,47.521773,0
                15.464346,47.524445,0
                15.470639,47.524824,0
                15.473799,47.526298,0
                15.478939,47.525558,0
                15.490404,47.526466,0
                15.492009,47.528216,0
                15.494666,47.528287,0
                15.49252,47.531935,0
                15.496181,47.532898,0
                15.497453,47.535783,0
                15.500923,47.535322,0
                15.50599,47.536976,0
                15.509914,47.536482,0
                15.514959,47.537535,0
                15.515237,47.53999,0
                15.526531,47.54959,0
                15.534227,47.548176,0
                15.536607,47.551722,0
                15.543006,47.549767,0
                15.546882,47.550517,0
                15.550652,47.547511,0
                15.5501,47.545101,0
                15.553836,47.544719,0
                15.565362,47.552179,0
                15.56565,47.555984,0
                15.577893,47.557618,0
                15.584195,47.562554,0
                15.58934,47.562532,0
                15.592456,47.559199,0
                15.597291,47.56089,0
                15.600174,47.558782,0
                15.60747,47.559504,0
                15.606871,47.563017,0
                15.60961,47.566168,0
                15.614339,47.567148,0
                15.621668,47.571571,0
                15.63,47.572416,0
                15.631415,47.57468,0
                15.642622,47.579763,0
                15.64691,47.583311,0
                15.654392,47.58396,0
                15.652591,47.587095,0
                15.654202,47.589471,0
                15.661541,47.592426,0
                15.663695,47.594326,0
                15.664972,47.598788,0
                15.674412,47.606505,0
                15.69015,47.607585,0
                15.696582,47.606405,0
                15.700537,47.604407,0
                15.711191,47.605899,0
                15.716369,47.601649,0
                15.727748,47.599498,0
                15.730783,47.604754,0
                15.744619,47.613194,0
                15.753914,47.615896,0
                15.759901,47.613967,0
                15.771314,47.615046,0
                15.777111,47.618059,0
                15.8022659128899,47.6222913830422,0
                15.804286,47.622631,0
                15.830271,47.633213,0
                15.837663,47.633685,0
                15.8429,47.635343,0
                15.851578,47.639893,0
                15.857436,47.644926,0
                15.864072,47.64716,0
                15.868836,47.650696,0
                15.873634,47.659767,0
                15.883082,47.658059,0
                15.890068,47.65957,0
                15.902481,47.657943,0
                15.908134,47.659922,0
                15.915944,47.660119,0
                15.923963,47.66343,0
                15.926199,47.666195,0
                15.932049,47.667426,0
                15.933658,47.669891,0
                15.931366,47.67215,0
                15.931242,47.67478,0
                15.933033,47.675773,0
                15.948849,47.676952,0
                15.953586,47.674144,0
                15.957188,47.67378,0
                15.978201,47.679467,0
                15.990261,47.688245,0
                16.012533,47.69327,0
                16.031451,47.70937,0
                16.039451,47.712427,0
                16.030086,47.7184,0
                16.024526,47.720106,0
                16.017581,47.721127,0
                16.013613,47.720292,0
                16.011707,47.721619,0
                16.011648,47.720369,0
                16.009886,47.72008,0
                16.002462,47.721865,0
                15.997529,47.721263,0
                15.986635,47.726306,0
                15.984607,47.730631,0
                15.979639,47.732031,0
                15.975665,47.735862,0
                15.976161,47.739724,0
                15.979183,47.743694,0
                15.985686,47.748348,0
                15.984565,47.750747,0
                15.981287,47.752218,0
                15.983436,47.75704,0
                15.968108,47.760974,0
                15.959189,47.760757,0
                15.958316,47.76247,0
                15.944905,47.764984,0
                15.934806,47.770977,0
                15.927883,47.771837,0
                15.921609,47.776497,0
                15.922051,47.779805,0
                15.914414,47.787683,0
                15.906095,47.791495,0
                15.902437,47.790999,0
                15.891637,47.793017,0
                15.865977,47.7893,0
                15.857814,47.792191,0
                15.857273,47.79454,0
                15.850025,47.799294,0
                15.841944,47.800566,0
                15.83954,47.804024,0
                15.83104,47.803949,0
                15.814496,47.807007,0
                15.805049,47.810703,0
                15.775389,47.806874,0
                15.772073,47.808649,0
                15.766963,47.809198,0
                15.761178,47.807783,0
                15.753414,47.807788,0
                15.737417,47.790983,0
                15.730746,47.789124,0
                15.729813,47.787508,0
                15.727915,47.789636,0
                15.723395,47.789216,0
                15.71938,47.793059,0
                15.713171,47.795974,0
                15.706738,47.803961,0
                15.705451,47.808277,0
                15.706712,47.810147,0
                15.703914,47.81527,0
                15.6997,47.815679,0
                15.695815,47.818601,0
                15.695791,47.820648,0
                15.692354,47.821978,0
                15.69301,47.827342,0
                15.689777,47.830116,0
                15.691384,47.831104,0
                15.688641,47.834188,0
                15.691378,47.838478,0
                15.69347,47.839124,0
                15.692652,47.842735,0
                15.695252,47.843728,0
                15.695406,47.846513,0
                15.697622,47.847167,0
                15.696884,47.854666,0
                15.683734,47.856889,0
                15.680828,47.860815,0
                15.673596,47.863203,0
                15.665277,47.858382,0
                15.664681,47.856271,0
                15.658115,47.850142,0
                15.650709,47.845182,0
                15.642866,47.844191,0
                15.634006,47.840138,0
                15.62608,47.840653,0
                15.619252,47.844103,0
                15.610461,47.844696,0
                15.606415,47.850797,0
                15.598797,47.851389,0
                15.594868,47.852969,0
                15.58835,47.861189,0
                15.575671,47.858157,0
                15.571265,47.854441,0
                15.562154,47.854279,0
                15.560341,47.853286,0
                15.55919,47.84965,0
                15.554896,47.848045,0
                15.554732,47.846308,0
                15.548996,47.842474,0
                15.548558,47.830785,0
                15.550693,47.828111,0
                15.551263,47.823341,0
                15.545188,47.815929,0
                15.541988,47.816077,0
                15.531106,47.820716,0
                15.516862,47.822677,0
                15.505429,47.829489,0
                15.489386,47.830564,0
                15.48444,47.828431,0
                15.47804,47.828279,0
                15.464718,47.819585,0
                15.458741,47.81908,0
                15.457338,47.816205,0
                15.453185,47.814806,0
                15.449522,47.807312,0
                15.444066,47.805703,0
                15.445686,47.800401,0
                15.441692,47.796152,0
                15.44254,47.794466,0
                15.440002,47.790822,0
                15.441058,47.785692,0
                15.450129,47.773303,0
                15.445828,47.767457,0
                15.439196,47.767037,0
                15.433488,47.768377,0
                15.429885,47.766303,0
                15.42537,47.766111,0
                15.415508,47.762072,0
                15.412005,47.761672,0
                15.407018,47.763486,0
                15.403365,47.762213,0
                15.398165,47.76318,0
                15.388428,47.759939,0
                15.386746,47.761351,0
                15.3848625008884,47.7615280747956,0
                15.383725,47.761635,0
                15.381278,47.760346,0
                15.3774,47.761774,0
                15.37153,47.758801,0
                15.370427,47.761591,0
                15.367608,47.760854,0
                15.363763,47.762898,0
                15.349741,47.764334,0
                15.344652,47.767181,0
                15.342927,47.765094,0
                15.337277,47.76487,0
                15.337496,47.761964,0
                15.332572,47.75909,0
                15.330182,47.7558,0
                15.327669,47.758323,0
                15.322696,47.759283,0
                15.318594,47.757073,0
                15.315848,47.760122,0
                15.311858,47.760453,0
                15.310883,47.762357,0
                15.307537,47.762374,0
                15.305075,47.760256,0
                15.307157,47.756323,0
                15.305919,47.754374,0
                15.302047,47.754007,0
                15.301425,47.750953,0
                15.304745,47.747089,0
                15.304508,47.739812,0
                15.297846,47.737466,0
                15.297792,47.734142,0
                15.295958,47.732706,0
                15.291376,47.732553,0
                15.286905,47.72673,0
                15.278036,47.725703,0
                15.27198,47.722482,0
                15.26533,47.722943,0
                15.261567,47.719708,0
                15.252981,47.719466,0
                15.250911,47.716662,0
                15.25353,47.712778,0
                15.251727,47.711984,0
                15.247568,47.713488,0
                15.245427,47.711331,0
                15.247442,47.710098,0
                15.24679,47.708442,0
                15.240104,47.708272,0
                15.233808,47.705762,0
                15.233617,47.708327,0
                15.23017,47.709071,0
                15.221147,47.702598,0
                15.2210696176622,47.702597766399,0
                15.215234,47.70258,0
                15.215151,47.701092,0
                15.212016,47.700105,0
                15.20874,47.701365,0
                15.204801,47.699525,0
                15.19871,47.700332,0
                15.198733,47.697654,0
                15.195496,47.695671,0
                15.191664,47.695671,0
                15.187898,47.692245,0
                15.189543,47.690226,0
                15.185641,47.688235,0
                15.188139,47.685319,0
                15.186676,47.683806,0
                15.1898,47.681584,0
                15.18713,47.679281,0
                15.186529,47.675932,0
                15.184623,47.675308,0
                15.180821,47.677131,0
                15.175894,47.673498,0
                15.17431,47.669633,0
                15.167738,47.668703,0
                15.163371,47.664977,0
                15.158822,47.663796,0
                15.152909,47.658399,0
                15.152096,47.652661,0
                15.149733,47.649985,0
                15.135412,47.64643,0
                15.12605,47.647107,0
                15.123035,47.645755,0
                15.120797,47.647833,0
                15.117531,47.645959,0
                15.113661,47.645497,0
                15.105282,47.648935,0
                15.095769,47.650546,0
                15.088902,47.654662,0
                15.086067,47.654917,0
                15.076643,47.659439,0
                15.069237,47.66074,0
                15.045559,47.658038,0
                15.042172,47.659297,0
                15.04012,47.662804,0
                15.028269,47.665872,0
                15.022894,47.67024,0
                15.020442,47.66876,0
                15.021734,47.665445,0
                15.014887,47.661572,0
                15.005874,47.660958,0
                15.000919,47.662183,0
                14.997115,47.660875,0
                14.98998,47.660768,0
                14.986112,47.666989,0
                14.98225,47.667137,0
                14.982921,47.664339,0
                14.98087,47.663227,0
                14.97564,47.670529,0
                14.971952,47.671639,0
                14.967755,47.670789,0
                14.959245,47.675288,0
                14.951964,47.674185,0
                14.948044,47.671409,0
                14.93453,47.674119,0
                14.931069,47.67656,0
                14.931439,47.679587,0
                14.928032,47.68043,0
                14.926215,47.685606,0
                14.91849,47.684159,0
                14.901654,47.689974,0
                14.896303,47.688824,0
                14.893573,47.690065,0
                14.88532,47.687927,0
                14.874286,47.693277,0
                14.874203,47.698692,0
                14.871364,47.700487,0
                14.868014,47.700313,0
                14.864836,47.703172,0
                14.857263,47.704804,0
                14.847298,47.708897,0
                14.830939,47.712277,0
                14.821556,47.708742,0
                14.817503,47.70843,0
                14.812359,47.709913,0
                14.800533,47.707495,0
                14.799001,47.704112,0
                14.794016,47.702967,0
                14.788451,47.696742,0
                14.781519,47.694136,0
                14.776061,47.686502,0
                14.772323,47.685854,0
                14.76925,47.683727,0
                14.765544,47.673536,0
                14.761917,47.673644,0
                14.759759,47.676105,0
                14.754826,47.675101,0
                14.748794,47.671152,0
                14.736032,47.673106,0
                14.731495,47.672767,0
                14.715558,47.667057,0
                14.712379,47.669942,0
                14.712196,47.673472,0
                14.706479,47.67616,0
                14.70663,47.67969,0
                14.699823,47.682759,0
                14.690951,47.69405,0
                14.680626,47.696667,0
                14.680554,47.700045,0
                14.686781,47.701661,0
                14.688759,47.705167,0
                14.68252,47.704634,0
                14.681663,47.710798,0
                14.674478,47.712637,0
                14.67272,47.719411,0
                14.667754,47.719426,0
                14.664069,47.715865,0
                14.657341,47.716331,0
                14.651956,47.7116,0
                14.645489,47.712933,0
                14.636934,47.712997,0
                14.635766,47.716235,0
                14.637311,47.723233,0
                14.639651,47.724653,0
                14.646266,47.725338,0
                14.64267,47.727643,0
                14.63456,47.728236,0
                14.633766,47.726592,0
                14.631031,47.726225,0
                14.630789,47.728565,0
                14.62728,47.729843,0
                14.624512,47.729275,0
                14.615964,47.730922,0
                14.611265,47.728483,0
                14.604262,47.728016,0
                14.603489,47.72977,0
                14.595734,47.723696,0
                14.592038,47.723801,0
                14.591179,47.721481,0
                14.586923,47.718411,0
                14.583219,47.718739,0
                14.581031,47.717177,0
                14.577919,47.718054,0
                14.571248,47.716371,0
                14.553382,47.719914,0
                14.536934,47.713692,0
                14.531935,47.71356,0
                14.526694,47.708251,0
                14.524026,47.707443,0
                14.522133,47.704386,0
                14.518123,47.70276,0
                14.511392,47.702736,0
                14.497869,47.707265,0
                14.48466,47.708211,0
                14.474951,47.710919,0
                14.455472,47.710498,0
                14.450715,47.706567,0
                14.438689,47.707775,0
                14.438688,47.707777,0
              </coordinates>
            </LinearRing>
          </outerBoundaryIs>
        </Polygon>
      </Placemark>
      <Placemark>
        <name>27</name>
        <description><![CDATA[SOIUSA SUBDIVISIONS 36 SECTIONS<br> Number = 27<br> Code = SZ.27<br> Name = Niederösterreichische Nordalpen<br> Perimeter = 464.22 km<br> Enclosed_Area = 5019.2 sq km<br> Island_Area = <br> Capleymar-Homoalpinus = https://www.homoalpinus.com/alpes/subdivisions/soiusa/<br> Created_By = Capleymar]]></description>
        <styleUrl>#poly-71B8FF-1000-153</styleUrl>
        <Polygon>
          <outerBoundaryIs>
            <LinearRing>
              <tessellate>1</tessellate>
              <coordinates>
                16.2314971875385,48.210285330054,0
                16.231319,48.210957,0
                16.232391,48.213816,0
                16.238235,48.216964,0
                16.242955,48.214731,0
                16.245606,48.215773,0
                16.239963,48.220988,0
                16.244581,48.224356,0
                16.250461,48.219453,0
                16.254998,48.219815,0
                16.258001,48.218442,0
                16.276181,48.216173,0
                16.279356,48.21667,0
                16.2977,48.227859,0
                16.290868,48.232376,0
                16.295096,48.23399,0
                16.296837,48.237314,0
                16.303627,48.242408,0
                16.298004,48.245388,0
                16.296892,48.249024,0
                16.298307,48.250952,0
                16.307016,48.250904,0
                16.309317,48.253047,0
                16.316531,48.254718,0
                16.320714,48.254368,0
                16.322306,48.256352,0
                16.317905,48.26083,0
                16.322308,48.264478,0
                16.328675,48.267131,0
                16.339879,48.267559,0
                16.342996,48.269438,0
                16.353689,48.271773,0
                16.357548,48.274781,0
                16.356583,48.277838,0
                16.347172,48.284772,0
                16.343583,48.29149,0
                16.339777,48.311751,0
                16.327306,48.33077,0
                16.322126,48.334408,0
                16.282274,48.350687,0
                16.263501,48.352539,0
                16.253794,48.35157,0
                16.24024,48.345952,0
                16.231399,48.339543,0
                16.225538,48.334454,0
                16.219991,48.325488,0
                16.216774,48.323345,0
                16.193899,48.317686,0
                16.182996,48.312352,0
                16.133329,48.29713,0
                16.122004,48.296355,0
                16.119746,48.294608,0
                16.117891,48.289283,0
                16.108197,48.285281,0
                16.104285,48.276933,0
                16.076125,48.262762,0
                16.074889,48.258645,0
                16.062058,48.252244,0
                16.038369,48.253047,0
                16.018445,48.248816,0
                16.015464,48.247786,0
                16.0091032631157,48.2422198269586,0
                16.005933,48.239445,0
                15.997338,48.236258,0
                15.962471,48.231312,0
                15.953498,48.228129,0
                15.913095,48.207981,0
                15.899286,48.203316,0
                15.881783,48.2012,0
                15.863278,48.194667,0
                15.823675,48.187329,0
                15.783904,48.18442,0
                15.773627,48.18098,0
                15.74387,48.177993,0
                15.711114,48.171716,0
                15.677126,48.15611,0
                15.659496,48.152778,0
                15.651069,48.149637,0
                15.635369,48.139747,0
                15.628993,48.128311,0
                15.617273,48.123518,0
                15.610453,48.124665,0
                15.607064,48.130467,0
                15.604625,48.131261,0
                15.591495802741,48.1324065843611,0
                15.578902,48.133504,0
                15.554957,48.130304,0
                15.550285,48.124314,0
                15.548877,48.118742,0
                15.54421,48.117259,0
                15.540414,48.117666,0
                15.537278,48.119157,0
                15.53462,48.125742,0
                15.535811,48.141829,0
                15.533663,48.148068,0
                15.528871,48.149457,0
                15.503539,48.145868,0
                15.49689,48.142383,0
                15.478829,48.125563,0
                15.463481,48.11827,0
                15.433327,48.111497,0
                15.409657,48.102553,0
                15.397546,48.089537,0
                15.388209,48.085814,0
                15.374617,48.085842,0
                15.363518,48.082198,0
                15.344187,48.078862,0
                15.33303,48.073524,0
                15.329909,48.073928,0
                15.324576,48.07177,0
                15.318986,48.074222,0
                15.3105,48.072806,0
                15.304086,48.069698,0
                15.29626,48.070697,0
                15.288259,48.068789,0
                15.285314,48.069108,0
                15.273401,48.063914,0
                15.241479,48.058137,0
                15.21577,48.058313,0
                15.212439,48.054523,0
                15.205628,48.050337,0
                15.198877,48.041734,0
                15.202511,48.033698,0
                15.202329,48.029246,0
                15.196137,48.025468,0
                15.195397,48.02259,0
                15.190993,48.018991,0
                15.187162,48.012174,0
                15.183356,48.009691,0
                15.163855,48.007913,0
                15.160645,48.014241,0
                15.153679,48.020457,0
                15.148108,48.032583,0
                15.144451,48.033636,0
                15.142228,48.040047,0
                15.136276,48.042234,0
                15.133131,48.048564,0
                15.13301,48.054025,0
                15.133596,48.061502,0
                15.138437,48.070976,0
                15.136661,48.078502,0
                15.128888,48.087569,0
                15.125462,48.088905,0
                15.124553,48.091801,0
                15.120618,48.093639,0
                15.116018,48.09247,0
                15.113645,48.089622,0
                15.107025,48.087136,0
                15.104558,48.083958,0
                15.09793,48.083303,0
                15.078077,48.073329,0
                15.06673,48.070828,0
                15.061678,48.070732,0
                15.051034,48.074506,0
                15.044979,48.074994,0
                15.036802,48.072102,0
                15.024344,48.075319,0
                15.016671,48.075944,0
                15.010864,48.073337,0
                14.999637,48.071818,0
                14.986155,48.073279,0
                14.962074,48.070898,0
                14.948151,48.072731,0
                14.941354,48.076511,0
                14.923671,48.077815,0
                14.914941,48.0764,0
                14.897382,48.070098,0
                14.889243,48.070934,0
                14.878935,48.06992,0
                14.858789,48.059599,0
                14.818922,48.050509,0
                14.808566,48.045269,0
                14.801987,48.045262,0
                14.785046,48.040173,0
                14.780221,48.036192,0
                14.78188,48.032927,0
                14.775461,48.025877,0
                14.753514,48.023224,0
                14.751223,48.02068,0
                14.746994,48.01956,0
                14.746759,48.016141,0
                14.739851,48.013944,0
                14.733003,48.005096,0
                14.737241,48.000322,0
                14.73594,47.991387,0
                14.740773,47.987882,0
                14.751603,47.985707,0
                14.753141,47.983218,0
                14.752295,47.979023,0
                14.758592,47.972515,0
                14.765122,47.970145,0
                14.773312,47.963669,0
                14.771914,47.958014,0
                14.76347,47.951169,0
                14.765801,47.941512,0
                14.764065,47.93202,0
                14.766765,47.928603,0
                14.767707,47.921771,0
                14.769727,47.918904,0
                14.768943,47.911115,0
                14.767024,47.909424,0
                14.756005,47.906717,0
                14.750874,47.902611,0
                14.738353,47.898747,0
                14.73227,47.894251,0
                14.723755,47.895502,0
                14.71254,47.890849,0
                14.709868,47.890935,0
                14.709506,47.892124,0
                14.708733,47.891282,0
                14.705756,47.891749,0
                14.704935,47.892954,0
                14.694615,47.892098,0
                14.684485,47.882709,0
                14.681077,47.880632,0
                14.681174,47.877976,0
                14.676708,47.874003,0
                14.676354,47.870302,0
                14.670439,47.866667,0
                14.670278,47.863088,0
                14.657367,47.853855,0
                14.638732,47.852406,0
                14.637422,47.842504,0
                14.643823,47.835584,0
                14.641828,47.829313,0
                14.643249,47.823619,0
                14.639191,47.817135,0
                14.639117,47.813436,0
                14.645175,47.805008,0
                14.639664,47.793198,0
                14.645113,47.788043,0
                14.647242,47.783309,0
                14.651938,47.780853,0
                14.6533,47.778436,0
                14.6528526912836,47.7780436296962,0
                14.649243,47.774877,0
                14.651846,47.77106,0
                14.647769,47.768163,0
                14.643136,47.759749,0
                14.644247,47.755054,0
                14.641024,47.753396,0
                14.638832,47.750207,0
                14.640166,47.74823,0
                14.638614,47.74488,0
                14.650708,47.740196,0
                14.652264,47.737732,0
                14.647179,47.730427,0
                14.648534,47.726315,0
                14.637734,47.723632,0
                14.635818,47.715245,0
                14.637974,47.712442,0
                14.645489,47.712933,0
                14.651421,47.711507,0
                14.657341,47.716331,0
                14.664069,47.715865,0
                14.667754,47.719426,0
                14.673599,47.718891,0
                14.67406,47.713105,0
                14.676235,47.711647,0
                14.681663,47.710798,0
                14.68252,47.704634,0
                14.68876,47.705167,0
                14.686781,47.701661,0
                14.680555,47.700045,0
                14.680626,47.696667,0
                14.690951,47.69405,0
                14.699823,47.682759,0
                14.70663,47.679689,0
                14.706479,47.67616,0
                14.712197,47.673472,0
                14.712379,47.669942,0
                14.715558,47.667057,0
                14.731495,47.672767,0
                14.736032,47.673107,0
                14.748795,47.671152,0
                14.754826,47.675101,0
                14.759759,47.676105,0
                14.761917,47.673643,0
                14.765545,47.673536,0
                14.769251,47.683727,0
                14.772323,47.685854,0
                14.776062,47.686503,0
                14.78152,47.694136,0
                14.788452,47.696742,0
                14.794017,47.702967,0
                14.799002,47.704112,0
                14.800534,47.707495,0
                14.81236,47.709913,0
                14.817504,47.70843,0
                14.821557,47.708743,0
                14.830598,47.712293,0
                14.847299,47.708897,0
                14.857264,47.704804,0
                14.864837,47.703172,0
                14.868015,47.700313,0
                14.871365,47.700488,0
                14.874203,47.698692,0
                14.874287,47.693277,0
                14.88532,47.687927,0
                14.893574,47.690065,0
                14.896304,47.688824,0
                14.901655,47.689974,0
                14.91849,47.68416,0
                14.926216,47.685606,0
                14.928032,47.68043,0
                14.931439,47.679587,0
                14.931069,47.67656,0
                14.93453,47.674119,0
                14.948044,47.671409,0
                14.951964,47.674185,0
                14.959245,47.675288,0
                14.967755,47.670789,0
                14.971952,47.671639,0
                14.97564,47.670529,0
                14.98087,47.663227,0
                14.982922,47.664339,0
                14.98225,47.667137,0
                14.985114,47.66746,0
                14.990534,47.66065,0
                14.997115,47.660875,0
                15.000919,47.662183,0
                15.005874,47.660958,0
                15.014887,47.661572,0
                15.021734,47.665445,0
                15.020442,47.66876,0
                15.022894,47.67024,0
                15.028269,47.665872,0
                15.04012,47.662804,0
                15.042172,47.659297,0
                15.04556,47.658039,0
                15.069237,47.66074,0
                15.076643,47.659439,0
                15.086068,47.654917,0
                15.088903,47.654662,0
                15.09577,47.650547,0
                15.105282,47.648935,0
                15.113661,47.645497,0
                15.117532,47.645959,0
                15.120798,47.647833,0
                15.123035,47.645755,0
                15.12605,47.647106,0
                15.135413,47.64643,0
                15.140132,47.647454,0
                15.151515,47.6513,0
                15.152909,47.658399,0
                15.158822,47.663796,0
                15.163371,47.664977,0
                15.167738,47.668703,0
                15.17431,47.669632,0
                15.175894,47.673498,0
                15.180821,47.677131,0
                15.184623,47.675308,0
                15.186529,47.675932,0
                15.18713,47.679281,0
                15.189801,47.681585,0
                15.186676,47.683806,0
                15.188139,47.685319,0
                15.185641,47.688235,0
                15.189544,47.690227,0
                15.187898,47.692245,0
                15.191665,47.695671,0
                15.195497,47.695671,0
                15.198734,47.697654,0
                15.198711,47.700332,0
                15.204802,47.699525,0
                15.208741,47.701365,0
                15.212017,47.700105,0
                15.215152,47.701091,0
                15.215235,47.702579,0
                15.2210697350633,47.7025977504983,0
                15.221148,47.702598,0
                15.230171,47.709071,0
                15.233618,47.708327,0
                15.233809,47.705762,0
                15.240105,47.708272,0
                15.246791,47.708442,0
                15.247443,47.710098,0
                15.245428,47.711331,0
                15.247569,47.713488,0
                15.251728,47.711984,0
                15.253531,47.712778,0
                15.250911,47.716662,0
                15.252981,47.719466,0
                15.261567,47.719708,0
                15.26533,47.722943,0
                15.27198,47.722482,0
                15.278036,47.725703,0
                15.286905,47.72673,0
                15.291376,47.732553,0
                15.294758,47.732248,0
                15.297576,47.733805,0
                15.297846,47.737466,0
                15.304509,47.739812,0
                15.304746,47.747089,0
                15.301425,47.750952,0
                15.302047,47.754007,0
                15.30592,47.754373,0
                15.307157,47.756323,0
                15.305075,47.760256,0
                15.307537,47.762373,0
                15.310883,47.762357,0
                15.311858,47.760452,0
                15.315849,47.760122,0
                15.318595,47.757074,0
                15.322697,47.759283,0
                15.32767,47.758323,0
                15.330183,47.7558,0
                15.332572,47.75909,0
                15.337496,47.761964,0
                15.337277,47.76487,0
                15.342927,47.765094,0
                15.344652,47.767181,0
                15.349742,47.764334,0
                15.363763,47.762899,0
                15.367608,47.760854,0
                15.370427,47.761591,0
                15.37153,47.758801,0
                15.377401,47.761774,0
                15.381279,47.760346,0
                15.383725,47.761635,0
                15.3848625008884,47.7615280747956,0
                15.386746,47.761351,0
                15.388428,47.759939,0
                15.398165,47.76318,0
                15.403365,47.762212,0
                15.407018,47.763486,0
                15.412006,47.761672,0
                15.415508,47.762072,0
                15.42537,47.766112,0
                15.429886,47.766303,0
                15.433488,47.768377,0
                15.439196,47.767037,0
                15.446059,47.767537,0
                15.450129,47.773302,0
                15.441058,47.785691,0
                15.440002,47.790822,0
                15.44254,47.794466,0
                15.441692,47.796151,0
                15.445686,47.800401,0
                15.444261,47.80606,0
                15.449522,47.807312,0
                15.453185,47.814806,0
                15.457338,47.816205,0
                15.458741,47.81908,0
                15.464718,47.819585,0
                15.47804,47.828279,0
                15.484441,47.828431,0
                15.489386,47.830564,0
                15.505429,47.829489,0
                15.516862,47.822677,0
                15.531106,47.820716,0
                15.541988,47.816077,0
                15.545655,47.81605,0
                15.551263,47.823341,0
                15.550694,47.828111,0
                15.548558,47.830785,0
                15.549384,47.842982,0
                15.554733,47.846308,0
                15.554896,47.848045,0
                15.55919,47.84965,0
                15.561923,47.854186,0
                15.571265,47.854441,0
                15.575671,47.858157,0
                15.58835,47.861189,0
                15.594868,47.852969,0
                15.598797,47.851389,0
                15.606415,47.850797,0
                15.610461,47.844696,0
                15.619253,47.844103,0
                15.628901,47.840158,0
                15.634007,47.840138,0
                15.642866,47.844192,0
                15.650709,47.845182,0
                15.658115,47.850142,0
                15.664681,47.856271,0
                15.665277,47.858382,0
                15.673596,47.863203,0
                15.680828,47.860815,0
                15.683735,47.856889,0
                15.696627,47.854853,0
                15.697622,47.847167,0
                15.695406,47.846513,0
                15.695252,47.843728,0
                15.692653,47.842735,0
                15.69347,47.839124,0
                15.691378,47.838478,0
                15.688642,47.834188,0
                15.691384,47.831104,0
                15.689778,47.830116,0
                15.69301,47.827342,0
                15.692355,47.821978,0
                15.695792,47.820648,0
                15.695815,47.818601,0
                15.6997,47.815679,0
                15.703914,47.81527,0
                15.706712,47.810147,0
                15.705451,47.808277,0
                15.706653,47.804133,0
                15.713171,47.795974,0
                15.71938,47.793059,0
                15.723396,47.789216,0
                15.727916,47.789636,0
                15.729813,47.787508,0
                15.730747,47.789124,0
                15.737418,47.790983,0
                15.753414,47.807788,0
                15.761179,47.807783,0
                15.766963,47.809198,0
                15.772073,47.808649,0
                15.775389,47.806874,0
                15.805049,47.810703,0
                15.814496,47.807008,0
                15.831041,47.803949,0
                15.839541,47.804024,0
                15.841944,47.800566,0
                15.850025,47.799294,0
                15.857274,47.794539,0
                15.857814,47.792191,0
                15.865978,47.7893,0
                15.891637,47.793017,0
                15.902437,47.790999,0
                15.906453,47.791393,0
                15.914415,47.787683,0
                15.922051,47.779805,0
                15.921609,47.776497,0
                15.927883,47.771837,0
                15.934806,47.770977,0
                15.944905,47.764984,0
                15.958316,47.76247,0
                15.959189,47.760757,0
                15.968108,47.760974,0
                15.983436,47.75704,0
                15.981288,47.752218,0
                15.984566,47.750747,0
                15.985686,47.748347,0
                15.979184,47.743694,0
                15.976161,47.739724,0
                15.975665,47.735861,0
                15.979639,47.732031,0
                15.984607,47.730631,0
                15.986635,47.726306,0
                15.997529,47.721263,0
                16.002462,47.721865,0
                16.009886,47.72008,0
                16.011648,47.720369,0
                16.011707,47.721619,0
                16.013613,47.720292,0
                16.017581,47.721127,0
                16.024526,47.720106,0
                16.030086,47.7184,0
                16.039449,47.712427,0
                16.041962,47.712689,0
                16.043342,47.716778,0
                16.047809,47.718399,0
                16.054154,47.724646,0
                16.068662,47.725812,0
                16.083078,47.725349,0
                16.07787,47.730356,0
                16.077836,47.732558,0
                16.082674,47.736671,0
                16.099878,47.763883,0
                16.104035,47.77652,0
                16.102923,47.77985,0
                16.091171,47.782007,0
                16.08223,47.778836,0
                16.0782,47.778685,0
                16.070804,47.784768,0
                16.071153,47.790843,0
                16.07618,47.798024,0
                16.079752,47.79928,0
                16.089164,47.798379,0
                16.10224,47.8013,0
                16.111375,47.808902,0
                16.135473,47.8191,0
                16.152218,47.821585,0
                16.162503,47.82182,0
                16.178477,47.828245,0
                16.181302,47.831324,0
                16.180593,47.838985,0
                16.183093,47.853673,0
                16.178302,47.860302,0
                16.171752,47.86379,0
                16.170414,47.866082,0
                16.179222,47.87053,0
                16.186456,47.869016,0
                16.191578,47.869959,0
                16.200746,47.887253,0
                16.200307,47.890524,0
                16.189113,47.902729,0
                16.17655,47.910942,0
                16.180318,47.923056,0
                16.190732,47.934647,0
                16.190819,47.940914,0
                16.183999,47.944874,0
                16.178501,47.94562,0
                16.169457,47.948992,0
                16.16638,47.951981,0
                16.171054,47.964291,0
                16.175169,47.964934,0
                16.183708,47.962782,0
                16.19562,47.963595,0
                16.206575,47.967519,0
                16.209227,47.969678,0
                16.210637,47.976193,0
                16.21051,47.998642,0
                16.218119,48.009883,0
                16.222847,48.01196,0
                16.227123,48.009407,0
                16.229554,48.009287,0
                16.256436,48.016644,0
                16.270151,48.019072,0
                16.276459,48.021541,0
                16.306287,48.052019,0
                16.310376,48.061344,0
                16.308161,48.066515,0
                16.284685,48.07552,0
                16.284029,48.079576,0
                16.281016,48.083714,0
                16.277431,48.101122,0
                16.273257,48.106706,0
                16.264355,48.11152,0
                16.264129,48.113867,0
                16.267405,48.116364,0
                16.263768,48.119066,0
                16.262805,48.121867,0
                16.25786,48.124824,0
                16.255778,48.133671,0
                16.248275,48.135186,0
                16.247071,48.136728,0
                16.251898,48.140554,0
                16.259441,48.160671,0
                16.258661,48.171014,0
                16.255123,48.179663,0
                16.255544,48.193019,0
                16.253264,48.197047,0
                16.246667,48.199377,0
                16.237111,48.200284,0
                16.23277,48.205487,0
                16.2314971875385,48.210285330054,0
              </coordinates>
            </LinearRing>
          </outerBoundaryIs>
        </Polygon>
      </Placemark>
      <Placemark>
        <name>28</name>
        <description><![CDATA[SOIUSA SUBDIVISIONS 36 SECTIONS<br> Number = 28<br> Code = SZ.28<br> Name = Alpi Retiche Meridionali - Südliche Rätische Alpen<br> Perimeter = 372.45 km<br> Enclosed_Area = 4824.4 sq km<br> Island_Area = <br> Capleymar-Homoalpinus = https://www.homoalpinus.com/alpes/subdivisions/soiusa/<br> Created_By = Capleymar]]></description>
        <styleUrl>#poly-FF80FF-1000-153</styleUrl>
        <Polygon>
          <outerBoundaryIs>
            <LinearRing>
              <tessellate>1</tessellate>
              <coordinates>
                11.234066485134,46.2718671391972,0
                11.2411,46.292552,0
                11.260869,46.314467,0
                11.280251,46.331775,0
                11.280934,46.343981,0
                11.286101,46.351133,0
                11.289328,46.358926,0
                11.292625,46.377314,0
                11.297025,46.387745,0
                11.296253,46.393815,0
                11.304586,46.404167,0
                11.312871,46.410213,0
                11.315155,46.414522,0
                11.310549,46.427612,0
                11.315813,46.434797,0
                11.316084,46.438518,0
                11.302464,46.453634,0
                11.301327,46.459074,0
                11.304437,46.469103,0
                11.309205,46.473911,0
                11.307063,46.480918,0
                11.28901,46.487973,0
                11.285752,46.492781,0
                11.279033,46.496897,0
                11.270432,46.498953,0
                11.263385,46.509662,0
                11.253352,46.514629,0
                11.247746,46.519237,0
                11.233267,46.540046,0
                11.224911,46.544417,0
                11.22379,46.548662,0
                11.217407,46.556282,0
                11.218112,46.561451,0
                11.211656,46.56743,0
                11.199377,46.573709,0
                11.190381,46.582325,0
                11.184356,46.603859,0
                11.180686,46.61005,0
                11.183869,46.614972,0
                11.184454,46.619281,0
                11.179136,46.629234,0
                11.173027,46.63391,0
                11.168543,46.640181,0
                11.146224,46.657001,0
                11.142756,46.66437,0
                11.137009,46.669822,0
                11.129056,46.675855,0
                11.122762,46.678485,0
                11.113998,46.680241,0
                11.103755,46.679857,0
                11.099346,46.681245,0
                11.093145,46.681336,0
                11.084827,46.676806,0
                11.073481,46.66794,0
                11.059531,46.66218,0
                11.045566,46.660521,0
                11.012308,46.646117,0
                11.003594,46.645494,0
                10.991967,46.648451,0
                10.969698,46.64674,0
                10.915903,46.625655,0
                10.909657,46.62585,0
                10.902547,46.627773,0
                10.89626,46.627283,0
                10.879033,46.623465,0
                10.870224,46.622846,0
                10.865869,46.621079,0
                10.860869,46.622434,0
                10.853975,46.62101,0
                10.848742,46.621254,0
                10.840507,46.618066,0
                10.829793,46.620812,0
                10.785189,46.616106,0
                10.776082,46.616587,0
                10.770789,46.619515,0
                10.763085,46.620698,0
                10.757327,46.618541,0
                10.750426,46.618152,0
                10.746771,46.615188,0
                10.740042,46.613439,0
                10.733203,46.613414,0
                10.725482,46.610359,0
                10.714251,46.610347,0
                10.711179,46.610823,0
                10.705472,46.614898,0
                10.696075,46.617027,0
                10.6458615708988,46.6225309212529,0
                10.638563,46.623329,0
                10.611727,46.633362,0
                10.60554,46.62911,0
                10.596534,46.626179,0
                10.580675,46.612627,0
                10.557363,46.602524,0
                10.549297,46.59148,0
                10.547401,46.584459,0
                10.542937,46.576755,0
                10.539951,46.57417,0
                10.524504,46.568997,0
                10.516236,46.560762,0
                10.51582,46.557723,0
                10.5113,46.551667,0
                10.509592,46.540741,0
                10.505178,46.534576,0
                10.50005,46.534958,0
                10.488764,46.531229,0
                10.48067,46.532435,0
                10.466818,46.531165,0
                10.453599,46.52842,0
                10.445557,46.529545,0
                10.44165,46.53134,0
                10.436794,46.53626,0
                10.43428,46.536315,0
                10.42672,46.540342,0
                10.42346,46.540293,0
                10.418605,46.538976,0
                10.415695,46.536506,0
                10.408759,46.526934,0
                10.407759,46.520611,0
                10.404173,46.515309,0
                10.386289,46.510822,0
                10.37289,46.512234,0
                10.367001,46.508898,0
                10.364786,46.509126,0
                10.357836,46.505218,0
                10.355108,46.50507,0
                10.353728,46.50209,0
                10.359391,46.489585,0
                10.358341,46.4866,0
                10.353365,46.483762,0
                10.358903,46.475028,0
                10.358269,46.468058,0
                10.356485,46.465975,0
                10.359296,46.463127,0
                10.356928,46.461036,0
                10.359256,46.454042,0
                10.357936,46.451246,0
                10.358518,46.442448,0
                10.356931,46.439254,0
                10.359737,46.434526,0
                10.357641,46.432558,0
                10.355311,46.424582,0
                10.351317,46.421059,0
                10.352292,46.417961,0
                10.348773,46.411595,0
                10.349976,46.4106,0
                10.349553,46.406294,0
                10.353485,46.399019,0
                10.352574,46.391479,0
                10.355625,46.387006,0
                10.358066,46.376573,0
                10.357485,46.367837,0
                10.355009,46.363345,0
                10.3576482107928,46.3553409950032,0
                10.358148,46.353825,0
                10.349746,46.34481,0
                10.347692,46.332419,0
                10.337333,46.327193,0
                10.323609,46.327565,0
                10.317018,46.3255,0
                10.313152,46.322297,0
                10.307085,46.321392,0
                10.301674,46.317522,0
                10.290817,46.305996,0
                10.273307,46.292422,0
                10.266422,46.282339,0
                10.259861,46.277852,0
                10.258921,46.272458,0
                10.251679,46.260264,0
                10.2381,46.248192,0
                10.229203,46.238118,0
                10.225214,46.23605,0
                10.212891,46.233927,0
                10.212016,46.232465,0
                10.206352,46.230675,0
                10.199065,46.230012,0
                10.182981,46.222207,0
                10.13448,46.193463,0
                10.126149,46.185445,0
                10.124196,46.180236,0
                10.121798,46.179263,0
                10.118948,46.175505,0
                10.099807,46.168073,0
                10.098298,46.165853,0
                10.094179,46.163953,0
                10.09756,46.163243,0
                10.100978,46.160097,0
                10.098847,46.156252,0
                10.100888,46.153847,0
                10.10652,46.152501,0
                10.10976,46.153104,0
                10.113992,46.150192,0
                10.118473,46.149089,0
                10.130596,46.148726,0
                10.137673,46.150534,0
                10.148146,46.151381,0
                10.172083,46.158156,0
                10.176253,46.157014,0
                10.181321,46.159558,0
                10.188491,46.159165,0
                10.191989,46.161167,0
                10.206876,46.163566,0
                10.21313,46.166262,0
                10.222037,46.165448,0
                10.225585,46.16658,0
                10.231928,46.165307,0
                10.234605,46.166043,0
                10.236801,46.164638,0
                10.245703,46.168915,0
                10.251611,46.168564,0
                10.254355,46.169742,0
                10.260954,46.167621,0
                10.270393,46.172864,0
                10.276173,46.171364,0
                10.293785,46.172705,0
                10.304486,46.17148,0
                10.314623,46.174123,0
                10.329956,46.174025,0
                10.335148,46.170146,0
                10.347038,46.166445,0
                10.348119,46.157919,0
                10.345848,46.14815,0
                10.343627,46.1467,0
                10.341451,46.140774,0
                10.329346,46.124206,0
                10.314446,46.11045,0
                10.311132,46.100614,0
                10.313484,46.098879,0
                10.315775,46.090623,0
                10.318876,46.087958,0
                10.32655,46.084837,0
                10.335538,46.08652,0
                10.345594,46.083229,0
                10.345606,46.080828,0
                10.350804,46.072132,0
                10.350117,46.061162,0
                10.353231,46.049922,0
                10.346116,46.039093,0
                10.344982,46.033431,0
                10.341795,46.030228,0
                10.342419,46.027844,0
                10.345895,46.025258,0
                10.342314,46.021158,0
                10.343202,46.01789,0
                10.346137,46.014979,0
                10.342386,46.011031,0
                10.343922,46.005746,0
                10.341846,46.000392,0
                10.336636,45.998074,0
                10.336902,45.994189,0
                10.331992,45.992635,0
                10.328147,45.985347,0
                10.32009,45.982292,0
                10.319672,45.979845,0
                10.316998,45.978168,0
                10.31816,45.972265,0
                10.315834,45.967148,0
                10.306991,45.965492,0
                10.305353,45.961799,0
                10.297947,45.958734,0
                10.292981,45.959106,0
                10.283528,45.956285,0
                10.284027,45.95343,0
                10.278556,45.952443,0
                10.279765,45.949805,0
                10.277156,45.947888,0
                10.278293,45.945669,0
                10.273001,45.943759,0
                10.267481,45.939519,0
                10.258648,45.93861,0
                10.254474,45.936287,0
                10.249914,45.936458,0
                10.247317,45.934264,0
                10.246371,45.930802,0
                10.234379,45.925029,0
                10.231506,45.92062,0
                10.251676,45.91994,0
                10.263408,45.924457,0
                10.279028,45.925023,0
                10.285411,45.926835,0
                10.294109,45.933074,0
                10.301148,45.929485,0
                10.312593,45.92963,0
                10.31242,45.925415,0
                10.322768,45.921426,0
                10.326973,45.921508,0
                10.332365,45.918997,0
                10.337796,45.92023,0
                10.34904,45.920316,0
                10.351845,45.918938,0
                10.352225,45.917034,0
                10.357797,45.914201,0
                10.3717,45.910918,0
                10.376743,45.911676,0
                10.3812262315923,45.9102261759815,0
                10.385447,45.908861,0
                10.393875,45.911156,0
                10.397652,45.90976,0
                10.398855,45.907729,0
                10.404618,45.906837,0
                10.416496,45.907451,0
                10.430256,45.911054,0
                10.434029,45.910206,0
                10.434322,45.908123,0
                10.431138,45.902916,0
                10.431048,45.897796,0
                10.430198,45.8957,0
                10.426837,45.89437,0
                10.427073,45.890938,0
                10.433908,45.886469,0
                10.445978,45.882049,0
                10.449856,45.878378,0
                10.453887,45.871321,0
                10.45519,45.867961,0
                10.453518,45.865777,0
                10.455022,45.863872,0
                10.453158,45.861672,0
                10.454054,45.854906,0
                10.452566,45.851946,0
                10.454368,45.842014,0
                10.450526,45.837976,0
                10.452711,45.835721,0
                10.453343,45.828211,0
                10.460177,45.820703,0
                10.464162,45.818326,0
                10.465333,45.81931,0
                10.473134,45.818872,0
                10.47588,45.817585,0
                10.48546,45.817698,0
                10.491343,45.818958,0
                10.494435,45.818153,0
                10.49694,45.819907,0
                10.49949,45.81964,0
                10.506153,45.823898,0
                10.523989,45.827489,0
                10.529216,45.826541,0
                10.533226,45.822483,0
                10.536229,45.813066,0
                10.530812,45.809417,0
                10.536137,45.809933,0
                10.538404,45.812725,0
                10.549924,45.82012,0
                10.554776,45.843468,0
                10.557412,45.846795,0
                10.565228,45.850897,0
                10.569456,45.858075,0
                10.581309,45.863788,0
                10.588179,45.872921,0
                10.591263,45.873436,0
                10.59397,45.87682,0
                10.598509,45.878614,0
                10.600043,45.885015,0
                10.603441,45.886962,0
                10.60672,45.893821,0
                10.610987,45.89755,0
                10.611364,45.89978,0
                10.609074,45.901037,0
                10.609052,45.905758,0
                10.613864,45.906255,0
                10.62014,45.910306,0
                10.622324,45.916011,0
                10.631279,45.924682,0
                10.636745,45.932789,0
                10.639323,45.93403,0
                10.641263,45.943066,0
                10.643755,45.944174,0
                10.649787,45.951279,0
                10.655468,45.960403,0
                10.663288,45.966713,0
                10.6713,45.981244,0
                10.68128,45.989461,0
                10.690973,45.995016,0
                10.69566,45.999679,0
                10.69703,46.00327,0
                10.702611,46.007016,0
                10.715236,46.021147,0
                10.722211,46.02486,0
                10.725393,46.028966,0
                10.727969,46.028757,0
                10.732156,46.032735,0
                10.734495,46.033177,0
                10.739103,46.040048,0
                10.744683,46.039475,0
                10.74892,46.042237,0
                10.774169,46.04701,0
                10.77961,46.047115,0
                10.792387,46.054037,0
                10.797554,46.054876,0
                10.802337,46.054102,0
                10.807424,46.055531,0
                10.813253,46.053496,0
                10.824147,46.053345,0
                10.828225,46.054649,0
                10.835149,46.052981,0
                10.839913,46.053384,0
                10.84653,46.051138,0
                10.851303,46.041897,0
                10.854011,46.040129,0
                10.861588,46.037762,0
                10.872507,46.03717,0
                10.879709,46.041608,0
                10.885894,46.042235,0
                10.895742,46.046772,0
                10.905249,46.057235,0
                10.911413,46.061957,0
                10.922146,46.064514,0
                10.92868,46.061068,0
                10.928585,46.056793,0
                10.935509,46.054173,0
                10.937725,46.054616,0
                10.942197,46.049477,0
                10.949528,46.04475,0
                10.949465,46.042002,0
                10.945728,46.039039,0
                10.945528,46.036279,0
                10.950668,46.025477,0
                10.946247,46.018541,0
                10.948643,46.014338,0
                10.955205,46.009196,0
                10.959106,46.015938,0
                10.95679,46.020873,0
                10.958806,46.026565,0
                10.963197,46.029833,0
                10.965407,46.034658,0
                10.962713,46.038538,0
                10.962771,46.04598,0
                10.969673,46.052433,0
                10.969657,46.053818,0
                10.974562,46.057149,0
                10.979207,46.059778,0
                10.984277,46.059981,0
                10.990564,46.062442,0
                10.995126,46.073948,0
                10.999685,46.076777,0
                11.009213,46.078385,0
                11.011168,46.076661,0
                11.01606,46.076186,0
                11.029452,46.079478,0
                11.035327,46.07955,0
                11.043272,46.084122,0
                11.051307,46.093272,0
                11.054721,46.094556,0
                11.067754,46.087068,0
                11.073377,46.082075,0
                11.07666,46.081183,0
                11.095538,46.07939,0
                11.104413,46.083644,0
                11.098027,46.088532,0
                11.091232,46.098864,0
                11.083767,46.120806,0
                11.075557,46.138801,0
                11.076097,46.145949,0
                11.083514,46.153704,0
                11.093353,46.156132,0
                11.111281,46.16597,0
                11.111401,46.176198,0
                11.116194,46.184375,0
                11.119273,46.188549,0
                11.130547,46.192787,0
                11.136079,46.2012,0
                11.146487,46.209905,0
                11.146749,46.218205,0
                11.150901,46.224371,0
                11.154945,46.226479,0
                11.169024,46.227511,0
                11.183771,46.236937,0
                11.207226,46.245061,0
                11.221715,46.255968,0
                11.229472,46.263738,0
                11.233992,46.271648,0
                11.234066485134,46.2718671391972,0
              </coordinates>
            </LinearRing>
          </outerBoundaryIs>
        </Polygon>
      </Placemark>
      <Placemark>
        <name>29</name>
        <description><![CDATA[SOIUSA SUBDIVISIONS 36 SECTIONS<br> Number = 29<br> Code = SZ.29<br> Name = Alpi e Prealpi Bergamasche<br> Perimeter = 296.74 km<br> Enclosed_Area = 3342.1 sq km<br> Island_Area = <br> Capleymar-Homoalpinus = https://www.homoalpinus.com/alpes/subdivisions/soiusa/<br> Created_By = Capleymar]]></description>
        <styleUrl>#poly-FF80FF-1000-153</styleUrl>
        <Polygon>
          <outerBoundaryIs>
            <LinearRing>
              <tessellate>1</tessellate>
              <coordinates>
                9.41524092569435,45.8208536139605,0
                9.420593,45.814527,0
                9.42629,45.804698,0
                9.441449,45.796523,0
                9.452582,45.782436,0
                9.475522,45.771892,0
                9.478177,45.769506,0
                9.481038,45.764046,0
                9.480862,45.74137,0
                9.47574,45.737976,0
                9.46368,45.735982,0
                9.456035,45.731769,0
                9.458332,45.723303,0
                9.460458,45.720974,0
                9.46628,45.718583,0
                9.473416,45.713155,0
                9.487458,45.709364,0
                9.495062,45.710961,0
                9.502493,45.70765,0
                9.511774,45.710361,0
                9.533666,45.709688,0
                9.539348,45.708025,0
                9.54617888815109,45.7097408859532,0
                9.548437,45.710308,0
                9.54744928247455,45.7135165497464,0
                9.544111,45.724358,0
                9.545464,45.725618,0
                9.55207794676689,45.7272686954208,0
                9.563944,45.730229,0
                9.567062,45.732955,0
                9.567146,45.736554,0
                9.576588,45.738756,0
                9.58388,45.747764,0
                9.592327,45.752202,0
                9.597847,45.753648,0
                9.614649,45.75124,0
                9.626301,45.752913,0
                9.628338,45.75199,0
                9.628263,45.748311,0
                9.623103,45.743614,0
                9.626759,45.740037,0
                9.621371,45.736098,0
                9.621895,45.732606,0
                9.632655,45.729675,0
                9.649886,45.728262,0
                9.653377,45.724044,0
                9.657435,45.722153,0
                9.680201,45.714531,0
                9.683674,45.713815,0
                9.690663,45.714731,0
                9.700541,45.719779,0
                9.701747,45.722985,0
                9.718633,45.741164,0
                9.72766,45.735617,0
                9.736432,45.738,0
                9.74131,45.737095,0
                9.739139,45.722985,0
                9.736319,45.716175,0
                9.738402,45.711775,0
                9.743925,45.713257,0
                9.748912,45.712727,0
                9.754226,45.70888,0
                9.763574,45.708107,0
                9.769263,45.707871,0
                9.776931,45.70964,0
                9.78751,45.709266,0
                9.803613,45.704706,0
                9.812835,45.700673,0
                9.824735,45.700307,0
                9.837337,45.69604,0
                9.844175,45.696839,0
                9.852175,45.693593,0
                9.862964,45.686216,0
                9.866376,45.681947,0
                9.862792,45.678639,0
                9.85545,45.67803,0
                9.849435,45.674888,0
                9.844495,45.674467,0
                9.842674,45.672841,0
                9.841412,45.658391,0
                9.847041,45.655193,0
                9.855272,45.654337,0
                9.873134,45.660418,0
                9.884592,45.660637,0
                9.888391,45.665745,0
                9.890888,45.666613,0
                9.903882,45.664813,0
                9.909531,45.665976,0
                9.917957,45.668225,0
                9.921122,45.671347,0
                9.926762,45.673586,0
                9.943015,45.674271,0
                9.951694,45.672011,0
                9.954135,45.670948,0
                9.956573,45.665443,0
                9.959139,45.663985,0
                9.960365,45.665535,0
                9.964088,45.666588,0
                9.971825,45.672539,0
                9.981242,45.675803,0
                9.986247,45.67536,0
                9.988014,45.67645,0
                10.0151,45.680398,0
                10.018479,45.678796,0
                10.025433,45.681759,0
                10.0392,45.682488,0
                10.054576,45.686871,0
                10.056385,45.689312,0
                10.054819,45.695721,0
                10.047941,45.70587,0
                10.046877,45.708525,0
                10.048662,45.710826,0
                10.046644,45.712049,0
                10.049724,45.727482,0
                10.053214,45.733161,0
                10.049787,45.742632,0
                10.040323,45.75132,0
                10.0355442718872,45.767716839647,0
                10.035211,45.76886,0
                10.039973,45.774058,0
                10.050963,45.780031,0
                10.04897,45.782762,0
                10.051895,45.782046,0
                10.055144,45.782995,0
                10.052932,45.785731,0
                10.055996,45.792417,0
                10.058756,45.794482,0
                10.057269,45.801209,0
                10.06861,45.802094,0
                10.075313,45.804959,0
                10.075107,45.806471,0
                10.070911,45.80725,0
                10.069018,45.809914,0
                10.070656,45.809594,0
                10.072225,45.813471,0
                10.07926,45.81851,0
                10.080298,45.821192,0
                10.085612,45.823616,0
                10.08822,45.819314,0
                10.089842,45.819077,0
                10.092416,45.81255,0
                10.096142,45.81018,0
                10.097489,45.815564,0
                10.104166,45.821602,0
                10.104269,45.830003,0
                10.109736,45.834989,0
                10.122581,45.840277,0
                10.127295,45.840701,0
                10.127978,45.843035,0
                10.135197,45.849228,0
                10.138124,45.853663,0
                10.142535,45.855198,0
                10.147157,45.859932,0
                10.154311,45.864027,0
                10.156923,45.872273,0
                10.166734,45.876631,0
                10.175018,45.877188,0
                10.179445,45.880478,0
                10.184903,45.88147,0
                10.182112,45.885834,0
                10.183489,45.887602,0
                10.191325,45.887498,0
                10.193206,45.88594,0
                10.207813,45.890988,0
                10.212899,45.890945,0
                10.213214,45.893947,0
                10.209645,45.89884,0
                10.215123,45.903855,0
                10.222743,45.907023,0
                10.229594,45.915401,0
                10.232543,45.923613,0
                10.246371,45.930802,0
                10.247317,45.934264,0
                10.249914,45.936458,0
                10.254474,45.936287,0
                10.258648,45.93861,0
                10.267481,45.939519,0
                10.273001,45.943759,0
                10.278293,45.945669,0
                10.277156,45.947888,0
                10.279765,45.949805,0
                10.278556,45.952443,0
                10.284027,45.95343,0
                10.283528,45.956285,0
                10.292981,45.959106,0
                10.297947,45.958734,0
                10.305353,45.961799,0
                10.306991,45.965492,0
                10.315538,45.966935,0
                10.31816,45.972265,0
                10.316998,45.978168,0
                10.319672,45.979845,0
                10.32009,45.982292,0
                10.328147,45.985347,0
                10.331992,45.992635,0
                10.336902,45.994189,0
                10.336636,45.998074,0
                10.341846,46.000392,0
                10.343922,46.005746,0
                10.342386,46.011031,0
                10.346137,46.014979,0
                10.343202,46.01789,0
                10.342314,46.021158,0
                10.345895,46.025258,0
                10.342419,46.027844,0
                10.341795,46.030228,0
                10.344982,46.033431,0
                10.346116,46.039093,0
                10.353231,46.049922,0
                10.350117,46.061162,0
                10.350804,46.072132,0
                10.345606,46.080828,0
                10.345594,46.083229,0
                10.335538,46.08652,0
                10.32655,46.084837,0
                10.318876,46.087958,0
                10.315775,46.090623,0
                10.313484,46.098879,0
                10.311132,46.100614,0
                10.314446,46.11045,0
                10.329346,46.124206,0
                10.341451,46.140774,0
                10.343627,46.1467,0
                10.345848,46.14815,0
                10.348119,46.157919,0
                10.347038,46.166445,0
                10.335148,46.170146,0
                10.329956,46.174025,0
                10.314623,46.174123,0
                10.304486,46.17148,0
                10.293785,46.172705,0
                10.276173,46.171364,0
                10.270393,46.172864,0
                10.260954,46.167621,0
                10.254355,46.169742,0
                10.251611,46.168564,0
                10.245703,46.168915,0
                10.236801,46.164638,0
                10.234605,46.166043,0
                10.231928,46.165307,0
                10.225585,46.16658,0
                10.222037,46.165448,0
                10.21313,46.166262,0
                10.206876,46.163566,0
                10.191989,46.161167,0
                10.188491,46.159165,0
                10.181321,46.159558,0
                10.176253,46.157014,0
                10.172083,46.158156,0
                10.148146,46.151381,0
                10.137673,46.150534,0
                10.130596,46.148726,0
                10.118473,46.149089,0
                10.113992,46.150192,0
                10.10976,46.153104,0
                10.10652,46.152501,0
                10.100888,46.153847,0
                10.098847,46.156252,0
                10.100754,46.160428,0
                10.09756,46.163243,0
                10.093316,46.164119,0
                10.089673,46.162187,0
                10.084856,46.16197,0
                10.080069,46.157265,0
                10.07101,46.152662,0
                10.063077,46.150571,0
                10.05169,46.15148,0
                10.047886,46.155594,0
                10.037369,46.158565,0
                10.030998,46.158984,0
                10.023452,46.156903,0
                10.01848,46.1577,0
                10.013188,46.156396,0
                10.003705,46.157603,0
                9.997746,46.161061,0
                9.993813,46.159632,0
                9.986612,46.161597,0
                9.983535,46.159524,0
                9.981158,46.161739,0
                9.97546,46.160203,0
                9.967864,46.161352,0
                9.960512,46.159611,0
                9.958877,46.157221,0
                9.955194,46.156316,0
                9.949994,46.157536,0
                9.944722,46.161968,0
                9.933775,46.164445,0
                9.913741,46.166347,0
                9.909207,46.167866,0
                9.90188,46.167172,0
                9.899779,46.164392,0
                9.891547,46.159148,0
                9.884772,46.16086,0
                9.861636,46.157986,0
                9.85478,46.161061,0
                9.848925,46.161006,0
                9.842005,46.162537,0
                9.830574,46.160493,0
                9.819081,46.159995,0
                9.800256,46.160947,0
                9.784869,46.155959,0
                9.77986,46.156708,0
                9.774368,46.15496,0
                9.756115,46.158756,0
                9.733975,46.159215,0
                9.728605,46.160247,0
                9.708801,46.159512,0
                9.69882267812701,46.1596731282643,0
                9.662837,46.160247,0
                9.632528,46.153422,0
                9.627677,46.146503,0
                9.622072,46.146181,0
                9.611411,46.143117,0
                9.604998,46.14404,0
                9.596606,46.143555,0
                9.581756,46.140036,0
                9.575326,46.146434,0
                9.552287,46.14416,0
                9.546114,46.140579,0
                9.533975,46.13878,0
                9.523021,46.138751,0
                9.516136,46.14066,0
                9.494323,46.152045,0
                9.465446,46.147082,0
                9.459313,46.149945,0
                9.456422,46.148463,0
                9.453575,46.144491,0
                9.450399,46.143433,0
                9.448057,46.143857,0
                9.445515,46.146747,0
                9.44293,46.153336,0
                9.434512,46.148162,0
                9.42826,46.149418,0
                9.374945,46.151577,0
                9.377851,46.144783,0
                9.372798,46.142165,0
                9.370818,46.137375,0
                9.362845,46.135961,0
                9.35628,46.137019,0
                9.35073,46.135989,0
                9.339351,46.129669,0
                9.338901,46.12818,0
                9.341551,46.127809,0
                9.346407,46.123984,0
                9.345535,46.116615,0
                9.337629,46.117237,0
                9.327263,46.114258,0
                9.32341,46.115556,0
                9.334654,46.122496,0
                9.335739,46.124118,0
                9.334649,46.125649,0
                9.321785,46.121143,0
                9.314009,46.119954,0
                9.311545,46.117737,0
                9.311266,46.113809,0
                9.318608,46.109354,0
                9.319985,46.104051,0
                9.316599,46.100519,0
                9.315264,46.095053,0
                9.310014,46.090216,0
                9.310217,46.081376,0
                9.298389,46.076749,0
                9.297616,46.072949,0
                9.299554,46.071001,0
                9.306914,46.068972,0
                9.307072,46.068043,0
                9.30538,46.068129,0
                9.309519,46.067667,0
                9.312561,46.060642,0
                9.312816,46.05529,0
                9.310427,46.051325,0
                9.305147,46.047679,0
                9.305196,46.045737,0
                9.297877,46.042476,0
                9.302004,46.038087,0
                9.295853,46.033011,0
                9.283817,46.026224,0
                9.286651,46.022176,0
                9.287105,46.016987,0
                9.282516,46.015001,0
                9.283699,46.013179,0
                9.281532,46.010102,0
                9.286862,46.008663,0
                9.291301,46.00463,0
                9.292234,45.986506,0
                9.297113,45.98057,0
                9.295825,45.976831,0
                9.303316,45.967082,0
                9.300592,45.965896,0
                9.301783,45.964652,0
                9.301017,45.949492,0
                9.308651,45.944545,0
                9.31253,45.940238,0
                9.312793,45.935717,0
                9.310823,45.931403,0
                9.312348,45.929379,0
                9.310226,45.924791,0
                9.312988,45.9131,0
                9.319417,45.91145,0
                9.323973,45.911855,0
                9.325908,45.910691,0
                9.330413,45.903892,0
                9.331523,45.8995,0
                9.330423,45.897555,0
                9.333472,45.893777,0
                9.344988,45.895918,0
                9.352298,45.893346,0
                9.357769,45.889878,0
                9.360815,45.884675,0
                9.376571,45.875229,0
                9.378367,45.868099,0
                9.381803,45.865892,0
                9.38315,45.860396,0
                9.385087,45.858771,0
                9.384,45.856932,0
                9.388973,45.855032,0
                9.386506,45.852587,0
                9.387307,45.850041,0
                9.395427,45.847172,0
                9.400067,45.83979,0
                9.403747,45.838259,0
                9.40572,45.832104,0
                9.41524092569435,45.8208536139605,0
              </coordinates>
            </LinearRing>
          </outerBoundaryIs>
        </Polygon>
      </Placemark>
      <Placemark>
        <name>30</name>
        <description><![CDATA[SOIUSA SUBDIVISIONS 36 SECTIONS<br> Number = 30<br> Code = SZ.30<br> Name = Prealpi Bresciane e Gardesane<br> Perimeter = 417.71 km<br> Enclosed_Area = 2636.2 sq km<br> Island_Area = 21.954 sq km<br> Capleymar-Homoalpinus = https://www.homoalpinus.com/alpes/subdivisions/soiusa/<br> Created_By = Capleymar]]></description>
        <styleUrl>#poly-FF80FF-1000-153</styleUrl>
        <Polygon>
          <outerBoundaryIs>
            <LinearRing>
              <tessellate>1</tessellate>
              <coordinates>
                10.0718209229308,45.7645021874161,0
                10.075385,45.758773,0
                10.088038,45.748186,0
                10.091475,45.741519,0
                10.09029,45.740475,0
                10.090607,45.733254,0
                10.096928,45.727421,0
                10.104117,45.725431,0
                10.109574,45.720154,0
                10.109508,45.708291,0
                10.107077,45.705114,0
                10.107947,45.700526,0
                10.1032,45.694947,0
                10.103184,45.692796,0
                10.099062,45.690842,0
                10.097739,45.686304,0
                10.089641,45.679931,0
                10.085126,45.678405,0
                10.083506,45.681152,0
                10.077336,45.680422,0
                10.075168,45.677823,0
                10.075305,45.670784,0
                10.068253,45.669374,0
                10.06882,45.668154,0
                10.065471,45.666196,0
                10.053755,45.663804,0
                10.057045,45.661353,0
                10.055388,45.654184,0
                10.051102,45.651161,0
                10.035185,45.64497,0
                10.034805,45.643207,0
                10.049568,45.635471,0
                10.056576,45.633144,0
                10.062797,45.632599,0
                10.072901,45.635471,0
                10.081155,45.633426,0
                10.083593,45.635244,0
                10.090549,45.636736,0
                10.096789,45.641352,0
                10.10018,45.640692,0
                10.104105,45.638187,0
                10.102003,45.636166,0
                10.101641,45.63219,0
                10.103092,45.624967,0
                10.105935,45.623499,0
                10.109078,45.6266,0
                10.114811,45.627874,0
                10.115687,45.632709,0
                10.12006,45.628079,0
                10.12244,45.627325,0
                10.123525,45.632632,0
                10.124857,45.633047,0
                10.128029,45.631109,0
                10.127251,45.626845,0
                10.12289,45.6193,0
                10.116958,45.614089,0
                10.119116,45.608782,0
                10.111895,45.603649,0
                10.110019,45.599215,0
                10.112155,45.597461,0
                10.122841,45.599129,0
                10.129493,45.597547,0
                10.133164,45.598266,0
                10.145698,45.597067,0
                10.157542,45.599663,0
                10.162668,45.599006,0
                10.165017,45.596709,0
                10.160821,45.594579,0
                10.159913,45.592279,0
                10.168759,45.592352,0
                10.171131,45.591115,0
                10.165477,45.58597,0
                10.164965,45.58501,0
                10.166572,45.584394,0
                10.180099,45.587171,0
                10.187349,45.58181,0
                10.194297,45.582878,0
                10.205696,45.582712,0
                10.207267,45.58325,0
                10.209367,45.589149,0
                10.215024,45.58936,0
                10.217363,45.590708,0
                10.216225,45.592863,0
                10.213823,45.593774,0
                10.218476,45.596375,0
                10.216043,45.599012,0
                10.205621,45.602034,0
                10.195987,45.603141,0
                10.193574,45.604602,0
                10.19275,45.606503,0
                10.194727,45.61479,0
                10.193675,45.61602,0
                10.196529,45.617431,0
                10.214535,45.608673,0
                10.229836,45.605229,0
                10.228288,45.602044,0
                10.229697,45.598823,0
                10.23703,45.595785,0
                10.256001,45.591244,0
                10.263305083736,45.5866108805701,0
                10.267135,45.584181,0
                10.272123,45.584499,0
                10.274999,45.586839,0
                10.285916,45.591252,0
                10.294157,45.589434,0
                10.2962,45.581841,0
                10.293088,45.578802,0
                10.285993,45.577915,0
                10.28034,45.573996,0
                10.278862,45.571206,0
                10.270821,45.567474,0
                10.269135,45.565205,0
                10.2540087241453,45.5609334209317,0
                10.249441,45.559643,0
                10.237094,45.547129,0
                10.23728,45.543989,0
                10.239643,45.541304,0
                10.2456210301933,45.5377449785757,0
                10.248785,45.535861,0
                10.260586,45.534146,0
                10.261178,45.530726,0
                10.265903,45.528022,0
                10.268757,45.524476,0
                10.276199,45.526809,0
                10.275889,45.521496,0
                10.285395,45.523766,0
                10.289679,45.530222,0
                10.298917,45.537653,0
                10.304547,45.545097,0
                10.309283,45.548162,0
                10.319337,45.546279,0
                10.321756,45.543744,0
                10.325818,45.543314,0
                10.340167,45.546089,0
                10.352341,45.545793,0
                10.357675,45.547182,0
                10.374531,45.542794,0
                10.379177,45.543812,0
                10.386406,45.553255,0
                10.395125,45.557079,0
                10.399545,45.556805,0
                10.401922,45.554719,0
                10.407879,45.556174,0
                10.416205,45.560246,0
                10.419341,45.559577,0
                10.424353,45.561496,0
                10.435749,45.567267,0
                10.435024,45.570704,0
                10.427168,45.569988,0
                10.424139,45.573048,0
                10.429026,45.57569,0
                10.432805,45.57969,0
                10.435541,45.579747,0
                10.437699,45.582547,0
                10.431411,45.588367,0
                10.440561,45.592907,0
                10.440474,45.59851,0
                10.444667,45.601951,0
                10.463686,45.605494,0
                10.46694,45.608097,0
                10.481158,45.610788,0
                10.489067,45.609185,0
                10.532508,45.606246,0
                10.53784,45.610111,0
                10.545313,45.612967,0
                10.552919,45.612753,0
                10.556736,45.613993,0
                10.557878,45.617034,0
                10.565191,45.619182,0
                10.57536,45.624955,0
                10.587876,45.626126,0
                10.588084,45.630489,0
                10.597241,45.635485,0
                10.599251,45.635428,0
                10.600842,45.632606,0
                10.606785,45.6306,0
                10.616228,45.63199,0
                10.618154,45.636882,0
                10.620477,45.638404,0
                10.62063,45.64254,0
                10.618678,45.64611,0
                10.619301,45.645402,0
                10.619448,45.646673,0
                10.644539,45.662107,0
                10.650742,45.667648,0
                10.653838,45.670717,0
                10.652466,45.674196,0
                10.654999,45.680619,0
                10.658091,45.682595,0
                10.660548,45.686607,0
                10.666864,45.68875,0
                10.669771,45.693334,0
                10.673947,45.694751,0
                10.687794,45.704973,0
                10.6931743629202,45.7075986539551,0
                10.697643,45.709779,0
                10.71364,45.725547,0
                10.716595,45.72602,0
                10.717761,45.727646,0
                10.720355,45.727973,0
                10.735163,45.735789,0
                10.747478,45.750563,0
                10.752202,45.754203,0
                10.749939,45.757784,0
                10.766223,45.771381,0
                10.770022,45.7772,0
                10.777138,45.781712,0
                10.777175,45.787613,0
                10.782482,45.795088,0
                10.783643,45.799912,0
                10.786669,45.800735,0
                10.788251,45.804712,0
                10.793795,45.80915,0
                10.793021,45.816266,0
                10.8,45.82018,0
                10.812397,45.823736,0
                10.822326,45.828234,0
                10.825546,45.833388,0
                10.826302,45.841613,0
                10.830146,45.845728,0
                10.834413,45.854635,0
                10.832685,45.861108,0
                10.83936,45.87766,0
                10.838032,45.879722,0
                10.839001,45.88462,0
                10.841111,45.883712,0
                10.842964,45.884801,0
                10.84284,45.882801,0
                10.845746,45.882728,0
                10.845189,45.881209,0
                10.849177,45.881132,0
                10.856942,45.876763,0
                10.864822,45.876745,0
                10.867471,45.874774,0
                10.865107,45.873644,0
                10.86672,45.872318,0
                10.876643,45.868269,0
                10.874745,45.865022,0
                10.876123,45.862835,0
                10.875723,45.860997,0
                10.861986,45.849029,0
                10.863625,45.848017,0
                10.8623,45.84566,0
                10.863325,45.8444,0
                10.858754,45.836878,0
                10.858318,45.835264,0
                10.860015,45.833927,0
                10.856555,45.827593,0
                10.85677,45.821752,0
                10.851579,45.809957,0
                10.847668,45.808682,0
                10.846163,45.806079,0
                10.837921,45.801094,0
                10.837467,45.798455,0
                10.832857,45.793393,0
                10.821813,45.789071,0
                10.813272,45.774877,0
                10.810757,45.767746,0
                10.807636,45.766403,0
                10.806764,45.757511,0
                10.803606,45.754961,0
                10.799425,45.75466,0
                10.795125,45.751664,0
                10.795174,45.747832,0
                10.797855,45.748788,0
                10.799856,45.746426,0
                10.795226,45.739385,0
                10.786698,45.73178,0
                10.781517,45.729996,0
                10.780798,45.723156,0
                10.77019,45.714734,0
                10.765283,45.706519,0
                10.7610403556892,45.7011722612062,0
                10.748073,45.684823,0
                10.740964,45.678689,0
                10.728071,45.663279,0
                10.720346,45.650813,0
                10.707876,45.64124,0
                10.703772,45.636402,0
                10.691592,45.614086,0
                10.687663,45.613853,0
                10.684376,45.608725,0
                10.685876,45.604881,0
                10.684975,45.599489,0
                10.674813,45.587088,0
                10.672298,45.578077,0
                10.6736,45.574872,0
                10.67159,45.575174,0
                10.671725,45.572649,0
                10.677884,45.572836,0
                10.684201,45.577125,0
                10.689413,45.578685,0
                10.697298,45.576798,0
                10.700193,45.577646,0
                10.704911,45.576889,0
                10.718095,45.581054,0
                10.727331,45.58605,0
                10.73547,45.594556,0
                10.74399,45.598491,0
                10.760748,45.600673,0
                10.781337,45.608311,0
                10.812255,45.611505,0
                10.816571,45.613668,0
                10.828865,45.612447,0
                10.831314,45.610861,0
                10.828076,45.604983,0
                10.828086,45.599362,0
                10.823282,45.592354,0
                10.820606,45.584799,0
                10.821178,45.582905,0
                10.823726,45.581877,0
                10.822774,45.58056,0
                10.826219,45.582385,0
                10.834525,45.581911,0
                10.84052,45.583446,0
                10.843604,45.58542,0
                10.842847,45.593056,0
                10.845497,45.599546,0
                10.848533,45.603547,0
                10.855198,45.607381,0
                10.853043,45.616878,0
                10.854292,45.620552,0
                10.856292,45.621073,0
                10.859673,45.618322,0
                10.861898,45.618344,0
                10.865914,45.620497,0
                10.870347,45.626352,0
                10.876652,45.62992,0
                10.878243,45.634703,0
                10.884063,45.639764,0
                10.879708,45.644717,0
                10.880972,45.646748,0
                10.886515,45.647609,0
                10.892294,45.646074,0
                10.896759,45.648797,0
                10.894852,45.653468,0
                10.895119,45.657827,0
                10.896473,45.661096,0
                10.901647,45.663675,0
                10.902039,45.666103,0
                10.893971,45.67318,0
                10.893422,45.677097,0
                10.89901,45.678715,0
                10.903218,45.683186,0
                10.910002,45.685817,0
                10.9105211130649,45.6868705820316,0
                10.912825,45.691546,0
                10.927769,45.700182,0
                10.927457,45.708947,0
                10.933639,45.714746,0
                10.94315,45.728724,0
                10.953703,45.734259,0
                10.964236,45.736964,0
                10.969859,45.740876,0
                10.982938,45.744548,0
                10.984542,45.751454,0
                10.991027,45.755514,0
                10.998006,45.764097,0
                11.009525,45.771134,0
                11.018245,45.787487,0
                11.019751,45.795668,0
                11.012187,45.806833,0
                11.011061,45.815849,0
                11.000054,45.828168,0
                11.001385,45.837668,0
                10.996641,45.845989,0
                11.000572,45.854811,0
                10.99688,45.859717,0
                11.001419,45.865779,0
                11.00944,45.8678,0
                11.012221,45.870212,0
                11.019252,45.880418,0
                11.015242,45.887213,0
                11.016095,45.891524,0
                11.02816,45.899932,0
                11.033177,45.908909,0
                11.042483,45.917012,0
                11.055345,45.925105,0
                11.061557,45.927461,0
                11.074197,45.925849,0
                11.079829,45.927161,0
                11.090837,45.936912,0
                11.098681,45.940684,0
                11.103201,45.950657,0
                11.108847,45.957332,0
                11.107529,45.966414,0
                11.11007,45.981707,0
                11.121365,45.996989,0
                11.122828,46.00667,0
                11.122907,46.036422,0
                11.110707,46.050858,0
                11.11184,46.062426,0
                11.116317,46.074885,0
                11.114448,46.078463,0
                11.104506,46.084048,0
                11.095538,46.07939,0
                11.07666,46.081183,0
                11.073377,46.082075,0
                11.067754,46.087068,0
                11.054721,46.094556,0
                11.051307,46.093272,0
                11.043272,46.084122,0
                11.035327,46.07955,0
                11.029452,46.079478,0
                11.01606,46.076186,0
                11.011168,46.076661,0
                11.009213,46.078385,0
                10.999685,46.076777,0
                10.995126,46.073948,0
                10.990564,46.062442,0
                10.984277,46.059981,0
                10.979207,46.059778,0
                10.974562,46.057149,0
                10.969657,46.053818,0
                10.969673,46.052433,0
                10.962771,46.04598,0
                10.962713,46.038538,0
                10.965407,46.034658,0
                10.963197,46.029833,0
                10.958806,46.026565,0
                10.95679,46.020873,0
                10.959106,46.015938,0
                10.955205,46.009196,0
                10.948643,46.014338,0
                10.946247,46.018541,0
                10.950668,46.025477,0
                10.945528,46.036279,0
                10.945728,46.039039,0
                10.949465,46.042002,0
                10.949528,46.04475,0
                10.942197,46.049477,0
                10.937725,46.054616,0
                10.935509,46.054173,0
                10.928585,46.056793,0
                10.92868,46.061068,0
                10.922146,46.064514,0
                10.911413,46.061957,0
                10.905249,46.057235,0
                10.895742,46.046772,0
                10.885894,46.042235,0
                10.879709,46.041608,0
                10.872507,46.03717,0
                10.861588,46.037762,0
                10.854011,46.040129,0
                10.851303,46.041897,0
                10.84653,46.051138,0
                10.839913,46.053384,0
                10.835149,46.052981,0
                10.828225,46.054649,0
                10.824147,46.053345,0
                10.813253,46.053496,0
                10.807424,46.055531,0
                10.802337,46.054102,0
                10.797554,46.054876,0
                10.792387,46.054037,0
                10.77961,46.047115,0
                10.774169,46.04701,0
                10.74892,46.042237,0
                10.744683,46.039475,0
                10.739103,46.040048,0
                10.734495,46.033177,0
                10.732156,46.032735,0
                10.727969,46.028757,0
                10.725393,46.028966,0
                10.722211,46.02486,0
                10.715236,46.021147,0
                10.702611,46.007016,0
                10.69703,46.00327,0
                10.69566,45.999679,0
                10.690973,45.995016,0
                10.68128,45.989461,0
                10.6713,45.981244,0
                10.663288,45.966713,0
                10.655468,45.960403,0
                10.649787,45.951279,0
                10.643755,45.944174,0
                10.641263,45.943066,0
                10.639323,45.93403,0
                10.636745,45.932789,0
                10.631279,45.924682,0
                10.622324,45.916011,0
                10.62014,45.910306,0
                10.613864,45.906255,0
                10.609052,45.905758,0
                10.609074,45.901037,0
                10.611364,45.89978,0
                10.610987,45.89755,0
                10.60672,45.893821,0
                10.603441,45.886962,0
                10.600043,45.885015,0
                10.5986,45.878726,0
                10.59397,45.87682,0
                10.591263,45.873436,0
                10.588179,45.872921,0
                10.581309,45.863788,0
                10.569456,45.858075,0
                10.565228,45.850897,0
                10.557412,45.846795,0
                10.554776,45.843468,0
                10.55211,45.833934,0
                10.55006,45.820333,0
                10.535102,45.80951,0
                10.530812,45.809417,0
                10.536229,45.813066,0
                10.532883,45.823105,0
                10.529216,45.826541,0
                10.523989,45.827489,0
                10.506153,45.823898,0
                10.49949,45.81964,0
                10.49694,45.819907,0
                10.494435,45.818153,0
                10.491343,45.818958,0
                10.48546,45.817698,0
                10.47588,45.817585,0
                10.473134,45.818872,0
                10.465333,45.81931,0
                10.464162,45.818326,0
                10.460177,45.820703,0
                10.453343,45.828211,0
                10.452711,45.835721,0
                10.450526,45.837976,0
                10.454368,45.842014,0
                10.452566,45.851946,0
                10.454054,45.854906,0
                10.453158,45.861672,0
                10.455022,45.863872,0
                10.453518,45.865777,0
                10.45519,45.867961,0
                10.453887,45.871321,0
                10.449856,45.878378,0
                10.445978,45.882049,0
                10.433908,45.886469,0
                10.427073,45.890938,0
                10.426837,45.89437,0
                10.430198,45.8957,0
                10.431048,45.897796,0
                10.431138,45.902916,0
                10.434322,45.908123,0
                10.434029,45.910206,0
                10.430256,45.911054,0
                10.416496,45.907451,0
                10.404618,45.906837,0
                10.398855,45.907729,0
                10.397652,45.90976,0
                10.393875,45.911156,0
                10.385447,45.908861,0
                10.3812262315923,45.9102261759815,0
                10.376743,45.911676,0
                10.3717,45.910918,0
                10.357797,45.914201,0
                10.352225,45.917034,0
                10.351845,45.918938,0
                10.34904,45.920316,0
                10.337796,45.92023,0
                10.332365,45.918997,0
                10.326973,45.921508,0
                10.322768,45.921426,0
                10.31242,45.925415,0
                10.312593,45.92963,0
                10.301148,45.929485,0
                10.294109,45.933074,0
                10.285411,45.926835,0
                10.279028,45.925023,0
                10.263408,45.924457,0
                10.251676,45.91994,0
                10.231506,45.920621,0
                10.229594,45.915401,0
                10.222743,45.907023,0
                10.215123,45.903855,0
                10.209645,45.89884,0
                10.213214,45.893947,0
                10.212899,45.890945,0
                10.207813,45.890988,0
                10.193206,45.88594,0
                10.191325,45.887498,0
                10.183489,45.887602,0
                10.182112,45.885834,0
                10.184903,45.88147,0
                10.179445,45.880478,0
                10.175018,45.877188,0
                10.166734,45.876631,0
                10.156923,45.872273,0
                10.154311,45.864027,0
                10.147157,45.859932,0
                10.142535,45.855198,0
                10.138124,45.853663,0
                10.135197,45.849228,0
                10.127978,45.843035,0
                10.127295,45.840701,0
                10.113041,45.837137,0
                10.104269,45.830003,0
                10.104166,45.821602,0
                10.097489,45.815564,0
                10.096142,45.810182,0
                10.098805,45.80703,0
                10.103056,45.806544,0
                10.104392,45.804667,0
                10.105656,45.8054,0
                10.105323,45.798494,0
                10.103249,45.797892,0
                10.100541,45.793798,0
                10.092274,45.79053,0
                10.084125,45.78545,0
                10.079153,45.783684,0
                10.073375,45.784885,0
                10.072277,45.777722,0
                10.067713,45.771104,0
                10.0718209229308,45.7645021874161,0
              </coordinates>
            </LinearRing>
          </outerBoundaryIs>
        </Polygon>
      </Placemark>
      <Placemark>
        <name>31</name>
        <description><![CDATA[SOIUSA SUBDIVISIONS 36 SECTIONS<br> Number = 31<br> Code = SZ.31<br> Name = Dolomiti - Dolomiten<br> Perimeter = 387.12 km<br> Enclosed_Area = 6391.7 sq km<br> Island_Area = <br> Capleymar-Homoalpinus = https://www.homoalpinus.com/alpes/subdivisions/soiusa/<br> Created_By = Capleymar]]></description>
        <styleUrl>#poly-FF80FF-1000-153</styleUrl>
        <Polygon>
          <outerBoundaryIs>
            <LinearRing>
              <tessellate>1</tessellate>
              <coordinates>
                11.3938236248054,46.4953509538012,0
                11.364072,46.49204,0
                11.35145,46.493907,0
                11.345948,46.489752,0
                11.329136,46.48572,0
                11.311406,46.473807,0
                11.309205,46.473911,0
                11.304437,46.469103,0
                11.301323,46.462245,0
                11.302018,46.454419,0
                11.316084,46.438518,0
                11.315813,46.434797,0
                11.310549,46.427612,0
                11.315155,46.414522,0
                11.312871,46.410213,0
                11.304586,46.404167,0
                11.296253,46.393815,0
                11.297025,46.387745,0
                11.292625,46.377314,0
                11.29068,46.363377,0
                11.287693,46.354238,0
                11.280934,46.343981,0
                11.279808,46.331076,0
                11.260869,46.314467,0
                11.2411,46.292552,0
                11.2334867911174,46.2719246513101,0
                11.231621,46.266867,0
                11.221715,46.255968,0
                11.208965,46.245943,0
                11.183771,46.236937,0
                11.169024,46.227511,0
                11.154945,46.226479,0
                11.150901,46.224371,0
                11.146749,46.218205,0
                11.146487,46.209905,0
                11.136079,46.2012,0
                11.130547,46.192787,0
                11.119273,46.188549,0
                11.116194,46.184375,0
                11.111401,46.176198,0
                11.111281,46.16597,0
                11.093353,46.156132,0
                11.083514,46.153704,0
                11.076097,46.145949,0
                11.075557,46.138801,0
                11.092565,46.096239,0
                11.100844,46.085934,0
                11.112088,46.080281,0
                11.115772,46.076384,0
                11.116354,46.073279,0
                11.11184,46.062426,0
                11.110707,46.050858,0
                11.117418,46.043184,0
                11.121564,46.052838,0
                11.12662,46.058402,0
                11.137174,46.065661,0
                11.138018,46.068764,0
                11.148835,46.070972,0
                11.151081,46.075006,0
                11.162427,46.080453,0
                11.181459,46.082597,0
                11.18586,46.081156,0
                11.189159,46.081581,0
                11.209168,46.071756,0
                11.221016,46.068804,0
                11.2225485884395,46.0675195521447,0
                11.225761,46.064827,0
                11.234963,46.050983,0
                11.238519,46.038605,0
                11.242622,46.037805,0
                11.243525,46.036226,0
                11.245319,46.024339,0
                11.256084,46.017768,0
                11.263804,46.008778,0
                11.274859,46.004507,0
                11.285503,46.002252,0
                11.299138,46.003635,0
                11.311644,46.002311,0
                11.320535,46.004113,0
                11.339251,46.013572,0
                11.345527,46.014588,0
                11.357679,46.014304,0
                11.36689,46.016289,0
                11.372821,46.018988,0
                11.392914,46.033344,0
                11.414471,46.039998,0
                11.435574,46.049025,0
                11.454173,46.053623,0
                11.464027,46.054875,0
                11.485489,46.048016,0
                11.494112,46.049043,0
                11.514579,46.04482,0
                11.526363,46.045563,0
                11.551524,46.038714,0
                11.559246,46.032686,0
                11.570068,46.029416,0
                11.575794,46.023412,0
                11.58769,46.018075,0
                11.593161,46.017917,0
                11.601216,46.020265,0
                11.604622,46.019627,0
                11.608502,46.017662,0
                11.612204,46.012026,0
                11.618835,46.010707,0
                11.628601,46.011219,0
                11.638394,46.0088,0
                11.646373,46.002945,0
                11.660995,45.99732,0
                11.664689,45.990352,0
                11.6685,45.987704,0
                11.671993,45.982367,0
                11.682866,45.974501,0
                11.685713,45.969778,0
                11.685176,45.966158,0
                11.69239,45.961582,0
                11.703433,45.962919,0
                11.713245,45.955131,0
                11.719715,45.953783,0
                11.723199,45.951717,0
                11.726604,45.944394,0
                11.724033,45.93799,0
                11.725471,45.92886,0
                11.729037,45.930386,0
                11.743788,45.932462,0
                11.744088,45.934845,0
                11.750596,45.942318,0
                11.751209,45.948193,0
                11.756322,45.95178,0
                11.757342,45.955554,0
                11.760051,45.957928,0
                11.767177,45.961173,0
                11.769248,45.972107,0
                11.775281,45.977139,0
                11.782088,45.979385,0
                11.781507,45.98641,0
                11.787171,45.99145,0
                11.794167,45.994729,0
                11.80035,46.002432,0
                11.806762,46.003941,0
                11.816492,46.00477,0
                11.83241,46.001766,0
                11.842961,46.001131,0
                11.844183,46.002854,0
                11.850654,46.005315,0
                11.857487,46.005101,0
                11.870963,46.007913,0
                11.87782,46.007871,0
                11.897417,46.013279,0
                11.906245,46.009658,0
                11.921194,46.013348,0
                11.923043,46.012298,0
                11.921665,46.006962,0
                11.931321,46.003762,0
                11.934441,46.000935,0
                11.940578,45.999521,0
                11.949056,46.0009,0
                11.949779,45.99484,0
                11.955605,45.990065,0
                11.953948,45.985322,0
                11.956643,45.98267,0
                11.957582,45.979149,0
                11.970615,45.981298,0
                11.973608,45.98266,0
                11.974341,45.985955,0
                11.979811,45.988329,0
                11.977446,45.993817,0
                11.980705,46.000457,0
                11.975885,46.003482,0
                11.982708,46.014992,0
                11.982217,46.022429,0
                11.986547,46.026606,0
                11.985282,46.031734,0
                11.986699,46.038267,0
                11.994772,46.046512,0
                12.001043,46.048989,0
                12.003516,46.053259,0
                12.031733,46.064234,0
                12.038117,46.064118,0
                12.052692,46.066705,0
                12.064686,46.066634,0
                12.067445,46.065021,0
                12.073617,46.066376,0
                12.080173,46.070291,0
                12.07998,46.073473,0
                12.082665,46.077843,0
                12.087931,46.082039,0
                12.094644,46.082279,0
                12.100288,46.083982,0
                12.101752,46.085409,0
                12.108803,46.087315,0
                12.114143,46.091579,0
                12.12335,46.090059,0
                12.126493,46.092903,0
                12.140108,46.094117,0
                12.143782,46.098886,0
                12.154611,46.105914,0
                12.160859,46.105201,0
                12.165495,46.102543,0
                12.172808,46.102801,0
                12.179384,46.109601,0
                12.184268,46.120105,0
                12.192009,46.122282,0
                12.195823,46.125343,0
                12.201387,46.125304,0
                12.203713,46.129469,0
                12.210445,46.135482,0
                12.215501,46.136063,0
                12.223037,46.132965,0
                12.226409,46.134253,0
                12.228689,46.138893,0
                12.233867,46.143227,0
                12.234757,46.146703,0
                12.239476,46.149441,0
                12.243153,46.150093,0
                12.244734,46.153855,0
                12.252969,46.156663,0
                12.254514,46.159373,0
                12.258872,46.162093,0
                12.258743,46.168028,0
                12.267713,46.170742,0
                12.270222,46.173938,0
                12.273989,46.175198,0
                12.276851,46.174963,0
                12.280913,46.172397,0
                12.287214,46.173119,0
                12.289498,46.17499,0
                12.289243,46.177909,0
                12.291537,46.179,0
                12.294496,46.17899,0
                12.299257,46.175246,0
                12.301197,46.176362,0
                12.301309,46.180485,0
                12.296962,46.183443,0
                12.292476,46.188749,0
                12.29217,46.191123,0
                12.293623,46.194027,0
                12.298597,46.196819,0
                12.299805,46.19915,0
                12.291355,46.205225,0
                12.292015,46.211181,0
                12.289185,46.217047,0
                12.291308,46.222707,0
                12.299494,46.225253,0
                12.301964,46.235309,0
                12.307897,46.24412,0
                12.307227,46.248487,0
                12.310512,46.25631,0
                12.307728,46.261212,0
                12.308699,46.264298,0
                12.305583,46.271338,0
                12.307262,46.278235,0
                12.312545,46.28573,0
                12.311297,46.290796,0
                12.312561,46.291455,0
                12.31083,46.294012,0
                12.317596,46.300852,0
                12.32337,46.302046,0
                12.325963,46.305079,0
                12.324052,46.312947,0
                12.319025,46.318759,0
                12.31932,46.322046,0
                12.325985,46.32639,0
                12.32779,46.331053,0
                12.331321,46.332861,0
                12.332858,46.335864,0
                12.331501,46.340784,0
                12.340924,46.351842,0
                12.341968,46.359387,0
                12.352113,46.365213,0
                12.355292,46.368957,0
                12.357296,46.376687,0
                12.353615,46.378739,0
                12.3531,46.382677,0
                12.357646,46.397517,0
                12.36927,46.399056,0
                12.370339,46.402141,0
                12.37514,46.406665,0
                12.374071,46.409491,0
                12.378841,46.41037,0
                12.384497,46.413569,0
                12.385805,46.415781,0
                12.387553,46.420552,0
                12.386217,46.422209,0
                12.387615,46.431876,0
                12.390915,46.43639,0
                12.397302,46.438991,0
                12.405122,46.44818,0
                12.42998,46.462525,0
                12.430175,46.464018,0
                12.443694,46.474981,0
                12.443391,46.47885,0
                12.446134,46.482132,0
                12.451974,46.483945,0
                12.453052,46.490154,0
                12.451607,46.495327,0
                12.457173,46.505836,0
                12.459135,46.507934,0
                12.465281,46.508601,0
                12.466203,46.512788,0
                12.472648,46.514933,0
                12.474561,46.517872,0
                12.477945,46.519652,0
                12.480932,46.529123,0
                12.485207,46.529629,0
                12.487888,46.531339,0
                12.502178,46.532733,0
                12.516811,46.53712,0
                12.520083,46.536669,0
                12.525165,46.538342,0
                12.530617,46.545579,0
                12.530528,46.549358,0
                12.53613,46.553147,0
                12.539956,46.553604,0
                12.543216,46.552503,0
                12.546311,46.554027,0
                12.547678,46.559399,0
                12.543165,46.5652,0
                12.5374,46.568203,0
                12.532546,46.574687,0
                12.524043,46.580759,0
                12.509903,46.587136,0
                12.505331,46.587214,0
                12.49545,46.594539,0
                12.493276,46.593458,0
                12.490047,46.593924,0
                12.486526,46.600979,0
                12.479014,46.607441,0
                12.474588,46.614909,0
                12.469027,46.61823,0
                12.46747,46.620912,0
                12.468945,46.623802,0
                12.467483,46.626463,0
                12.463002,46.630033,0
                12.456802,46.638928,0
                12.449836,46.644846,0
                12.43674,46.65042,0
                12.428975,46.649588,0
                12.421191,46.655298,0
                12.407906,46.661157,0
                12.401986,46.665761,0
                12.399725,46.6693,0
                12.390507,46.672197,0
                12.385587,46.678641,0
                12.37906,46.681426,0
                12.377412,46.684003,0
                12.359014,46.691988,0
                12.347351,46.703526,0
                12.342174,46.703795,0
                12.335515,46.706065,0
                12.332926,46.709065,0
                12.321206,46.712533,0
                12.317761,46.714777,0
                12.311361,46.715791,0
                12.310626,46.717119,0
                12.293772,46.722692,0
                12.289862,46.725458,0
                12.282196,46.727299,0
                12.278809,46.731866,0
                12.27905,46.734182,0
                12.27123,46.730186,0
                12.264269,46.729405,0
                12.254064,46.726056,0
                12.229406,46.724653,0
                12.216668,46.726583,0
                12.206698,46.730267,0
                12.201276,46.7309,0
                12.19416,46.735774,0
                12.150839,46.74009,0
                12.128605,46.745407,0
                12.124185,46.745149,0
                12.11778,46.750206,0
                12.099798,46.756426,0
                12.097717,46.760101,0
                12.084857,46.760178,0
                12.082686,46.762148,0
                12.074881,46.760699,0
                12.070014,46.76226,0
                12.06432,46.759326,0
                12.05363,46.760795,0
                12.051464,46.760145,0
                12.050144,46.761432,0
                12.046317,46.76104,0
                12.045851,46.764848,0
                12.042059,46.765854,0
                12.040884,46.768872,0
                12.025361,46.773771,0
                12.022475,46.772308,0
                12.014784,46.773499,0
                12.012541,46.775763,0
                12.013341,46.779418,0
                12.011452,46.781047,0
                12.002389,46.78325,0
                12.000298,46.785552,0
                11.985336,46.789221,0
                11.972775,46.788664,0
                11.968394,46.785714,0
                11.966473,46.786215,0
                11.966687,46.784423,0
                11.960603,46.782979,0
                11.956475,46.784958,0
                11.954807,46.784513,0
                11.951447,46.786937,0
                11.94983,46.791567,0
                11.944166,46.795235,0
                11.940264,46.795792,0
                11.937293,46.798372,0
                11.931301,46.797472,0
                11.928909,46.795307,0
                11.924041,46.794003,0
                11.919424,46.789373,0
                11.897624,46.783903,0
                11.888802,46.784971,0
                11.886252,46.788243,0
                11.883033,46.788286,0
                11.878809,46.790336,0
                11.875002,46.790389,0
                11.873164,46.789155,0
                11.873052,46.786667,0
                11.870839,46.785558,0
                11.861769,46.788304,0
                11.858844,46.79008,0
                11.856187,46.794547,0
                11.847368,46.798202,0
                11.844205,46.802191,0
                11.829897,46.807587,0
                11.826441,46.805756,0
                11.81914,46.807668,0
                11.811246,46.805459,0
                11.802151,46.810566,0
                11.781689,46.811722,0
                11.773816,46.809565,0
                11.761795,46.808816,0
                11.746877,46.810294,0
                11.739402,46.81434,0
                11.733801,46.814874,0
                11.730415,46.814477,0
                11.723355,46.810909,0
                11.711754,46.81335,0
                11.706113,46.816038,0
                11.696003,46.815306,0
                11.685835,46.811971,0
                11.681059,46.805629,0
                11.671176,46.7972,0
                11.667432,46.789842,0
                11.672004,46.783369,0
                11.681435,46.778285,0
                11.678819,46.776443,0
                11.681372,46.771389,0
                11.686501,46.769437,0
                11.691002,46.772219,0
                11.69553,46.771931,0
                11.698421,46.769776,0
                11.697341,46.766043,0
                11.700537,46.763759,0
                11.701036,46.761194,0
                11.696677,46.759299,0
                11.693774,46.754477,0
                11.693896,46.750214,0
                11.689712,46.748275,0
                11.68895,46.745197,0
                11.679301,46.737336,0
                11.679374,46.734754,0
                11.675691,46.728817,0
                11.675884,46.724117,0
                11.672465,46.720355,0
                11.671813,46.717405,0
                11.670325,46.716782,0
                11.666386,46.717887,0
                11.661912,46.715804,0
                11.659662,46.70994,0
                11.644415,46.693064,0
                11.642823,46.687776,0
                11.635224,46.683104,0
                11.628418,46.683786,0
                11.625503,46.682448,0
                11.623081,46.679788,0
                11.619299,46.66976,0
                11.615018,46.665606,0
                11.609375,46.663357,0
                11.606343,46.657754,0
                11.592759,46.655639,0
                11.591108,46.652681,0
                11.586923,46.650389,0
                11.582281,46.645061,0
                11.571549,46.644462,0
                11.564636,46.636917,0
                11.553919,46.634033,0
                11.548544,46.625682,0
                11.540561,46.62019,0
                11.538702,46.614045,0
                11.53455,46.611292,0
                11.534169,46.604848,0
                11.529213,46.597738,0
                11.529594,46.593685,0
                11.523204,46.584904,0
                11.523591,46.579961,0
                11.521055,46.568962,0
                11.512522,46.560208,0
                11.514535,46.551515,0
                11.499936,46.537473,0
                11.493708,46.534251,0
                11.492594,46.532444,0
                11.488323,46.532674,0
                11.489163,46.524949,0
                11.479594,46.517403,0
                11.477737,46.512485,0
                11.470609,46.511857,0
                11.466602,46.507825,0
                11.460254,46.504872,0
                11.457622,46.501465,0
                11.452349,46.500656,0
                11.449621,46.497303,0
                11.442898,46.49601,0
                11.437334,46.49241,0
                11.432577,46.494248,0
                11.429103,46.490514,0
                11.425306,46.489016,0
                11.420621,46.489458,0
                11.410943,46.493985,0
                11.398824,46.492703,0
                11.393941,46.495364,0
                11.3938236248054,46.4953509538012,0
              </coordinates>
            </LinearRing>
          </outerBoundaryIs>
        </Polygon>
      </Placemark>
      <Placemark>
        <name>32</name>
        <description><![CDATA[SOIUSA SUBDIVISIONS 36 SECTIONS<br> Number = 32<br> Code = SZ.32<br> Name = Prealpi Venete<br> Perimeter = 535.74 km<br> Enclosed_Area = 4207.4 sq km<br> Island_Area = <br> Capleymar-Homoalpinus = https://www.homoalpinus.com/alpes/subdivisions/soiusa/<br> Created_By = Capleymar]]></description>
        <styleUrl>#poly-FF80FF-1000-153</styleUrl>
        <MultiGeometry>
          <Polygon>
            <outerBoundaryIs>
              <LinearRing>
                <tessellate>1</tessellate>
                <coordinates>
                  10.823726,45.581877,0
                  10.822774,45.58056,0
                  10.8232715,45.5809527,0
                  10.823726,45.581877,0
                </coordinates>
              </LinearRing>
            </outerBoundaryIs>
          </Polygon>
          <Polygon>
            <outerBoundaryIs>
              <LinearRing>
                <tessellate>1</tessellate>
                <coordinates>
                  11.42101,45.637712,0
                  11.42175,45.64342,0
                  11.415035,45.649386,0
                  11.409609,45.652274,0
                  11.399558,45.65217,0
                  11.385843,45.64541,0
                  11.384928,45.648185,0
                  11.38661,45.656416,0
                  11.383984,45.667835,0
                  11.37324,45.681272,0
                  11.365858,45.68616,0
                  11.365119,45.692671,0
                  11.362455,45.695136,0
                  11.35346,45.699443,0
                  11.34705,45.70012,0
                  11.339709,45.698808,0
                  11.337136,45.702048,0
                  11.340317,45.704682,0
                  11.335716,45.709616,0
                  11.325926,45.709435,0
                  11.307849,45.714794,0
                  11.303343,45.717804,0
                  11.297477,45.718036,0
                  11.298529,45.722404,0
                  11.31458,45.721398,0
                  11.321718,45.723637,0
                  11.328894,45.728179,0
                  11.336068,45.729264,0
                  11.345619,45.727057,0
                  11.359366,45.729741,0
                  11.365928,45.726817,0
                  11.369149,45.727978,0
                  11.372275,45.731779,0
                  11.370644,45.736533,0
                  11.373546,45.738264,0
                  11.397322,45.73849,0
                  11.412393,45.741988,0
                  11.427797,45.750556,0
                  11.430374,45.755378,0
                  11.429378,45.761378,0
                  11.431353,45.766068,0
                  11.434328,45.769422,0
                  11.440729,45.770963,0
                  11.444287,45.768204,0
                  11.455803,45.769419,0
                  11.457822,45.770965,0
                  11.464117,45.766262,0
                  11.482882,45.761391,0
                  11.484897,45.761315,0
                  11.487199,45.764009,0
                  11.491939,45.763072,0
                  11.499247,45.764951,0
                  11.504927,45.763828,0
                  11.511385,45.759304,0
                  11.510874,45.75386,0
                  11.516915,45.752037,0
                  11.519628,45.749183,0
                  11.527501,45.746966,0
                  11.529918,45.745158,0
                  11.554254,45.745321,0
                  11.593216,45.742777,0
                  11.610308,45.748869,0
                  11.630572,45.742891,0
                  11.642414,45.741549,0
                  11.661201,45.751533,0
                  11.67307,45.754699,0
                  11.697507,45.770087,0
                  11.717131,45.778002,0
                  11.720797,45.785799,0
                  11.715631,45.790734,0
                  11.712383,45.798264,0
                  11.710007,45.800346,0
                  11.710563,45.805323,0
                  11.714226,45.805988,0
                  11.722176,45.803199,0
                  11.725253,45.804008,0
                  11.732935,45.802647,0
                  11.735256,45.795792,0
                  11.745337,45.794465,0
                  11.750756,45.79773,0
                  11.760175,45.807427,0
                  11.79741,45.821336,0
                  11.821082,45.836733,0
                  11.842799,45.847564,0
                  11.855897,45.851074,0
                  11.866906,45.850056,0
                  11.873967,45.852363,0
                  11.882747,45.858148,0
                  11.902896,45.864372,0
                  11.904895,45.866152,0
                  11.911087,45.867223,0
                  11.915909,45.866267,0
                  11.932089,45.874056,0
                  11.939837,45.876118,0
                  11.960712,45.878899,0
                  11.961905,45.87996,0
                  11.959962,45.881602,0
                  11.954915,45.884694,0
                  11.948898,45.886068,0
                  11.945397,45.889501,0
                  11.943569,45.896456,0
                  11.949565,45.899068,0
                  11.952015,45.899373,0
                  11.953813,45.896937,0
                  11.95838,45.895907,0
                  11.973393,45.89557,0
                  12.007066,45.901858,0
                  12.045997,45.900843,0
                  12.059642,45.905742,0
                  12.073303,45.906756,0
                  12.075904,45.905846,0
                  12.077944,45.901688,0
                  12.084352,45.897122,0
                  12.091771,45.895665,0
                  12.123791,45.907087,0
                  12.134359,45.909645,0
                  12.143364,45.910201,0
                  12.166233,45.914239,0
                  12.202961,45.924685,0
                  12.228461,45.939232,0
                  12.236814,45.941884,0
                  12.264691,45.956606,0
                  12.291027,45.974678,0
                  12.301265,45.985403,0
                  12.311999,45.988311,0
                  12.363795,45.976702,0
                  12.425066,45.968874,0
                  12.439737,45.970043,0
                  12.466244,45.977613,0
                  12.472251,45.980399,0
                  12.480397,45.993091,0
                  12.491407,46.018243,0
                  12.504822,46.021339,0
                  12.511588,46.026904,0
                  12.523457,46.033114,0
                  12.534445,46.037024,0
                  12.539317,46.041507,0
                  12.541667,46.047669,0
                  12.550138,46.057854,0
                  12.569996,46.062634,0
                  12.584312,46.074283,0
                  12.592327,46.091161,0
                  12.593466,46.097811,0
                  12.602819,46.109503,0
                  12.603089,46.113028,0
                  12.619736,46.122286,0
                  12.630279,46.137262,0
                  12.639221,46.14571,0
                  12.653754,46.152996,0
                  12.663614,46.161068,0
                  12.66875,46.162466,0
                  12.66665,46.170045,0
                  12.663476,46.172982,0
                  12.658313,46.173689,0
                  12.651411,46.167268,0
                  12.629737,46.164466,0
                  12.622606,46.168997,0
                  12.620094,46.17244,0
                  12.616344,46.173933,0
                  12.614708,46.178601,0
                  12.608561,46.178784,0
                  12.605585,46.186547,0
                  12.602954,46.187957,0
                  12.595687,46.187837,0
                  12.592992,46.190181,0
                  12.591666,46.189192,0
                  12.586621,46.189624,0
                  12.577584,46.186638,0
                  12.573835,46.187926,0
                  12.560832,46.185142,0
                  12.554936,46.186627,0
                  12.552602,46.185794,0
                  12.55267,46.187927,0
                  12.547098,46.189328,0
                  12.543285,46.193646,0
                  12.533584,46.196285,0
                  12.530382,46.199022,0
                  12.52554,46.198671,0
                  12.518596,46.20028,0
                  12.508321,46.209638,0
                  12.510606,46.213423,0
                  12.497509,46.219126,0
                  12.486377,46.229759,0
                  12.486953,46.231691,0
                  12.49074,46.234175,0
                  12.486364,46.243371,0
                  12.476601,46.24567,0
                  12.469757,46.249475,0
                  12.464185,46.250273,0
                  12.464766,46.254215,0
                  12.466992,46.255394,0
                  12.466983,46.261649,0
                  12.461505,46.266616,0
                  12.446587,46.274128,0
                  12.443373,46.278477,0
                  12.438414,46.279871,0
                  12.433456,46.285341,0
                  12.429054,46.287644,0
                  12.401555,46.284274,0
                  12.389833,46.27606,0
                  12.380337,46.274472,0
                  12.369569,46.270209,0
                  12.368559,46.268833,0
                  12.358818,46.265968,0
                  12.35547,46.267595,0
                  12.341908,46.269423,0
                  12.323632,46.266326,0
                  12.311038,46.266765,0
                  12.307732,46.262354,0
                  12.310512,46.25631,0
                  12.307227,46.248487,0
                  12.307897,46.24412,0
                  12.301964,46.235309,0
                  12.299494,46.225253,0
                  12.291308,46.222707,0
                  12.289185,46.217047,0
                  12.292015,46.211181,0
                  12.291355,46.205225,0
                  12.299805,46.19915,0
                  12.298597,46.196819,0
                  12.293623,46.194027,0
                  12.29217,46.191123,0
                  12.292476,46.188749,0
                  12.296962,46.183443,0
                  12.301309,46.180485,0
                  12.301197,46.176362,0
                  12.299257,46.175246,0
                  12.294496,46.17899,0
                  12.291537,46.179,0
                  12.289243,46.177909,0
                  12.289498,46.17499,0
                  12.287214,46.173119,0
                  12.280913,46.172397,0
                  12.276851,46.174963,0
                  12.273989,46.175198,0
                  12.270222,46.173938,0
                  12.267713,46.170742,0
                  12.258743,46.168028,0
                  12.258872,46.162093,0
                  12.254514,46.159373,0
                  12.252969,46.156663,0
                  12.244734,46.153855,0
                  12.243153,46.150093,0
                  12.239476,46.149441,0
                  12.234757,46.146703,0
                  12.233867,46.143227,0
                  12.228689,46.138893,0
                  12.226409,46.134253,0
                  12.223037,46.132965,0
                  12.215501,46.136063,0
                  12.210445,46.135482,0
                  12.203713,46.129469,0
                  12.201387,46.125304,0
                  12.195823,46.125343,0
                  12.192009,46.122282,0
                  12.184268,46.120105,0
                  12.179384,46.109601,0
                  12.172808,46.102801,0
                  12.165495,46.102543,0
                  12.160859,46.105201,0
                  12.154611,46.105914,0
                  12.143782,46.098886,0
                  12.140108,46.094117,0
                  12.126493,46.092903,0
                  12.12335,46.090059,0
                  12.114143,46.091579,0
                  12.108803,46.087315,0
                  12.101752,46.085409,0
                  12.100288,46.083982,0
                  12.094644,46.082279,0
                  12.087931,46.082039,0
                  12.082665,46.077843,0
                  12.07998,46.073473,0
                  12.080173,46.070291,0
                  12.073617,46.066376,0
                  12.067445,46.065021,0
                  12.064686,46.066634,0
                  12.052692,46.066705,0
                  12.038117,46.064118,0
                  12.031733,46.064234,0
                  12.003516,46.053259,0
                  12.001043,46.048989,0
                  11.994772,46.046512,0
                  11.986699,46.038267,0
                  11.985282,46.031734,0
                  11.986547,46.026606,0
                  11.982217,46.022429,0
                  11.982708,46.014992,0
                  11.975885,46.003482,0
                  11.980705,46.000457,0
                  11.977446,45.993817,0
                  11.979811,45.988329,0
                  11.974341,45.985955,0
                  11.973608,45.98266,0
                  11.957582,45.979149,0
                  11.956643,45.98267,0
                  11.953948,45.985322,0
                  11.955605,45.990065,0
                  11.949779,45.99484,0
                  11.949056,46.0009,0
                  11.940578,45.999521,0
                  11.934441,46.000935,0
                  11.931321,46.003762,0
                  11.921665,46.006962,0
                  11.923043,46.012298,0
                  11.921194,46.013348,0
                  11.906245,46.009658,0
                  11.897417,46.013279,0
                  11.87782,46.007871,0
                  11.870963,46.007913,0
                  11.857487,46.005101,0
                  11.850654,46.005315,0
                  11.844183,46.002854,0
                  11.842961,46.001131,0
                  11.83241,46.001766,0
                  11.816492,46.00477,0
                  11.806762,46.003941,0
                  11.80035,46.002432,0
                  11.794167,45.994729,0
                  11.787171,45.99145,0
                  11.781507,45.98641,0
                  11.782088,45.979385,0
                  11.775281,45.977139,0
                  11.769248,45.972107,0
                  11.767177,45.961173,0
                  11.760051,45.957928,0
                  11.757342,45.955554,0
                  11.756322,45.95178,0
                  11.751209,45.948193,0
                  11.750596,45.942318,0
                  11.744088,45.934845,0
                  11.743788,45.932462,0
                  11.729037,45.930386,0
                  11.725471,45.92886,0
                  11.724033,45.93799,0
                  11.726604,45.944394,0
                  11.723199,45.951717,0
                  11.719715,45.953783,0
                  11.713245,45.955131,0
                  11.703433,45.962919,0
                  11.69239,45.961582,0
                  11.685176,45.966158,0
                  11.685713,45.969778,0
                  11.682866,45.974501,0
                  11.671993,45.982367,0
                  11.6685,45.987704,0
                  11.664689,45.990352,0
                  11.660995,45.99732,0
                  11.646373,46.002945,0
                  11.638394,46.0088,0
                  11.628601,46.011219,0
                  11.618835,46.010707,0
                  11.612204,46.012026,0
                  11.608502,46.017662,0
                  11.604622,46.019627,0
                  11.601216,46.020265,0
                  11.593161,46.017917,0
                  11.58769,46.018075,0
                  11.575794,46.023412,0
                  11.570068,46.029416,0
                  11.562109,46.031069,0
                  11.549586,46.039541,0
                  11.539313,46.041365,0
                  11.526363,46.045563,0
                  11.514579,46.04482,0
                  11.494112,46.049043,0
                  11.485489,46.048016,0
                  11.464027,46.054875,0
                  11.454173,46.053623,0
                  11.435574,46.049025,0
                  11.414471,46.039998,0
                  11.392914,46.033344,0
                  11.372821,46.018988,0
                  11.36591,46.015965,0
                  11.357679,46.014304,0
                  11.345527,46.014588,0
                  11.339251,46.013572,0
                  11.321891,46.004691,0
                  11.315794,46.002751,0
                  11.310394,46.002304,0
                  11.299138,46.003635,0
                  11.285503,46.002252,0
                  11.266437,46.007172,0
                  11.256084,46.017768,0
                  11.245389,46.024253,0
                  11.243072,46.037098,0
                  11.238519,46.038605,0
                  11.231442,46.057692,0
                  11.2224513075028,46.0672745752656,0
                  11.221016,46.068804,0
                  11.209168,46.071756,0
                  11.189159,46.081581,0
                  11.18586,46.081156,0
                  11.181459,46.082597,0
                  11.161524,46.080207,0
                  11.151081,46.075006,0
                  11.148835,46.070972,0
                  11.13784,46.068655,0
                  11.137174,46.065661,0
                  11.12662,46.058402,0
                  11.119251,46.048543,0
                  11.117418,46.043184,0
                  11.121749,46.03892,0
                  11.123098,46.03237,0
                  11.121365,45.996989,0
                  11.11007,45.981707,0
                  11.107529,45.966414,0
                  11.108847,45.957332,0
                  11.103201,45.950657,0
                  11.098681,45.940684,0
                  11.090837,45.936912,0
                  11.079829,45.927161,0
                  11.074197,45.925849,0
                  11.061557,45.927461,0
                  11.055345,45.925105,0
                  11.042483,45.917012,0
                  11.033177,45.908909,0
                  11.02816,45.899932,0
                  11.016095,45.891524,0
                  11.015242,45.887213,0
                  11.019252,45.880418,0
                  11.012221,45.870212,0
                  11.00944,45.8678,0
                  11.001419,45.865779,0
                  10.99688,45.859717,0
                  11.000572,45.854811,0
                  10.996641,45.845989,0
                  11.001385,45.837668,0
                  11.000054,45.828168,0
                  11.011061,45.815849,0
                  11.012187,45.806833,0
                  11.019751,45.795668,0
                  11.018245,45.787487,0
                  11.010566,45.772598,0
                  11.007413,45.769155,0
                  10.998006,45.764097,0
                  10.991027,45.755514,0
                  10.984542,45.751454,0
                  10.982938,45.744548,0
                  10.969859,45.740876,0
                  10.964236,45.736964,0
                  10.953703,45.734259,0
                  10.941839,45.727503,0
                  10.933639,45.714746,0
                  10.927457,45.708947,0
                  10.927769,45.700182,0
                  10.912825,45.691546,0
                  10.9105211130649,45.6868705820316,0
                  10.910002,45.685817,0
                  10.903218,45.683186,0
                  10.89901,45.678715,0
                  10.893422,45.677097,0
                  10.893971,45.67318,0
                  10.902039,45.666103,0
                  10.901647,45.663675,0
                  10.896473,45.661096,0
                  10.895119,45.657827,0
                  10.894852,45.653468,0
                  10.896759,45.648797,0
                  10.892294,45.646074,0
                  10.886515,45.647609,0
                  10.880972,45.646748,0
                  10.879708,45.644717,0
                  10.884063,45.639764,0
                  10.878243,45.634703,0
                  10.876652,45.62992,0
                  10.870347,45.626352,0
                  10.865914,45.620497,0
                  10.861898,45.618344,0
                  10.859673,45.618322,0
                  10.856292,45.621073,0
                  10.854292,45.620552,0
                  10.853043,45.616878,0
                  10.855198,45.607381,0
                  10.848533,45.603547,0
                  10.843785,45.596427,0
                  10.843604,45.58542,0
                  10.837258,45.58234,0
                  10.826219,45.582385,0
                  10.824654,45.582044,0
                  10.8232715,45.5809527,0
                  10.823042,45.580486,0
                  10.818961,45.569476,0
                  10.819951,45.567042,0
                  10.824379,45.568352,0
                  10.825541,45.567139,0
                  10.824897,45.564909,0
                  10.830521,45.556528,0
                  10.826675,45.55138,0
                  10.826239,45.542274,0
                  10.823353,45.531873,0
                  10.823866,45.519114,0
                  10.825553,45.516351,0
                  10.834841,45.511828,0
                  10.840031,45.511361,0
                  10.853604,45.51379,0
                  10.861493,45.520538,0
                  10.868872,45.52368,0
                  10.875927,45.5238,0
                  10.887688,45.520928,0
                  10.899329,45.520859,0
                  10.914785,45.528164,0
                  10.925879,45.529982,0
                  10.932738,45.52699,0
                  10.941921,45.526899,0
                  10.946401,45.523139,0
                  10.946123,45.519007,0
                  10.952837,45.515899,0
                  10.97757,45.512159,0
                  10.983177,45.512558,0
                  10.984668,45.50956,0
                  10.992301,45.509936,0
                  10.996534,45.508537,0
                  11.0045297626186,45.5127898076371,0
                  11.006388,45.513778,0
                  11.013521,45.5125,0
                  11.015402,45.52219,0
                  11.020393,45.523387,0
                  11.02269,45.52248,0
                  11.02331,45.519336,0
                  11.022764,45.507283,0
                  11.031804,45.498278,0
                  11.041203,45.497234,0
                  11.04719,45.500253,0
                  11.056501,45.499678,0
                  11.05912,45.504006,0
                  11.063409,45.506739,0
                  11.076075,45.506986,0
                  11.079188,45.505896,0
                  11.079978,45.50393,0
                  11.085882,45.500099,0
                  11.086843,45.496227,0
                  11.097452,45.492689,0
                  11.115536,45.493477,0
                  11.125174,45.491685,0
                  11.126488,45.4928,0
                  11.13858,45.489862,0
                  11.143412,45.493731,0
                  11.148943,45.49509,0
                  11.154645,45.498292,0
                  11.157483,45.511097,0
                  11.161579,45.513015,0
                  11.168671,45.513009,0
                  11.172073,45.510976,0
                  11.172601,45.508428,0
                  11.176143,45.505125,0
                  11.175949,45.502387,0
                  11.17976,45.495648,0
                  11.179352,45.489621,0
                  11.18363,45.486805,0
                  11.19154,45.485406,0
                  11.193467,45.481896,0
                  11.201662,45.478092,0
                  11.212238,45.461025,0
                  11.219714,45.451662,0
                  11.222308,45.45078,0
                  11.222871,45.447044,0
                  11.226085,45.445423,0
                  11.226482,45.441813,0
                  11.241425,45.439632,0
                  11.246151,45.443311,0
                  11.246563,45.451901,0
                  11.248113,45.452517,0
                  11.252025,45.463554,0
                  11.257779,45.469178,0
                  11.255818,45.473449,0
                  11.249981,45.477946,0
                  11.247619,45.482525,0
                  11.252003,45.489031,0
                  11.249582,45.490505,0
                  11.249413,45.492815,0
                  11.254835,45.495681,0
                  11.257355,45.49504,0
                  11.265468,45.484667,0
                  11.276818,45.474452,0
                  11.279507,45.473516,0
                  11.284307,45.473454,0
                  11.291025,45.476591,0
                  11.297974,45.476968,0
                  11.303552,45.475896,0
                  11.309196,45.473623,0
                  11.320336,45.465225,0
                  11.3298,45.462775,0
                  11.343256,45.463343,0
                  11.34859,45.465322,0
                  11.363622,45.466736,0
                  11.369641,45.469517,0
                  11.371508,45.471765,0
                  11.372223,45.474313,0
                  11.369685,45.481843,0
                  11.355953,45.494142,0
                  11.351383,45.50061,0
                  11.343733,45.505599,0
                  11.336204,45.513118,0
                  11.33387,45.517341,0
                  11.337234,45.526616,0
                  11.336568,45.531831,0
                  11.339847,45.535403,0
                  11.347566,45.540262,0
                  11.3591,45.544269,0
                  11.365511,45.548542,0
                  11.372851,45.55643,0
                  11.375473,45.561838,0
                  11.375992,45.572299,0
                  11.360142,45.59527,0
                  11.360188,45.599449,0
                  11.366911,45.600132,0
                  11.377819,45.599234,0
                  11.386168,45.594942,0
                  11.389252,45.590532,0
                  11.395533,45.585628,0
                  11.4144,45.584081,0
                  11.422371,45.568394,0
                  11.424365,45.55265,0
                  11.43069,45.546316,0
                  11.434629,45.544586,0
                  11.436997,45.538454,0
                  11.442331,45.533893,0
                  11.453831,45.531281,0
                  11.463449,45.532554,0
                  11.463658,45.534491,0
                  11.466138,45.536166,0
                  11.471281,45.536106,0
                  11.47506,45.538903,0
                  11.470288,45.542296,0
                  11.480863,45.540721,0
                  11.484588,45.542965,0
                  11.475507,45.554234,0
                  11.473298,45.55524,0
                  11.470002,45.553504,0
                  11.464097,45.555354,0
                  11.46366,45.5567,0
                  11.466339,45.559773,0
                  11.46187,45.564649,0
                  11.46431,45.568326,0
                  11.469696,45.564901,0
                  11.472942,45.568161,0
                  11.476866,45.56902,0
                  11.477108,45.570766,0
                  11.467779,45.570793,0
                  11.464318,45.572746,0
                  11.464217,45.573609,0
                  11.468684,45.573804,0
                  11.470278,45.576222,0
                  11.465872,45.579502,0
                  11.470454,45.582135,0
                  11.477103,45.578964,0
                  11.482594,45.585975,0
                  11.481512,45.586722,0
                  11.476517,45.585526,0
                  11.468975,45.586715,0
                  11.470321,45.588563,0
                  11.467825,45.590287,0
                  11.475625,45.59369,0
                  11.475945,45.594971,0
                  11.473015,45.597351,0
                  11.462013,45.600562,0
                  11.460442,45.602413,0
                  11.461456,45.605176,0
                  11.457945,45.607645,0
                  11.458618,45.610061,0
                  11.44911,45.615769,0
                  11.445253,45.62746,0
                  11.441697,45.628443,0
                  11.437029,45.624738,0
                  11.43525,45.62472,0
                  11.431093,45.625965,0
                  11.424815,45.62557,0
                  11.420474,45.627791,0
                  11.417485,45.63113,0
                  11.41828,45.632582,0
                  11.422271,45.633179,0
                  11.421356239401,45.6364674247699,0
                  11.42101,45.637712,0
                </coordinates>
              </LinearRing>
            </outerBoundaryIs>
          </Polygon>
        </MultiGeometry>
      </Placemark>
      <Placemark>
        <name>33</name>
        <description><![CDATA[SOIUSA SUBDIVISIONS 36 SECTIONS<br> Number = 33<br> Code = SZ.33<br> Name = Alpi Carniche i.s.a. = Karnische Alpen i.w.S.<br> Perimeter = 408.34 km<br> Enclosed_Area = 4921.2 sq km<br> Island_Area = <br> Capleymar-Homoalpinus = https://www.homoalpinus.com/alpes/subdivisions/soiusa/<br> Created_By = Capleymar]]></description>
        <styleUrl>#poly-FF80FF-1000-153</styleUrl>
        <Polygon>
          <outerBoundaryIs>
            <LinearRing>
              <tessellate>1</tessellate>
              <coordinates>
                13.8750734003588,46.6028334426431,0
                13.879037,46.605155,0
                13.886943,46.607181,0
                13.882367,46.610604,0
                13.879482,46.615604,0
                13.876078,46.616193,0
                13.868203,46.614682,0
                13.859803,46.608145,0
                13.855361,46.608447,0
                13.846724,46.616244,0
                13.839482,46.615588,0
                13.836263,46.616863,0
                13.833957,46.620924,0
                13.834128,46.627305,0
                13.830427,46.632249,0
                13.826339,46.634437,0
                13.811061,46.638724,0
                13.80147,46.643467,0
                13.79546,46.65062,0
                13.789078,46.650671,0
                13.782544,46.652343,0
                13.77704,46.64964,0
                13.774841,46.649861,0
                13.765271,46.653594,0
                13.763574,46.661955,0
                13.748448,46.662439,0
                13.745465,46.667085,0
                13.729597,46.66863,0
                13.717633,46.67209,0
                13.709271,46.676537,0
                13.700511,46.677799,0
                13.697519,46.68133,0
                13.701712,46.688199,0
                13.699411,46.694748,0
                13.695516,46.696384,0
                13.689018,46.694366,0
                13.685711,46.694731,0
                13.681001,46.700817,0
                13.66317,46.713913,0
                13.650808,46.720106,0
                13.63614,46.722885,0
                13.620778,46.73431,0
                13.613962,46.736645,0
                13.608063,46.742458,0
                13.593552,46.742699,0
                13.56799,46.751597,0
                13.562242,46.761653,0
                13.555635,46.765723,0
                13.551431,46.770617,0
                13.540984,46.771217,0
                13.531677,46.774391,0
                13.52128,46.774461,0
                13.50906,46.779457,0
                13.501411,46.77979,0
                13.495598,46.784016,0
                13.490442,46.783243,0
                13.488678,46.783959,0
                13.483571,46.790761,0
                13.467881,46.793962,0
                13.466924,46.796434,0
                13.470547,46.80331,0
                13.469208,46.809711,0
                13.458351,46.812068,0
                13.447379,46.818485,0
                13.430233,46.820367,0
                13.420506,46.822794,0
                13.408784,46.820202,0
                13.402666,46.820186,0
                13.390004,46.824795,0
                13.377905,46.827473,0
                13.367744,46.826929,0
                13.361714,46.831705,0
                13.350718,46.832821,0
                13.34655,46.829199,0
                13.360212,46.81048,0
                13.358961,46.80535,0
                13.360982,46.799226,0
                13.359365,46.794873,0
                13.345604,46.775702,0
                13.34342,46.769444,0
                13.336962,46.761082,0
                13.329269,46.758263,0
                13.323246,46.758318,0
                13.310517,46.75527,0
                13.304084,46.752287,0
                13.295611,46.752348,0
                13.289669,46.753894,0
                13.2777,46.751967,0
                13.265187,46.754617,0
                13.256978,46.750218,0
                13.249143,46.75062,0
                13.241604,46.747868,0
                13.229947,46.750107,0
                13.220971,46.748112,0
                13.212402,46.748927,0
                13.190163,46.739325,0
                13.176862,46.7359,0
                13.154089,46.738657,0
                13.134226,46.73491,0
                13.1340080970245,46.7351367099636,0
                13.12722,46.742198,0
                13.122752,46.743556,0
                13.094946,46.732968,0
                13.086968,46.732332,0
                13.071858,46.734233,0
                13.058349,46.732845,0
                13.044115,46.736845,0
                13.029241,46.734559,0
                13.022578,46.738221,0
                13.012814,46.738901,0
                13.007495,46.740905,0
                13.002786,46.739979,0
                12.9884,46.74086,0
                12.978866,46.748016,0
                12.959608,46.746843,0
                12.950876,46.74512,0
                12.932536,46.763616,0
                12.918857,46.766133,0
                12.911274,46.772021,0
                12.882781,46.783212,0
                12.872176,46.792115,0
                12.849417,46.803408,0
                12.837459,46.812182,0
                12.817882,46.815725,0
                12.798058,46.82164,0
                12.789079,46.822329,0
                12.776428,46.828698,0
                12.763534,46.824418,0
                12.753791,46.807166,0
                12.744508,46.800286,0
                12.737979,46.798551,0
                12.729934,46.793711,0
                12.722581,46.793694,0
                12.716568,46.791499,0
                12.709384,46.791194,0
                12.690883,46.785364,0
                12.681517,46.785308,0
                12.662969,46.781913,0
                12.657279,46.782836,0
                12.65199,46.780176,0
                12.642737,46.77957,0
                12.601601,46.769241,0
                12.587005,46.76718,0
                12.578355,46.769052,0
                12.569371,46.764546,0
                12.565742,46.760938,0
                12.559801,46.759553,0
                12.555486,46.759828,0
                12.552524,46.758168,0
                12.5515022486804,46.757955637447,0
                12.532523,46.754009,0
                12.528045,46.754395,0
                12.517886,46.752777,0
                12.505847,46.747892,0
                12.483857,46.74532,0
                12.465614,46.747856,0
                12.44225,46.745922,0
                12.431191,46.747606,0
                12.399486,46.743272,0
                12.393085,46.744319,0
                12.381638,46.743484,0
                12.354015,46.73756,0
                12.348057,46.735272,0
                12.32464,46.731135,0
                12.318784,46.727968,0
                12.301048,46.729312,0
                12.284596,46.735319,0
                12.278976,46.734029,0
                12.278809,46.731866,0
                12.282196,46.727299,0
                12.289862,46.725458,0
                12.293772,46.722692,0
                12.310626,46.717119,0
                12.311361,46.715791,0
                12.317761,46.714777,0
                12.321206,46.712533,0
                12.332926,46.709065,0
                12.335515,46.706065,0
                12.342174,46.703795,0
                12.347351,46.703526,0
                12.359014,46.691988,0
                12.377412,46.684003,0
                12.37906,46.681426,0
                12.385587,46.678641,0
                12.390507,46.672197,0
                12.399725,46.6693,0
                12.401986,46.665761,0
                12.407906,46.661157,0
                12.421191,46.655298,0
                12.428975,46.649588,0
                12.43674,46.65042,0
                12.449836,46.644846,0
                12.456802,46.638928,0
                12.463002,46.630033,0
                12.467483,46.626463,0
                12.468945,46.623802,0
                12.46747,46.620912,0
                12.469027,46.61823,0
                12.474588,46.614909,0
                12.479014,46.607441,0
                12.486526,46.600979,0
                12.490047,46.593924,0
                12.493276,46.593458,0
                12.49545,46.594539,0
                12.505331,46.587214,0
                12.509903,46.587136,0
                12.524043,46.580759,0
                12.532546,46.574687,0
                12.5374,46.568203,0
                12.543165,46.5652,0
                12.547678,46.559399,0
                12.546311,46.554027,0
                12.543216,46.552503,0
                12.539956,46.553604,0
                12.53613,46.553147,0
                12.530528,46.549358,0
                12.530617,46.545579,0
                12.525165,46.538342,0
                12.520083,46.536669,0
                12.516811,46.53712,0
                12.502178,46.532733,0
                12.487888,46.531339,0
                12.485207,46.529629,0
                12.480932,46.529123,0
                12.477945,46.519652,0
                12.474561,46.517872,0
                12.472648,46.514933,0
                12.466203,46.512788,0
                12.465281,46.508601,0
                12.459135,46.507934,0
                12.457173,46.505836,0
                12.451607,46.495327,0
                12.453052,46.490154,0
                12.451974,46.483945,0
                12.446134,46.482132,0
                12.443391,46.47885,0
                12.443694,46.474981,0
                12.430175,46.464018,0
                12.42998,46.462525,0
                12.405122,46.44818,0
                12.397302,46.438991,0
                12.390915,46.43639,0
                12.387615,46.431876,0
                12.386217,46.422209,0
                12.387553,46.420552,0
                12.385805,46.415781,0
                12.384497,46.413569,0
                12.378841,46.41037,0
                12.374071,46.409491,0
                12.37514,46.406665,0
                12.370339,46.402141,0
                12.36927,46.399056,0
                12.357646,46.397517,0
                12.3531,46.382677,0
                12.353615,46.378739,0
                12.357296,46.376687,0
                12.355292,46.368957,0
                12.352113,46.365213,0
                12.341968,46.359387,0
                12.340924,46.351842,0
                12.331501,46.340784,0
                12.332858,46.335864,0
                12.331321,46.332861,0
                12.32779,46.331053,0
                12.325985,46.32639,0
                12.318759,46.320544,0
                12.31997,46.316916,0
                12.324052,46.312947,0
                12.325963,46.305079,0
                12.32337,46.302046,0
                12.317596,46.300852,0
                12.31083,46.294012,0
                12.312561,46.291455,0
                12.311297,46.290796,0
                12.312545,46.28573,0
                12.307262,46.278235,0
                12.305583,46.271338,0
                12.308768,46.263584,0
                12.311038,46.266765,0
                12.323632,46.266326,0
                12.336516,46.267793,0
                12.340836,46.269399,0
                12.35547,46.267595,0
                12.358063,46.265997,0
                12.361483,46.266476,0
                12.380337,46.274472,0
                12.389833,46.27606,0
                12.401555,46.284274,0
                12.429976,46.287372,0
                12.438414,46.279871,0
                12.443373,46.278477,0
                12.446587,46.274128,0
                12.461505,46.266616,0
                12.466983,46.261649,0
                12.466992,46.255394,0
                12.464766,46.254215,0
                12.464185,46.250273,0
                12.469757,46.249475,0
                12.476601,46.24567,0
                12.486364,46.243371,0
                12.49074,46.234175,0
                12.486953,46.231691,0
                12.486377,46.229759,0
                12.497509,46.219126,0
                12.510606,46.213423,0
                12.508321,46.209638,0
                12.518596,46.20028,0
                12.52554,46.198671,0
                12.530382,46.199022,0
                12.532878,46.196622,0
                12.543285,46.193646,0
                12.546105,46.190485,0
                12.549767,46.18975,0
                12.556912,46.190286,0
                12.559935,46.188988,0
                12.568163,46.191287,0
                12.570683,46.190554,0
                12.572631,46.187755,0
                12.576978,46.186645,0
                12.586621,46.189624,0
                12.591666,46.189192,0
                12.592992,46.190181,0
                12.595687,46.187837,0
                12.602954,46.187957,0
                12.605585,46.186547,0
                12.608561,46.178784,0
                12.614708,46.178601,0
                12.616344,46.173933,0
                12.620094,46.17244,0
                12.622606,46.168997,0
                12.629737,46.164466,0
                12.651411,46.167268,0
                12.658313,46.173689,0
                12.661932,46.173445,0
                12.665261,46.171641,0
                12.66875,46.162466,0
                12.688099,46.162582,0
                12.695138,46.164018,0
                12.702847,46.169126,0
                12.709399,46.175802,0
                12.720044,46.178779,0
                12.745472,46.181413,0
                12.767319,46.189731,0
                12.775094,46.198248,0
                12.782361,46.210675,0
                12.788266,46.216243,0
                12.791374,46.216598,0
                12.809292,46.212853,0
                12.81708,46.207702,0
                12.827885,46.203063,0
                12.871957,46.197298,0
                12.878899,46.198843,0
                12.8858127254137,46.1987297636538,0
                12.896191,46.198559,0
                12.922583,46.207164,0
                12.933051,46.207618,0
                12.940095,46.205899,0
                12.957905,46.19816,0
                12.96391,46.198209,0
                12.968258,46.203057,0
                12.983165,46.205626,0
                12.998746,46.209916,0
                13.019994,46.219774,0
                13.029178,46.228358,0
                13.036979,46.244929,0
                13.038107,46.250661,0
                13.046649,46.257315,0
                13.046406,46.262698,0
                13.053807,46.267815,0
                13.059353,46.274339,0
                13.071488,46.280306,0
                13.081717,46.280573,0
                13.09521,46.288452,0
                13.110418,46.314615,0
                13.115661,46.31498,0
                13.120704,46.311225,0
                13.121467,46.325051,0
                13.125926,46.330052,0
                13.136235,46.337597,0
                13.135933,46.344007,0
                13.138749,46.347872,0
                13.120992,46.360061,0
                13.121831,46.376571,0
                13.12852,46.387178,0
                13.139178,46.390601,0
                13.14922,46.387313,0
                13.157565,46.390162,0
                13.163644,46.39513,0
                13.175011,46.397443,0
                13.181397,46.401944,0
                13.194547,46.398332,0
                13.211623,46.3984,0
                13.221599,46.395554,0
                13.234092,46.395134,0
                13.239095,46.393461,0
                13.246158,46.395644,0
                13.25756,46.394673,0
                13.266084,46.397276,0
                13.271368,46.394769,0
                13.276945,46.394911,0
                13.293249,46.401628,0
                13.305935,46.403046,0
                13.309683,46.40464,0
                13.318734,46.41965,0
                13.315,46.430776,0
                13.309214,46.435488,0
                13.310686,46.440503,0
                13.317175,46.448156,0
                13.313175,46.453213,0
                13.303951,46.458025,0
                13.299219,46.458934,0
                13.295005,46.462576,0
                13.293984,46.471627,0
                13.300232,46.483318,0
                13.298938,46.490056,0
                13.301688,46.49314,0
                13.300512,46.495452,0
                13.309623,46.506387,0
                13.335628,46.511637,0
                13.346516,46.510105,0
                13.35146,46.510615,0
                13.371071,46.503817,0
                13.397967,46.501508,0
                13.4183,46.502395,0
                13.425103,46.504574,0
                13.42928,46.504148,0
                13.435724,46.505531,0
                13.4382,46.504544,0
                13.440087,46.505809,0
                13.448449,46.505753,0
                13.450588,46.507052,0
                13.45446,46.505975,0
                13.45899,46.51005,0
                13.460932,46.507887,0
                13.465033,46.50877,0
                13.472538,46.506656,0
                13.478293,46.506911,0
                13.481704,46.508478,0
                13.487338,46.507609,0
                13.497126,46.501864,0
                13.509052,46.503917,0
                13.516902,46.503917,0
                13.534045,46.508716,0
                13.546746,46.510053,0
                13.55207,46.508226,0
                13.557129,46.508976,0
                13.569285,46.506397,0
                13.576231,46.502137,0
                13.587422,46.504083,0
                13.593206,46.503973,0
                13.594782,46.505403,0
                13.602073,46.506503,0
                13.604695,46.509576,0
                13.606834,46.508561,0
                13.608927,46.511988,0
                13.615728,46.514885,0
                13.615769,46.519,0
                13.61877,46.521435,0
                13.623169,46.521754,0
                13.631385,46.526692,0
                13.637558,46.527245,0
                13.645665,46.536387,0
                13.654622,46.535866,0
                13.656338,46.539436,0
                13.663548,46.543162,0
                13.665635,46.541909,0
                13.67434,46.544696,0
                13.675112,46.546313,0
                13.677539,46.545622,0
                13.683451,46.547798,0
                13.690193,46.547141,0
                13.691481,46.547981,0
                13.692053,46.550823,0
                13.689075,46.556767,0
                13.691545,46.563686,0
                13.68866,46.567873,0
                13.694099,46.57314,0
                13.70805,46.573853,0
                13.717115,46.57088,0
                13.728845,46.57106,0
                13.734619,46.569258,0
                13.740791,46.569326,0
                13.741857,46.566063,0
                13.747434,46.566483,0
                13.750929,46.562571,0
                13.756767,46.565645,0
                13.759401,46.565005,0
                13.76216,46.560022,0
                13.766528,46.558665,0
                13.786243,46.561698,0
                13.789248,46.563229,0
                13.792649,46.568064,0
                13.841977,46.57095,0
                13.844182,46.572891,0
                13.838095,46.579021,0
                13.838481,46.581688,0
                13.846504,46.583848,0
                13.848821,46.589028,0
                13.852217,46.591413,0
                13.860574,46.594338,0
                13.8750734003588,46.6028334426431,0
              </coordinates>
            </LinearRing>
          </outerBoundaryIs>
        </Polygon>
      </Placemark>
      <Placemark>
        <name>34</name>
        <description><![CDATA[SOIUSA SUBDIVISIONS 36 SECTIONS<br> Number = 34<br> Code = SZ.34<br> Name = Alpi Giulie i.s.a. = Juliske Alpe v š.s.<br> Perimeter = 272 km<br> Enclosed_Area = 2754.1 sq km<br> Island_Area = <br> Capleymar-Homoalpinus = https://www.homoalpinus.com/alpes/subdivisions/soiusa/<br> Created_By = Capleymar]]></description>
        <styleUrl>#poly-FF80FF-1000-153</styleUrl>
        <Polygon>
          <outerBoundaryIs>
            <LinearRing>
              <tessellate>1</tessellate>
              <coordinates>
                13.8481062848161,46.4796728222726,0
                13.84097,46.481897,0
                13.828187,46.487732,0
                13.816328,46.487516,0
                13.811434,46.488991,0
                13.793462,46.489886,0
                13.789956,46.48885,0
                13.776111,46.488444,0
                13.76965,46.490333,0
                13.754736,46.490487,0
                13.749886,46.492696,0
                13.739703,46.49315,0
                13.739437,46.492325,0
                13.734589,46.492262,0
                13.696121,46.496723,0
                13.687757,46.496451,0
                13.67813,46.493867,0
                13.672225,46.493907,0
                13.667097,46.496099,0
                13.643936,46.495382,0
                13.633613,46.498332,0
                13.625221,46.508895,0
                13.620128,46.508745,0
                13.617129,46.510031,0
                13.614501,46.509309,0
                13.611294,46.512515,0
                13.60811,46.511375,0
                13.606745,46.50851,0
                13.60518,46.509627,0
                13.603848,46.50915,0
                13.601858,46.50643,0
                13.594782,46.505403,0
                13.593155,46.503962,0
                13.587422,46.504083,0
                13.576446,46.502112,0
                13.573595,46.502795,0
                13.569285,46.506397,0
                13.557129,46.508976,0
                13.55207,46.508226,0
                13.546746,46.510053,0
                13.534045,46.508716,0
                13.516902,46.503917,0
                13.509052,46.503917,0
                13.497126,46.501864,0
                13.487338,46.507609,0
                13.481704,46.508478,0
                13.477779,46.506471,0
                13.474129,46.506508,0
                13.465033,46.50877,0
                13.460788,46.50792,0
                13.45899,46.51005,0
                13.45446,46.505975,0
                13.450588,46.507052,0
                13.448449,46.505753,0
                13.440087,46.505809,0
                13.4382,46.504544,0
                13.435724,46.505531,0
                13.42928,46.504148,0
                13.425103,46.504574,0
                13.4183,46.502395,0
                13.397967,46.501508,0
                13.370336,46.50396,0
                13.35146,46.510615,0
                13.346516,46.510105,0
                13.331755,46.511481,0
                13.325344,46.509087,0
                13.311431,46.507205,0
                13.307646,46.504798,0
                13.300512,46.495452,0
                13.301688,46.49314,0
                13.298938,46.490056,0
                13.300232,46.483318,0
                13.294259,46.473513,0
                13.295005,46.462576,0
                13.299219,46.458934,0
                13.303951,46.458025,0
                13.313175,46.453213,0
                13.317175,46.448156,0
                13.310686,46.440503,0
                13.309214,46.435488,0
                13.315,46.430776,0
                13.318734,46.41965,0
                13.309683,46.40464,0
                13.305935,46.403046,0
                13.293249,46.401628,0
                13.276945,46.394911,0
                13.271368,46.394769,0
                13.266084,46.397276,0
                13.25756,46.394673,0
                13.246158,46.395644,0
                13.239095,46.393461,0
                13.234092,46.395134,0
                13.221599,46.395554,0
                13.211623,46.3984,0
                13.194547,46.398332,0
                13.181397,46.401944,0
                13.175011,46.397443,0
                13.163644,46.39513,0
                13.157565,46.390162,0
                13.14922,46.387313,0
                13.139178,46.390601,0
                13.127328,46.386266,0
                13.121211,46.374169,0
                13.120992,46.360061,0
                13.138749,46.347872,0
                13.135933,46.344007,0
                13.136235,46.337597,0
                13.125926,46.330052,0
                13.120888,46.323526,0
                13.121842,46.304867,0
                13.120002,46.300047,0
                13.121308,46.292093,0
                13.124494,46.29048,0
                13.133038,46.293998,0
                13.136897,46.292489,0
                13.141823,46.28786,0
                13.144181,46.28232,0
                13.1419,46.274241,0
                13.147916,46.265254,0
                13.157084,46.257647,0
                13.158339,46.247901,0
                13.156171,46.244069,0
                13.156276,46.239531,0
                13.15806,46.236696,0
                13.172316,46.23212,0
                13.184237,46.231651,0
                13.190163,46.225446,0
                13.199976,46.220371,0
                13.226166,46.214088,0
                13.22953,46.206834,0
                13.229827,46.200961,0
                13.2368,46.194163,0
                13.24124,46.194008,0
                13.263989,46.198841,0
                13.284425,46.201045,0
                13.291382,46.196803,0
                13.298985,46.194349,0
                13.304822,46.189893,0
                13.315329,46.175692,0
                13.325798,46.166155,0
                13.330342,46.159822,0
                13.342759,46.153933,0
                13.365399,46.131417,0
                13.385455,46.123054,0
                13.402877,46.121137,0
                13.409074,46.116992,0
                13.410923,46.110931,0
                13.414905,46.108055,0
                13.417487,46.107932,0
                13.416565,46.105588,0
                13.423096,46.101042,0
                13.429452,46.10241,0
                13.430602,46.107457,0
                13.439815,46.102829,0
                13.444459,46.103675,0
                13.445997,46.105509,0
                13.444475,46.110044,0
                13.447175,46.113,0
                13.450871,46.114023,0
                13.460878,46.10926,0
                13.463492,46.109865,0
                13.466653,46.112226,0
                13.467674,46.115601,0
                13.471631,46.118444,0
                13.470675,46.122114,0
                13.475291,46.124264,0
                13.480348,46.124167,0
                13.487338,46.11944,0
                13.490985,46.118511,0
                13.492686,46.116553,0
                13.49068,46.114028,0
                13.486084,46.113,0
                13.484354,46.110653,0
                13.478821,46.110947,0
                13.476624,46.108893,0
                13.475292,46.109387,0
                13.473487,46.108211,0
                13.47286,46.10408,0
                13.480391,46.100593,0
                13.479867,46.098625,0
                13.487773,46.095033,0
                13.479887,46.094105,0
                13.47535,46.085769,0
                13.476005,46.0768,0
                13.466611,46.069377,0
                13.482222,46.058183,0
                13.488322,46.056055,0
                13.496954,46.055192,0
                13.497519,46.047659,0
                13.514417,46.043129,0
                13.521392,46.039089,0
                13.525573,46.033471,0
                13.531427,46.030507,0
                13.55019,46.031389,0
                13.556196,46.033223,0
                13.562033,46.037181,0
                13.577454,46.038733,0
                13.58881,46.041561,0
                13.594406,46.04994,0
                13.601022,46.049333,0
                13.610688,46.054216,0
                13.624208,46.055693,0
                13.629747,46.068261,0
                13.629686,46.079174,0
                13.634668,46.081283,0
                13.632494,46.087014,0
                13.634738,46.09104,0
                13.638993,46.093753,0
                13.639912,46.098043,0
                13.649381,46.100158,0
                13.657052,46.105242,0
                13.6639634283108,46.1039588216191,0
                13.66904,46.103016,0
                13.674208,46.105707,0
                13.681687,46.105488,0
                13.681431,46.106942,0
                13.687918,46.111671,0
                13.688923,46.113999,0
                13.694299,46.114545,0
                13.696721,46.115897,0
                13.699732,46.123743,0
                13.705434,46.126294,0
                13.711928,46.126447,0
                13.720198,46.135703,0
                13.723855,46.136863,0
                13.725423,46.139101,0
                13.732037,46.142656,0
                13.740767,46.151831,0
                13.758294,46.148343,0
                13.762758,46.145007,0
                13.766947,46.144645,0
                13.773351,46.153553,0
                13.778876,46.158316,0
                13.781433,46.159486,0
                13.786414,46.159,0
                13.790524,46.161002,0
                13.796691,46.158992,0
                13.802116,46.160372,0
                13.814185,46.160139,0
                13.816367,46.157989,0
                13.819809,46.158748,0
                13.833713,46.157658,0
                13.839575,46.15557,0
                13.84497,46.155962,0
                13.851818,46.152152,0
                13.861072,46.152247,0
                13.869838,46.15672,0
                13.868606,46.161271,0
                13.870847,46.162599,0
                13.875367,46.163103,0
                13.882983,46.16145,0
                13.898616,46.16389,0
                13.904865,46.170183,0
                13.910573,46.171474,0
                13.916584,46.176314,0
                13.918309,46.176261,0
                13.919376,46.180444,0
                13.922542,46.182574,0
                13.929544,46.192582,0
                13.940892,46.19875,0
                13.945487,46.198977,0
                13.964599,46.207304,0
                13.967778,46.211472,0
                13.976084,46.215466,0
                13.995236,46.212785,0
                13.998308,46.214555,0
                14.002864,46.213415,0
                14.005905,46.209609,0
                14.012124,46.205817,0
                14.013965,46.195151,0
                14.021059,46.191217,0
                14.0354,46.194851,0
                14.039333,46.202252,0
                14.045578,46.204004,0
                14.052411,46.210039,0
                14.0631,46.211387,0
                14.067555,46.20978,0
                14.074551,46.209966,0
                14.07803,46.208973,0
                14.079019,46.207285,0
                14.082836,46.207551,0
                14.084772,46.206464,0
                14.094491,46.207168,0
                14.100694,46.205652,0
                14.110177,46.206252,0
                14.114384,46.205024,0
                14.120084,46.205856,0
                14.121904,46.208969,0
                14.125792,46.208031,0
                14.12663,46.210366,0
                14.133511,46.210096,0
                14.138371,46.211137,0
                14.145411,46.214931,0
                14.151709,46.215111,0
                14.157456,46.222511,0
                14.162629,46.221444,0
                14.167368,46.223458,0
                14.168909,46.236439,0
                14.170708,46.238189,0
                14.169852,46.242761,0
                14.178897,46.248576,0
                14.183503,46.246818,0
                14.195049,46.246969,0
                14.20015,46.248369,0
                14.203952,46.252011,0
                14.206096,46.258098,0
                14.207431,46.273233,0
                14.206284,46.282436,0
                14.202607,46.28957,0
                14.205564,46.293873,0
                14.206741,46.297695,0
                14.205782,46.302998,0
                14.207992,46.305427,0
                14.203635,46.311169,0
                14.1969,46.314776,0
                14.196272,46.316705,0
                14.18653,46.316555,0
                14.181426,46.318769,0
                14.175735,46.318614,0
                14.173377,46.320408,0
                14.167467,46.319786,0
                14.16543,46.321488,0
                14.161335,46.320646,0
                14.153601,46.32426,0
                14.145539,46.329195,0
                14.144805,46.342066,0
                14.139137,46.342322,0
                14.131992,46.34529,0
                14.119869,46.343555,0
                14.11122,46.346474,0
                14.087125,46.345074,0
                14.089898,46.356182,0
                14.089091,46.35841,0
                14.085715,46.358908,0
                14.084961,46.361542,0
                14.082188,46.362331,0
                14.084538,46.364738,0
                14.081872,46.367701,0
                14.084749,46.37197,0
                14.06838,46.37883,0
                14.069709,46.380499,0
                14.0839,46.386946,0
                14.091496,46.387862,0
                14.097259,46.387032,0
                14.117388,46.390729,0
                14.123142,46.397163,0
                14.1238,46.403303,0
                14.126212,46.406644,0
                14.126002,46.411608,0
                14.121358,46.412788,0
                14.115285,46.412432,0
                14.105303,46.416663,0
                14.100796,46.416563,0
                14.097219,46.419942,0
                14.089284,46.420204,0
                14.077783,46.426477,0
                14.063284,46.429618,0
                14.060545,46.431379,0
                14.05733,46.431129,0
                14.055285,46.433633,0
                14.04976,46.435521,0
                14.045345,46.434834,0
                14.041179,46.435968,0
                14.029718,46.441502,0
                14.006688,46.447599,0
                14.001569,46.45055,0
                13.990358,46.450631,0
                13.985601,46.454867,0
                13.979593,46.45534,0
                13.967144,46.460151,0
                13.955432,46.462634,0
                13.950077,46.461576,0
                13.936688,46.464682,0
                13.929793,46.464575,0
                13.921498,46.468518,0
                13.909388,46.469457,0
                13.899315,46.473257,0
                13.888969,46.475474,0
                13.885274,46.478416,0
                13.880635,46.478533,0
                13.877877,46.47692,0
                13.86902,46.479566,0
                13.866541,46.478284,0
                13.855589,46.47734,0
                13.8481062848161,46.4796728222726,0
              </coordinates>
            </LinearRing>
          </outerBoundaryIs>
        </Polygon>
      </Placemark>
      <Placemark>
        <name>35</name>
        <description><![CDATA[SOIUSA SUBDIVISIONS 36 SECTIONS<br> Number = 35<br> Code = SZ.35<br> Name = Karntnerische Slowenische Alpen<br> Perimeter = 326.29 km<br> Enclosed_Area = 2542.9 sq km<br> Island_Area = <br> Capleymar-Homoalpinus = https://www.homoalpinus.com/alpes/subdivisions/soiusa/<br> Created_By = Capleymar]]></description>
        <styleUrl>#poly-FF80FF-1000-153</styleUrl>
        <Polygon>
          <outerBoundaryIs>
            <LinearRing>
              <tessellate>1</tessellate>
              <coordinates>
                14.7393132307989,46.5654362678884,0
                14.729074,46.565773,0
                14.712943,46.56892,0
                14.690989,46.568973,0
                14.674091,46.566554,0
                14.659231,46.569937,0
                14.644351,46.570463,0
                14.637983,46.569729,0
                14.62977,46.566654,0
                14.622172,46.55991,0
                14.613594,46.555636,0
                14.605208,46.548011,0
                14.581157,46.546612,0
                14.553673,46.548188,0
                14.52491,46.547875,0
                14.517163,46.549467,0
                14.510617,46.553454,0
                14.493923,46.559359,0
                14.485022,46.560147,0
                14.47508,46.55868,0
                14.461065,46.561576,0
                14.459051,46.560238,0
                14.458186,46.561303,0
                14.455499,46.560805,0
                14.437344,46.555603,0
                14.425344,46.555393,0
                14.421702,46.556708,0
                14.405328,46.546583,0
                14.401854,46.545686,0
                14.397433,46.546777,0
                14.392657,46.545485,0
                14.384168,46.540147,0
                14.373502,46.542011,0
                14.3663574463613,46.5411306262656,0
                14.344805,46.538472,0
                14.325869,46.534456,0
                14.303355,46.52748,0
                14.288015,46.524523,0
                14.276088,46.525806,0
                14.270072,46.528856,0
                14.262892,46.530358,0
                14.25243,46.531276,0
                14.243854,46.53034,0
                14.220005,46.530516,0
                14.200313,46.52887,0
                14.188844,46.526239,0
                14.17627,46.526051,0
                14.125042,46.518211,0
                14.103202,46.520455,0
                14.093026,46.52474,0
                14.082541,46.531923,0
                14.070424,46.534275,0
                14.064414,46.541896,0
                14.059991,46.544864,0
                14.060054,46.54673,0
                14.054276,46.551477,0
                14.042002,46.554183,0
                14.024216,46.55566,0
                14.005331,46.553662,0
                13.987268,46.556246,0
                13.92503,46.558172,0
                13.867615,46.567924,0
                13.844599,46.569364,0
                13.842641,46.571105,0
                13.792649,46.568065,0
                13.789248,46.563229,0
                13.786243,46.561699,0
                13.766528,46.558666,0
                13.76216,46.560022,0
                13.7607,46.564171,0
                13.757638,46.565578,0
                13.750929,46.562572,0
                13.747435,46.566483,0
                13.741857,46.566063,0
                13.740791,46.569327,0
                13.734619,46.569259,0
                13.728845,46.57106,0
                13.717115,46.57088,0
                13.70805,46.573854,0
                13.700541,46.574154,0
                13.694099,46.57314,0
                13.68866,46.567872,0
                13.691545,46.563686,0
                13.689075,46.556766,0
                13.692053,46.550823,0
                13.691481,46.547981,0
                13.690193,46.547141,0
                13.683451,46.547798,0
                13.677539,46.545622,0
                13.675112,46.546314,0
                13.67434,46.544697,0
                13.665635,46.54191,0
                13.663548,46.543163,0
                13.656338,46.539437,0
                13.654622,46.535867,0
                13.645665,46.536386,0
                13.641632,46.529867,0
                13.637558,46.527245,0
                13.631385,46.526693,0
                13.623169,46.521756,0
                13.618607,46.521325,0
                13.615769,46.519,0
                13.615729,46.514886,0
                13.611373,46.512473,0
                13.6145,46.509308,0
                13.617129,46.51003,0
                13.620128,46.508745,0
                13.625221,46.508894,0
                13.633613,46.498332,0
                13.643936,46.495382,0
                13.667097,46.496099,0
                13.672226,46.493907,0
                13.67813,46.493867,0
                13.687757,46.496451,0
                13.696121,46.496723,0
                13.734589,46.492263,0
                13.739438,46.492325,0
                13.739704,46.49315,0
                13.749887,46.492696,0
                13.754736,46.490486,0
                13.769651,46.490332,0
                13.776111,46.488444,0
                13.789956,46.48885,0
                13.793462,46.489886,0
                13.811435,46.488989,0
                13.816329,46.487515,0
                13.828188,46.487733,0
                13.840971,46.481896,0
                13.855589,46.477338,0
                13.866542,46.478285,0
                13.869021,46.479568,0
                13.877877,46.476921,0
                13.880635,46.478533,0
                13.885274,46.478416,0
                13.888969,46.475473,0
                13.899315,46.473255,0
                13.909388,46.469458,0
                13.921498,46.468519,0
                13.928014,46.464975,0
                13.936688,46.464681,0
                13.950077,46.461576,0
                13.955432,46.462635,0
                13.967144,46.460152,0
                13.979593,46.455338,0
                13.985601,46.454865,0
                13.990358,46.45063,0
                14.00157,46.450551,0
                14.006688,46.4476,0
                14.029718,46.4415,0
                14.041179,46.435969,0
                14.045346,46.434835,0
                14.049761,46.435523,0
                14.055286,46.433633,0
                14.05733,46.43113,0
                14.060545,46.431378,0
                14.063284,46.429617,0
                14.077783,46.426476,0
                14.089284,46.420205,0
                14.097219,46.419943,0
                14.100796,46.416563,0
                14.105303,46.416662,0
                14.115285,46.412431,0
                14.121358,46.412787,0
                14.126002,46.411608,0
                14.126674,46.407039,0
                14.129484,46.408009,0
                14.133232,46.40725,0
                14.143263,46.399498,0
                14.164169,46.393355,0
                14.170328,46.388495,0
                14.179125,46.385038,0
                14.180824,46.380156,0
                14.183627,46.378687,0
                14.197533,46.376333,0
                14.213012,46.37734,0
                14.220436,46.370135,0
                14.24672,46.359373,0
                14.258757,46.357391,0
                14.271266,46.35694,0
                14.284035,46.352395,0
                14.286875,46.350288,0
                14.297416,46.349842,0
                14.304098,46.338231,0
                14.312261,46.334237,0
                14.33503,46.329508,0
                14.358449,46.326569,0
                14.394104,46.317601,0
                14.408413,46.315661,0
                14.426084,46.303855,0
                14.431536,46.292886,0
                14.429648,46.288488,0
                14.430241,46.285145,0
                14.435189,46.282004,0
                14.437411,46.278513,0
                14.437042,46.275583,0
                14.439913,46.271962,0
                14.444948,46.268805,0
                14.480924,46.260385,0
                14.506628,46.260499,0
                14.517138,46.254853,0
                14.5215,46.25402,0
                14.567653,46.261694,0
                14.5821564220694,46.2654397229853,0
                14.586124,46.266464,0
                14.599503,46.266236,0
                14.601786,46.264681,0
                14.604355,46.254688,0
                14.603594,46.245426,0
                14.610992,46.230229,0
                14.60938,46.225443,0
                14.61654,46.226593,0
                14.625371,46.233016,0
                14.633282,46.233831,0
                14.635918,46.233439,0
                14.635413,46.231571,0
                14.641652,46.228928,0
                14.639179,46.226687,0
                14.643814,46.224838,0
                14.644543,46.227542,0
                14.647022,46.227513,0
                14.660291,46.225005,0
                14.661607,46.22662,0
                14.663836,46.226577,0
                14.669953,46.224078,0
                14.679529,46.223825,0
                14.681034,46.222659,0
                14.687117,46.224021,0
                14.692809,46.22255,0
                14.695906,46.219677,0
                14.699226,46.218781,0
                14.699076,46.217821,0
                14.70418,46.216195,0
                14.711441,46.217017,0
                14.715597,46.215185,0
                14.725208,46.215983,0
                14.728205,46.214321,0
                14.733878,46.214029,0
                14.737094,46.217299,0
                14.740397,46.21836,0
                14.756708,46.217311,0
                14.782359,46.222505,0
                14.790733,46.219122,0
                14.793633,46.216438,0
                14.801095,46.215208,0
                14.825815,46.214725,0
                14.834855,46.216573,0
                14.840977,46.213716,0
                14.85061,46.21456,0
                14.859331,46.213638,0
                14.884698,46.216851,0
                14.901838,46.216209,0
                14.910622,46.218018,0
                14.912348,46.221028,0
                14.917863,46.223887,0
                14.924881,46.22271,0
                14.92637,46.224309,0
                14.930408,46.224701,0
                14.934603,46.227303,0
                14.94421,46.226389,0
                14.944913,46.228313,0
                14.947981,46.228432,0
                14.946119,46.232951,0
                14.950814,46.238581,0
                14.960491,46.241672,0
                14.959839,46.242916,0
                14.961758,46.243533,0
                14.958865,46.246013,0
                14.960421,46.247779,0
                14.979384,46.255839,0
                14.998589,46.259679,0
                15.004963,46.263004,0
                15.009223,46.273924,0
                15.01306,46.278188,0
                15.018097,46.28827,0
                15.019742,46.298572,0
                15.016334,46.313983,0
                15.010542,46.318214,0
                15.006258,46.326063,0
                14.999094,46.330551,0
                14.995634,46.330106,0
                14.992537,46.332148,0
                14.992561,46.33753,0
                15.008576,46.344911,0
                15.019666,46.351932,0
                15.021804,46.357126,0
                15.021204,46.360071,0
                15.01404,46.364386,0
                15.01762,46.367548,0
                15.017962,46.370618,0
                15.022914,46.371528,0
                15.021889,46.376017,0
                15.023125,46.377673,0
                15.024412,46.376474,0
                15.025173,46.377084,0
                15.024825,46.379912,0
                15.028803,46.381112,0
                15.019871,46.386156,0
                14.995092,46.391484,0
                14.990603,46.393721,0
                14.985018,46.399986,0
                14.974369,46.406259,0
                14.973214,46.408537,0
                14.974604,46.414216,0
                14.995567,46.426382,0
                14.997578,46.435844,0
                15.005041,46.43884,0
                15.015677,46.440225,0
                15.02175,46.439226,0
                15.02875,46.439954,0
                15.038359,46.436608,0
                15.063444,46.433894,0
                15.079764,46.428279,0
                15.090191,46.422284,0
                15.088714,46.416313,0
                15.090799,46.399502,0
                15.100453,46.395949,0
                15.12823,46.380734,0
                15.135362,46.37365,0
                15.135206,46.371551,0
                15.131266,46.369166,0
                15.132157,46.368178,0
                15.134631,46.370267,0
                15.141918,46.36994,0
                15.140865,46.375292,0
                15.142511,46.379709,0
                15.146037,46.381807,0
                15.156649,46.382906,0
                15.160518,46.384691,0
                15.169814,46.395698,0
                15.171978,46.395723,0
                15.177117,46.398892,0
                15.176983,46.400693,0
                15.180126,46.403148,0
                15.17874,46.404681,0
                15.180288,46.408583,0
                15.174955,46.413804,0
                15.174391,46.419056,0
                15.18792,46.425326,0
                15.190104,46.428143,0
                15.1900692199485,46.4326255040438,0
                15.190048,46.43536,0
                15.197603,46.442602,0
                15.185839,46.447427,0
                15.179894,46.44678,0
                15.17593,46.448722,0
                15.169187,46.448571,0
                15.163081,46.451276,0
                15.158709,46.449839,0
                15.152988,46.454229,0
                15.145266,46.457049,0
                15.144882,46.459068,0
                15.139255,46.462681,0
                15.138843,46.467693,0
                15.135629,46.471916,0
                15.129784,46.475438,0
                15.127104,46.483989,0
                15.122187,46.485788,0
                15.118202,46.492577,0
                15.115186,46.494298,0
                15.111774,46.493314,0
                15.103735,46.496165,0
                15.101871,46.498455,0
                15.093418,46.503195,0
                15.089495,46.502273,0
                15.08195,46.510808,0
                15.06694,46.514044,0
                15.061588,46.517391,0
                15.057071,46.517705,0
                15.048718,46.520682,0
                15.044751,46.520869,0
                15.040956,46.518727,0
                15.038055,46.519138,0
                15.040252,46.518697,0
                15.027254,46.519771,0
                15.006564,46.515279,0
                14.999972,46.519321,0
                14.990282,46.522786,0
                14.984332,46.522287,0
                14.981498,46.532901,0
                14.983111,46.536827,0
                14.976701,46.540402,0
                14.974006,46.547268,0
                14.967999,46.547515,0
                14.96152,46.545511,0
                14.955007,46.545418,0
                14.939938,46.549536,0
                14.935963,46.546245,0
                14.933184,46.546397,0
                14.925899,46.543818,0
                14.914305,46.544253,0
                14.911287,46.541275,0
                14.906281,46.540164,0
                14.903004,46.541477,0
                14.9014,46.545576,0
                14.89549,46.547714,0
                14.882126,46.546728,0
                14.875355,46.553836,0
                14.866318,46.556458,0
                14.852588,46.56288,0
                14.844013,46.563468,0
                14.838289,46.566361,0
                14.827417,46.562905,0
                14.813917,46.564328,0
                14.809778,46.562011,0
                14.780903,46.562288,0
                14.755744,46.564894,0
                14.7393132307989,46.5654362678884,0
              </coordinates>
            </LinearRing>
          </outerBoundaryIs>
        </Polygon>
      </Placemark>
      <Placemark>
        <name>36</name>
        <description><![CDATA[SOIUSA SUBDIVISIONS 36 SECTIONS<br> Number = 36<br> Code = SZ.36<br> Name = Slovenske Predalpe<br> Perimeter = 162.31 km<br> Enclosed_Area = 953.38 sq km<br> Island_Area = <br> Capleymar-Homoalpinus = https://www.homoalpinus.com/alpes/subdivisions/soiusa/<br> Created_By = Capleymar]]></description>
        <styleUrl>#poly-FF80FF-1000-153</styleUrl>
        <Polygon>
          <outerBoundaryIs>
            <LinearRing>
              <tessellate>1</tessellate>
              <coordinates>
                14.3322963567374,46.2320179584111,0
                14.335072,46.235245,0
                14.346209,46.237201,0
                14.347757,46.239344,0
                14.347441,46.242838,0
                14.342246,46.24801,0
                14.333435,46.250732,0
                14.325869,46.249648,0
                14.31701,46.253247,0
                14.311242,46.257278,0
                14.30298,46.254637,0
                14.295374,46.256263,0
                14.292399,46.258674,0
                14.285761,46.260248,0
                14.274617,46.258633,0
                14.272264,46.262736,0
                14.270056,46.273227,0
                14.265525,46.27756,0
                14.265054,46.280959,0
                14.259863,46.288289,0
                14.248679,46.290072,0
                14.245259,46.291895,0
                14.239812,46.292127,0
                14.231563,46.297262,0
                14.217331,46.301745,0
                14.211147,46.305544,0
                14.207992,46.305426,0
                14.205782,46.302998,0
                14.206741,46.297695,0
                14.205564,46.293873,0
                14.202607,46.28957,0
                14.206284,46.282436,0
                14.207507,46.270376,0
                14.205639,46.255798,0
                14.203533,46.251372,0
                14.2005775445321,46.2487485436821,0
                14.20015,46.248369,0
                14.195049,46.246969,0
                14.183503,46.246818,0
                14.180591,46.248354,0
                14.177821,46.248248,0
                14.169289,46.241896,0
                14.170708,46.238189,0
                14.168909,46.236439,0
                14.167368,46.223458,0
                14.162629,46.221444,0
                14.15776,46.222657,0
                14.152224,46.215319,0
                14.145411,46.214931,0
                14.138371,46.211137,0
                14.133511,46.210096,0
                14.132910818702,46.2101195667427,0
                14.12663,46.210366,0
                14.1261,46.208218,0
                14.121904,46.208969,0
                14.121757,46.206851,0
                14.119793,46.205779,0
                14.114384,46.205024,0
                14.110177,46.206252,0
                14.100694,46.205652,0
                14.094491,46.207168,0
                14.084772,46.206464,0
                14.082836,46.207551,0
                14.079019,46.207285,0
                14.07803,46.208973,0
                14.073773,46.210124,0
                14.067555,46.20978,0
                14.063734,46.211301,0
                14.059392,46.211161,0
                14.052076,46.209897,0
                14.045578,46.204004,0
                14.039547,46.202434,0
                14.037306,46.200371,0
                14.036357,46.196119,0
                14.033116,46.193626,0
                14.02966,46.193757,0
                14.021059,46.191217,0
                14.013732,46.195526,0
                14.012124,46.205817,0
                14.000843,46.214419,0
                13.998308,46.214555,0
                13.995236,46.212785,0
                13.97804,46.215577,0
                13.971361,46.213083,0
                13.967778,46.211472,0
                13.964599,46.207304,0
                13.945487,46.198977,0
                13.940892,46.19875,0
                13.929544,46.192582,0
                13.922542,46.182574,0
                13.919376,46.180444,0
                13.918309,46.176261,0
                13.916584,46.176314,0
                13.910573,46.171474,0
                13.904865,46.170183,0
                13.898616,46.16389,0
                13.882983,46.16145,0
                13.885818,46.160211,0
                13.889814,46.155163,0
                13.895396,46.1521,0
                13.89599,46.147585,0
                13.89888,46.144891,0
                13.907112,46.140423,0
                13.909991,46.136375,0
                13.916284,46.132986,0
                13.913923,46.126483,0
                13.917753,46.122687,0
                13.916302,46.12013,0
                13.917549,46.117631,0
                13.922269,46.117589,0
                13.923277,46.114545,0
                13.929019,46.113089,0
                13.934721,46.10936,0
                13.938087,46.106683,0
                13.938175,46.102396,0
                13.947723,46.101855,0
                13.955889,46.099441,0
                13.957434,46.097313,0
                13.954788,46.095751,0
                13.961039,46.093932,0
                13.96188,46.088791,0
                13.966915,46.08673,0
                13.970033,46.082983,0
                13.975918,46.080369,0
                13.984376,46.072703,0
                13.989248,46.071702,0
                14.000989,46.064522,0
                14.017804,46.058892,0
                14.018488,46.057156,0
                14.016383,46.055447,0
                14.022422,46.051654,0
                14.022687,46.047069,0
                14.020736,46.045763,0
                14.019927,46.042277,0
                14.023875,46.037877,0
                14.019826,46.033053,0
                14.022772,46.031715,0
                14.028149,46.032112,0
                14.02448,46.028672,0
                14.028729,46.026168,0
                14.030615,46.019494,0
                14.02785,46.015089,0
                14.029511,46.005099,0
                14.02804,46.002136,0
                14.0284121958407,46.0019635090916,0
                14.033846,45.999445,0
                14.033698,45.994024,0
                14.036643,45.991464,0
                14.033242,45.989279,0
                14.03196,45.986519,0
                14.034564,45.985924,0
                14.036404,45.979824,0
                14.03859,45.97836,0
                14.041402,45.97865,0
                14.044046,45.977303,0
                14.046854,45.978274,0
                14.04735,45.976492,0
                14.053251,45.9729,0
                14.054215,45.966508,0
                14.059286,45.967134,0
                14.066928,45.960919,0
                14.076178,45.958453,0
                14.089974,45.95666,0
                14.104095,45.959437,0
                14.111898,45.959326,0
                14.121111,45.965633,0
                14.124748,45.966324,0
                14.146606,45.958016,0
                14.150216,45.958214,0
                14.15938,45.962967,0
                14.182974,45.954729,0
                14.194575,45.955132,0
                14.20456,45.95354,0
                14.210323,45.951401,0
                14.218122,45.95214,0
                14.239069,45.957105,0
                14.245072,45.955692,0
                14.25252,45.955974,0
                14.256137,45.957477,0
                14.261124,45.955685,0
                14.271659,45.962936,0
                14.275249,45.97282,0
                14.279894,45.976933,0
                14.282527,45.981697,0
                14.2859,45.983799,0
                14.288222,45.992453,0
                14.29298,45.995481,0
                14.321122,45.997866,0
                14.326746,45.997375,0
                14.333712,46.003935,0
                14.337461,46.003967,0
                14.337468,46.002065,0
                14.339889,46.001509,0
                14.343619,46.003347,0
                14.348103,46.003831,0
                14.352369,46.007139,0
                14.35847,46.008675,0
                14.36102,46.009124,0
                14.368659,46.007445,0
                14.371706,46.011492,0
                14.376607,46.014107,0
                14.374954,46.01584,0
                14.374973,46.019422,0
                14.377886,46.020702,0
                14.383673,46.020372,0
                14.386188,46.018552,0
                14.391221,46.021283,0
                14.401562,46.022147,0
                14.408192,46.024715,0
                14.417918,46.024331,0
                14.421834,46.027385,0
                14.429858,46.024822,0
                14.431513,46.0258,0
                14.433388,46.031272,0
                14.429303,46.035732,0
                14.431081,46.038863,0
                14.426927,46.041413,0
                14.425388,46.049968,0
                14.428143,46.053498,0
                14.431368,46.05485,0
                14.436885,46.053323,0
                14.441079,46.049945,0
                14.444698,46.051253,0
                14.444362,46.058353,0
                14.447876,46.061456,0
                14.445143,46.064075,0
                14.450488,46.068563,0
                14.445341,46.073989,0
                14.445261,46.081653,0
                14.45038,46.084464,0
                14.455512,46.083763,0
                14.460325,46.086771,0
                14.466087,46.087688,0
                14.467822,46.089209,0
                14.468202,46.09362,0
                14.461531,46.098369,0
                14.445646,46.102123,0
                14.437398,46.107556,0
                14.433338,46.113888,0
                14.435294,46.1165,0
                14.433148,46.121765,0
                14.434942,46.125336,0
                14.433313,46.129033,0
                14.424228,46.131822,0
                14.415907,46.139211,0
                14.402466,46.142894,0
                14.391709,46.143242,0
                14.389538,46.14659,0
                14.371763,46.151431,0
                14.364906,46.155449,0
                14.359174,46.153355,0
                14.35451,46.157362,0
                14.344283,46.157854,0
                14.332601,46.162373,0
                14.32584,46.162214,0
                14.311579,46.164193,0
                14.309681,46.166313,0
                14.302026,46.167009,0
                14.300382,46.169112,0
                14.288662,46.168804,0
                14.286421,46.17007,0
                14.302424,46.188653,0
                14.31881,46.197843,0
                14.326435,46.205301,0
                14.330177,46.211023,0
                14.331715,46.231342,0
                14.3322963567374,46.2320179584111,0
              </coordinates>
            </LinearRing>
          </outerBoundaryIs>
        </Polygon>
      </Placemark>
      <Placemark>
        <name>36</name>
        <description><![CDATA[SOIUSA SUBDIVISIONS 36 SECTIONS<br> Number = 36<br> Code = SZ.36<br> Name = Slovenske Predalpe<br> Perimeter = 283.11 km<br> Enclosed_Area = 2077.5 sq km<br> Island_Area = <br> Capleymar-Homoalpinus = https://www.homoalpinus.com/alpes/subdivisions/soiusa/<br> Created_By = Capleymar]]></description>
        <styleUrl>#poly-FF80FF-1000-153</styleUrl>
        <Polygon>
          <outerBoundaryIs>
            <LinearRing>
              <tessellate>1</tessellate>
              <coordinates>
                15.7115276328234,46.0470904488095,0
                15.714976,46.048495,0
                15.721966,46.048973,0
                15.723931,46.050641,0
                15.715579,46.057393,0
                15.71425,46.059902,0
                15.709776,46.058416,0
                15.700828,46.060795,0
                15.687198,46.060124,0
                15.6651450520239,46.0535997556594,0
                15.659315,46.051874,0
                15.652496,46.051026,0
                15.63863,46.045523,0
                15.629134,46.043598,0
                15.620201,46.038592,0
                15.611018,46.03865,0
                15.606018,46.036587,0
                15.5933,46.036883,0
                15.591257,46.037932,0
                15.590125,46.043345,0
                15.582144,46.04745,0
                15.583341,46.052199,0
                15.579747,46.054589,0
                15.575707,46.054824,0
                15.573506,46.057976,0
                15.569256,46.059028,0
                15.568915,46.063069,0
                15.56008,46.06809,0
                15.5598580823165,46.0683003807633,0
                15.552485,46.075289,0
                15.545088,46.079365,0
                15.530906,46.093365,0
                15.527677,46.095656,0
                15.522953,46.096603,0
                15.521161,46.100808,0
                15.511191,46.103843,0
                15.505327,46.110482,0
                15.489142,46.107516,0
                15.478911,46.109519,0
                15.476246,46.111092,0
                15.468873,46.121756,0
                15.471094,46.13078,0
                15.474426,46.133462,0
                15.502627,46.136891,0
                15.514983,46.136607,0
                15.518314,46.140759,0
                15.527368,46.14139,0
                15.532515,46.138321,0
                15.539552,46.13648,0
                15.542565,46.140767,0
                15.556685,46.140446,0
                15.567486,46.144818,0
                15.581405,46.145566,0
                15.60564,46.153346,0
                15.608091,46.156054,0
                15.608235,46.158563,0
                15.601333,46.161341,0
                15.603716,46.167096,0
                15.600895,46.173648,0
                15.597157,46.177744,0
                15.58632,46.182331,0
                15.564356,46.176958,0
                15.548327,46.173974,0
                15.539766,46.173523,0
                15.534282,46.169091,0
                15.523329,46.164813,0
                15.521625,46.162024,0
                15.512339,46.159037,0
                15.499087,46.163161,0
                15.492002,46.166824,0
                15.486904,46.165871,0
                15.482844,46.16787,0
                15.471142,46.167424,0
                15.463791,46.165019,0
                15.455422,46.166152,0
                15.448931,46.168498,0
                15.44046,46.16719,0
                15.438693,46.176602,0
                15.433545,46.181904,0
                15.415799,46.185381,0
                15.411,46.188321,0
                15.411225,46.193001,0
                15.414677,46.198473,0
                15.417817,46.200058,0
                15.414518,46.206238,0
                15.411053,46.209082,0
                15.4032160988699,46.208135152791,0
                15.391578,46.206728,0
                15.380548,46.210608,0
                15.362265,46.213729,0
                15.346436,46.218238,0
                15.307838,46.224152,0
                15.305771,46.222789,0
                15.300308,46.223327,0
                15.296784,46.226641,0
                15.295837,46.230667,0
                15.293213,46.231782,0
                15.273194,46.232625,0
                15.270228,46.231528,0
                15.265978,46.225829,0
                15.245838,46.233658,0
                15.234872,46.232014,0
                15.226701,46.233236,0
                15.208607,46.233223,0
                15.186072,46.235543,0
                15.175441,46.235374,0
                15.158935,46.238411,0
                15.149695,46.235634,0
                15.115875,46.239766,0
                15.102613,46.240023,0
                15.080307,46.237813,0
                15.062657,46.241937,0
                15.033502,46.242062,0
                15.02694,46.243217,0
                15.011316,46.240631,0
                14.990865,46.241579,0
                14.982463,46.243168,0
                14.96858,46.242589,0
                14.961289,46.243531,0
                14.960029,46.241346,0
                14.950376,46.238166,0
                14.94867,46.234595,0
                14.946119,46.232952,0
                14.947981,46.228433,0
                14.944913,46.228314,0
                14.944087,46.22636,0
                14.934603,46.227304,0
                14.930408,46.224701,0
                14.92637,46.224309,0
                14.924881,46.222711,0
                14.917863,46.223887,0
                14.912348,46.221028,0
                14.911233,46.218376,0
                14.861172,46.214087,0
                14.83974,46.213782,0
                14.821851,46.215352,0
                14.806341,46.214692,0
                14.782135,46.222342,0
                14.731247,46.214198,0
                14.725208,46.215982,0
                14.715596,46.215185,0
                14.711441,46.217017,0
                14.70418,46.216195,0
                14.699076,46.217822,0
                14.699226,46.218783,0
                14.695906,46.219679,0
                14.692809,46.222551,0
                14.687117,46.22402,0
                14.681033,46.222658,0
                14.679528,46.223824,0
                14.669953,46.224078,0
                14.663836,46.226578,0
                14.661607,46.226621,0
                14.660291,46.225006,0
                14.647022,46.227514,0
                14.644542,46.227542,0
                14.643814,46.224838,0
                14.639179,46.226686,0
                14.641652,46.228928,0
                14.635413,46.23157,0
                14.635918,46.233437,0
                14.633282,46.23383,0
                14.625371,46.233016,0
                14.61654,46.226594,0
                14.60938,46.225445,0
                14.603195,46.218717,0
                14.592301,46.199929,0
                14.593571,46.193294,0
                14.604474,46.184205,0
                14.605794,46.180943,0
                14.60536,46.177505,0
                14.598119,46.164204,0
                14.596897,46.156506,0
                14.600941,46.146844,0
                14.601426,46.136206,0
                14.606622,46.122812,0
                14.606403,46.116556,0
                14.62132,46.095084,0
                14.621825,46.084316,0
                14.623421,46.080677,0
                14.629531,46.07621,0
                14.633263,46.070938,0
                14.628993,46.066614,0
                14.623247,46.064904,0
                14.622156,46.063298,0
                14.621374,46.057953,0
                14.619627,46.057518,0
                14.618376,46.053746,0
                14.618145,46.044591,0
                14.614931,46.043793,0
                14.608391,46.045017,0
                14.603779,46.042603,0
                14.583455,46.037526,0
                14.579565,46.037657,0
                14.564387,46.039459,0
                14.542588,46.047953,0
                14.53665,46.04908,0
                14.528587,46.047883,0
                14.51674,46.043232,0
                14.515712,46.041143,0
                14.51911,46.037926,0
                14.526844,46.037097,0
                14.525678,46.034659,0
                14.53397,46.029301,0
                14.537306,46.030695,0
                14.538649,46.030166,0
                14.537858,46.027054,0
                14.541774,46.028023,0
                14.543376,46.026776,0
                14.544674,46.021155,0
                14.547762,46.017111,0
                14.541713,46.010526,0
                14.545721,46.007069,0
                14.552853,46.00406,0
                14.55461,46.000079,0
                14.56406,45.990825,0
                14.579931,45.982808,0
                14.584834,45.983818,0
                14.593971,45.982032,0
                14.638411,45.969496,0
                14.654999,45.968527,0
                14.672032,45.972292,0
                14.680966,45.970514,0
                14.691011,45.966478,0
                14.705601,45.966398,0
                14.712324,45.962434,0
                14.723099,45.961667,0
                14.727952,45.95992,0
                14.739739,45.959607,0
                14.754008,45.954199,0
                14.763891,45.948525,0
                14.772817,45.947196,0
                14.776619,45.94549,0
                14.785065,45.937673,0
                14.804752,45.939402,0
                14.836155,45.948676,0
                14.874119,45.944364,0
                14.906021,45.938635,0
                14.941969,45.933999,0
                14.95389,45.928299,0
                14.96463,45.929025,0
                14.974576,45.925647,0
                14.986991,45.917835,0
                14.998474,45.9165,0
                15.016617,45.909644,0
                15.022649,45.911152,0
                15.028796,45.916207,0
                15.029996,45.922458,0
                15.035175,45.924339,0
                15.040447,45.932365,0
                15.039587,45.93554,0
                15.040854,45.936753,0
                15.047764,45.93726,0
                15.055289,45.939924,0
                15.060328,45.948655,0
                15.067289,45.949745,0
                15.070274,45.952737,0
                15.080556,45.953597,0
                15.087231,45.951349,0
                15.111403,45.948033,0
                15.126191,45.953419,0
                15.128546,45.957778,0
                15.132847,45.960724,0
                15.136332,45.960497,0
                15.143169,45.95763,0
                15.152421,45.958561,0
                15.15488,45.963687,0
                15.160997,45.964502,0
                15.164674,45.96812,0
                15.167337,45.966535,0
                15.172178,45.966808,0
                15.17468,45.964888,0
                15.179683,45.964935,0
                15.182187,45.968388,0
                15.182852,45.964916,0
                15.18445,45.964352,0
                15.191558,45.966196,0
                15.197322,45.965306,0
                15.203945,45.969174,0
                15.210609,45.970409,0
                15.212409,45.969714,0
                15.21966,45.97462,0
                15.21979,45.977284,0
                15.215366,45.981792,0
                15.214192,45.985799,0
                15.215422,45.987855,0
                15.222627,45.989493,0
                15.227485,45.986156,0
                15.232011,45.989699,0
                15.238372,45.988433,0
                15.243935,45.990454,0
                15.245752,45.989861,0
                15.246368,45.987604,0
                15.248585,45.989702,0
                15.247786,45.994543,0
                15.249205,45.9947,0
                15.250374,45.991883,0
                15.251722,45.99198,0
                15.252545,45.995332,0
                15.256724,45.999211,0
                15.278558,45.998255,0
                15.279982,46.001175,0
                15.2927938690739,46.0071294920671,0
                15.302197,46.011498,0
                15.303291,46.017478,0
                15.305291,46.019431,0
                15.320298,46.024745,0
                15.326634,46.024906,0
                15.341795,46.028403,0
                15.375439,46.030602,0
                15.38866,46.0297,0
                15.403939,46.030676,0
                15.422197,46.027997,0
                15.437094,46.027261,0
                15.457445,46.029211,0
                15.463438,46.027772,0
                15.473674,46.027424,0
                15.512949,46.037272,0
                15.520799,46.038198,0
                15.527854,46.036911,0
                15.532932,46.024539,0
                15.535653,46.021772,0
                15.529323,46.011553,0
                15.536851,46.008162,0
                15.538158,45.996906,0
                15.541561,45.992458,0
                15.54688,45.989178,0
                15.548362,45.984311,0
                15.558274,45.979441,0
                15.567038,45.984339,0
                15.574925,45.985184,0
                15.589891,45.989873,0
                15.596345,45.994103,0
                15.603568,45.996477,0
                15.609459,45.995963,0
                15.614512,45.993561,0
                15.643337,46.002944,0
                15.663628,46.012628,0
                15.667219,46.017904,0
                15.666564,46.020036,0
                15.67213,46.023844,0
                15.676874,46.025735,0
                15.683912,46.025793,0
                15.684095,46.028873,0
                15.692162,46.036494,0
                15.694257,46.041907,0
                15.697172,46.044444,0
                15.706995,46.045244,0
                15.7115276328234,46.0470904488095,0
              </coordinates>
            </LinearRing>
          </outerBoundaryIs>
        </Polygon>
      </Placemark>
      <Placemark>
        <name>36</name>
        <description><![CDATA[SOIUSA SUBDIVISIONS 36 SECTIONS<br> Number = 36<br> Code = SZ.36<br> Name = Slovenske Predalpe<br> Perimeter = 238.02 km<br> Enclosed_Area = 1126.7 sq km<br> Island_Area = <br> Capleymar-Homoalpinus = https://www.homoalpinus.com/alpes/subdivisions/soiusa/<br> Created_By = Capleymar]]></description>
        <styleUrl>#poly-FF80FF-1000-153</styleUrl>
        <Polygon>
          <outerBoundaryIs>
            <LinearRing>
              <tessellate>1</tessellate>
              <coordinates>
                15.4552871136808,46.3023778365013,0
                15.458233,46.301241,0
                15.468938,46.300658,0
                15.481664,46.296433,0
                15.492229,46.298671,0
                15.491816,46.303508,0
                15.489872,46.305201,0
                15.474171,46.312448,0
                15.470117,46.312132,0
                15.46372,46.316236,0
                15.4630626123536,46.3164208151781,0
                15.453029,46.319241,0
                15.437697,46.327869,0
                15.423838,46.329873,0
                15.420287,46.333075,0
                15.414811,46.334748,0
                15.406558,46.340672,0
                15.38184,46.348308,0
                15.372934,46.353725,0
                15.370042,46.359904,0
                15.36699,46.362685,0
                15.348167,46.368618,0
                15.345907,46.371113,0
                15.33949,46.373459,0
                15.326398,46.382076,0
                15.314354,46.387086,0
                15.321762,46.388499,0
                15.330021,46.387913,0
                15.346368,46.384138,0
                15.357761,46.386733,0
                15.364811,46.386988,0
                15.371604,46.38932,0
                15.373653,46.389039,0
                15.377664,46.385105,0
                15.383416,46.383153,0
                15.396499,46.385945,0
                15.402955,46.383746,0
                15.428299,46.382391,0
                15.444633,46.389419,0
                15.452486,46.387469,0
                15.459567,46.389252,0
                15.48292,46.39009,0
                15.4880091436428,46.3918123589427,0
                15.493174,46.39356,0
                15.503312,46.395128,0
                15.5066814843678,46.3950557008124,0
                15.522498,46.394715,0
                15.526375,46.396999,0
                15.536767,46.399085,0
                15.576222,46.412633,0
                15.583823,46.412447,0
                15.594782,46.414296,0
                15.598828,46.416613,0
                15.604527,46.424772,0
                15.610296,46.428703,0
                15.616105,46.429224,0
                15.624534,46.433238,0
                15.628105,46.432106,0
                15.630774,46.433229,0
                15.634333,46.436854,0
                15.631945,46.437776,0
                15.634017,46.44264,0
                15.630142,46.447281,0
                15.630434,46.450322,0
                15.632221,46.452007,0
                15.636834,46.452261,0
                15.64119,46.457636,0
                15.647896,46.460436,0
                15.655775,46.468462,0
                15.649322,46.472715,0
                15.64755,46.475467,0
                15.638665,46.47749,0
                15.63085,46.48081,0
                15.62658,46.486946,0
                15.625865,46.498141,0
                15.62908,46.51048,0
                15.634342,46.52115,0
                15.634751,46.527002,0
                15.630569,46.530441,0
                15.62377,46.532108,0
                15.619295,46.531418,0
                15.611571,46.536376,0
                15.611205,46.548395,0
                15.613442,46.560485,0
                15.614365,46.562528,0
                15.618002,46.564342,0
                15.609858,46.566162,0
                15.6036170133441,46.5689412107517,0
                15.603339,46.569065,0
                15.592621,46.565439,0
                15.569762,46.564504,0
                15.52596,46.557171,0
                15.511983,46.54791,0
                15.488529,46.540916,0
                15.482811,46.533857,0
                15.471379,46.532752,0
                15.458712,46.534125,0
                15.450462,46.542384,0
                15.454927,46.550626,0
                15.45719,46.567498,0
                15.455202,46.573569,0
                15.444101,46.582358,0
                15.440799,46.581828,0
                15.438565,46.578713,0
                15.439829,46.567525,0
                15.435751,46.564997,0
                15.426159,46.563272,0
                15.420669,46.565597,0
                15.406413,46.575741,0
                15.402474,46.581106,0
                15.397425,46.582756,0
                15.383753,46.582996,0
                15.374356,46.585215,0
                15.363976,46.580282,0
                15.358892,46.580308,0
                15.354204,46.581987,0
                15.351586,46.586298,0
                15.345162,46.591125,0
                15.335992,46.593128,0
                15.324864,46.589255,0
                15.319381,46.589959,0
                15.315227,46.593319,0
                15.314107,46.596953,0
                15.311323,46.598189,0
                15.306697,46.596528,0
                15.304277,46.590993,0
                15.298783,46.588369,0
                15.291466,46.589663,0
                15.282947,46.587644,0
                15.271319,46.587627,0
                15.268299,46.589471,0
                15.266229,46.595314,0
                15.257428,46.597411,0
                15.251805,46.601017,0
                15.245689,46.600363,0
                15.240586,46.597731,0
                15.231235,46.597758,0
                15.226889,46.596426,0
                15.21863,46.597836,0
                15.205992,46.604344,0
                15.197895,46.603899,0
                15.190068,46.612758,0
                15.183238,46.616141,0
                15.179753,46.615792,0
                15.174519,46.611245,0
                15.170567,46.60964,0
                15.16839,46.604049,0
                15.158596,46.596465,0
                15.148375,46.591844,0
                15.142105,46.591756,0
                15.128635,46.594112,0
                15.123318,46.597254,0
                15.11942,46.6021,0
                15.110686,46.606291,0
                15.099349,46.605428,0
                15.087671,46.602476,0
                15.080727,46.602902,0
                15.075076,46.604899,0
                15.067894,46.605066,0
                15.06516,46.604798,0
                15.055398,46.599579,0
                15.035362,46.594095,0
                15.027867,46.588337,0
                15.018736,46.58668,0
                15.014888,46.584174,0
                15.012893,46.585045,0
                15.012336,46.590694,0
                15.006004,46.59457,0
                14.988563,46.596417,0
                14.980838,46.600101,0
                14.974788,46.608455,0
                14.973595,46.617963,0
                14.969139,46.626113,0
                14.947241,46.636639,0
                14.925601,46.651252,0
                14.920438,46.653861,0
                14.915605,46.653929,0
                14.903996,46.651834,0
                14.897357,46.652256,0
                14.891429,46.648911,0
                14.886029,46.647813,0
                14.876547,46.652017,0
                14.869818,46.660538,0
                14.854576,46.668057,0
                14.845233,46.668217,0
                14.843078,46.667185,0
                14.841592,46.665718,0
                14.840273,46.653691,0
                14.83831,46.649667,0
                14.833659,46.647148,0
                14.82466,46.646096,0
                14.825799,46.645036,0
                14.82303,46.64269,0
                14.82428,46.636328,0
                14.822177,46.632031,0
                14.818027,46.628886,0
                14.815468,46.628469,0
                14.810139,46.622984,0
                14.808574,46.612694,0
                14.80048,46.599844,0
                14.79897,46.588351,0
                14.802293,46.585752,0
                14.806559,46.575364,0
                14.812694,46.570266,0
                14.816984,46.564103,0
                14.823165,46.562636,0
                14.827417,46.562905,0
                14.838289,46.566361,0
                14.844013,46.563468,0
                14.852588,46.56288,0
                14.866318,46.556458,0
                14.875355,46.553836,0
                14.882126,46.546728,0
                14.89549,46.547714,0
                14.9014,46.545576,0
                14.903004,46.541477,0
                14.906281,46.540164,0
                14.911287,46.541275,0
                14.914305,46.544253,0
                14.925899,46.543818,0
                14.933184,46.546397,0
                14.935963,46.546245,0
                14.939938,46.549536,0
                14.955007,46.545418,0
                14.96152,46.545511,0
                14.967999,46.547515,0
                14.974012,46.547265,0
                14.976701,46.540402,0
                14.983111,46.536827,0
                14.981498,46.532901,0
                14.984332,46.522287,0
                14.990282,46.522786,0
                14.999972,46.519321,0
                15.006564,46.515279,0
                15.027254,46.519771,0
                15.040252,46.518697,0
                15.038055,46.519138,0
                15.040956,46.518727,0
                15.044751,46.520869,0
                15.048718,46.520682,0
                15.057071,46.517705,0
                15.061588,46.517391,0
                15.06694,46.514044,0
                15.08195,46.510808,0
                15.089495,46.502273,0
                15.093418,46.503195,0
                15.101871,46.498455,0
                15.103735,46.496165,0
                15.111774,46.493314,0
                15.115186,46.494298,0
                15.118202,46.492577,0
                15.122187,46.485788,0
                15.127104,46.483989,0
                15.129784,46.475438,0
                15.135629,46.471916,0
                15.138843,46.467693,0
                15.139255,46.462681,0
                15.144882,46.459068,0
                15.145266,46.457049,0
                15.152988,46.454229,0
                15.158709,46.449839,0
                15.163081,46.451276,0
                15.169187,46.448571,0
                15.17593,46.448722,0
                15.179894,46.44678,0
                15.185839,46.447427,0
                15.197565,46.4428,0
                15.190048,46.43536,0
                15.1900692199485,46.4326255040438,0
                15.190104,46.428143,0
                15.18792,46.425326,0
                15.174391,46.419056,0
                15.174955,46.413804,0
                15.180288,46.408583,0
                15.17874,46.404681,0
                15.180126,46.403148,0
                15.176983,46.400693,0
                15.177117,46.398892,0
                15.171978,46.395723,0
                15.169814,46.395698,0
                15.160518,46.384691,0
                15.156649,46.382906,0
                15.146037,46.381807,0
                15.142511,46.379709,0
                15.140865,46.375292,0
                15.141918,46.36994,0
                15.134631,46.370267,0
                15.132157,46.368178,0
                15.149482,46.358884,0
                15.155214,46.349992,0
                15.162698,46.345508,0
                15.175314,46.340645,0
                15.198552,46.337562,0
                15.206575,46.334083,0
                15.213071,46.335402,0
                15.218791,46.333691,0
                15.230951,46.337363,0
                15.246458,46.339692,0
                15.255045,46.338991,0
                15.261168,46.340505,0
                15.277091,46.340178,0
                15.286613,46.343075,0
                15.303652,46.343994,0
                15.330165,46.333455,0
                15.338466,46.328093,0
                15.367017,46.31966,0
                15.376976,46.314017,0
                15.388016,46.312429,0
                15.395772,46.309756,0
                15.414988,46.309227,0
                15.428076,46.303262,0
                15.434351,46.304977,0
                15.451731,46.30375,0
                15.4552871136808,46.3023778365013,0
              </coordinates>
            </LinearRing>
          </outerBoundaryIs>
        </Polygon>
      </Placemark>
      <Placemark>
        <name/>
        <description><![CDATA[SOIUSA SUBDIVISIONS 36 SECTIONS<br>  Number = <br>  Code = <br>  Name = Klagenfurt Becken<br>  Perimeter = 241.53 km<br>  Enclosed_Area = 1081.6 sq km<br>  Island_Area = <br>  Capleymar-Homoalpinus = http://www.capleymar.com/alpes/subdivisions/soiusa/<br>  Created_By = Capleymar]]></description>
        <styleUrl>#poly-000000-1000-0</styleUrl>
        <Polygon>
          <outerBoundaryIs>
            <LinearRing>
              <tessellate>1</tessellate>
              <coordinates>
                13.860574,46.594338,0
                13.850388,46.590403,0
                13.846504,46.583848,0
                13.84031,46.582653,0
                13.837903,46.580019,0
                13.843744,46.573883,0
                13.842641,46.571103,0
                13.844599,46.569362,0
                13.867614,46.567922,0
                13.8898774287616,46.5641444900839,0
                13.925031,46.55817,0
                13.987268,46.556246,0
                14.005331,46.55366,0
                14.024216,46.55566,0
                14.032771,46.555268,0
                14.054276,46.551475,0
                14.060054,46.546729,0
                14.059991,46.544863,0
                14.064414,46.541896,0
                14.070424,46.534275,0
                14.08254,46.531922,0
                14.093026,46.524738,0
                14.103202,46.520454,0
                14.125041,46.518209,0
                14.160275,46.523932,0
                14.17627,46.526049,0
                14.188843,46.526239,0
                14.211114,46.530029,0
                14.25243,46.531274,0
                14.262891,46.530356,0
                14.270072,46.528855,0
                14.276088,46.525806,0
                14.288015,46.524522,0
                14.303355,46.527478,0
                14.325868,46.534455,0
                14.344805,46.538471,0
                14.3663644198766,46.5411297344921,0
                14.373502,46.542009,0
                14.384168,46.540145,0
                14.392657,46.545484,0
                14.397433,46.546776,0
                14.401854,46.545686,0
                14.405328,46.546583,0
                14.421702,46.556706,0
                14.425344,46.555391,0
                14.437344,46.555602,0
                14.455499,46.560804,0
                14.458185,46.561302,0
                14.459051,46.560237,0
                14.461065,46.561574,0
                14.47508,46.558679,0
                14.485022,46.560147,0
                14.493923,46.559358,0
                14.510617,46.553452,0
                14.517163,46.549466,0
                14.52491,46.547875,0
                14.553673,46.548186,0
                14.581157,46.54661,0
                14.605208,46.54801,0
                14.613594,46.555635,0
                14.622172,46.559909,0
                14.62977,46.566652,0
                14.637983,46.569728,0
                14.64435,46.570462,0
                14.659231,46.569936,0
                14.67409,46.566552,0
                14.690989,46.568972,0
                14.712942,46.568918,0
                14.733478,46.565388,0
                14.7392207380825,46.565260740532,0
                14.755743,46.564893,0
                14.780903,46.562288,0
                14.809778,46.562009,0
                14.814694,46.565631,0
                14.812694,46.570266,0
                14.806559,46.575364,0
                14.802293,46.585752,0
                14.79897,46.588351,0
                14.80048,46.599844,0
                14.808574,46.612694,0
                14.810139,46.622984,0
                14.815468,46.628469,0
                14.818027,46.628886,0
                14.822177,46.632031,0
                14.82428,46.636328,0
                14.82303,46.64269,0
                14.825799,46.645036,0
                14.82466,46.646096,0
                14.818082,46.647534,0
                14.811593,46.64645,0
                14.799316,46.641271,0
                14.785086,46.6325,0
                14.77657,46.632805,0
                14.7751966365532,46.6334424882317,0
                14.771772,46.635032,0
                14.77222,46.643017,0
                14.768792,46.645455,0
                14.768294,46.649106,0
                14.772236,46.6555,0
                14.771735,46.667116,0
                14.775645,46.673405,0
                14.776356,46.678165,0
                14.768013,46.68293,0
                14.76316,46.689984,0
                14.755456,46.691037,0
                14.747479,46.696074,0
                14.743211,46.700937,0
                14.743125,46.704169,0
                14.734042,46.706947,0
                14.731472,46.70631,0
                14.731114,46.703697,0
                14.729304,46.70277,0
                14.712069,46.702335,0
                14.707648,46.701201,0
                14.703037,46.696991,0
                14.701868,46.692427,0
                14.69905,46.691311,0
                14.66574,46.696281,0
                14.631893,46.691716,0
                14.610458,46.699895,0
                14.595634,46.702506,0
                14.584944,46.702457,0
                14.57889,46.700299,0
                14.569512,46.700544,0
                14.561023,46.717073,0
                14.548598,46.72422,0
                14.537333,46.724699,0
                14.530378,46.727632,0
                14.531094,46.732157,0
                14.528944,46.736721,0
                14.532129,46.737814,0
                14.535326,46.740972,0
                14.532966,46.739709,0
                14.53154,46.740616,0
                14.533054,46.744418,0
                14.532048,46.747303,0
                14.528152,46.748276,0
                14.514021,46.745855,0
                14.504676,46.753462,0
                14.497326,46.7535,0
                14.493713,46.761195,0
                14.488715,46.761845,0
                14.481498,46.758984,0
                14.478591,46.760975,0
                14.473797,46.7598,0
                14.467424,46.763039,0
                14.469349,46.765506,0
                14.474274,46.766135,0
                14.476321,46.76856,0
                14.47052,46.771896,0
                14.475732,46.778278,0
                14.474553,46.782039,0
                14.469742,46.783135,0
                14.473928,46.785564,0
                14.474154,46.787049,0
                14.471754,46.789299,0
                14.466721,46.790071,0
                14.465598,46.793501,0
                14.470213,46.797866,0
                14.470342,46.79951,0
                14.467088,46.801027,0
                14.470707,46.803493,0
                14.463289,46.804381,0
                14.462569,46.809367,0
                14.454396,46.806593,0
                14.450011,46.807055,0
                14.451067,46.809335,0
                14.44331,46.814111,0
                14.444285,46.8219,0
                14.447737,46.82392,0
                14.444282,46.828472,0
                14.447926,46.829485,0
                14.453162,46.827612,0
                14.455672,46.829166,0
                14.457019,46.837564,0
                14.454684,46.83949,0
                14.452554,46.837999,0
                14.449454,46.837888,0
                14.442319,46.83989,0
                14.432705,46.834727,0
                14.428517,46.83405,0
                14.424719,46.837892,0
                14.425637,46.84099,0
                14.429343,46.84122,0
                14.430938,46.842437,0
                14.431653,46.848823,0
                14.43457,46.853352,0
                14.433859,46.855385,0
                14.427262,46.850968,0
                14.407678,46.849778,0
                14.4049,46.845778,0
                14.402439,46.833829,0
                14.398656,46.828917,0
                14.390847,46.824136,0
                14.383075,46.82201,0
                14.373072,46.8138,0
                14.360181,46.809528,0
                14.352106,46.801046,0
                14.3511,46.795991,0
                14.339839,46.792691,0
                14.337155,46.790705,0
                14.32885,46.789335,0
                14.32509,46.785889,0
                14.328882,46.780202,0
                14.345905,46.774221,0
                14.34874,46.774153,0
                14.349454,46.772214,0
                14.353517,46.769949,0
                14.351739,46.762734,0
                14.358103,46.758047,0
                14.365418,46.761388,0
                14.374881,46.763341,0
                14.379887,46.762745,0
                14.38476,46.760281,0
                14.38834,46.754817,0
                14.387719,46.751268,0
                14.383474,46.746557,0
                14.386287,46.740591,0
                14.383641,46.734978,0
                14.379585,46.733487,0
                14.376683,46.729723,0
                14.369422,46.727065,0
                14.364059,46.722368,0
                14.361324,46.716336,0
                14.360684,46.709977,0
                14.348167,46.699105,0
                14.345508,46.693663,0
                14.338448,46.688524,0
                14.319248,46.682823,0
                14.304376,46.671193,0
                14.297154,46.669138,0
                14.283602,46.666657,0
                14.269369,46.668237,0
                14.260445,46.666498,0
                14.259859,46.662264,0
                14.262609,46.656881,0
                14.269202,46.654927,0
                14.27607,46.654635,0
                14.282598,46.652419,0
                14.289521,46.642089,0
                14.293373,46.6399,0
                14.294263,46.630193,0
                14.292332,46.627617,0
                14.279607,46.625442,0
                14.258232,46.626604,0
                14.246318,46.626109,0
                14.240169,46.627466,0
                14.23194,46.626991,0
                14.225531,46.625832,0
                14.22309,46.622767,0
                14.215774,46.620202,0
                14.204549,46.619115,0
                14.201432,46.620057,0
                14.197167,46.617017,0
                14.190557,46.616222,0
                14.188712,46.616363,0
                14.188981,46.619516,0
                14.177202,46.618641,0
                14.17259,46.620042,0
                14.172389,46.621966,0
                14.178133,46.624153,0
                14.177096,46.625727,0
                14.157114,46.628725,0
                14.156532,46.629866,0
                14.15893,46.629932,0
                14.158933,46.631084,0
                14.156133,46.633477,0
                14.151737,46.63423,0
                14.147354,46.633214,0
                14.144852,46.630465,0
                14.145806,46.628681,0
                14.14439,46.628589,0
                14.1425,46.633879,0
                14.13887,46.633832,0
                14.135715,46.63675,0
                14.129166,46.636786,0
                14.120211,46.633914,0
                14.107065,46.632401,0
                14.09971,46.628971,0
                14.076097,46.623348,0
                14.064495,46.622742,0
                14.054654,46.624523,0
                14.026667,46.623128,0
                14.01328,46.625372,0
                14.010249,46.621536,0
                13.995616,46.61986,0
                13.990096,46.620756,0
                13.980674,46.62541,0
                13.977496,46.631056,0
                13.97252,46.633382,0
                13.961231,46.632488,0
                13.954201,46.628554,0
                13.9392,46.625803,0
                13.908288,46.624013,0
                13.899033,46.628659,0
                13.894444,46.639812,0
                13.889002,46.644583,0
                13.880357,46.633557,0
                13.876601,46.633152,0
                13.875966,46.631371,0
                13.876391,46.625016,0
                13.880728,46.6211,0
                13.882134,46.61772,0
                13.879482,46.615604,0
                13.882367,46.610604,0
                13.886943,46.607181,0
                13.879037,46.605155,0
                13.8750734003588,46.6028334426431,0
                13.860574,46.594338,0
              </coordinates>
            </LinearRing>
          </outerBoundaryIs>
        </Polygon>
      </Placemark>
    </Folder>
  </Document>
</kml>
